epoch,speed,totalGForce,gForceX,gForceY,steering_angle,sats,lat,lng
1785630894600,0.0,0.00,0.00,0.00,0.0,17,-23.605362,-46.836180
1785630894700,0.0,0.00,0.00,0.00,0.0,17,-23.605362,-46.836180
1785630899800,0.0,0.00,0.00,0.00,0.0,17,-23.605362,-46.836181
1785630900000,0.0,0.00,0.00,0.00,0.0,17,-23.605362,-46.836181
1785630900100,0.0,0.00,0.00,0.00,0.0,17,-23.605362,-46.836181
1785630900100,0.0,0.00,0.00,0.00,0.0,17,-23.605362,-46.836181
1785630900300,0.0,0.00,0.00,0.00,0.0,17,-23.605362,-46.836181
1785630900500,0.0,0.00,0.00,0.00,0.0,17,-23.605363,-46.836181
1785630900500,0.0,0.00,0.00,0.00,0.0,17,-23.605363,-46.836181
1785630900700,0.0,0.00,0.00,0.00,0.0,17,-23.605363,-46.836181
1785630900800,0.0,0.00,0.00,0.00,0.0,17,-23.605363,-46.836181
1785630900800,0.0,0.00,0.00,0.00,0.0,17,-23.605363,-46.836181
1785630901000,0.0,0.00,0.00,0.00,0.0,17,-23.605363,-46.836181
1785630901200,0.0,0.00,0.00,0.00,0.0,17,-23.605363,-46.836181
1785630901200,0.0,0.00,0.00,0.00,0.0,17,-23.605363,-46.836181
1785630901300,0.0,0.00,0.00,0.00,0.0,17,-23.605363,-46.836181
1785630901500,0.0,0.00,0.00,0.00,0.0,17,-23.605363,-46.836181
1785630901700,0.0,0.00,0.00,0.00,0.0,17,-23.605363,-46.836181
1785630901900,0.0,0.00,0.00,0.00,0.0,17,-23.605363,-46.836181
1785630902100,0.0,0.00,0.00,0.00,0.0,17,-23.605363,-46.836181
1785630902100,0.0,0.00,0.00,0.00,0.0,17,-23.605363,-46.836181
1785630902200,0.0,0.00,0.00,0.00,0.0,17,-23.605363,-46.836181
1785630902400,0.0,0.00,0.00,0.00,0.0,17,-23.605363,-46.836181
1785630902400,0.0,0.00,0.00,0.00,0.0,17,-23.605363,-46.836181
1785630902600,0.0,0.00,0.00,0.00,0.0,17,-23.605363,-46.836181
1785630902700,0.0,0.00,0.00,0.00,0.0,17,-23.605363,-46.836181
1785630902900,0.0,0.00,0.00,0.00,0.0,17,-23.605363,-46.836181
1785630902900,0.0,0.00,0.00,0.00,0.0,17,-23.605363,-46.836181
1785630903100,0.0,0.00,0.00,0.00,0.0,17,-23.605363,-46.836181
1785630903200,0.0,0.00,0.00,0.00,0.0,17,-23.605363,-46.836181
1785630903400,0.0,0.00,0.00,0.00,0.0,17,-23.605363,-46.836181
1785630903500,0.0,0.00,0.00,0.00,0.0,17,-23.605363,-46.836181
1785630903500,0.0,0.00,0.00,0.00,0.0,17,-23.605363,-46.836181
1785630903700,0.0,0.00,0.00,0.00,0.0,17,-23.605363,-46.836181
1785630903800,0.0,0.00,0.00,0.00,0.0,17,-23.605363,-46.836181
1785630903800,0.0,0.00,0.00,0.00,0.0,17,-23.605363,-46.836181
1785630904000,0.0,0.00,0.00,0.00,0.0,17,-23.605363,-46.836181
1785630904100,0.0,0.00,0.00,0.00,0.0,17,-23.605363,-46.836181
1785630904100,0.0,0.00,0.00,0.00,0.0,17,-23.605363,-46.836181
1785630904300,0.0,0.00,0.00,0.00,0.0,17,-23.605363,-46.836181
1785630904400,0.0,0.00,0.00,0.00,0.0,17,-23.605363,-46.836181
1785630904600,0.0,0.00,0.00,0.00,0.0,17,-23.605363,-46.836181
1785630904700,0.0,0.00,0.00,0.00,0.0,17,-23.605363,-46.836181
1785630904900,0.0,0.00,0.00,0.00,0.0,17,-23.605363,-46.836181
1785630905000,0.0,0.00,0.00,0.00,0.0,17,-23.605363,-46.836181
1785630905200,0.0,0.00,0.00,0.00,0.0,17,-23.605363,-46.836181
1785630905400,0.0,0.00,0.00,0.00,0.0,17,-23.605363,-46.836181
1785630905500,0.0,0.00,0.00,0.00,0.0,17,-23.605363,-46.836181
1785630905700,0.0,0.00,0.00,0.00,0.0,17,-23.605363,-46.836181
1785630905800,0.0,0.00,0.00,0.00,0.0,17,-23.605363,-46.836181
1785630905800,0.0,0.00,0.00,0.00,0.0,17,-23.605363,-46.836181
1785630906000,0.0,0.00,0.00,0.00,0.0,17,-23.605363,-46.836181
1785630906000,0.0,0.00,0.00,0.00,0.0,17,-23.605363,-46.836181
1785630906200,0.0,0.00,0.00,0.00,0.0,17,-23.605363,-46.836182
1785630906400,0.0,0.00,0.00,0.00,0.0,17,-23.605363,-46.836182
1785630906500,0.0,0.00,0.00,0.00,0.0,17,-23.605363,-46.836182
1785630906700,0.0,0.00,0.00,0.00,0.0,17,-23.605363,-46.836182
1785630906700,0.0,0.00,0.00,0.00,0.0,17,-23.605363,-46.836182
1785630906900,0.0,0.00,0.00,0.00,0.0,17,-23.605364,-46.836182
1785630906900,0.0,0.00,0.00,0.00,0.0,17,-23.605364,-46.836182
1785630907100,0.0,0.00,0.00,0.00,0.0,17,-23.605364,-46.836182
1785630907200,0.0,0.00,0.00,0.00,0.0,17,-23.605364,-46.836182
1785630907400,0.0,0.00,0.00,0.00,0.0,17,-23.605364,-46.836182
1785630907600,0.0,0.00,0.00,0.00,0.0,17,-23.605364,-46.836182
1785630907800,0.0,0.00,0.00,0.00,0.0,17,-23.605364,-46.836182
1785630908000,0.0,0.00,0.00,0.00,0.0,17,-23.605364,-46.836182
1785630908200,0.0,0.00,0.00,0.00,0.0,17,-23.605364,-46.836182
1785630908500,0.0,0.00,0.00,0.00,0.0,17,-23.605364,-46.836182
1785630908800,0.0,0.00,0.00,0.00,0.0,17,-23.605364,-46.836182
1785630908800,0.0,0.00,0.00,0.00,0.0,17,-23.605364,-46.836182
1785630909100,0.0,0.00,0.00,0.00,0.0,17,-23.605364,-46.836182
1785630909500,0.0,0.00,0.00,0.00,0.0,17,-23.605364,-46.836182
1785630909800,0.0,0.00,0.00,0.00,0.0,17,-23.605364,-46.836182
1785630910000,0.0,0.00,0.00,0.00,0.0,17,-23.605364,-46.836182
1785630910300,0.0,0.00,0.00,0.00,0.0,17,-23.605364,-46.836182
1785630910500,0.0,0.00,0.00,0.00,0.0,17,-23.605364,-46.836182
1785630910500,0.0,0.00,0.00,0.00,0.0,17,-23.605364,-46.836182
1785630910800,0.0,0.00,0.00,0.00,0.0,17,-23.605364,-46.836182
1785630911100,0.0,0.00,0.00,0.00,0.0,17,-23.605364,-46.836182
1785630911300,0.0,0.00,0.00,0.00,0.0,17,-23.605364,-46.836182
1785630911600,0.0,0.00,0.00,0.00,0.0,17,-23.605364,-46.836182
1785630911900,0.0,0.00,0.00,0.00,0.0,17,-23.605364,-46.836182
1785630912100,0.0,0.00,0.00,0.00,0.0,17,-23.605364,-46.836182
1785630912400,0.0,0.00,0.00,0.00,0.0,17,-23.605364,-46.836182
1785630912600,0.0,0.00,0.00,0.00,0.0,17,-23.605364,-46.836182
1785630912900,0.0,0.00,0.00,0.00,0.0,17,-23.605364,-46.836182
1785630913200,0.0,0.00,0.00,0.00,0.0,17,-23.605364,-46.836182
1785630913500,0.0,0.00,0.00,0.00,0.0,17,-23.605364,-46.836182
1785630913700,0.0,0.00,0.00,0.00,0.0,17,-23.605364,-46.836182
1785630913900,0.0,0.00,0.00,0.00,0.0,17,-23.605364,-46.836182
1785630914100,0.0,0.00,0.00,0.00,0.0,17,-23.605364,-46.836182
1785630914300,0.0,0.00,0.00,0.00,0.0,17,-23.605364,-46.836182
1785630914400,0.0,0.00,0.00,0.00,0.0,17,-23.605364,-46.836182
1785630914600,0.0,0.00,0.00,0.00,0.0,17,-23.605363,-46.836182
1785630914800,0.0,0.00,0.00,0.00,0.0,17,-23.605363,-46.836183
1785630914800,0.0,0.00,0.00,0.00,0.0,17,-23.605363,-46.836183
1785630915000,0.0,0.00,0.00,0.00,0.0,17,-23.605363,-46.836183
1785630915200,0.0,0.00,0.00,0.00,0.0,17,-23.605363,-46.836183
1785630915400,0.0,0.00,0.00,0.00,0.0,17,-23.605363,-46.836183
1785630915700,0.0,0.00,0.00,0.00,0.0,17,-23.605363,-46.836183
1785630915700,0.0,0.00,0.00,0.00,0.0,17,-23.605363,-46.836183
1785630915900,0.0,0.00,0.00,0.00,0.0,17,-23.605363,-46.836183
1785630916100,0.0,0.00,0.00,0.00,0.0,17,-23.605363,-46.836183
1785630916100,0.0,0.00,0.00,0.00,0.0,17,-23.605363,-46.836183
1785630916300,0.0,0.00,0.00,0.00,0.0,17,-23.605363,-46.836183
1785630916500,0.0,0.00,0.00,0.00,0.0,17,-23.605363,-46.836183
1785630916700,0.0,0.00,0.00,0.00,0.0,17,-23.605363,-46.836183
1785630916700,0.0,0.00,0.00,0.00,0.0,17,-23.605363,-46.836183
1785630916900,0.0,0.00,0.00,0.00,0.0,17,-23.605363,-46.836183
1785630917100,0.0,0.00,0.00,0.00,0.0,17,-23.605363,-46.836183
1785630917300,0.0,0.00,0.00,0.00,0.0,17,-23.605363,-46.836183
1785630917400,0.0,0.00,0.00,0.00,0.0,17,-23.605363,-46.836183
1785630917600,0.0,0.00,0.00,0.00,0.0,17,-23.605363,-46.836183
1785630917800,0.0,0.00,0.00,0.00,0.0,17,-23.605363,-46.836183
1785630918000,0.0,0.00,0.00,0.00,0.0,17,-23.605363,-46.836183
1785630918200,0.0,0.00,0.00,0.00,0.0,17,-23.605363,-46.836183
1785630918400,0.0,0.00,0.00,0.00,0.0,17,-23.605363,-46.836183
1785630918500,0.0,0.00,0.00,0.00,0.0,17,-23.605363,-46.836183
1785630918700,0.0,0.00,0.00,0.00,0.0,17,-23.605363,-46.836183
1785630918800,0.0,0.00,0.00,0.00,0.0,17,-23.605363,-46.836183
1785630919000,0.0,0.00,0.00,0.00,0.0,17,-23.605363,-46.836183
1785630919000,0.0,0.00,0.00,0.00,0.0,17,-23.605363,-46.836183
1785630919100,0.0,0.00,0.00,0.00,0.0,17,-23.605363,-46.836183
1785630919300,0.0,0.00,0.00,0.00,0.0,17,-23.605363,-46.836183
1785630919400,0.0,0.00,0.00,0.00,0.0,17,-23.605363,-46.836183
1785630919600,0.0,0.00,0.00,0.00,0.0,17,-23.605363,-46.836183
1785630919700,0.0,0.00,0.00,0.00,0.0,17,-23.605363,-46.836183
1785630919700,0.0,0.00,0.00,0.00,0.0,17,-23.605363,-46.836183
1785630919900,0.0,0.00,0.00,0.00,0.0,17,-23.605363,-46.836184
1785630920000,0.0,0.00,0.00,0.00,0.0,17,-23.605363,-46.836184
1785630920200,0.0,0.00,0.00,0.00,0.0,17,-23.605363,-46.836184
1785630920300,0.0,0.00,0.00,0.00,0.0,17,-23.605363,-46.836184
1785630920400,0.0,0.00,0.00,0.00,0.0,17,-23.605363,-46.836184
1785630920600,0.0,0.00,0.00,0.00,0.0,17,-23.605363,-46.836184
1785630920700,0.0,0.00,0.00,0.00,0.0,17,-23.605363,-46.836184
1785630920900,0.0,0.00,0.00,0.00,0.0,17,-23.605364,-46.836184
1785630921000,0.0,0.00,0.00,0.00,0.0,17,-23.605364,-46.836184
1785630921200,0.0,0.00,0.00,0.00,0.0,17,-23.605364,-46.836184
1785630921200,0.0,0.00,0.00,0.00,0.0,17,-23.605364,-46.836184
1785630921300,0.0,0.00,0.00,0.00,0.0,17,-23.605364,-46.836184
1785630921500,0.0,0.00,0.00,0.00,0.0,17,-23.605364,-46.836184
1785630921700,0.0,0.00,0.00,0.00,0.0,17,-23.605364,-46.836184
1785630921700,0.0,0.00,0.00,0.00,0.0,17,-23.605364,-46.836184
1785630921900,0.0,0.00,0.00,0.00,0.0,17,-23.605364,-46.836184
1785630921900,0.0,0.00,0.00,0.00,0.0,17,-23.605364,-46.836184
1785630922100,0.0,0.00,0.00,0.00,0.0,17,-23.605364,-46.836184
1785630922200,0.0,0.00,0.00,0.00,0.0,17,-23.605364,-46.836184
1785630922400,0.0,0.00,0.00,0.00,0.0,17,-23.605364,-46.836184
1785630922600,0.0,0.00,0.00,0.00,0.0,17,-23.605364,-46.836184
1785630922600,0.0,0.00,0.00,0.00,0.0,17,-23.605364,-46.836184
1785630922800,0.0,0.00,0.00,0.00,0.0,17,-23.605364,-46.836184
1785630922800,0.0,0.00,0.00,0.00,0.0,17,-23.605364,-46.836184
1785630922900,0.0,0.00,0.00,0.00,0.0,17,-23.605364,-46.836184
1785630923100,0.0,0.00,0.00,0.00,0.0,17,-23.605364,-46.836184
1785630923300,0.0,0.00,0.00,0.00,0.0,17,-23.605364,-46.836184
1785630923400,0.0,0.00,0.00,0.00,0.0,17,-23.605363,-46.836184
1785630923600,0.0,0.00,0.00,0.00,0.0,17,-23.605363,-46.836184
1785630923800,0.0,0.00,0.00,0.00,0.0,17,-23.605363,-46.836184
1785630923800,0.0,0.00,0.00,0.00,0.0,17,-23.605363,-46.836184
1785630923900,0.0,0.00,0.00,0.00,0.0,17,-23.605363,-46.836184
1785630924100,0.0,0.00,0.00,0.00,0.0,17,-23.605363,-46.836184
1785630924300,0.0,0.00,0.00,0.00,0.0,17,-23.605363,-46.836184
1785630924600,0.0,0.00,0.00,0.00,0.0,17,-23.605364,-46.836184
1785630924800,0.0,0.00,0.00,0.00,0.0,17,-23.605364,-46.836184
1785630925000,0.0,0.00,0.00,0.00,0.0,17,-23.605364,-46.836184
1785630925100,0.0,0.00,0.00,0.00,0.0,17,-23.605364,-46.836184
1785630925300,0.0,0.00,0.00,0.00,0.0,17,-23.605364,-46.836184
1785630925400,0.0,0.00,0.00,0.00,0.0,17,-23.605364,-46.836184
1785630925500,0.0,0.00,0.00,0.00,0.0,17,-23.605364,-46.836184
1785630925700,0.0,0.00,0.00,0.00,0.0,17,-23.605364,-46.836184
1785630925800,0.0,0.00,0.00,0.00,0.0,17,-23.605364,-46.836184
1785630925900,0.0,0.00,0.00,0.00,0.0,17,-23.605364,-46.836185
1785630925900,0.0,0.00,0.00,0.00,0.0,17,-23.605364,-46.836185
1785630926000,0.0,0.00,0.00,0.00,0.0,17,-23.605364,-46.836185
1785630926200,0.0,0.00,0.00,0.00,0.0,17,-23.605364,-46.836185
1785630926300,0.0,0.00,0.00,0.00,0.0,17,-23.605364,-46.836185
1785630926400,0.0,0.00,0.00,0.00,0.0,17,-23.605364,-46.836185
1785630926400,0.0,0.00,0.00,0.00,0.0,17,-23.605364,-46.836185
1785630926600,0.0,0.00,0.00,0.00,0.0,17,-23.605364,-46.836185
1785630926700,0.0,0.00,0.00,0.00,0.0,17,-23.605364,-46.836185
1785630926800,0.0,0.00,0.00,0.00,0.0,17,-23.605364,-46.836185
1785630926900,0.0,0.00,0.00,0.00,0.0,17,-23.605364,-46.836185
1785630927100,0.0,0.00,0.00,0.00,0.0,17,-23.605364,-46.836185
1785630927200,0.0,0.00,0.00,0.00,0.0,17,-23.605365,-46.836185
1785630927200,0.0,0.00,0.00,0.00,0.0,17,-23.605365,-46.836185
1785630927300,0.0,0.00,0.00,0.00,0.0,17,-23.605365,-46.836185
1785630927300,0.0,0.00,0.00,0.00,0.0,17,-23.605365,-46.836185
1785630927400,0.0,0.00,0.00,0.00,0.0,17,-23.605365,-46.836185
1785630927600,0.0,0.00,0.00,0.00,0.0,17,-23.605365,-46.836185
1785630927600,0.0,0.00,0.00,0.00,0.0,17,-23.605365,-46.836185
1785630927700,0.0,0.00,0.00,0.00,0.0,17,-23.605365,-46.836185
1785630927800,0.0,0.00,0.00,0.00,0.0,17,-23.605365,-46.836185
1785630927900,0.0,0.00,0.00,0.00,0.0,17,-23.605365,-46.836185
1785630928100,0.0,0.00,0.00,0.00,0.0,17,-23.605365,-46.836185
1785630928200,0.0,0.00,0.00,0.00,0.0,17,-23.605365,-46.836185
1785630928300,0.0,0.00,0.00,0.00,0.0,17,-23.605365,-46.836185
1785630928400,0.0,0.00,0.00,0.00,0.0,17,-23.605365,-46.836185
1785630928600,0.0,0.00,0.00,0.00,0.0,17,-23.605365,-46.836185
1785630928600,0.0,0.00,0.00,0.00,0.0,17,-23.605365,-46.836185
1785630928700,0.0,0.00,0.00,0.00,0.0,17,-23.605365,-46.836185
1785630928700,0.0,0.00,0.00,0.00,0.0,17,-23.605365,-46.836185
1785630928800,0.0,0.00,0.00,0.00,0.0,17,-23.605365,-46.836185
1785630928800,0.0,0.00,0.00,0.00,0.0,17,-23.605365,-46.836185
1785630928900,0.0,0.00,0.00,0.00,0.0,17,-23.605365,-46.836185
1785630928900,0.0,0.00,0.00,0.00,0.0,17,-23.605365,-46.836185
1785630929100,0.0,0.00,0.00,0.00,0.0,17,-23.605365,-46.836185
1785630929100,0.0,0.00,0.00,0.00,0.0,17,-23.605365,-46.836185
1785630929200,0.0,0.00,0.00,0.00,0.0,17,-23.605365,-46.836185
1785630929200,0.0,0.00,0.00,0.00,0.0,17,-23.605365,-46.836185
1785630929300,0.0,0.00,0.00,0.00,0.0,17,-23.605365,-46.836185
1785630929300,0.0,0.00,0.00,0.00,0.0,17,-23.605365,-46.836185
1785630929500,0.0,0.00,0.00,0.00,0.0,17,-23.605365,-46.836185
1785630929600,0.0,0.00,0.00,0.00,0.0,17,-23.605365,-46.836185
1785630929700,0.0,0.00,0.00,0.00,0.0,17,-23.605365,-46.836185
1785630929900,0.0,0.00,0.00,0.00,0.0,17,-23.605365,-46.836185
1785630930000,0.0,0.00,0.00,0.00,0.0,17,-23.605366,-46.836185
1785630930200,0.0,0.00,0.00,0.00,0.0,17,-23.605366,-46.836185
1785630930300,0.0,0.00,0.00,0.00,0.0,17,-23.605366,-46.836185
1785630930400,0.0,0.00,0.00,0.00,0.0,17,-23.605366,-46.836186
1785630930500,0.0,0.00,0.00,0.00,0.0,17,-23.605366,-46.836186
1785630930700,0.0,0.00,0.00,0.00,0.0,17,-23.605366,-46.836186
1785630930800,0.0,0.00,0.00,0.00,0.0,17,-23.605366,-46.836186
1785630930900,0.0,0.00,0.00,0.00,0.0,17,-23.605366,-46.836186
1785630931000,0.0,0.00,0.00,0.00,0.0,17,-23.605366,-46.836186
1785630931000,0.0,0.00,0.00,0.00,0.0,17,-23.605366,-46.836186
1785630931200,0.0,0.00,0.00,0.00,0.0,17,-23.605366,-46.836186
1785630931300,0.0,0.00,0.00,0.00,0.0,17,-23.605366,-46.836186
1785630931400,0.0,0.00,0.00,0.00,0.0,17,-23.605366,-46.836186
1785630931500,0.0,0.00,0.00,0.00,0.0,17,-23.605366,-46.836186
1785630931600,0.0,0.00,0.00,0.00,0.0,17,-23.605366,-46.836186
1785630931600,0.0,0.00,0.00,0.00,0.0,17,-23.605366,-46.836186
1785630931800,0.0,0.00,0.00,0.00,0.0,17,-23.605366,-46.836186
1785630931800,0.0,0.00,0.00,0.00,0.0,17,-23.605366,-46.836186
1785630931900,0.0,0.00,0.00,0.00,0.0,17,-23.605366,-46.836186
1785630932000,0.0,0.00,0.00,0.00,0.0,17,-23.605366,-46.836186
1785630932100,0.0,0.00,0.00,0.00,0.0,17,-23.605366,-46.836186
1785630932100,0.0,0.00,0.00,0.00,0.0,17,-23.605366,-46.836186
1785630932300,0.0,0.00,0.00,0.00,0.0,17,-23.605366,-46.836186
1785630932400,0.0,0.00,0.00,0.00,0.0,17,-23.605366,-46.836186
1785630932500,0.0,0.00,0.00,0.00,0.0,17,-23.605367,-46.836186
1785630932600,0.0,0.00,0.00,0.00,0.0,17,-23.605367,-46.836186
1785630932600,0.0,0.00,0.00,0.00,0.0,17,-23.605367,-46.836186
1785630932800,0.0,0.00,0.00,0.00,0.0,17,-23.605367,-46.836186
1785630932800,0.0,0.00,0.00,0.00,0.0,17,-23.605367,-46.836186
1785630932900,0.0,0.00,0.00,0.00,0.0,17,-23.605367,-46.836186
1785630933000,0.0,0.00,0.00,0.00,0.0,17,-23.605367,-46.836187
1785630933000,0.0,0.00,0.00,0.00,0.0,17,-23.605367,-46.836187
1785630933100,0.0,0.00,0.00,0.00,0.0,17,-23.605367,-46.836187
1785630933300,0.0,0.00,0.00,0.00,0.0,17,-23.605367,-46.836187
1785630933400,0.0,0.00,0.00,0.00,0.0,17,-23.605367,-46.836187
1785630933500,0.0,0.00,0.00,0.00,0.0,17,-23.605367,-46.836187
1785630933600,0.0,0.00,0.00,0.00,0.0,17,-23.605367,-46.836187
1785630933700,0.0,0.00,0.00,0.00,0.0,17,-23.605367,-46.836187
1785630933900,0.0,0.00,0.00,0.00,0.0,17,-23.605367,-46.836187
1785630933900,0.0,0.00,0.00,0.00,0.0,17,-23.605367,-46.836187
1785630934000,0.0,0.00,0.00,0.00,0.0,17,-23.605367,-46.836187
1785630934100,0.0,0.00,0.00,0.00,0.0,17,-23.605367,-46.836187
1785630934200,0.0,0.00,0.00,0.00,0.0,17,-23.605367,-46.836187
1785630934300,0.0,0.00,0.00,0.00,0.0,17,-23.605367,-46.836187
1785630934400,0.0,0.00,0.00,0.00,0.0,17,-23.605367,-46.836187
1785630934500,0.0,0.00,0.00,0.00,0.0,17,-23.605367,-46.836187
1785630934700,0.0,0.00,0.00,0.00,0.0,17,-23.605367,-46.836187
1785630934700,0.0,0.00,0.00,0.00,0.0,17,-23.605367,-46.836187
1785630934800,0.0,0.00,0.00,0.00,0.0,17,-23.605367,-46.836187
1785630934900,0.0,0.00,0.00,0.00,0.0,17,-23.605367,-46.836187
1785630935000,0.0,0.00,0.00,0.00,0.0,17,-23.605367,-46.836187
1785630935100,0.0,0.00,0.00,0.00,0.0,17,-23.605367,-46.836187
1785630935100,0.0,0.00,0.00,0.00,0.0,17,-23.605367,-46.836187
1785630935300,0.0,0.00,0.00,0.00,0.0,17,-23.605367,-46.836187
1785630935400,0.0,0.00,0.00,0.00,0.0,17,-23.605367,-46.836187
1785630935500,0.0,0.00,0.00,0.00,0.0,17,-23.605367,-46.836187
1785630935600,0.0,0.00,0.00,0.00,0.0,17,-23.605367,-46.836187
1785630935700,0.0,0.00,0.00,0.00,0.0,17,-23.605367,-46.836187
1785630935900,0.0,0.00,0.00,0.00,0.0,17,-23.605367,-46.836187
1785630935900,0.0,0.00,0.00,0.00,0.0,17,-23.605367,-46.836187
1785630936000,0.0,0.00,0.00,0.00,0.0,17,-23.605367,-46.836187
1785630936000,0.0,0.00,0.00,0.00,0.0,17,-23.605367,-46.836187
1785630936100,0.0,0.00,0.00,0.00,0.0,17,-23.605367,-46.836187
1785630936200,0.0,0.00,0.00,0.00,0.0,17,-23.605367,-46.836187
1785630936300,0.0,0.00,0.00,0.00,0.0,17,-23.605367,-46.836187
1785630936500,0.0,0.00,0.00,0.00,0.0,17,-23.605367,-46.836187
1785630936600,0.0,0.00,0.00,0.00,0.0,17,-23.605367,-46.836187
1785630936700,0.0,0.00,0.00,0.00,0.0,17,-23.605367,-46.836187
1785630936800,0.0,0.00,0.00,0.00,0.0,17,-23.605367,-46.836187
1785630936900,0.0,0.00,0.00,0.00,0.0,17,-23.605367,-46.836187
1785630937000,0.0,0.00,0.00,0.00,0.0,17,-23.605367,-46.836187
1785630937100,0.0,0.00,0.00,0.00,0.0,17,-23.605367,-46.836187
1785630937200,0.0,0.00,0.00,0.00,0.0,17,-23.605367,-46.836187
1785630937300,0.0,0.00,0.00,0.00,0.0,17,-23.605367,-46.836187
1785630937400,0.0,0.00,0.00,0.00,0.0,17,-23.605367,-46.836187
1785630937500,0.0,0.00,0.00,0.00,0.0,17,-23.605367,-46.836187
1785630937700,0.0,0.00,0.00,0.00,0.0,17,-23.605367,-46.836187
1785630937800,0.0,0.00,0.00,0.00,0.0,17,-23.605368,-46.836187
1785630937900,0.0,0.00,0.00,0.00,0.0,17,-23.605368,-46.836187
1785630938000,0.0,0.00,0.00,0.00,0.0,17,-23.605368,-46.836187
1785630938100,0.0,0.00,0.00,0.00,0.0,17,-23.605368,-46.836187
1785630938200,0.0,0.00,0.00,0.00,0.0,17,-23.605368,-46.836187
1785630938300,0.0,0.00,0.00,0.00,0.0,17,-23.605368,-46.836187
1785630938500,0.0,0.00,0.00,0.00,0.0,17,-23.605368,-46.836187
1785630938600,0.0,0.00,0.00,0.00,0.0,17,-23.605368,-46.836187
1785630938700,0.0,0.00,0.00,0.00,0.0,17,-23.605368,-46.836187
1785630938800,0.0,0.00,0.00,0.00,0.0,17,-23.605368,-46.836187
1785630938900,0.0,0.00,0.00,0.00,0.0,17,-23.605368,-46.836187
1785630939000,0.0,0.00,0.00,0.00,0.0,17,-23.605368,-46.836187
1785630939100,0.0,0.00,0.00,0.00,0.0,17,-23.605368,-46.836187
1785630939200,0.0,0.00,0.00,0.00,0.0,17,-23.605368,-46.836187
1785630939300,0.0,0.00,0.00,0.00,0.0,17,-23.605368,-46.836187
1785630939400,0.0,0.00,0.00,0.00,0.0,17,-23.605368,-46.836187
1785630939500,0.0,0.00,0.00,0.00,0.0,17,-23.605368,-46.836187
1785630939700,0.0,0.00,0.00,0.00,0.0,17,-23.605368,-46.836187
1785630939700,0.0,0.00,0.00,0.00,0.0,17,-23.605368,-46.836187
1785630939800,0.0,0.00,0.00,0.00,0.0,17,-23.605368,-46.836186
1785630939800,0.0,0.00,0.00,0.00,0.0,17,-23.605368,-46.836186
1785630939900,0.0,0.00,0.00,0.00,0.0,17,-23.605368,-46.836186
1785630940100,0.0,0.00,0.00,0.00,0.0,17,-23.605368,-46.836186
1785630940200,0.0,0.00,0.00,0.00,0.0,17,-23.605368,-46.836186
1785630940300,0.0,0.00,0.00,0.00,0.0,17,-23.605368,-46.836186
1785630940500,0.0,0.00,0.00,0.00,0.0,17,-23.605368,-46.836186
1785630940600,0.0,0.00,0.00,0.00,0.0,17,-23.605368,-46.836186
1785630940700,0.0,0.00,0.00,0.00,0.0,17,-23.605368,-46.836186
1785630940900,0.0,0.00,0.00,0.00,0.0,17,-23.605368,-46.836186
1785630941000,0.0,0.00,0.00,0.00,0.0,17,-23.605368,-46.836186
1785630941100,0.0,0.00,0.00,0.00,0.0,17,-23.605368,-46.836186
1785630941300,0.0,0.00,0.00,0.00,0.0,17,-23.605368,-46.836186
1785630941400,0.0,0.00,0.00,0.00,0.0,17,-23.605368,-46.836186
1785630941600,0.0,0.00,0.00,0.00,0.0,17,-23.605368,-46.836186
1785630941700,0.0,0.00,0.00,0.00,0.0,17,-23.605368,-46.836186
1785630941800,0.0,0.00,0.00,0.00,0.0,17,-23.605368,-46.836186
1785630942000,0.0,0.00,0.00,0.00,0.0,17,-23.605368,-46.836186
1785630942100,0.0,0.00,0.00,0.00,0.0,17,-23.605368,-46.836186
1785630942200,0.0,0.00,0.00,0.00,0.0,17,-23.605368,-46.836186
1785630942400,0.0,0.00,0.00,0.00,0.0,17,-23.605368,-46.836186
1785630942400,0.0,0.00,0.00,0.00,0.0,17,-23.605368,-46.836186
1785630942500,0.0,0.00,0.00,0.00,0.0,17,-23.605368,-46.836186
1785630942600,0.0,0.00,0.00,0.00,0.0,17,-23.605368,-46.836186
1785630942700,0.0,0.00,0.00,0.00,0.0,17,-23.605368,-46.836186
1785630942700,0.0,0.00,0.00,0.00,0.0,17,-23.605368,-46.836186
1785630942800,0.0,0.00,0.00,0.00,0.0,17,-23.605368,-46.836186
1785630942800,0.0,0.00,0.00,0.00,0.0,17,-23.605368,-46.836186
1785630942900,0.0,0.00,0.00,0.00,0.0,17,-23.605368,-46.836186
1785630943100,0.0,0.00,0.00,0.00,0.0,17,-23.605368,-46.836186
1785630943200,0.0,0.00,0.00,0.00,0.0,17,-23.605368,-46.836186
1785630943300,0.0,0.00,0.00,0.00,0.0,17,-23.605368,-46.836186
1785630943400,0.0,0.00,0.00,0.00,0.0,17,-23.605368,-46.836186
1785630943500,0.0,0.00,0.00,0.00,0.0,17,-23.605368,-46.836186
1785630943600,0.0,0.00,0.00,0.00,0.0,17,-23.605368,-46.836186
1785630943700,0.0,0.00,0.00,0.00,0.0,17,-23.605368,-46.836186
1785630943800,0.0,0.00,0.00,0.00,0.0,17,-23.605368,-46.836186
1785630943900,0.0,0.00,0.00,0.00,0.0,17,-23.605368,-46.836186
1785630944200,0.0,0.00,0.00,0.00,0.0,17,-23.605368,-46.836186
1785630944300,0.0,0.00,0.00,0.00,0.0,17,-23.605368,-46.836186
1785630944300,0.0,0.00,0.00,0.00,0.0,17,-23.605368,-46.836186
1785630944400,0.0,0.00,0.00,0.00,0.0,17,-23.605368,-46.836186
1785630944500,0.0,0.00,0.00,0.00,0.0,17,-23.605368,-46.836186
1785630944600,0.0,0.00,0.00,0.00,0.0,17,-23.605368,-46.836186
1785630944700,0.0,0.00,0.00,0.00,0.0,17,-23.605368,-46.836186
1785630944800,0.0,0.00,0.00,0.00,0.0,17,-23.605368,-46.836186
1785630944900,0.0,0.00,0.00,0.00,0.0,17,-23.605368,-46.836186
1785630945000,0.0,0.00,0.00,0.00,0.0,17,-23.605368,-46.836186
1785630945100,0.0,0.00,0.00,0.00,0.0,17,-23.605368,-46.836186
1785630945200,0.0,0.00,0.00,0.00,0.0,17,-23.605368,-46.836186
1785630945400,0.0,0.00,0.00,0.00,0.0,17,-23.605368,-46.836186
1785630945500,0.0,0.00,0.00,0.00,0.0,17,-23.605368,-46.836186
1785630945600,0.0,0.00,0.00,0.00,0.0,17,-23.605368,-46.836186
1785630945700,0.0,0.00,0.00,0.00,0.0,17,-23.605368,-46.836186
1785630945800,0.0,0.00,0.00,0.00,0.0,17,-23.605368,-46.836186
1785630945900,0.0,0.00,0.00,0.00,0.0,17,-23.605368,-46.836186
1785630945900,0.0,0.00,0.00,0.00,0.0,17,-23.605368,-46.836186
1785630946100,0.0,0.00,0.00,0.00,0.0,17,-23.605368,-46.836186
1785630946200,0.0,0.00,0.00,0.00,0.0,17,-23.605368,-46.836186
1785630946200,0.0,0.00,0.00,0.00,0.0,17,-23.605368,-46.836186
1785630946300,0.0,0.00,0.00,0.00,0.0,17,-23.605368,-46.836186
1785630946400,0.0,0.00,0.00,0.00,0.0,17,-23.605368,-46.836186
1785630946600,0.0,0.00,0.00,0.00,0.0,17,-23.605368,-46.836186
1785630946600,0.0,0.00,0.00,0.00,0.0,17,-23.605368,-46.836186
1785630946700,0.0,0.00,0.00,0.00,0.0,17,-23.605368,-46.836186
1785630946800,0.0,0.00,0.00,0.00,0.0,17,-23.605368,-46.836186
1785630946900,0.0,0.00,0.00,0.00,0.0,17,-23.605368,-46.836186
1785630947000,0.0,0.00,0.00,0.00,0.0,17,-23.605368,-46.836186
1785630947200,0.0,0.00,0.00,0.00,0.0,17,-23.605368,-46.836186
1785630947300,0.0,0.00,0.00,0.00,0.0,17,-23.605368,-46.836186
1785630947400,0.0,0.00,0.00,0.00,0.0,17,-23.605368,-46.836186
1785630947500,0.0,0.00,0.00,0.00,0.0,17,-23.605368,-46.836186
1785630947600,0.0,0.00,0.00,0.00,0.0,17,-23.605368,-46.836186
1785630947700,0.0,0.00,0.00,0.00,0.0,17,-23.605368,-46.836186
1785630947800,0.0,0.00,0.00,0.00,0.0,17,-23.605368,-46.836186
1785630947900,0.0,0.00,0.00,0.00,0.0,17,-23.605368,-46.836186
1785630948000,0.0,0.00,0.00,0.00,0.0,17,-23.605368,-46.836186
1785630948200,0.0,0.00,0.00,0.00,0.0,17,-23.605368,-46.836186
1785630948300,0.0,0.00,0.00,0.00,0.0,17,-23.605368,-46.836186
1785630948400,0.0,0.00,0.00,0.00,0.0,17,-23.605368,-46.836186
1785630948500,0.0,0.00,0.00,0.00,0.0,17,-23.605368,-46.836186
1785630948600,0.0,0.00,0.00,0.00,0.0,17,-23.605368,-46.836186
1785630948700,0.0,0.00,0.00,0.00,0.0,17,-23.605368,-46.836186
1785630948700,0.0,0.00,0.00,0.00,0.0,17,-23.605368,-46.836186
1785630948800,0.0,0.00,0.00,0.00,0.0,17,-23.605368,-46.836186
1785630948900,0.0,0.00,0.00,0.00,0.0,17,-23.605368,-46.836186
1785630949000,0.0,0.00,0.00,0.00,0.0,17,-23.605368,-46.836186
1785630949100,0.0,0.00,0.00,0.00,0.0,17,-23.605368,-46.836186
1785630949200,0.0,0.00,0.00,0.00,0.0,17,-23.605368,-46.836186
1785630949300,0.0,0.00,0.00,0.00,0.0,17,-23.605368,-46.836186
1785630949400,0.0,0.00,0.00,0.00,0.0,17,-23.605368,-46.836186
1785630949500,0.0,0.00,0.00,0.00,0.0,17,-23.605368,-46.836186
1785630949600,0.0,0.00,0.00,0.00,0.0,17,-23.605368,-46.836186
1785630949800,0.0,0.00,0.00,0.00,0.0,17,-23.605368,-46.836186
1785630949800,0.0,0.00,0.00,0.00,0.0,17,-23.605368,-46.836186
1785630949900,0.0,0.00,0.00,0.00,0.0,17,-23.605368,-46.836186
1785630950000,0.0,0.00,0.00,0.00,0.0,17,-23.605368,-46.836186
1785630950200,0.0,0.00,0.00,0.00,0.0,17,-23.605368,-46.836186
1785630950200,0.0,0.00,0.00,0.00,0.0,17,-23.605368,-46.836186
1785630950300,0.0,0.00,0.00,0.00,0.0,17,-23.605368,-46.836186
1785630950400,0.0,0.00,0.00,0.00,0.0,17,-23.605368,-46.836186
1785630950500,0.0,0.00,0.00,0.00,0.0,17,-23.605368,-46.836186
1785630950600,0.0,0.00,0.00,0.00,0.0,17,-23.605368,-46.836186
1785630950700,0.0,0.00,0.00,0.00,0.0,17,-23.605368,-46.836186
1785630950900,0.0,0.00,0.00,0.00,0.0,17,-23.605368,-46.836186
1785630951100,0.0,0.00,0.00,0.00,0.0,17,-23.605368,-46.836186
1785630951100,0.0,0.00,0.00,0.00,0.0,17,-23.605368,-46.836186
1785630951200,0.0,0.00,0.00,0.00,0.0,17,-23.605368,-46.836186
1785630951300,0.0,0.00,0.00,0.00,0.0,17,-23.605368,-46.836186
1785630951500,0.0,0.00,0.00,0.00,0.0,17,-23.605368,-46.836186
1785630951500,0.0,0.00,0.00,0.00,0.0,17,-23.605368,-46.836186
1785630951600,0.0,0.00,0.00,0.00,0.0,17,-23.605368,-46.836186
1785630951700,0.0,0.00,0.00,0.00,0.0,17,-23.605368,-46.836186
1785630951800,0.0,0.00,0.00,0.00,0.0,17,-23.605368,-46.836186
1785630951900,0.0,0.00,0.00,0.00,0.0,17,-23.605368,-46.836186
1785630952000,0.0,0.00,0.00,0.00,0.0,17,-23.605369,-46.836186
1785630952100,0.0,0.00,0.00,0.00,0.0,17,-23.605369,-46.836186
1785630952200,0.0,0.00,0.00,0.00,0.0,17,-23.605369,-46.836186
1785630952300,0.0,0.00,0.00,0.00,0.0,17,-23.605369,-46.836187
1785630952400,0.0,0.00,0.00,0.00,0.0,17,-23.605369,-46.836187
1785630952500,0.0,0.00,0.00,0.00,0.0,17,-23.605369,-46.836187
1785630952600,0.0,0.00,0.00,0.00,0.0,17,-23.605369,-46.836187
1785630952700,0.0,0.00,0.00,0.00,0.0,17,-23.605369,-46.836187
1785630952800,0.0,0.00,0.00,0.00,0.0,17,-23.605369,-46.836187
1785630952900,0.0,0.00,0.00,0.00,0.0,17,-23.605369,-46.836187
1785630953000,0.0,0.00,0.00,0.00,0.0,17,-23.605369,-46.836187
1785630953100,0.0,0.00,0.00,0.00,0.0,17,-23.605369,-46.836187
1785630953200,0.0,0.00,0.00,0.00,0.0,17,-23.605369,-46.836187
1785630953400,0.0,0.00,0.00,0.00,0.0,17,-23.605369,-46.836187
1785630953400,0.0,0.00,0.00,0.00,0.0,17,-23.605369,-46.836187
1785630953500,0.0,0.00,0.00,0.00,0.0,17,-23.605369,-46.836187
1785630953600,0.0,0.00,0.00,0.00,0.0,17,-23.605369,-46.836187
1785630953700,0.0,0.00,0.00,0.00,0.0,17,-23.605369,-46.836187
1785630953800,0.0,0.00,0.00,0.00,0.0,17,-23.605369,-46.836187
1785630953900,0.0,0.00,0.00,0.00,0.0,17,-23.605369,-46.836187
1785630954000,0.0,0.00,0.00,0.00,0.0,17,-23.605369,-46.836187
1785630954100,0.0,0.00,0.00,0.00,0.0,17,-23.605369,-46.836187
1785630954100,0.0,0.00,0.00,0.00,0.0,17,-23.605369,-46.836187
1785630954200,0.0,0.00,0.00,0.00,0.0,17,-23.605369,-46.836188
1785630954300,0.0,0.00,0.00,0.00,0.0,17,-23.605369,-46.836188
1785630954400,0.0,0.00,0.00,0.00,0.0,17,-23.605369,-46.836188
1785630954500,0.0,0.00,0.00,0.00,0.0,17,-23.605369,-46.836188
1785630954600,0.0,0.00,0.00,0.00,0.0,17,-23.605369,-46.836188
1785630954700,0.0,0.00,0.00,0.00,0.0,17,-23.605369,-46.836188
1785630954800,0.0,0.00,0.00,0.00,0.0,17,-23.605369,-46.836188
1785630954900,0.0,0.00,0.00,0.00,0.0,17,-23.605369,-46.836188
1785630955100,0.0,0.00,0.00,0.00,0.0,17,-23.605369,-46.836188
1785630955100,0.0,0.00,0.00,0.00,0.0,17,-23.605369,-46.836188
1785630955200,0.0,0.00,0.00,0.00,0.0,17,-23.605369,-46.836188
1785630955300,0.0,0.00,0.00,0.00,0.0,17,-23.605369,-46.836188
1785630955400,0.0,0.00,0.00,0.00,0.0,17,-23.605369,-46.836188
1785630955500,0.0,0.00,0.00,0.00,0.0,17,-23.605369,-46.836188
1785630955600,0.0,0.00,0.00,0.00,0.0,17,-23.605370,-46.836188
1785630955700,0.0,0.00,0.00,0.00,0.0,17,-23.605370,-46.836188
1785630955800,0.0,0.00,0.00,0.00,0.0,17,-23.605370,-46.836188
1785630955900,0.0,0.00,0.00,0.00,0.0,17,-23.605370,-46.836188
1785630956000,0.0,0.00,0.00,0.00,0.0,17,-23.605370,-46.836188
1785630956100,0.0,0.00,0.00,0.00,0.0,17,-23.605370,-46.836188
1785630956200,0.0,0.00,0.00,0.00,0.0,17,-23.605370,-46.836188
1785630956300,0.0,0.00,0.00,0.00,0.0,17,-23.605370,-46.836188
1785630956400,0.0,0.00,0.00,0.00,0.0,17,-23.605370,-46.836188
1785630956500,0.0,0.00,0.00,0.00,0.0,17,-23.605370,-46.836188
1785630956600,0.0,0.00,0.00,0.00,0.0,17,-23.605370,-46.836188
1785630956700,0.0,0.00,0.00,0.00,0.0,17,-23.605370,-46.836188
1785630956900,0.0,0.00,0.00,0.00,0.0,17,-23.605370,-46.836188
1785630956900,0.0,0.00,0.00,0.00,0.0,17,-23.605370,-46.836188
1785630957000,0.0,0.00,0.00,0.00,0.0,17,-23.605370,-46.836188
1785630957100,0.0,0.00,0.00,0.00,0.0,17,-23.605370,-46.836188
1785630957300,0.0,0.00,0.00,0.00,0.0,17,-23.605370,-46.836188
1785630957300,0.0,0.00,0.00,0.00,0.0,17,-23.605370,-46.836188
1785630957400,0.0,0.00,0.00,0.00,0.0,17,-23.605370,-46.836188
1785630957500,0.0,0.00,0.00,0.00,0.0,17,-23.605370,-46.836189
1785630957600,0.0,0.00,0.00,0.00,0.0,17,-23.605370,-46.836189
1785630957700,0.0,0.00,0.00,0.00,0.0,17,-23.605370,-46.836189
1785630957800,0.0,0.00,0.00,0.00,0.0,17,-23.605370,-46.836189
1785630957900,0.0,0.00,0.00,0.00,0.0,17,-23.605370,-46.836189
1785630958100,0.0,0.00,0.00,0.00,0.0,17,-23.605370,-46.836189
1785630958300,0.0,0.00,0.00,0.00,0.0,17,-23.605370,-46.836189
1785630958400,0.0,0.00,0.00,0.00,0.0,17,-23.605370,-46.836189
1785630958500,0.0,0.00,0.00,0.00,0.0,17,-23.605370,-46.836189
1785630958600,0.0,0.00,0.00,0.00,0.0,17,-23.605370,-46.836189
1785630958700,0.0,0.00,0.00,0.00,0.0,17,-23.605370,-46.836189
1785630958800,0.0,0.00,0.00,0.00,0.0,17,-23.605370,-46.836189
1785630958900,0.0,0.00,0.00,0.00,0.0,17,-23.605370,-46.836189
1785630959000,0.0,0.00,0.00,0.00,0.0,17,-23.605370,-46.836189
1785630959100,0.0,0.00,0.00,0.00,0.0,17,-23.605370,-46.836189
1785630959200,0.0,0.00,0.00,0.00,0.0,17,-23.605370,-46.836189
1785630959300,0.0,0.00,0.00,0.00,0.0,17,-23.605370,-46.836189
1785630959400,0.0,0.00,0.00,0.00,0.0,17,-23.605370,-46.836189
1785630959500,0.0,0.00,0.00,0.00,0.0,17,-23.605370,-46.836189
1785630959600,0.0,0.00,0.00,0.00,0.0,17,-23.605370,-46.836189
1785630959700,0.0,0.00,0.00,0.00,0.0,17,-23.605370,-46.836189
1785630959800,0.0,0.00,0.00,0.00,0.0,17,-23.605370,-46.836189
1785630959900,0.0,0.00,0.00,0.00,0.0,17,-23.605370,-46.836189
1785630960000,0.0,0.00,0.00,0.00,0.0,17,-23.605370,-46.836189
1785630960100,0.0,0.00,0.00,0.00,0.0,17,-23.605370,-46.836189
1785630960200,0.0,0.00,0.00,0.00,0.0,17,-23.605370,-46.836190
1785630960300,0.0,0.00,0.00,0.00,0.0,17,-23.605370,-46.836190
1785630960400,0.0,0.00,0.00,0.00,0.0,17,-23.605370,-46.836190
1785630960500,0.0,0.00,0.00,0.00,0.0,17,-23.605370,-46.836190
1785630960700,0.0,0.00,0.00,0.00,0.0,17,-23.605370,-46.836190
1785630960700,0.0,0.00,0.00,0.00,0.0,17,-23.605370,-46.836190
1785630960900,0.0,0.00,0.00,0.00,0.0,17,-23.605370,-46.836190
1785630961000,0.0,0.00,0.00,0.00,0.0,17,-23.605370,-46.836190
1785630961100,0.0,0.00,0.00,0.00,0.0,17,-23.605370,-46.836190
1785630961200,0.0,0.00,0.00,0.00,0.0,17,-23.605370,-46.836190
1785630961300,0.0,0.00,0.00,0.00,0.0,17,-23.605370,-46.836190
1785630961400,0.0,0.00,0.00,0.00,0.0,17,-23.605370,-46.836190
1785630961500,0.0,0.00,0.00,0.00,0.0,17,-23.605370,-46.836190
1785630961600,0.0,0.00,0.00,0.00,0.0,17,-23.605370,-46.836190
1785630961700,0.0,0.00,0.00,0.00,0.0,17,-23.605370,-46.836190
1785630961800,0.0,0.00,0.00,0.00,0.0,17,-23.605370,-46.836190
1785630961900,0.0,0.00,0.00,0.00,0.0,17,-23.605370,-46.836190
1785630962000,0.0,0.00,0.00,0.00,0.0,17,-23.605370,-46.836190
1785630962200,0.0,0.00,0.00,0.00,0.0,17,-23.605370,-46.836190
1785630962300,0.0,0.00,0.00,0.00,0.0,17,-23.605370,-46.836190
1785630962300,0.0,0.00,0.00,0.00,0.0,17,-23.605370,-46.836190
1785630962400,0.0,0.00,0.00,0.00,0.0,17,-23.605370,-46.836190
1785630962600,0.0,0.00,0.00,0.00,0.0,17,-23.605370,-46.836190
1785630962600,0.0,0.00,0.00,0.00,0.0,17,-23.605370,-46.836190
1785630962700,0.0,0.00,0.00,0.00,0.0,17,-23.605370,-46.836190
1785630962800,0.0,0.00,0.00,0.00,0.0,17,-23.605370,-46.836190
1785630962900,0.0,0.00,0.00,0.00,0.0,17,-23.605370,-46.836190
1785630963000,0.0,0.00,0.00,0.00,0.0,17,-23.605370,-46.836190
1785630963200,0.0,0.00,0.00,0.00,0.0,17,-23.605370,-46.836190
1785630963200,0.0,0.00,0.00,0.00,0.0,17,-23.605370,-46.836190
1785630963300,0.0,0.00,0.00,0.00,0.0,17,-23.605370,-46.836190
1785630963400,0.0,0.00,0.00,0.00,0.0,17,-23.605370,-46.836190
1785630963500,0.0,0.00,0.00,0.00,0.0,17,-23.605370,-46.836190
1785630963700,0.0,0.00,0.00,0.00,0.0,17,-23.605370,-46.836190
1785630963800,0.0,0.00,0.00,0.00,0.0,17,-23.605370,-46.836190
1785630963900,0.0,0.00,0.00,0.00,0.0,17,-23.605370,-46.836190
1785630964000,0.0,0.00,0.00,0.00,0.0,17,-23.605370,-46.836190
1785630964100,0.0,0.00,0.00,0.00,0.0,17,-23.605370,-46.836190
1785630964200,0.0,0.00,0.00,0.00,0.0,17,-23.605370,-46.836190
1785630964300,0.0,0.00,0.00,0.00,0.0,17,-23.605370,-46.836190
1785630964400,0.0,0.00,0.00,0.00,0.0,17,-23.605370,-46.836190
1785630964500,0.0,0.00,0.00,0.00,0.0,17,-23.605370,-46.836190
1785630964600,0.0,0.00,0.00,0.00,0.0,17,-23.605370,-46.836190
1785630964800,0.0,0.00,0.00,0.00,0.0,17,-23.605370,-46.836191
1785630964900,0.0,0.00,0.00,0.00,0.0,17,-23.605370,-46.836191
1785630965000,0.0,0.00,0.00,0.00,0.0,17,-23.605370,-46.836191
1785630965100,0.0,0.00,0.00,0.00,0.0,17,-23.605370,-46.836191
1785630965300,0.0,0.00,0.00,0.00,0.0,17,-23.605370,-46.836191
1785630965300,0.0,0.00,0.00,0.00,0.0,17,-23.605370,-46.836191
1785630965500,0.0,0.00,0.00,0.00,0.0,17,-23.605370,-46.836191
1785630965600,0.0,0.00,0.00,0.00,0.0,17,-23.605370,-46.836191
1785630965800,0.0,0.00,0.00,0.00,0.0,17,-23.605370,-46.836191
1785630965900,0.0,0.00,0.00,0.00,0.0,17,-23.605370,-46.836191
1785630966100,0.0,0.00,0.00,0.00,0.0,17,-23.605370,-46.836191
1785630966300,0.0,0.00,0.00,0.00,0.0,17,-23.605370,-46.836191
1785630966400,0.0,0.00,0.00,0.00,0.0,17,-23.605370,-46.836191
1785630966600,0.0,0.00,0.00,0.00,0.0,17,-23.605370,-46.836191
1785630966700,0.0,0.00,0.00,0.00,0.0,17,-23.605370,-46.836191
1785630966900,0.0,0.00,0.00,0.00,0.0,17,-23.605370,-46.836191
1785630967000,0.0,0.00,0.00,0.00,0.0,17,-23.605370,-46.836191
1785630967100,0.0,0.00,0.00,0.00,0.0,17,-23.605370,-46.836191
1785630967200,0.0,0.00,0.00,0.00,0.0,17,-23.605370,-46.836191
1785630967300,0.0,0.00,0.00,0.00,0.0,17,-23.605370,-46.836191
1785630967400,0.0,0.00,0.00,0.00,0.0,17,-23.605370,-46.836191
1785630967600,0.0,0.00,0.00,0.00,0.0,17,-23.605370,-46.836191
1785630967700,0.0,0.00,0.00,0.00,0.0,17,-23.605370,-46.836191
1785630967700,0.0,0.00,0.00,0.00,0.0,17,-23.605370,-46.836191
1785630967800,0.0,0.00,0.00,0.00,0.0,17,-23.605370,-46.836191
1785630968000,0.0,0.00,0.00,0.00,0.0,17,-23.605370,-46.836191
1785630968100,0.0,0.00,0.00,0.00,0.0,17,-23.605370,-46.836191
1785630968200,0.0,0.00,0.00,0.00,0.0,17,-23.605370,-46.836191
1785630968300,0.0,0.00,0.00,0.00,0.0,17,-23.605370,-46.836191
1785630968500,0.0,0.00,0.00,0.00,0.0,17,-23.605370,-46.836191
1785630968500,0.0,0.00,0.00,0.00,0.0,17,-23.605370,-46.836191
1785630968600,0.0,0.00,0.00,0.00,0.0,17,-23.605370,-46.836191
1785630968700,0.0,0.00,0.00,0.00,0.0,17,-23.605370,-46.836191
1785630968900,0.0,0.00,0.00,0.00,0.0,17,-23.605370,-46.836191
1785630969000,0.0,0.00,0.00,0.00,0.0,17,-23.605370,-46.836191
1785630969100,0.0,0.00,0.00,0.00,0.0,17,-23.605370,-46.836191
1785630969300,0.0,0.00,0.00,0.00,0.0,17,-23.605370,-46.836191
1785630969300,0.0,0.00,0.00,0.00,0.0,17,-23.605370,-46.836191
1785630969400,0.0,0.00,0.00,0.00,0.0,17,-23.605370,-46.836191
1785630969500,0.0,0.00,0.00,0.00,0.0,17,-23.605370,-46.836191
1785630969700,0.0,0.00,0.00,0.00,0.0,17,-23.605369,-46.836191
1785630969800,0.0,0.00,0.00,0.00,0.0,17,-23.605369,-46.836191
1785630969900,0.0,0.00,0.00,0.00,0.0,17,-23.605369,-46.836191
1785630970100,0.0,0.00,0.00,0.00,0.0,17,-23.605370,-46.836191
1785630970200,0.0,0.00,0.00,0.00,0.0,17,-23.605370,-46.836191
1785630970400,0.0,0.00,0.00,0.00,0.0,17,-23.605369,-46.836191
1785630970500,0.0,0.00,0.00,0.00,0.0,17,-23.605369,-46.836191
1785630970500,0.0,0.00,0.00,0.00,0.0,17,-23.605369,-46.836191
1785630970600,0.0,0.00,0.00,0.00,0.0,17,-23.605369,-46.836191
1785630970800,0.0,0.00,0.00,0.00,0.0,17,-23.605369,-46.836191
1785630970900,0.0,0.00,0.00,0.00,0.0,17,-23.605369,-46.836191
1785630971100,0.0,0.00,0.00,0.00,0.0,17,-23.605369,-46.836191
1785630971100,0.0,0.00,0.00,0.00,0.0,17,-23.605369,-46.836191
1785630971200,0.0,0.00,0.00,0.00,0.0,17,-23.605369,-46.836191
1785630971300,0.0,0.00,0.00,0.00,0.0,17,-23.605369,-46.836191
1785630971300,0.0,0.00,0.00,0.00,0.0,17,-23.605369,-46.836191
1785630971500,0.0,0.00,0.00,0.00,0.0,17,-23.605369,-46.836191
1785630971500,0.0,0.00,0.00,0.00,0.0,17,-23.605369,-46.836191
1785630971700,0.0,0.00,0.00,0.00,0.0,17,-23.605369,-46.836191
1785630971900,0.0,0.00,0.00,0.00,0.0,17,-23.605369,-46.836191
1785630972000,0.0,0.00,0.00,0.00,0.0,17,-23.605369,-46.836191
1785630972200,0.0,0.00,0.00,0.00,0.0,17,-23.605369,-46.836191
1785630972400,0.0,0.00,0.00,0.00,0.0,17,-23.605369,-46.836191
1785630972600,0.0,0.00,0.00,0.00,0.0,17,-23.605369,-46.836191
1785630972800,0.0,0.00,0.00,0.00,0.0,17,-23.605369,-46.836191
1785630972800,0.0,0.00,0.00,0.00,0.0,17,-23.605369,-46.836191
1785630972900,0.0,0.00,0.00,0.00,0.0,17,-23.605369,-46.836191
1785630973100,0.0,0.00,0.00,0.00,0.0,17,-23.605369,-46.836191
1785630973200,0.0,0.00,0.00,0.00,0.0,17,-23.605369,-46.836191
1785630973400,0.0,0.00,0.00,0.00,0.0,17,-23.605369,-46.836191
1785630973500,0.0,0.00,0.00,0.00,0.0,17,-23.605369,-46.836191
1785630973500,0.0,0.00,0.00,0.00,0.0,17,-23.605369,-46.836191
1785630973700,0.0,0.00,0.00,0.00,0.0,17,-23.605369,-46.836191
1785630973800,0.0,0.00,0.00,0.00,0.0,17,-23.605369,-46.836191
1785630974000,0.0,0.00,0.00,0.00,0.0,17,-23.605369,-46.836191
1785630974000,0.0,0.00,0.00,0.00,0.0,17,-23.605369,-46.836191
1785630974100,0.0,0.00,0.00,0.00,0.0,17,-23.605369,-46.836191
1785630974200,0.0,0.00,0.00,0.00,0.0,17,-23.605369,-46.836191
1785630974400,0.0,0.00,0.00,0.00,0.0,17,-23.605369,-46.836191
1785630974500,0.0,0.00,0.00,0.00,0.0,17,-23.605369,-46.836191
1785630974700,0.0,0.00,0.00,0.00,0.0,17,-23.605369,-46.836191
1785630974800,0.0,0.00,0.00,0.00,0.0,17,-23.605369,-46.836191
1785630974800,0.0,0.00,0.00,0.00,0.0,17,-23.605369,-46.836191
1785630974900,0.0,0.00,0.00,0.00,0.0,17,-23.605369,-46.836191
1785630975100,0.0,0.00,0.00,0.00,0.0,17,-23.605369,-46.836191
1785630975100,0.0,0.00,0.00,0.00,0.0,17,-23.605369,-46.836191
1785630975200,0.0,0.00,0.00,0.00,0.0,17,-23.605369,-46.836191
1785630975200,0.0,0.00,0.00,0.00,0.0,17,-23.605369,-46.836191
1785630975400,0.0,0.00,0.00,0.00,0.0,17,-23.605369,-46.836191
1785630975500,0.0,0.00,0.00,0.00,0.0,17,-23.605369,-46.836191
1785630975600,0.0,0.00,0.00,0.00,0.0,17,-23.605369,-46.836191
1785630975600,0.0,0.00,0.00,0.00,0.0,17,-23.605369,-46.836191
1785630975800,0.0,0.00,0.00,0.00,0.0,17,-23.605369,-46.836191
1785630975900,0.0,0.00,0.00,0.00,0.0,17,-23.605369,-46.836191
1785630976100,0.0,0.00,0.00,0.00,0.0,17,-23.605369,-46.836191
1785630976200,0.0,0.00,0.00,0.00,0.0,17,-23.605369,-46.836191
1785630976400,0.0,0.00,0.00,0.00,0.0,17,-23.605369,-46.836191
1785630976500,0.0,0.00,0.00,0.00,0.0,17,-23.605369,-46.836191
1785630976700,0.0,0.00,0.00,0.00,0.0,17,-23.605369,-46.836192
1785630976900,0.0,0.00,0.00,0.00,0.0,17,-23.605369,-46.836192
1785630977000,0.0,0.00,0.00,0.00,0.0,17,-23.605369,-46.836192
1785630977200,0.0,0.00,0.00,0.00,0.0,17,-23.605369,-46.836192
1785630977400,0.0,0.00,0.00,0.00,0.0,17,-23.605369,-46.836192
1785630977500,0.0,0.00,0.00,0.00,0.0,17,-23.605369,-46.836192
1785630977500,0.0,0.00,0.00,0.00,0.0,17,-23.605369,-46.836192
1785630977700,0.0,0.00,0.00,0.00,0.0,17,-23.605369,-46.836192
1785630977800,0.0,0.00,0.00,0.00,0.0,17,-23.605369,-46.836192
1785630978000,0.0,0.00,0.00,0.00,0.0,17,-23.605369,-46.836192
1785630978100,0.0,0.00,0.00,0.00,0.0,17,-23.605369,-46.836192
1785630978300,0.0,0.00,0.00,0.00,0.0,17,-23.605369,-46.836192
1785630978500,0.0,0.00,0.00,0.00,0.0,17,-23.605369,-46.836192
1785630978700,0.0,0.00,0.00,0.00,0.0,17,-23.605369,-46.836192
1785630978800,0.0,0.00,0.00,0.00,0.0,17,-23.605369,-46.836192
1785630979000,0.0,0.00,0.00,0.00,0.0,17,-23.605369,-46.836192
1785630979200,0.0,0.00,0.00,0.00,0.0,17,-23.605369,-46.836192
1785630979400,0.0,0.00,0.00,0.00,0.0,17,-23.605369,-46.836192
1785630979600,0.0,0.00,0.00,0.00,0.0,17,-23.605369,-46.836192
1785630979700,0.0,0.00,0.00,0.00,0.0,17,-23.605369,-46.836192
1785630979900,0.0,0.00,0.00,0.00,0.0,17,-23.605369,-46.836192
1785630980000,0.0,0.00,0.00,0.00,0.0,17,-23.605369,-46.836193
1785630980000,0.0,0.00,0.00,0.00,0.0,17,-23.605369,-46.836193
1785630980200,0.0,0.00,0.00,0.00,0.0,17,-23.605369,-46.836193
1785630980300,0.0,0.00,0.00,0.00,0.0,17,-23.605369,-46.836193
1785630980500,0.0,0.00,0.00,0.00,0.0,17,-23.605370,-46.836193
1785630980600,0.0,0.00,0.00,0.00,0.0,17,-23.605370,-46.836193
1785630980800,0.0,0.00,0.00,0.00,0.0,17,-23.605370,-46.836193
1785630980900,0.0,0.00,0.00,0.00,0.0,17,-23.605370,-46.836193
1785630980900,0.0,0.00,0.00,0.00,0.0,17,-23.605370,-46.836193
1785630981100,0.0,0.00,0.00,0.00,0.0,17,-23.605370,-46.836193
1785630981200,0.0,0.00,0.00,0.00,0.0,17,-23.605370,-46.836193
1785630981400,0.0,0.00,0.00,0.00,0.0,17,-23.605370,-46.836193
1785630981600,0.0,0.00,0.00,0.00,0.0,17,-23.605370,-46.836193
1785630981700,0.0,0.00,0.00,0.00,0.0,17,-23.605370,-46.836193
1785630981900,0.0,0.00,0.00,0.00,0.0,17,-23.605370,-46.836193
1785630982000,0.0,0.00,0.00,0.00,0.0,17,-23.605370,-46.836193
1785630982200,0.0,0.00,0.00,0.00,0.0,17,-23.605370,-46.836193
1785630982300,0.0,0.00,0.00,0.00,0.0,17,-23.605370,-46.836193
1785630982500,0.0,0.00,0.00,0.00,0.0,17,-23.605370,-46.836193
1785630982700,0.0,0.00,0.00,0.00,0.0,17,-23.605370,-46.836193
1785630982900,0.0,0.00,0.00,0.00,0.0,17,-23.605370,-46.836193
1785630983000,0.0,0.00,0.00,0.00,0.0,17,-23.605370,-46.836193
1785630983200,0.0,0.00,0.00,0.00,0.0,17,-23.605370,-46.836193
1785630983300,0.0,0.00,0.00,0.00,0.0,17,-23.605370,-46.836193
1785630983500,0.0,0.00,0.00,0.00,0.0,17,-23.605370,-46.836193
1785630983600,0.0,0.00,0.00,0.00,0.0,17,-23.605370,-46.836193
1785630983800,0.0,0.00,0.00,0.00,0.0,17,-23.605370,-46.836193
1785630984000,0.0,0.00,0.00,0.00,0.0,17,-23.605370,-46.836193
1785630984100,0.0,0.00,0.00,0.00,0.0,17,-23.605370,-46.836193
1785630984300,0.0,0.00,0.00,0.00,0.0,17,-23.605370,-46.836193
1785630984300,0.0,0.00,0.00,0.00,0.0,17,-23.605370,-46.836193
1785630984500,0.0,0.00,0.00,0.00,0.0,17,-23.605370,-46.836193
1785630984500,0.0,0.00,0.00,0.00,0.0,17,-23.605370,-46.836193
1785630984700,0.0,0.00,0.00,0.00,0.0,17,-23.605370,-46.836193
1785630985000,0.0,0.00,0.00,0.00,0.0,17,-23.605370,-46.836193
1785630985200,0.0,0.00,0.00,0.00,0.0,17,-23.605370,-46.836193
1785630985500,0.0,0.00,0.00,0.00,0.0,17,-23.605370,-46.836193
1785630985700,0.0,0.00,0.00,0.00,0.0,17,-23.605370,-46.836193
1785630985700,0.0,0.00,0.00,0.00,0.0,17,-23.605370,-46.836193
1785630986000,0.0,0.00,0.00,0.00,0.0,17,-23.605370,-46.836193
1785630986000,0.0,0.00,0.00,0.00,0.0,17,-23.605370,-46.836193
1785630986300,0.0,0.00,0.00,0.00,0.0,17,-23.605370,-46.836193
1785630986500,0.0,0.00,0.00,0.00,0.0,17,-23.605370,-46.836193
1785630986800,0.0,0.00,0.00,0.00,0.0,17,-23.605370,-46.836193
1785630987000,0.0,0.00,0.00,0.00,0.0,17,-23.605371,-46.836193
1785630987200,0.0,0.00,0.00,0.00,0.0,17,-23.605371,-46.836193
1785630987400,0.0,0.00,0.00,0.00,0.0,17,-23.605371,-46.836193
1785630987600,0.0,0.00,0.00,0.00,0.0,17,-23.605371,-46.836193
1785630987800,0.0,0.00,0.00,0.00,0.0,17,-23.605371,-46.836193
1785630987900,0.0,0.00,0.00,0.00,0.0,17,-23.605371,-46.836193
1785630988100,0.0,0.00,0.00,0.00,0.0,17,-23.605371,-46.836193
1785630988300,0.0,0.00,0.00,0.00,0.0,17,-23.605371,-46.836193
1785630988400,0.0,0.00,0.00,0.00,0.0,17,-23.605371,-46.836193
1785630988600,0.0,0.00,0.00,0.00,0.0,17,-23.605371,-46.836193
1785630988700,0.0,0.00,0.00,0.00,0.0,17,-23.605371,-46.836193
1785630988900,0.0,0.00,0.00,0.00,0.0,17,-23.605371,-46.836193
1785630989000,0.0,0.00,0.00,0.00,0.0,17,-23.605371,-46.836193
1785630989200,0.0,0.00,0.00,0.00,0.0,17,-23.605371,-46.836193
1785630989300,0.0,0.00,0.00,0.00,0.0,17,-23.605371,-46.836193
1785630989500,0.0,0.00,0.00,0.00,0.0,17,-23.605371,-46.836193
1785630989700,0.0,0.00,0.00,0.00,0.0,17,-23.605371,-46.836193
1785630989800,0.0,0.00,0.00,0.00,0.0,17,-23.605371,-46.836193
1785630989800,0.0,0.00,0.00,0.00,0.0,17,-23.605371,-46.836193
1785630990000,0.0,0.00,0.00,0.00,0.0,17,-23.605371,-46.836193
1785630990100,0.0,0.00,0.00,0.00,0.0,17,-23.605371,-46.836193
1785630990300,0.0,0.00,0.00,0.00,0.0,17,-23.605371,-46.836193
1785630990400,0.0,0.00,0.00,0.00,0.0,17,-23.605371,-46.836193
1785630990600,0.0,0.00,0.00,0.00,0.0,17,-23.605371,-46.836193
1785630990800,0.0,0.00,0.00,0.00,0.0,17,-23.605371,-46.836193
1785630990900,0.0,0.00,0.00,0.00,0.0,17,-23.605371,-46.836193
1785630991100,0.0,0.00,0.00,0.00,0.0,17,-23.605371,-46.836193
1785630991300,0.0,0.00,0.00,0.00,0.0,17,-23.605371,-46.836193
1785630991300,0.0,0.00,0.00,0.00,0.0,17,-23.605371,-46.836193
1785630991500,0.0,0.00,0.00,0.00,0.0,17,-23.605371,-46.836193
1785630991700,0.0,0.00,0.00,0.00,0.0,17,-23.605371,-46.836193
1785630991900,0.0,0.00,0.00,0.00,0.0,17,-23.605371,-46.836192
1785630992200,0.0,0.00,0.00,0.00,0.0,17,-23.605371,-46.836192
1785630992400,0.0,0.00,0.00,0.00,0.0,17,-23.605372,-46.836192
1785630992600,0.0,0.00,0.00,0.00,0.0,17,-23.605372,-46.836192
1785630992900,0.0,0.00,0.00,0.00,0.0,17,-23.605372,-46.836192
1785630993100,0.0,0.00,0.00,0.00,0.0,17,-23.605372,-46.836192
1785630993100,0.0,0.00,0.00,0.00,0.0,17,-23.605372,-46.836192
1785630993300,0.0,0.00,0.00,0.00,0.0,17,-23.605372,-46.836192
1785630993600,0.0,0.00,0.00,0.00,0.0,17,-23.605372,-46.836192
1785630993800,0.0,0.00,0.00,0.00,0.0,17,-23.605372,-46.836192
1785630994100,0.0,0.00,0.00,0.00,0.0,17,-23.605372,-46.836192
1785630994300,0.0,0.00,0.00,0.00,0.0,17,-23.605372,-46.836193
1785630994300,0.0,0.00,0.00,0.00,0.0,17,-23.605372,-46.836193
1785630994600,0.0,0.00,0.00,0.00,0.0,17,-23.605372,-46.836193
1785630994600,0.0,0.00,0.00,0.00,0.0,17,-23.605372,-46.836193
1785630994800,0.0,0.00,0.00,0.00,0.0,17,-23.605372,-46.836193
1785630995000,0.0,0.00,0.00,0.00,0.0,17,-23.605372,-46.836193
1785630995000,0.0,0.00,0.00,0.00,0.0,17,-23.605372,-46.836193
1785630995200,0.0,0.00,0.00,0.00,0.0,17,-23.605372,-46.836193
1785630995400,0.0,0.00,0.00,0.00,0.0,17,-23.605372,-46.836193
1785630995600,0.0,0.00,0.00,0.00,0.0,17,-23.605372,-46.836193
1785630995800,0.0,0.00,0.00,0.00,0.0,17,-23.605372,-46.836193
1785630996000,0.0,0.00,0.00,0.00,0.0,17,-23.605372,-46.836193
1785630996200,0.0,0.00,0.00,0.00,0.0,17,-23.605372,-46.836193
1785630996200,0.0,0.00,0.00,0.00,0.0,17,-23.605372,-46.836193
1785630996400,0.0,0.00,0.00,0.00,0.0,17,-23.605372,-46.836193
1785630996600,0.0,0.00,0.00,0.00,0.0,17,-23.605372,-46.836193
1785630996700,0.0,0.00,0.00,0.00,0.0,17,-23.605372,-46.836193
1785630996900,0.0,0.00,0.00,0.00,0.0,17,-23.605372,-46.836193
1785630997100,0.0,0.00,0.00,0.00,0.0,17,-23.605372,-46.836193
1785630997300,0.0,0.00,0.00,0.00,0.0,17,-23.605372,-46.836193
1785630997300,0.0,0.00,0.00,0.00,0.0,17,-23.605372,-46.836193
1785630997600,0.0,0.00,0.00,0.00,0.0,17,-23.605372,-46.836193
1785630997800,0.0,0.00,0.00,0.00,0.0,17,-23.605372,-46.836193
1785630998000,0.0,0.00,0.00,0.00,0.0,17,-23.605372,-46.836193
1785630998300,0.0,0.00,0.00,0.00,0.0,17,-23.605372,-46.836193
1785630998500,0.0,0.00,0.00,0.00,0.0,17,-23.605372,-46.836193
1785630998700,0.0,0.00,0.00,0.00,0.0,17,-23.605372,-46.836193
1785630999000,0.0,0.00,0.00,0.00,0.0,17,-23.605372,-46.836193
1785630999200,0.0,0.00,0.00,0.00,0.0,17,-23.605372,-46.836193
1785630999400,0.0,0.00,0.00,0.00,0.0,17,-23.605372,-46.836193
1785630999600,0.0,0.00,0.00,0.00,0.0,17,-23.605372,-46.836193
1785630999900,0.0,0.00,0.00,0.00,0.0,17,-23.605372,-46.836193
1785630999900,0.0,0.00,0.00,0.00,0.0,17,-23.605372,-46.836193
1785631000100,0.0,0.00,0.00,0.00,0.0,17,-23.605372,-46.836193
1785631000400,0.0,0.00,0.00,0.00,0.0,17,-23.605372,-46.836193
1785631000600,0.0,0.00,0.00,0.00,0.0,17,-23.605372,-46.836193
1785631000800,0.0,0.00,0.00,0.00,0.0,17,-23.605372,-46.836193
1785631001000,0.0,0.00,0.00,0.00,0.0,17,-23.605372,-46.836193
1785631001200,0.0,0.00,0.00,0.00,0.0,17,-23.605372,-46.836193
1785631001400,0.0,0.00,0.00,0.00,0.0,17,-23.605372,-46.836193
1785631001600,0.0,0.00,0.00,0.00,0.0,17,-23.605372,-46.836193
1785631001900,0.0,0.00,0.00,0.00,0.0,17,-23.605372,-46.836193
1785631002200,0.0,0.00,0.00,0.00,0.0,17,-23.605372,-46.836193
1785631002500,0.0,0.00,0.00,0.00,0.0,17,-23.605372,-46.836193
1785631002800,0.0,0.00,0.00,0.00,0.0,17,-23.605372,-46.836193
1785631003000,0.0,0.00,0.00,0.00,0.0,17,-23.605372,-46.836193
1785631003300,0.0,0.00,0.00,0.00,0.0,17,-23.605372,-46.836193
1785631003500,0.0,0.00,0.00,0.00,0.0,17,-23.605372,-46.836193
1785631003800,0.0,0.00,0.00,0.00,0.0,17,-23.605372,-46.836193
1785631004100,0.0,0.00,0.00,0.00,0.0,17,-23.605372,-46.836193
1785631004100,0.0,0.00,0.00,0.00,0.0,17,-23.605372,-46.836193
1785631004400,0.0,0.00,0.00,0.00,0.0,16,-23.605372,-46.836193
1785631004700,0.0,0.00,0.00,0.00,0.0,16,-23.605372,-46.836193
1785631005000,0.0,0.00,0.00,0.00,0.0,16,-23.605372,-46.836193
1785631005300,0.0,0.00,0.00,0.00,0.0,16,-23.605372,-46.836193
1785631005300,0.0,0.00,0.00,0.00,0.0,16,-23.605372,-46.836193
1785631005500,0.0,0.00,0.00,0.00,0.0,16,-23.605372,-46.836193
1785631005800,0.0,0.00,0.00,0.00,0.0,16,-23.605372,-46.836193
1785631006000,0.0,0.00,0.00,0.00,0.0,16,-23.605372,-46.836193
1785631006200,0.0,0.00,0.00,0.00,0.0,16,-23.605372,-46.836193
1785631006500,0.0,0.00,0.00,0.00,0.0,16,-23.605372,-46.836193
1785631006700,0.0,0.00,0.00,0.00,0.0,16,-23.605372,-46.836193
1785631007000,0.0,0.00,0.00,0.00,0.0,16,-23.605372,-46.836193
1785631007200,0.0,0.00,0.00,0.00,0.0,16,-23.605372,-46.836193
1785631007400,0.0,0.00,0.00,0.00,0.0,16,-23.605372,-46.836193
1785631007400,0.0,0.00,0.00,0.00,0.0,16,-23.605372,-46.836193
1785631007500,0.0,0.00,0.00,0.00,0.0,16,-23.605372,-46.836194
1785631007700,0.0,0.00,0.00,0.00,0.0,16,-23.605372,-46.836194
1785631007900,0.0,0.00,0.00,0.00,0.0,16,-23.605372,-46.836194
1785631008100,0.0,0.00,0.00,0.00,0.0,16,-23.605372,-46.836194
1785631008200,0.0,0.00,0.00,0.00,0.0,16,-23.605372,-46.836194
1785631008400,0.0,0.00,0.00,0.00,0.0,16,-23.605372,-46.836194
1785631008500,0.0,0.00,0.00,0.00,0.0,16,-23.605372,-46.836194
1785631008700,0.0,0.00,0.00,0.00,0.0,15,-23.605372,-46.836194
1785631008800,0.0,0.00,0.00,0.00,0.0,15,-23.605372,-46.836194
1785631009000,0.0,0.00,0.00,0.00,0.0,15,-23.605372,-46.836194
1785631009200,0.0,0.00,0.00,0.00,0.0,15,-23.605372,-46.836194
1785631009300,0.0,0.00,0.00,0.00,0.0,15,-23.605372,-46.836194
1785631009500,0.0,0.00,0.00,0.00,0.0,15,-23.605372,-46.836194
1785631009600,0.0,0.00,0.00,0.00,0.0,15,-23.605372,-46.836194
1785631009800,0.0,0.00,0.00,0.00,0.0,15,-23.605372,-46.836194
1785631009900,0.0,0.00,0.00,0.00,0.0,15,-23.605372,-46.836194
1785631010100,0.0,0.00,0.00,0.00,0.0,15,-23.605372,-46.836194
1785631010200,0.0,0.00,0.00,0.00,0.0,15,-23.605372,-46.836194
1785631010200,0.0,0.00,0.00,0.00,0.0,15,-23.605372,-46.836194
1785631010400,0.0,0.00,0.00,0.00,0.0,15,-23.605372,-46.836194
1785631010500,0.0,0.00,0.00,0.00,0.0,15,-23.605372,-46.836194
1785631010700,0.0,0.00,0.00,0.00,0.0,15,-23.605372,-46.836194
1785631010700,0.0,0.00,0.00,0.00,0.0,15,-23.605372,-46.836194
1785631010800,0.0,0.00,0.00,0.00,0.0,15,-23.605373,-46.836194
1785631011000,0.0,0.00,0.00,0.00,0.0,15,-23.605373,-46.836194
1785631011200,0.0,0.00,0.00,0.00,0.0,15,-23.605373,-46.836194
1785631011300,0.0,0.00,0.00,0.00,0.0,15,-23.605373,-46.836194
1785631011500,0.0,0.00,0.00,0.00,0.0,15,-23.605373,-46.836194
1785631011600,0.0,0.00,0.00,0.00,0.0,15,-23.605373,-46.836194
1785631011700,0.0,0.00,0.00,0.00,0.0,15,-23.605373,-46.836194
1785631011700,0.0,0.00,0.00,0.00,0.0,15,-23.605373,-46.836194
1785631011900,0.0,0.00,0.00,0.00,0.0,15,-23.605373,-46.836194
1785631011900,0.0,0.00,0.00,0.00,0.0,15,-23.605373,-46.836194
1785631012000,0.0,0.00,0.00,0.00,0.0,15,-23.605373,-46.836194
1785631012000,0.0,0.00,0.00,0.00,0.0,15,-23.605373,-46.836194
1785631012100,0.0,0.00,0.00,0.00,0.0,15,-23.605373,-46.836194
1785631012100,0.0,0.00,0.00,0.00,0.0,15,-23.605373,-46.836194
1785631012300,0.0,0.00,0.00,0.00,0.0,15,-23.605373,-46.836194
1785631012400,0.0,0.00,0.00,0.00,0.0,15,-23.605373,-46.836194
1785631012400,0.0,0.00,0.00,0.00,0.0,15,-23.605373,-46.836194
1785631012500,0.0,0.00,0.00,0.00,0.0,15,-23.605373,-46.836194
1785631012600,0.0,0.00,0.00,0.00,0.0,15,-23.605373,-46.836194
1785631012800,0.0,0.00,0.00,0.00,0.0,16,-23.605373,-46.836194
1785631012900,0.0,0.00,0.00,0.00,0.0,16,-23.605373,-46.836194
1785631012900,0.0,0.00,0.00,0.00,0.0,16,-23.605373,-46.836194
1785631012900,0.0,0.00,0.00,0.00,0.0,16,-23.605373,-46.836194
1785631013000,0.0,0.00,0.00,0.00,0.0,16,-23.605373,-46.836194
1785631013200,0.0,0.00,0.00,0.00,0.0,16,-23.605373,-46.836194
1785631013300,0.0,0.00,0.00,0.00,0.0,16,-23.605373,-46.836194
1785631013400,0.0,0.00,0.00,0.00,0.0,16,-23.605373,-46.836194
1785631013500,0.0,0.00,0.00,0.00,0.0,16,-23.605373,-46.836194
1785631013700,0.0,0.00,0.00,0.00,0.0,16,-23.605373,-46.836194
1785631013700,0.0,0.00,0.00,0.00,0.0,16,-23.605373,-46.836194
1785631013800,0.0,0.00,0.00,0.00,0.0,16,-23.605373,-46.836194
1785631013800,0.0,0.00,0.00,0.00,0.0,16,-23.605373,-46.836194
1785631013900,0.0,0.00,0.00,0.00,0.0,16,-23.605373,-46.836193
1785631014100,0.0,0.00,0.00,0.00,0.0,16,-23.605373,-46.836193
1785631014200,0.0,0.00,0.00,0.00,0.0,16,-23.605373,-46.836193
1785631014200,0.0,0.00,0.00,0.00,0.0,16,-23.605373,-46.836193
1785631014300,0.0,0.00,0.00,0.00,0.0,16,-23.605373,-46.836193
1785631014300,0.0,0.00,0.00,0.00,0.0,16,-23.605373,-46.836193
1785631014500,0.0,0.00,0.00,0.00,0.0,16,-23.605373,-46.836193
1785631014600,0.0,0.00,0.00,0.00,0.0,16,-23.605373,-46.836193
1785631014700,0.0,0.00,0.00,0.00,0.0,16,-23.605373,-46.836193
1785631014800,0.0,0.00,0.00,0.00,0.0,16,-23.605373,-46.836193
1785631015000,0.0,0.00,0.00,0.00,0.0,16,-23.605373,-46.836193
1785631015100,0.0,0.00,0.00,0.00,0.0,16,-23.605373,-46.836193
1785631015100,0.0,0.00,0.00,0.00,0.0,16,-23.605373,-46.836193
1785631015200,0.0,0.00,0.00,0.00,0.0,16,-23.605373,-46.836193
1785631015300,0.0,0.00,0.00,0.00,0.0,16,-23.605373,-46.836193
1785631015600,0.0,0.00,0.00,0.00,0.0,16,-23.605373,-46.836193
1785631015600,0.0,0.00,0.00,0.00,0.0,16,-23.605373,-46.836193
1785631015700,0.0,0.00,0.00,0.00,0.0,16,-23.605373,-46.836193
1785631015800,0.0,0.00,0.00,0.00,0.0,16,-23.605373,-46.836193
1785631015900,0.0,0.00,0.00,0.00,0.0,16,-23.605373,-46.836193
1785631016000,0.0,0.00,0.00,0.00,0.0,16,-23.605373,-46.836193
1785631016100,0.0,0.00,0.00,0.00,0.0,16,-23.605373,-46.836193
1785631016200,0.0,0.00,0.00,0.00,0.0,16,-23.605373,-46.836193
1785631016300,0.0,0.00,0.00,0.00,0.0,16,-23.605373,-46.836193
1785631016400,0.0,0.00,0.00,0.00,0.0,16,-23.605373,-46.836193
1785631016400,0.0,0.00,0.00,0.00,0.0,16,-23.605373,-46.836193
1785631016500,0.0,0.00,0.00,0.00,0.0,16,-23.605373,-46.836193
1785631016600,0.0,0.00,0.00,0.00,0.0,16,-23.605373,-46.836193
1785631016800,0.0,0.00,0.00,0.00,0.0,17,-23.605373,-46.836193
1785631016900,0.0,0.00,0.00,0.00,0.0,17,-23.605373,-46.836193
1785631017000,0.0,0.00,0.00,0.00,0.0,17,-23.605373,-46.836193
1785631017200,0.0,0.00,0.00,0.00,0.0,17,-23.605373,-46.836192
1785631017300,0.0,0.00,0.00,0.00,0.0,17,-23.605373,-46.836192
1785631017400,0.0,0.00,0.00,0.00,0.0,17,-23.605373,-46.836192
1785631017500,0.0,0.00,0.00,0.00,0.0,17,-23.605373,-46.836192
1785631017600,0.0,0.00,0.00,0.00,0.0,17,-23.605373,-46.836192
1785631017700,0.0,0.00,0.00,0.00,0.0,17,-23.605373,-46.836192
1785631017900,0.0,0.00,0.00,0.00,0.0,17,-23.605373,-46.836192
1785631018000,0.0,0.00,0.00,0.00,0.0,17,-23.605373,-46.836192
1785631018100,0.0,0.00,0.00,0.00,0.0,17,-23.605373,-46.836192
1785631018200,0.0,0.00,0.00,0.00,0.0,17,-23.605373,-46.836192
1785631018300,0.0,0.00,0.00,0.00,0.0,17,-23.605373,-46.836192
1785631018400,0.0,0.00,0.00,0.00,0.0,17,-23.605373,-46.836192
1785631018500,0.0,0.00,0.00,0.00,0.0,17,-23.605373,-46.836192
1785631018600,0.0,0.00,0.00,0.00,0.0,17,-23.605373,-46.836192
1785631018700,0.0,0.00,0.00,0.00,0.0,17,-23.605373,-46.836192
1785631018800,0.0,0.00,0.00,0.00,0.0,17,-23.605373,-46.836192
1785631018900,0.0,0.00,0.00,0.00,0.0,17,-23.605373,-46.836192
1785631019100,0.0,0.00,0.00,0.00,0.0,17,-23.605373,-46.836192
1785631019200,0.0,0.00,0.00,0.00,0.0,17,-23.605373,-46.836192
1785631019300,0.0,0.00,0.00,0.00,0.0,17,-23.605373,-46.836192
1785631019400,0.0,0.00,0.00,0.00,0.0,17,-23.605373,-46.836192
1785631019500,0.0,0.00,0.00,0.00,0.0,17,-23.605373,-46.836192
1785631019600,0.0,0.00,0.00,0.00,0.0,17,-23.605373,-46.836192
1785631019800,0.0,0.00,0.00,0.00,0.0,17,-23.605373,-46.836192
1785631019800,0.0,0.00,0.00,0.00,0.0,17,-23.605373,-46.836192
1785631019900,0.0,0.00,0.00,0.00,0.0,17,-23.605373,-46.836191
1785631020000,0.0,0.00,0.00,0.00,0.0,17,-23.605373,-46.836191
1785631020100,0.0,0.00,0.00,0.00,0.0,17,-23.605373,-46.836191
1785631020100,0.0,0.00,0.00,0.00,0.0,17,-23.605373,-46.836191
1785631020300,0.0,0.00,0.00,0.00,0.0,17,-23.605373,-46.836191
1785631020400,0.0,0.00,0.00,0.00,0.0,17,-23.605373,-46.836191
1785631020400,0.0,0.00,0.00,0.00,0.0,17,-23.605373,-46.836191
1785631020600,0.0,0.00,0.00,0.00,0.0,17,-23.605373,-46.836191
1785631020700,0.0,0.00,0.00,0.00,0.0,17,-23.605373,-46.836191
1785631020800,0.0,0.00,0.00,0.00,0.0,17,-23.605373,-46.836191
1785631020800,0.0,0.00,0.00,0.00,0.0,17,-23.605373,-46.836191
1785631020800,0.0,0.00,0.00,0.00,0.0,17,-23.605373,-46.836191
1785631020900,0.0,0.00,0.00,0.00,0.0,17,-23.605373,-46.836191
1785631021000,0.0,0.00,0.00,0.00,0.0,17,-23.605373,-46.836191
1785631021100,0.0,0.00,0.00,0.00,0.0,17,-23.605373,-46.836191
1785631021300,0.0,0.00,0.00,0.00,0.0,17,-23.605373,-46.836191
1785631021400,0.0,0.00,0.00,0.00,0.0,17,-23.605373,-46.836191
1785631021500,0.0,0.00,0.00,0.00,0.0,17,-23.605373,-46.836191
1785631021600,0.0,0.00,0.00,0.00,0.0,17,-23.605373,-46.836191
1785631021700,0.0,0.00,0.00,0.00,0.0,17,-23.605373,-46.836191
1785631021700,0.0,0.00,0.00,0.00,0.0,17,-23.605373,-46.836191
1785631021900,0.0,0.00,0.00,0.00,0.0,17,-23.605373,-46.836191
1785631022000,0.0,0.00,0.00,0.00,0.0,17,-23.605373,-46.836191
1785631022100,0.0,0.00,0.00,0.00,0.0,17,-23.605373,-46.836190
1785631022200,0.0,0.00,0.00,0.00,0.0,17,-23.605373,-46.836190
1785631022300,0.0,0.00,0.00,0.00,0.0,17,-23.605373,-46.836190
1785631022400,0.0,0.00,0.00,0.00,0.0,17,-23.605373,-46.836190
1785631022500,0.0,0.00,0.00,0.00,0.0,17,-23.605373,-46.836190
1785631022600,0.0,0.00,0.00,0.00,0.0,17,-23.605373,-46.836190
1785631022700,0.0,0.00,0.00,0.00,0.0,17,-23.605373,-46.836190
1785631022900,0.0,0.00,0.00,0.00,0.0,17,-23.605373,-46.836190
1785631023000,0.0,0.00,0.00,0.00,0.0,17,-23.605373,-46.836190
1785631023100,0.0,0.00,0.00,0.00,0.0,17,-23.605373,-46.836190
1785631023200,0.0,0.00,0.00,0.00,0.0,16,-23.605373,-46.836190
1785631023300,0.0,0.00,0.00,0.00,0.0,16,-23.605373,-46.836190
1785631023400,0.0,0.00,0.00,0.00,0.0,16,-23.605373,-46.836190
1785631023500,0.0,0.00,0.00,0.00,0.0,16,-23.605373,-46.836190
1785631023700,0.0,0.00,0.00,0.00,0.0,16,-23.605373,-46.836190
1785631023800,0.0,0.00,0.00,0.00,0.0,16,-23.605373,-46.836190
1785631023800,0.0,0.00,0.00,0.00,0.0,16,-23.605373,-46.836190
1785631023900,0.0,0.00,0.00,0.00,0.0,16,-23.605373,-46.836189
1785631024000,0.0,0.00,0.00,0.00,0.0,16,-23.605373,-46.836189
1785631024200,0.0,0.00,0.00,0.00,0.0,16,-23.605373,-46.836189
1785631024200,0.0,0.00,0.00,0.00,0.0,16,-23.605373,-46.836189
1785631024300,0.0,0.00,0.00,0.00,0.0,16,-23.605373,-46.836189
1785631024400,0.0,0.00,0.00,0.00,0.0,16,-23.605373,-46.836189
1785631024500,0.0,0.00,0.00,0.00,0.0,16,-23.605373,-46.836189
1785631024500,0.0,0.00,0.00,0.00,0.0,16,-23.605373,-46.836189
1785631024600,0.0,0.00,0.00,0.00,0.0,16,-23.605373,-46.836189
1785631024700,0.0,0.00,0.00,0.00,0.0,16,-23.605373,-46.836189
1785631024800,0.0,0.00,0.00,0.00,0.0,16,-23.605373,-46.836189
1785631024900,0.0,0.00,0.00,0.00,0.0,16,-23.605373,-46.836189
1785631025100,0.0,0.00,0.00,0.00,0.0,16,-23.605373,-46.836189
1785631025200,0.0,0.00,0.00,0.00,0.0,16,-23.605373,-46.836189
1785631025300,0.0,0.00,0.00,0.00,0.0,16,-23.605373,-46.836189
1785631025400,0.0,0.00,0.00,0.00,0.0,17,-23.605373,-46.836188
1785631025600,0.0,0.00,0.00,0.00,0.0,17,-23.605373,-46.836188
1785631025600,0.0,0.00,0.00,0.00,0.0,17,-23.605373,-46.836188
1785631025700,0.0,0.00,0.00,0.00,0.0,17,-23.605373,-46.836188
1785631025800,0.0,0.00,0.00,0.00,0.0,17,-23.605373,-46.836188
1785631025900,0.0,0.00,0.00,0.00,0.0,17,-23.605373,-46.836188
1785631026000,0.0,0.00,0.00,0.00,0.0,17,-23.605373,-46.836188
1785631026100,0.0,0.00,0.00,0.00,0.0,17,-23.605373,-46.836188
1785631026200,0.0,0.00,0.00,0.00,0.0,17,-23.605373,-46.836188
1785631026400,0.0,0.00,0.00,0.00,0.0,17,-23.605373,-46.836188
1785631026500,0.0,0.00,0.00,0.00,0.0,17,-23.605373,-46.836188
1785631026600,0.0,0.00,0.00,0.00,0.0,17,-23.605373,-46.836188
1785631026600,0.0,0.00,0.00,0.00,0.0,17,-23.605373,-46.836188
1785631026600,0.0,0.00,0.00,0.00,0.0,17,-23.605373,-46.836188
1785631026700,0.0,0.00,0.00,0.00,0.0,17,-23.605373,-46.836188
1785631026800,0.0,0.00,0.00,0.00,0.0,17,-23.605373,-46.836188
1785631026900,0.0,0.00,0.00,0.00,0.0,17,-23.605373,-46.836188
1785631026900,0.0,0.00,0.00,0.00,0.0,17,-23.605373,-46.836188
1785631027000,0.0,0.00,0.00,0.00,0.0,17,-23.605373,-46.836188
1785631027100,0.0,0.00,0.00,0.00,0.0,17,-23.605373,-46.836188
1785631027300,0.0,0.00,0.00,0.00,0.0,17,-23.605373,-46.836188
1785631027400,0.0,0.00,0.00,0.00,0.0,17,-23.605373,-46.836188
1785631027500,0.0,0.00,0.00,0.00,0.0,17,-23.605372,-46.836188
1785631027600,0.0,0.00,0.00,0.00,0.0,17,-23.605372,-46.836188
1785631027700,0.0,0.00,0.00,0.00,0.0,17,-23.605372,-46.836188
1785631027900,0.0,0.00,0.00,0.00,0.0,17,-23.605372,-46.836188
1785631027900,0.0,0.00,0.00,0.00,0.0,17,-23.605372,-46.836188
1785631028000,0.0,0.00,0.00,0.00,0.0,17,-23.605372,-46.836188
1785631028100,0.0,0.00,0.00,0.00,0.0,17,-23.605372,-46.836188
1785631028200,0.0,0.00,0.00,0.00,0.0,17,-23.605372,-46.836188
1785631028300,0.0,0.00,0.00,0.00,0.0,17,-23.605372,-46.836188
1785631028400,0.0,0.00,0.00,0.00,0.0,17,-23.605372,-46.836188
1785631028500,0.0,0.00,0.00,0.00,0.0,17,-23.605372,-46.836188
1785631028600,0.0,0.00,0.00,0.00,0.0,17,-23.605372,-46.836188
1785631028700,0.0,0.00,0.00,0.00,0.0,17,-23.605372,-46.836188
1785631028800,0.0,0.00,0.00,0.00,0.0,17,-23.605372,-46.836188
1785631028900,0.0,0.00,0.00,0.00,0.0,17,-23.605372,-46.836188
1785631029100,0.0,0.00,0.00,0.00,0.0,17,-23.605372,-46.836188
1785631029200,0.0,0.00,0.00,0.00,0.0,17,-23.605372,-46.836188
1785631029300,0.0,0.00,0.00,0.00,0.0,17,-23.605372,-46.836187
1785631029400,0.0,0.00,0.00,0.00,0.0,17,-23.605372,-46.836187
1785631029600,0.0,0.00,0.00,0.00,0.0,17,-23.605372,-46.836187
1785631029700,0.0,0.00,0.00,0.00,0.0,17,-23.605372,-46.836187
1785631029900,0.0,0.00,0.00,0.00,0.0,17,-23.605372,-46.836187
1785631029900,0.0,0.00,0.00,0.00,0.0,17,-23.605372,-46.836187
1785631030000,0.0,0.00,0.00,0.00,0.0,17,-23.605372,-46.836187
1785631030100,0.0,0.00,0.00,0.00,0.0,17,-23.605372,-46.836187
1785631030100,0.0,0.00,0.00,0.00,0.0,17,-23.605372,-46.836187
1785631030300,0.0,0.00,0.00,0.00,0.0,17,-23.605372,-46.836187
1785631030400,0.0,0.00,0.00,0.00,0.0,17,-23.605372,-46.836187
1785631030600,0.0,0.00,0.00,0.00,0.0,17,-23.605372,-46.836187
1785631030700,0.0,0.00,0.00,0.00,0.0,17,-23.605372,-46.836187
1785631030800,0.0,0.00,0.00,0.00,0.0,17,-23.605372,-46.836187
1785631030900,0.0,0.00,0.00,0.00,0.0,17,-23.605372,-46.836187
1785631031000,0.0,0.00,0.00,0.00,0.0,17,-23.605372,-46.836187
1785631031100,0.0,0.00,0.00,0.00,0.0,17,-23.605372,-46.836187
1785631031200,0.0,0.00,0.00,0.00,0.0,17,-23.605372,-46.836187
1785631031300,0.0,0.00,0.00,0.00,0.0,17,-23.605372,-46.836187
1785631031400,0.0,0.00,0.00,0.00,0.0,17,-23.605372,-46.836187
1785631031500,0.0,0.00,0.00,0.00,0.0,17,-23.605372,-46.836187
1785631031700,0.0,0.00,0.00,0.00,0.0,17,-23.605372,-46.836187
1785631031800,0.0,0.00,0.00,0.00,0.0,17,-23.605372,-46.836186
1785631031900,0.0,0.00,0.00,0.00,0.0,17,-23.605372,-46.836186
1785631032000,0.0,0.00,0.00,0.00,0.0,17,-23.605372,-46.836186
1785631032100,0.0,0.00,0.00,0.00,0.0,17,-23.605372,-46.836186
1785631032200,0.0,0.00,0.00,0.00,0.0,17,-23.605372,-46.836186
1785631032400,0.0,0.00,0.00,0.00,0.0,17,-23.605372,-46.836186
1785631032500,0.0,0.00,0.00,0.00,0.0,17,-23.605372,-46.836186
1785631032500,0.0,0.00,0.00,0.00,0.0,17,-23.605372,-46.836186
1785631032700,0.0,0.00,0.00,0.00,0.0,17,-23.605372,-46.836186
1785631032700,0.0,0.00,0.00,0.00,0.0,17,-23.605372,-46.836186
1785631032800,0.0,0.00,0.00,0.00,0.0,17,-23.605372,-46.836186
1785631032800,0.0,0.00,0.00,0.00,0.0,17,-23.605372,-46.836186
1785631032900,0.0,0.00,0.00,0.00,0.0,17,-23.605372,-46.836186
1785631033100,0.0,0.00,0.00,0.00,0.0,17,-23.605372,-46.836186
1785631033200,0.0,0.00,0.00,0.00,0.0,17,-23.605372,-46.836186
1785631033300,0.0,0.00,0.00,0.00,0.0,17,-23.605372,-46.836186
1785631033300,0.0,0.00,0.00,0.00,0.0,17,-23.605372,-46.836186
1785631033400,0.0,0.00,0.00,0.00,0.0,17,-23.605372,-46.836186
1785631033600,0.0,0.00,0.00,0.00,0.0,17,-23.605372,-46.836186
1785631033700,0.0,0.00,0.00,0.00,0.0,17,-23.605372,-46.836186
1785631033800,0.0,0.00,0.00,0.00,0.0,17,-23.605372,-46.836186
1785631033800,0.0,0.00,0.00,0.00,0.0,17,-23.605372,-46.836186
1785631034000,0.0,0.00,0.00,0.00,0.0,17,-23.605372,-46.836186
1785631034100,0.0,0.00,0.00,0.00,0.0,17,-23.605372,-46.836186
1785631034200,0.0,0.00,0.00,0.00,0.0,17,-23.605372,-46.836186
1785631034200,0.0,0.00,0.00,0.00,0.0,17,-23.605372,-46.836186
1785631034400,0.0,0.00,0.00,0.00,0.0,17,-23.605372,-46.836186
1785631034500,0.0,0.00,0.00,0.00,0.0,17,-23.605372,-46.836186
1785631034600,0.0,0.00,0.00,0.00,0.0,17,-23.605372,-46.836186
1785631034800,0.0,0.00,0.00,0.00,0.0,17,-23.605372,-46.836186
1785631034900,0.0,0.00,0.00,0.00,0.0,17,-23.605372,-46.836186
1785631035100,0.0,0.00,0.00,0.00,0.0,17,-23.605372,-46.836186
1785631035100,0.0,0.00,0.00,0.00,0.0,17,-23.605372,-46.836186
1785631035200,0.0,0.00,0.00,0.00,0.0,17,-23.605372,-46.836186
1785631035300,0.0,0.00,0.00,0.00,0.0,17,-23.605372,-46.836186
1785631035500,0.0,0.00,0.00,0.00,0.0,17,-23.605372,-46.836186
1785631035600,0.0,0.00,0.00,0.00,0.0,17,-23.605372,-46.836185
1785631035600,0.0,0.00,0.00,0.00,0.0,17,-23.605372,-46.836185
1785631035800,0.0,0.00,0.00,0.00,0.0,17,-23.605372,-46.836185
1785631036000,0.0,0.00,0.00,0.00,0.0,17,-23.605372,-46.836185
1785631036000,0.0,0.00,0.00,0.00,0.0,17,-23.605372,-46.836185
1785631036100,0.0,0.00,0.00,0.00,0.0,17,-23.605372,-46.836185
1785631036100,0.0,0.00,0.00,0.00,0.0,17,-23.605372,-46.836185
1785631036300,0.0,0.00,0.00,0.00,0.0,17,-23.605372,-46.836185
1785631036500,0.0,0.00,0.00,0.00,0.0,17,-23.605372,-46.836185
1785631036700,0.0,0.00,0.00,0.00,0.0,17,-23.605372,-46.836185
1785631036800,0.0,0.00,0.00,0.00,0.0,17,-23.605372,-46.836185
1785631037000,0.0,0.00,0.00,0.00,0.0,17,-23.605372,-46.836185
1785631037200,0.0,0.00,0.00,0.00,0.0,17,-23.605372,-46.836185
1785631037400,0.0,0.00,0.00,0.00,0.0,17,-23.605372,-46.836185
1785631037600,0.0,0.00,0.00,0.00,0.0,17,-23.605372,-46.836185
1785631037600,0.0,0.00,0.00,0.00,0.0,17,-23.605372,-46.836185
1785631037800,0.0,0.00,0.00,0.00,0.0,17,-23.605372,-46.836185
1785631038000,0.0,0.00,0.00,0.00,0.0,17,-23.605372,-46.836185
1785631038200,0.0,0.00,0.00,0.00,0.0,17,-23.605372,-46.836185
1785631038400,0.0,0.00,0.00,0.00,0.0,17,-23.605372,-46.836185
1785631038600,0.0,0.00,0.00,0.00,0.0,17,-23.605372,-46.836185
1785631038800,0.0,0.00,0.00,0.00,0.0,17,-23.605372,-46.836185
1785631038900,0.0,0.00,0.00,0.00,0.0,17,-23.605372,-46.836185
1785631039100,0.0,0.00,0.00,0.00,0.0,17,-23.605372,-46.836185
1785631039200,0.0,0.00,0.00,0.00,0.0,17,-23.605372,-46.836185
1785631039400,0.0,0.00,0.00,0.00,0.0,17,-23.605372,-46.836185
1785631039500,0.0,0.00,0.00,0.00,0.0,17,-23.605372,-46.836185
1785631039500,0.0,0.00,0.00,0.00,0.0,17,-23.605372,-46.836185
1785631039700,0.0,0.00,0.00,0.00,0.0,17,-23.605372,-46.836185
1785631039800,0.0,0.00,0.00,0.00,0.0,17,-23.605372,-46.836185
1785631040000,0.0,0.00,0.00,0.00,0.0,17,-23.605372,-46.836185
1785631040100,0.0,0.00,0.00,0.00,0.0,17,-23.605372,-46.836185
1785631040100,0.0,0.00,0.00,0.00,0.0,17,-23.605372,-46.836185
1785631040300,0.0,0.00,0.00,0.00,0.0,17,-23.605372,-46.836185
1785631040400,0.0,0.00,0.00,0.00,0.0,17,-23.605372,-46.836185
1785631040400,0.0,0.00,0.00,0.00,0.0,17,-23.605372,-46.836185
1785631040600,0.0,0.00,0.00,0.00,0.0,17,-23.605372,-46.836185
1785631040700,0.0,0.00,0.00,0.00,0.0,17,-23.605372,-46.836185
1785631040700,0.0,0.00,0.00,0.00,0.0,17,-23.605372,-46.836185
1785631040900,0.0,0.00,0.00,0.00,0.0,17,-23.605372,-46.836185
1785631040900,0.0,0.00,0.00,0.00,0.0,17,-23.605372,-46.836185
1785631041000,0.0,0.00,0.00,0.00,0.0,17,-23.605372,-46.836185
1785631041100,0.0,0.00,0.00,0.00,0.0,17,-23.605372,-46.836185
1785631041300,0.0,0.00,0.00,0.00,0.0,17,-23.605372,-46.836185
1785631041400,0.0,0.00,0.00,0.00,0.0,17,-23.605372,-46.836185
1785631041500,0.0,0.00,0.00,0.00,0.0,17,-23.605372,-46.836185
1785631041700,0.0,0.00,0.00,0.00,0.0,17,-23.605372,-46.836185
1785631041800,0.0,0.00,0.00,0.00,0.0,17,-23.605372,-46.836185
1785631042000,0.0,0.00,0.00,0.00,0.0,17,-23.605372,-46.836185
1785631042100,0.0,0.00,0.00,0.00,0.0,17,-23.605372,-46.836185
1785631042300,0.0,0.00,0.00,0.00,0.0,17,-23.605372,-46.836185
1785631042400,0.0,0.00,0.00,0.00,0.0,17,-23.605372,-46.836185
1785631042600,0.0,0.00,0.00,0.00,0.0,17,-23.605372,-46.836185
1785631042800,0.0,0.00,0.00,0.00,0.0,17,-23.605372,-46.836185
1785631042900,0.0,0.00,0.00,0.00,0.0,17,-23.605373,-46.836185
1785631042900,0.0,0.00,0.00,0.00,0.0,17,-23.605373,-46.836185
1785631043100,0.0,0.00,0.00,0.00,0.0,17,-23.605373,-46.836185
1785631043300,0.0,0.00,0.00,0.00,0.0,17,-23.605373,-46.836185
1785631043300,0.0,0.00,0.00,0.00,0.0,17,-23.605373,-46.836185
1785631043400,0.0,0.00,0.00,0.00,0.0,17,-23.605373,-46.836185
1785631043600,0.0,0.00,0.00,0.00,0.0,17,-23.605373,-46.836185
1785631043700,0.0,0.00,0.00,0.00,0.0,17,-23.605373,-46.836185
1785631043900,0.0,0.00,0.00,0.00,0.0,17,-23.605373,-46.836185
1785631044000,0.0,0.00,0.00,0.00,0.0,17,-23.605373,-46.836185
1785631044100,0.0,0.00,0.00,0.00,0.0,17,-23.605373,-46.836185
1785631044200,0.0,0.00,0.00,0.00,0.0,17,-23.605373,-46.836185
1785631044200,0.0,0.00,0.00,0.00,0.0,17,-23.605373,-46.836185
1785631044400,0.0,0.00,0.00,0.00,0.0,17,-23.605373,-46.836185
1785631044500,0.0,0.00,0.00,0.00,0.0,17,-23.605373,-46.836185
1785631044600,0.0,0.00,0.00,0.00,0.0,17,-23.605373,-46.836185
1785631044800,0.0,0.00,0.00,0.00,0.0,17,-23.605373,-46.836185
1785631044900,0.0,0.00,0.00,0.00,0.0,17,-23.605373,-46.836185
1785631045000,0.0,0.00,0.00,0.00,0.0,17,-23.605373,-46.836185
1785631045200,0.0,0.00,0.00,0.00,0.0,17,-23.605373,-46.836184
1785631045300,0.0,0.00,0.00,0.00,0.0,17,-23.605373,-46.836184
1785631045400,0.0,0.00,0.00,0.00,0.0,17,-23.605373,-46.836184
1785631045500,0.0,0.00,0.00,0.00,0.0,17,-23.605373,-46.836184
1785631045600,0.0,0.00,0.00,0.00,0.0,17,-23.605373,-46.836184
1785631045700,0.0,0.00,0.00,0.00,0.0,17,-23.605373,-46.836184
1785631045800,0.0,0.00,0.00,0.00,0.0,17,-23.605373,-46.836184
1785631045800,0.0,0.00,0.00,0.00,0.0,17,-23.605373,-46.836184
1785631046000,0.0,0.00,0.00,0.00,0.0,17,-23.605373,-46.836184
1785631046100,0.0,0.00,0.00,0.00,0.0,17,-23.605373,-46.836184
1785631046200,0.0,0.00,0.00,0.00,0.0,17,-23.605373,-46.836184
1785631046300,0.0,0.00,0.00,0.00,0.0,17,-23.605373,-46.836184
1785631046300,0.0,0.00,0.00,0.00,0.0,17,-23.605373,-46.836184
1785631046400,0.0,0.00,0.00,0.00,0.0,17,-23.605373,-46.836184
1785631046500,0.0,0.00,0.00,0.00,0.0,17,-23.605373,-46.836184
1785631046700,0.0,0.00,0.00,0.00,0.0,17,-23.605373,-46.836184
1785631046700,0.0,0.00,0.00,0.00,0.0,17,-23.605373,-46.836184
1785631046800,0.0,0.00,0.00,0.00,0.0,17,-23.605373,-46.836184
1785631046900,0.0,0.00,0.00,0.00,0.0,17,-23.605373,-46.836184
1785631047000,0.0,0.00,0.00,0.00,0.0,17,-23.605373,-46.836184
1785631047100,0.0,0.00,0.00,0.00,0.0,17,-23.605373,-46.836184
1785631047200,0.0,0.00,0.00,0.00,0.0,17,-23.605373,-46.836184
1785631047300,0.0,0.00,0.00,0.00,0.0,17,-23.605373,-46.836184
1785631047400,0.0,0.00,0.00,0.00,0.0,17,-23.605373,-46.836184
1785631047500,0.0,0.00,0.00,0.00,0.0,17,-23.605373,-46.836184
1785631047600,0.0,0.00,0.00,0.00,0.0,17,-23.605373,-46.836184
1785631047700,0.0,0.00,0.00,0.00,0.0,17,-23.605373,-46.836184
1785631047800,0.0,0.00,0.00,0.00,0.0,17,-23.605373,-46.836184
1785631048000,0.0,0.00,0.00,0.00,0.0,17,-23.605373,-46.836184
1785631048100,0.0,0.00,0.00,0.00,0.0,17,-23.605373,-46.836184
1785631048100,0.0,0.00,0.00,0.00,0.0,17,-23.605373,-46.836184
1785631048200,0.0,0.00,0.00,0.00,0.0,17,-23.605373,-46.836184
1785631048200,0.0,0.00,0.00,0.00,0.0,17,-23.605373,-46.836184
1785631048300,0.0,0.00,0.00,0.00,0.0,17,-23.605373,-46.836184
1785631048500,0.0,0.00,0.00,0.00,0.0,17,-23.605373,-46.836184
1785631048600,0.0,0.00,0.00,0.00,0.0,17,-23.605373,-46.836184
1785631048800,0.0,0.00,0.00,0.00,0.0,17,-23.605373,-46.836184
1785631048900,0.0,0.00,0.00,0.00,0.0,17,-23.605373,-46.836184
1785631049100,0.0,0.00,0.00,0.00,0.0,17,-23.605373,-46.836184
1785631049100,0.0,0.00,0.00,0.00,0.0,17,-23.605373,-46.836184
1785631049300,0.0,0.00,0.00,0.00,0.0,17,-23.605373,-46.836184
1785631049300,0.0,0.00,0.00,0.00,0.0,17,-23.605373,-46.836184
1785631049400,0.0,0.00,0.00,0.00,0.0,17,-23.605373,-46.836184
1785631049500,0.0,0.00,0.00,0.00,0.0,17,-23.605373,-46.836184
1785631049700,0.0,0.00,0.00,0.00,0.0,17,-23.605373,-46.836184
1785631049800,0.0,0.00,0.00,0.00,0.0,17,-23.605373,-46.836184
1785631049900,0.0,0.00,0.00,0.00,0.0,17,-23.605373,-46.836184
1785631050000,0.0,0.00,0.00,0.00,0.0,17,-23.605373,-46.836184
1785631050100,0.0,0.00,0.00,0.00,0.0,17,-23.605373,-46.836184
1785631050200,0.0,0.00,0.00,0.00,0.0,17,-23.605373,-46.836184
1785631050300,0.0,0.00,0.00,0.00,0.0,17,-23.605373,-46.836184
1785631050500,0.0,0.00,0.00,0.00,0.0,17,-23.605373,-46.836184
1785631050600,0.0,0.00,0.00,0.00,0.0,17,-23.605373,-46.836184
1785631050700,0.0,0.00,0.00,0.00,0.0,17,-23.605373,-46.836184
1785631050900,0.0,0.00,0.00,0.00,0.0,17,-23.605373,-46.836184
1785631051000,0.0,0.00,0.00,0.00,0.0,17,-23.605373,-46.836184
1785631051000,0.0,0.00,0.00,0.00,0.0,17,-23.605373,-46.836184
1785631051100,0.0,0.00,0.00,0.00,0.0,17,-23.605374,-46.836184
1785631051300,0.0,0.00,0.00,0.00,0.0,17,-23.605374,-46.836184
1785631051400,0.0,0.00,0.00,0.00,0.0,17,-23.605374,-46.836184
1785631051600,0.0,0.00,0.00,0.00,0.0,17,-23.605374,-46.836184
1785631051700,0.0,0.00,0.00,0.00,0.0,17,-23.605374,-46.836184
1785631051800,0.0,0.00,0.00,0.00,0.0,17,-23.605374,-46.836184
1785631051900,0.0,0.00,0.00,0.00,0.0,17,-23.605374,-46.836184
1785631052000,0.0,0.00,0.00,0.00,0.0,17,-23.605374,-46.836184
1785631052100,0.0,0.00,0.00,0.00,0.0,17,-23.605374,-46.836184
1785631052200,0.0,0.00,0.00,0.00,0.0,17,-23.605374,-46.836184
1785631052300,0.0,0.00,0.00,0.00,0.0,17,-23.605374,-46.836185
1785631052400,0.0,0.00,0.00,0.00,0.0,17,-23.605374,-46.836185
1785631052500,0.0,0.00,0.00,0.00,0.0,17,-23.605374,-46.836185
1785631052700,0.0,0.00,0.00,0.00,0.0,17,-23.605374,-46.836185
1785631052800,0.0,0.00,0.00,0.00,0.0,17,-23.605374,-46.836185
1785631052900,0.0,0.00,0.00,0.00,0.0,17,-23.605374,-46.836185
1785631053000,0.0,0.00,0.00,0.00,0.0,17,-23.605374,-46.836185
1785631053100,0.0,0.00,0.00,0.00,0.0,17,-23.605374,-46.836185
1785631053200,0.0,0.00,0.00,0.00,0.0,17,-23.605374,-46.836185
1785631053300,0.0,0.00,0.00,0.00,0.0,17,-23.605374,-46.836185
1785631053400,0.0,0.00,0.00,0.00,0.0,17,-23.605374,-46.836185
1785631053500,0.0,0.00,0.00,0.00,0.0,17,-23.605374,-46.836185
1785631053600,0.0,0.00,0.00,0.00,0.0,17,-23.605374,-46.836185
1785631053800,0.0,0.00,0.00,0.00,0.0,17,-23.605374,-46.836185
1785631053900,0.0,0.00,0.00,0.00,0.0,17,-23.605374,-46.836185
1785631054000,0.0,0.00,0.00,0.00,0.0,17,-23.605374,-46.836185
1785631054100,0.0,0.00,0.00,0.00,0.0,17,-23.605374,-46.836185
1785631054300,0.0,0.00,0.00,0.00,0.0,17,-23.605375,-46.836185
1785631054400,0.0,0.00,0.00,0.00,0.0,17,-23.605375,-46.836185
1785631054500,0.0,0.00,0.00,0.00,0.0,17,-23.605375,-46.836185
1785631054600,0.0,0.00,0.00,0.00,0.0,17,-23.605375,-46.836185
1785631054700,0.0,0.00,0.00,0.00,0.0,17,-23.605375,-46.836185
1785631054900,0.0,0.00,0.00,0.00,0.0,17,-23.605375,-46.836185
1785631055000,0.0,0.00,0.00,0.00,0.0,17,-23.605375,-46.836185
1785631055200,0.0,0.00,0.00,0.00,0.0,17,-23.605375,-46.836185
1785631055300,0.0,0.00,0.00,0.00,0.0,17,-23.605375,-46.836185
1785631055500,0.0,0.00,0.00,0.00,0.0,17,-23.605375,-46.836185
1785631055600,0.0,0.00,0.00,0.00,0.0,17,-23.605375,-46.836185
1785631055600,0.0,0.00,0.00,0.00,0.0,17,-23.605375,-46.836185
1785631055700,0.0,0.00,0.00,0.00,0.0,17,-23.605375,-46.836185
1785631055900,0.0,0.00,0.00,0.00,0.0,17,-23.605375,-46.836185
1785631055900,0.0,0.00,0.00,0.00,0.0,17,-23.605375,-46.836185
1785631056000,0.0,0.00,0.00,0.00,0.0,17,-23.605375,-46.836185
1785631056100,0.0,0.00,0.00,0.00,0.0,17,-23.605375,-46.836185
1785631056200,0.0,0.00,0.00,0.00,0.0,17,-23.605375,-46.836185
1785631056300,0.0,0.00,0.00,0.00,0.0,17,-23.605375,-46.836185
1785631056500,0.0,0.00,0.00,0.00,0.0,17,-23.605375,-46.836185
1785631056600,0.0,0.00,0.00,0.00,0.0,17,-23.605375,-46.836185
1785631056700,0.0,0.00,0.00,0.00,0.0,17,-23.605375,-46.836185
1785631056700,0.0,0.00,0.00,0.00,0.0,17,-23.605375,-46.836185
1785631056800,0.0,0.00,0.00,0.00,0.0,17,-23.605375,-46.836185
1785631056900,0.0,0.00,0.00,0.00,0.0,17,-23.605375,-46.836185
1785631056900,0.0,0.00,0.00,0.00,0.0,17,-23.605375,-46.836185
1785631057000,0.0,0.00,0.00,0.00,0.0,17,-23.605375,-46.836185
1785631057200,0.0,0.00,0.00,0.00,0.0,17,-23.605375,-46.836185
1785631057300,0.0,0.00,0.00,0.00,0.0,17,-23.605375,-46.836185
1785631057300,0.0,0.00,0.00,0.00,0.0,17,-23.605375,-46.836185
1785631057400,0.0,0.00,0.00,0.00,0.0,17,-23.605375,-46.836185
1785631057400,0.0,0.00,0.00,0.00,0.0,17,-23.605375,-46.836185
1785631057500,0.0,0.00,0.00,0.00,0.0,17,-23.605375,-46.836185
1785631057700,0.0,0.00,0.00,0.00,0.0,17,-23.605375,-46.836185
1785631057800,0.0,0.00,0.00,0.00,0.0,17,-23.605375,-46.836185
1785631057900,0.0,0.00,0.00,0.00,0.0,17,-23.605375,-46.836185
1785631058000,0.0,0.00,0.00,0.00,0.0,17,-23.605375,-46.836185
1785631058000,0.0,0.00,0.00,0.00,0.0,17,-23.605375,-46.836185
1785631058100,0.0,0.00,0.00,0.00,0.0,17,-23.605375,-46.836185
1785631058300,0.0,0.00,0.00,0.00,0.0,17,-23.605375,-46.836185
1785631058400,0.0,0.00,0.00,0.00,0.0,17,-23.605375,-46.836185
1785631058500,0.0,0.00,0.00,0.00,0.0,17,-23.605376,-46.836185
1785631058700,0.0,0.00,0.00,0.00,0.0,17,-23.605376,-46.836185
1785631058800,0.0,0.00,0.00,0.00,0.0,17,-23.605376,-46.836185
1785631058900,0.0,0.00,0.00,0.00,0.0,17,-23.605376,-46.836185
1785631058900,0.0,0.00,0.00,0.00,0.0,17,-23.605376,-46.836185
1785631059000,0.0,0.00,0.00,0.00,0.0,17,-23.605376,-46.836185
1785631059200,0.0,0.00,0.00,0.00,0.0,17,-23.605376,-46.836185
1785631059300,0.0,0.00,0.00,0.00,0.0,17,-23.605376,-46.836185
1785631059400,0.0,0.00,0.00,0.00,0.0,17,-23.605376,-46.836185
1785631059400,0.0,0.00,0.00,0.00,0.0,17,-23.605376,-46.836185
1785631059600,0.0,0.00,0.00,0.00,0.0,17,-23.605376,-46.836185
1785631059700,0.0,0.00,0.00,0.00,0.0,17,-23.605376,-46.836185
1785631059700,0.0,0.00,0.00,0.00,0.0,17,-23.605376,-46.836185
1785631059900,0.0,0.00,0.00,0.00,0.0,17,-23.605376,-46.836185
1785631060000,0.0,0.00,0.00,0.00,0.0,17,-23.605376,-46.836185
1785631060000,0.0,0.00,0.00,0.00,0.0,17,-23.605376,-46.836185
1785631060200,0.0,0.00,0.00,0.00,0.0,17,-23.605376,-46.836185
1785631060300,0.0,0.00,0.00,0.00,0.0,17,-23.605376,-46.836185
1785631060300,0.0,0.00,0.00,0.00,0.0,17,-23.605376,-46.836185
1785631060500,0.0,0.00,0.00,0.00,0.0,17,-23.605376,-46.836185
1785631060600,0.0,0.00,0.00,0.00,0.0,17,-23.605376,-46.836185
1785631060700,0.0,0.00,0.00,0.00,0.0,17,-23.605376,-46.836185
1785631060900,0.0,0.00,0.00,0.00,0.0,17,-23.605376,-46.836185
1785631061000,0.0,0.00,0.00,0.00,0.0,17,-23.605376,-46.836186
1785631061100,0.0,0.00,0.00,0.00,0.0,17,-23.605376,-46.836186
1785631061300,0.0,0.00,0.00,0.00,0.0,17,-23.605376,-46.836186
1785631061500,0.0,0.00,0.00,0.00,0.0,17,-23.605376,-46.836186
1785631061700,0.0,0.00,0.00,0.00,0.0,17,-23.605376,-46.836186
1785631061800,0.0,0.00,0.00,0.00,0.0,17,-23.605376,-46.836186
1785631062000,0.0,0.00,0.00,0.00,0.0,17,-23.605376,-46.836186
1785631062200,0.0,0.00,0.00,0.00,0.0,17,-23.605376,-46.836186
1785631062300,0.0,0.00,0.00,0.00,0.0,17,-23.605376,-46.836186
1785631062300,0.0,0.00,0.00,0.00,0.0,17,-23.605376,-46.836186
1785631062500,0.0,0.00,0.00,0.00,0.0,17,-23.605376,-46.836186
1785631062700,0.0,0.00,0.00,0.00,0.0,17,-23.605376,-46.836186
1785631062700,0.0,0.00,0.00,0.00,0.0,17,-23.605376,-46.836186
1785631062800,0.0,0.00,0.00,0.00,0.0,17,-23.605376,-46.836186
1785631063000,0.0,0.00,0.00,0.00,0.0,17,-23.605376,-46.836186
1785631063100,0.0,0.00,0.00,0.00,0.0,17,-23.605376,-46.836186
1785631063200,0.0,0.00,0.00,0.00,0.0,17,-23.605376,-46.836186
1785631063400,0.0,0.00,0.00,0.00,0.0,17,-23.605376,-46.836186
1785631063500,0.0,0.00,0.00,0.00,0.0,17,-23.605376,-46.836186
1785631063600,0.0,0.00,0.00,0.00,0.0,17,-23.605376,-46.836186
1785631063700,0.0,0.00,0.00,0.00,0.0,17,-23.605376,-46.836186
1785631063900,0.0,0.00,0.00,0.00,0.0,17,-23.605376,-46.836186
1785631064000,0.0,0.00,0.00,0.00,0.0,17,-23.605376,-46.836186
1785631064100,0.0,0.00,0.00,0.00,0.0,17,-23.605376,-46.836186
1785631064200,0.0,0.00,0.00,0.00,0.0,17,-23.605376,-46.836186
1785631064300,0.0,0.00,0.00,0.00,0.0,17,-23.605376,-46.836186
1785631064500,8.9,0.00,0.00,0.00,0.0,17,-23.605380,-46.836184
1785631064600,9.5,0.00,0.00,0.00,0.0,17,-23.605383,-46.836183
1785631064700,10.1,0.00,0.00,0.00,0.0,17,-23.605385,-46.836182
1785631064800,9.9,0.00,0.00,0.00,0.0,17,-23.605387,-46.836181
1785631065000,10.9,0.00,0.00,0.00,0.0,17,-23.605393,-46.836177
1785631065100,11.3,0.00,0.00,0.00,0.0,17,-23.605396,-46.836176
1785631065200,11.6,0.00,0.00,0.00,0.0,17,-23.605399,-46.836174
1785631065400,12.5,0.00,0.00,0.00,0.0,17,-23.605405,-46.836170
1785631065500,12.9,0.00,0.00,0.00,0.0,17,-23.605409,-46.836168
1785631065600,13.0,0.00,0.00,0.00,0.0,17,-23.605412,-46.836167
1785631065700,13.2,0.00,0.00,0.00,0.0,17,-23.605415,-46.836165
1785631065900,13.2,0.00,0.00,0.00,0.0,17,-23.605421,-46.836162
1785631066000,13.2,0.00,0.00,0.00,0.0,17,-23.605425,-46.836160
1785631066000,13.7,0.00,0.00,0.00,0.0,17,-23.605425,-46.836160
1785631066100,13.9,0.00,0.00,0.00,0.0,17,-23.605428,-46.836159
1785631066200,14.5,0.00,0.00,0.00,0.0,17,-23.605432,-46.836157
1785631066400,14.5,0.00,0.00,0.00,0.0,17,-23.605439,-46.836154
1785631066400,15.2,0.00,0.00,0.00,0.0,17,-23.605439,-46.836154
1785631066500,15.5,0.00,0.00,0.00,0.0,17,-23.605443,-46.836152
1785631066600,15.6,0.00,0.00,0.00,0.0,17,-23.605447,-46.836150
1785631066700,15.9,0.00,0.00,0.00,0.0,17,-23.605450,-46.836148
1785631066900,16.1,0.00,0.00,0.00,0.0,17,-23.605458,-46.836145
1785631067000,16.5,0.00,0.00,0.00,0.0,17,-23.605462,-46.836143
1785631067100,16.9,0.00,0.00,0.00,0.0,17,-23.605467,-46.836141
1785631067200,17.1,0.00,0.00,0.00,0.0,17,-23.605471,-46.836139
1785631067400,17.9,0.00,0.00,0.00,0.0,17,-23.605480,-46.836136
1785631067500,19.0,0.00,0.00,0.00,0.0,17,-23.605485,-46.836134
1785631067700,19.0,0.00,0.00,0.00,0.0,17,-23.605496,-46.836129
1785631067700,20.6,0.00,0.00,0.00,0.0,17,-23.605496,-46.836129
1785631067800,22.7,0.00,0.00,0.00,0.0,17,-23.605503,-46.836126
1785631067900,25.1,0.00,0.00,0.00,0.0,17,-23.605511,-46.836123
1785631068100,25.1,0.00,0.00,0.00,0.0,17,-23.605525,-46.836118
1785631068100,26.3,0.00,0.00,0.00,0.0,17,-23.605525,-46.836118
1785631068200,28.2,0.00,0.00,0.00,0.0,17,-23.605533,-46.836115
1785631068300,29.2,0.00,0.00,0.00,0.0,17,-23.605541,-46.836113
1785631068400,30.2,0.00,0.00,0.00,0.0,17,-23.605550,-46.836110
1785631068600,31.8,0.00,0.00,0.00,0.0,17,-23.605566,-46.836105
1785631068700,32.2,0.00,0.00,0.00,0.0,17,-23.605574,-46.836102
1785631068800,32.3,0.00,0.00,0.00,0.0,17,-23.605582,-46.836100
1785631068900,32.4,0.00,0.00,0.00,0.0,17,-23.605590,-46.836097
1785631069000,32.5,0.00,0.00,0.00,0.0,17,-23.605598,-46.836094
1785631069200,32.6,0.00,0.00,0.00,0.0,17,-23.605614,-46.836089
1785631069300,32.6,0.00,0.00,0.00,0.0,17,-23.605622,-46.836087
1785631069400,32.8,0.00,0.00,0.00,0.0,17,-23.605631,-46.836085
1785631069500,32.7,0.00,0.00,0.00,0.0,17,-23.605639,-46.836083
1785631069700,32.7,0.00,0.00,0.00,0.0,17,-23.605656,-46.836079
1785631069800,32.5,0.00,0.00,0.00,0.0,17,-23.605664,-46.836078
1785631069900,32.4,0.00,0.00,0.00,0.0,17,-23.605672,-46.836076
1785631070000,32.4,0.00,0.00,0.00,0.0,17,-23.605681,-46.836075
1785631070100,32.5,0.00,0.00,0.00,0.0,17,-23.605689,-46.836074
1785631070300,32.6,0.00,0.00,0.00,0.0,17,-23.605706,-46.836073
1785631070400,32.6,0.00,0.00,0.00,0.0,17,-23.605714,-46.836072
1785631070500,32.7,0.00,0.00,0.00,0.0,17,-23.605723,-46.836073
1785631070600,32.8,0.00,0.00,0.00,0.0,17,-23.605731,-46.836074
1785631070800,32.6,0.00,0.00,0.00,0.0,17,-23.605747,-46.836076
1785631070900,32.2,0.00,0.00,0.00,0.0,17,-23.605754,-46.836080
1785631071000,32.0,0.00,0.00,0.00,0.0,17,-23.605761,-46.836084
1785631071100,31.7,0.00,0.00,0.00,0.0,17,-23.605768,-46.836090
1785631071200,30.7,0.00,0.00,0.00,0.0,17,-23.605773,-46.836096
1785631071400,30.2,0.00,0.00,0.00,0.0,17,-23.605784,-46.836106
1785631071500,29.9,0.00,0.00,0.00,0.0,17,-23.605788,-46.836115
1785631071600,29.4,0.00,0.00,0.00,0.0,17,-23.605791,-46.836124
1785631071700,29.7,0.00,0.00,0.00,0.0,17,-23.605795,-46.836135
1785631071800,29.9,0.00,0.00,0.00,0.0,17,-23.605797,-46.836147
1785631072000,30.9,0.00,0.00,0.00,0.0,17,-23.605805,-46.836166
1785631072100,32.0,0.00,0.00,0.00,0.0,17,-23.605806,-46.836182
1785631072200,33.5,0.00,0.00,0.00,0.0,17,-23.605806,-46.836198
1785631072300,37.0,0.00,0.00,0.00,0.0,17,-23.605802,-46.836222
1785631072500,41.6,0.00,0.00,0.00,0.0,17,-23.605801,-46.836257
1785631072600,41.6,0.00,0.00,0.00,0.0,17,-23.605796,-46.836282
1785631072600,45.6,0.00,0.00,0.00,0.0,17,-23.605796,-46.836282
1785631072700,50.4,0.00,0.00,0.00,0.0,17,-23.605791,-46.836309
1785631072900,50.7,0.00,0.00,0.00,0.0,17,-23.605795,-46.836338
1785631073000,50.7,0.00,0.00,0.00,0.0,17,-23.605796,-46.836356
1785631073000,51.6,0.00,0.00,0.00,0.0,17,-23.605796,-46.836356
1785631073100,51.9,0.00,0.00,0.00,0.0,17,-23.605798,-46.836373
1785631073300,52.0,0.00,0.00,0.00,0.0,17,-23.605802,-46.836403
1785631073400,52.2,0.00,0.00,0.00,0.0,17,-23.605804,-46.836420
1785631073500,52.3,0.00,0.00,0.00,0.0,17,-23.605806,-46.836436
1785631073700,52.8,0.00,0.00,0.00,0.0,17,-23.605812,-46.836466
1785631073800,53.2,0.00,0.00,0.00,0.0,17,-23.605815,-46.836482
1785631074000,53.8,0.00,0.00,0.00,0.0,17,-23.605823,-46.836512
1785631074100,53.8,0.00,0.00,0.00,0.0,17,-23.605829,-46.836528
1785631074100,55.0,0.00,0.00,0.00,0.0,17,-23.605829,-46.836528
1785631074300,58.3,0.00,0.00,0.00,0.0,17,-23.605843,-46.836560
1785631074400,58.3,0.00,0.00,0.00,0.0,17,-23.605851,-46.836577
1785631074400,60.1,0.00,0.00,0.00,0.0,17,-23.605851,-46.836577
1785631074600,60.4,0.00,0.00,0.00,0.0,17,-23.605862,-46.836609
1785631074700,60.6,0.00,0.00,0.00,0.0,17,-23.605868,-46.836626
1785631074900,60.6,0.00,0.00,0.00,0.0,17,-23.605879,-46.836658
1785631075000,60.7,0.00,0.00,0.00,0.0,17,-23.605884,-46.836675
1785631075100,60.7,0.00,0.00,0.00,0.0,17,-23.605889,-46.836692
1785631075100,60.7,0.00,0.00,0.00,0.0,17,-23.605889,-46.836692
1785631075300,60.7,0.00,0.00,0.00,0.0,17,-23.605899,-46.836725
1785631075400,60.9,0.00,0.00,0.00,0.0,17,-23.605904,-46.836743
1785631075600,61.0,0.00,0.00,0.00,0.0,17,-23.605912,-46.836776
1785631075700,61.2,0.00,0.00,0.00,0.0,17,-23.605915,-46.836794
1785631075800,61.0,0.00,0.00,0.00,0.0,17,-23.605917,-46.836812
1785631076000,60.9,0.00,0.00,0.00,0.0,17,-23.605921,-46.836847
1785631076100,60.9,0.00,0.00,0.00,0.0,17,-23.605921,-46.836865
1785631076100,61.0,0.00,0.00,0.00,0.0,17,-23.605921,-46.836865
1785631076200,61.1,0.00,0.00,0.00,0.0,17,-23.605919,-46.836884
1785631076400,61.8,0.00,0.00,0.00,0.0,17,-23.605917,-46.836920
1785631076500,62.3,0.00,0.00,0.00,0.0,17,-23.605912,-46.836939
1785631076600,62.8,0.00,0.00,0.00,0.0,17,-23.605904,-46.836957
1785631076700,63.4,0.00,0.00,0.00,0.0,17,-23.605896,-46.836976
1785631076900,63.8,0.00,0.00,0.00,0.0,17,-23.605882,-46.837011
1785631077000,64.0,0.00,0.00,0.00,0.0,17,-23.605866,-46.837027
1785631077200,64.0,0.00,0.00,0.00,0.0,17,-23.605834,-46.837054
1785631077200,64.1,0.00,0.00,0.00,0.0,17,-23.605834,-46.837054
1785631077300,63.7,0.00,0.00,0.00,0.0,17,-23.605818,-46.837066
1785631077400,63.6,0.00,0.00,0.00,0.0,17,-23.605801,-46.837078
1785631077600,63.5,0.00,0.00,0.00,0.0,17,-23.605775,-46.837103
1785631077800,64.3,0.00,0.00,0.00,0.0,17,-23.605734,-46.837116
1785631077800,64.2,0.00,0.00,0.00,0.0,17,-23.605734,-46.837116
1785631077900,63.9,0.00,0.00,0.00,0.0,17,-23.605715,-46.837121
1785631078000,64.2,0.00,0.00,0.00,0.0,17,-23.605693,-46.837124
1785631078100,64.5,0.00,0.00,0.00,0.0,17,-23.605672,-46.837127
1785631078300,64.7,0.00,0.00,0.00,0.0,17,-23.605636,-46.837139
1785631078300,65.1,0.00,0.00,0.00,0.0,17,-23.605636,-46.837139
1785631078500,64.7,0.00,0.00,0.00,0.0,17,-23.605604,-46.837153
1785631078600,65.6,0.00,0.00,0.00,0.0,17,-23.605583,-46.837154
1785631078700,66.1,0.00,0.00,0.00,0.0,17,-23.605564,-46.837158
1785631078900,66.7,0.00,0.00,0.00,0.0,17,-23.605525,-46.837164
1785631078900,67.2,0.00,0.00,0.00,0.0,17,-23.605525,-46.837164
1785631079000,67.8,0.00,0.00,0.00,0.0,17,-23.605507,-46.837168
1785631079100,68.4,0.00,0.00,0.00,0.0,17,-23.605488,-46.837171
1785631079200,68.3,0.00,0.00,0.00,0.0,17,-23.605470,-46.837177
1785631079400,68.3,0.00,0.00,0.00,0.0,17,-23.605436,-46.837188
1785631079400,68.6,0.00,0.00,0.00,0.0,17,-23.605436,-46.837188
1785631079500,68.7,0.00,0.00,0.00,0.0,17,-23.605419,-46.837194
1785631079700,68.8,0.00,0.00,0.00,0.0,17,-23.605383,-46.837205
1785631079800,69.2,0.00,0.00,0.00,0.0,17,-23.605366,-46.837210
1785631079900,69.1,0.00,0.00,0.00,0.0,17,-23.605348,-46.837215
1785631080000,69.2,0.00,0.00,0.00,0.0,17,-23.605331,-46.837220
1785631080200,69.2,0.00,0.00,0.00,0.0,17,-23.605296,-46.837230
1785631080200,69.2,0.00,0.00,0.00,0.0,17,-23.605296,-46.837230
1785631080300,69.2,0.00,0.00,0.00,0.0,17,-23.605278,-46.837235
1785631080300,69.1,0.00,0.00,0.00,0.0,17,-23.605278,-46.837235
1785631080400,68.9,0.00,0.00,0.00,0.0,17,-23.605261,-46.837240
1785631080500,68.8,0.00,0.00,0.00,0.0,17,-23.605243,-46.837244
1785631080700,68.3,0.00,0.00,0.00,0.0,17,-23.605210,-46.837253
1785631080800,68.2,0.00,0.00,0.00,0.0,17,-23.605193,-46.837256
1785631080900,68.0,0.00,0.00,0.00,0.0,17,-23.605176,-46.837259
1785631081000,67.9,0.00,0.00,0.00,0.0,17,-23.605158,-46.837261
1785631081200,67.9,0.00,0.00,0.00,0.0,17,-23.605124,-46.837267
1785631081300,67.9,0.00,0.00,0.00,0.0,17,-23.605107,-46.837268
1785631081500,68.0,0.00,0.00,0.00,0.0,17,-23.605073,-46.837270
1785631081600,67.6,0.00,0.00,0.00,0.0,17,-23.605055,-46.837268
1785631081700,67.4,0.00,0.00,0.00,0.0,17,-23.605038,-46.837265
1785631081900,67.6,0.00,0.00,0.00,0.0,17,-23.605004,-46.837260
1785631082000,67.6,0.00,0.00,0.00,0.0,17,-23.604986,-46.837252
1785631082000,67.7,0.00,0.00,0.00,0.0,17,-23.604986,-46.837252
1785631082100,67.8,0.00,0.00,0.00,0.0,17,-23.604969,-46.837243
1785631082300,68.3,0.00,0.00,0.00,0.0,17,-23.604935,-46.837229
1785631082400,68.7,0.00,0.00,0.00,0.0,17,-23.604918,-46.837214
1785631082500,68.7,0.00,0.00,0.00,0.0,17,-23.604903,-46.837198
1785631082500,69.0,0.00,0.00,0.00,0.0,17,-23.604903,-46.837198
1785631082700,69.1,0.00,0.00,0.00,0.0,17,-23.604873,-46.837173
1785631082800,68.6,0.00,0.00,0.00,0.0,17,-23.604861,-46.837152
1785631083000,67.4,0.00,0.00,0.00,0.0,17,-23.604838,-46.837120
1785631083100,66.6,0.00,0.00,0.00,0.0,17,-23.604830,-46.837100
1785631083300,65.9,0.00,0.00,0.00,0.0,17,-23.604804,-46.837074
1785631083400,65.3,0.00,0.00,0.00,0.0,17,-23.604792,-46.837060
1785631083600,65.3,0.00,0.00,0.00,0.0,17,-23.604766,-46.837033
1785631083600,64.7,0.00,0.00,0.00,0.0,17,-23.604766,-46.837033
1785631083700,64.2,0.00,0.00,0.00,0.0,17,-23.604755,-46.837018
1785631083900,63.4,0.00,0.00,0.00,0.0,17,-23.604732,-46.836993
1785631084000,62.6,0.00,0.00,0.00,0.0,17,-23.604723,-46.836979
1785631084200,61.1,0.00,0.00,0.00,0.0,17,-23.604703,-46.836955
1785631084300,59.7,0.00,0.00,0.00,0.0,17,-23.604696,-46.836942
1785631084500,57.7,0.00,0.00,0.00,0.0,17,-23.604680,-46.836917
1785631084600,57.7,0.00,0.00,0.00,0.0,17,-23.604676,-46.836904
1785631084600,55.9,0.00,0.00,0.00,0.0,17,-23.604676,-46.836904
1785631084800,53.5,0.00,0.00,0.00,0.0,17,-23.604665,-46.836880
1785631084900,51.5,0.00,0.00,0.00,0.0,17,-23.604665,-46.836866
1785631085100,49.1,0.00,0.00,0.00,0.0,17,-23.604661,-46.836842
1785631085200,47.1,0.00,0.00,0.00,0.0,17,-23.604667,-46.836829
1785631085400,44.8,0.00,0.00,0.00,0.0,17,-23.604671,-46.836805
1785631085600,42.4,0.00,0.00,0.00,0.0,17,-23.604680,-46.836782
1785631085700,38.5,0.00,0.00,0.00,0.0,17,-23.604698,-46.836776
1785631085900,35.6,0.00,0.00,0.00,0.0,17,-23.604709,-46.836761
1785631086000,35.6,0.00,0.00,0.00,0.0,17,-23.604722,-46.836759
1785631086000,33.0,0.00,0.00,0.00,0.0,17,-23.604722,-46.836759
1785631086200,30.3,0.00,0.00,0.00,0.0,17,-23.604736,-46.836748
1785631086300,27.9,0.00,0.00,0.00,0.0,17,-23.604749,-46.836748
1785631086500,27.9,0.00,0.00,0.00,0.0,17,-23.604765,-46.836742
1785631086500,25.6,0.00,0.00,0.00,0.0,17,-23.604765,-46.836742
1785631086600,23.7,0.00,0.00,0.00,0.0,17,-23.604778,-46.836744
1785631086800,21.7,0.00,0.00,0.00,0.0,17,-23.604795,-46.836744
1785631087000,19.6,0.00,0.00,0.00,0.0,17,-23.604812,-46.836750
1785631087200,17.7,0.00,0.00,0.00,0.0,17,-23.604829,-46.836760
1785631087300,17.3,0.00,0.00,0.00,0.0,17,-23.604843,-46.836777
1785631087500,17.3,0.00,0.00,0.00,0.0,17,-23.604872,-46.836800
1785631087500,24.0,0.00,0.00,0.00,0.0,17,-23.604872,-46.836800
1785631087700,30.4,0.00,0.00,0.00,0.0,17,-23.604902,-46.836824
1785631087800,36.0,0.00,0.00,0.00,0.0,17,-23.604926,-46.836844
1785631088000,36.8,0.00,0.00,0.00,0.0,17,-23.604949,-46.836857
1785631088200,36.9,0.00,0.00,0.00,0.0,17,-23.604971,-46.836868
1785631088300,37.2,0.00,0.00,0.00,0.0,17,-23.604985,-46.836874
1785631088500,37.2,0.00,0.00,0.00,0.0,17,-23.605008,-46.836883
1785631088600,37.3,0.00,0.00,0.00,0.0,17,-23.605024,-46.836889
1785631088800,37.3,0.00,0.00,0.00,0.0,17,-23.605049,-46.836896
1785631088800,37.3,0.00,0.00,0.00,0.0,17,-23.605049,-46.836896
1785631088900,37.7,0.00,0.00,0.00,0.0,17,-23.605064,-46.836900
1785631089000,38.1,0.00,0.00,0.00,0.0,17,-23.605078,-46.836902
1785631089200,38.7,0.00,0.00,0.00,0.0,17,-23.605100,-46.836901
1785631089300,39.6,0.00,0.00,0.00,0.0,17,-23.605113,-46.836899
1785631089400,40.7,0.00,0.00,0.00,0.0,17,-23.605126,-46.836895
1785631089600,40.7,0.00,0.00,0.00,0.0,17,-23.605149,-46.836888
1785631089600,41.9,0.00,0.00,0.00,0.0,17,-23.605149,-46.836888
1785631089700,41.9,0.00,0.00,0.00,0.0,17,-23.605160,-46.836881
1785631089800,42.0,0.00,0.00,0.00,0.0,17,-23.605170,-46.836873
1785631090000,41.7,0.00,0.00,0.00,0.0,17,-23.605190,-46.836861
1785631090100,41.7,0.00,0.00,0.00,0.0,17,-23.605198,-46.836850
1785631090100,41.7,0.00,0.00,0.00,0.0,17,-23.605198,-46.836850
1785631090300,42.4,0.00,0.00,0.00,0.0,17,-23.605216,-46.836832
1785631090400,42.9,0.00,0.00,0.00,0.0,17,-23.605223,-46.836818
1785631090500,42.9,0.00,0.00,0.00,0.0,17,-23.605228,-46.836804
1785631090500,42.6,0.00,0.00,0.00,0.0,17,-23.605228,-46.836804
1785631090700,44.8,0.00,0.00,0.00,0.0,17,-23.605241,-46.836780
1785631090800,45.6,0.00,0.00,0.00,0.0,17,-23.605241,-46.836759
1785631091000,48.4,0.00,0.00,0.00,0.0,17,-23.605246,-46.836725
1785631091100,49.2,0.00,0.00,0.00,0.0,17,-23.605252,-46.836710
1785631091300,49.2,0.00,0.00,0.00,0.0,17,-23.605264,-46.836684
1785631091300,49.2,0.00,0.00,0.00,0.0,17,-23.605264,-46.836684
1785631091400,49.2,0.00,0.00,0.00,0.0,17,-23.605270,-46.836670
1785631091500,49.3,0.00,0.00,0.00,0.0,17,-23.605276,-46.836656
1785631091600,49.4,0.00,0.00,0.00,0.0,17,-23.605283,-46.836642
1785631091800,49.0,0.00,0.00,0.00,0.0,17,-23.605297,-46.836616
1785631091900,48.6,0.00,0.00,0.00,0.0,17,-23.605303,-46.836602
1785631092000,48.1,0.00,0.00,0.00,0.0,17,-23.605311,-46.836590
1785631092100,47.6,0.00,0.00,0.00,0.0,17,-23.605319,-46.836581
1785631092300,46.9,0.00,0.00,0.00,0.0,17,-23.605335,-46.836562
1785631092400,46.0,0.00,0.00,0.00,0.0,17,-23.605344,-46.836554
1785631092500,45.0,0.00,0.00,0.00,0.0,17,-23.605352,-46.836547
1785631092600,43.9,0.00,0.00,0.00,0.0,17,-23.605360,-46.836541
1785631092700,42.6,0.00,0.00,0.00,0.0,17,-23.605368,-46.836535
1785631093000,41.0,0.00,0.00,0.00,0.0,17,-23.605389,-46.836520
1785631093100,37.0,0.00,0.00,0.00,0.0,17,-23.605396,-46.836517
1785631093200,35.0,0.00,0.00,0.00,0.0,17,-23.605403,-46.836516
1785631093300,32.9,0.00,0.00,0.00,0.0,17,-23.605409,-46.836517
1785631093400,31.2,0.00,0.00,0.00,0.0,17,-23.605416,-46.836518
1785631093600,29.7,0.00,0.00,0.00,0.0,17,-23.605430,-46.836525
1785631093600,28.4,0.00,0.00,0.00,0.0,17,-23.605430,-46.836525
1785631093700,27.2,0.00,0.00,0.00,0.0,17,-23.605436,-46.836531
1785631093800,26.3,0.00,0.00,0.00,0.0,17,-23.605443,-46.836538
1785631094000,25.9,0.00,0.00,0.00,0.0,17,-23.605456,-46.836547
1785631094100,25.9,0.00,0.00,0.00,0.0,17,-23.605461,-46.836563
1785631094100,25.9,0.00,0.00,0.00,0.0,17,-23.605461,-46.836563
1785631094200,27.0,0.00,0.00,0.00,0.0,17,-23.605466,-46.836579
1785631094400,29.2,0.00,0.00,0.00,0.0,17,-23.605477,-46.836602
1785631094500,29.2,0.00,0.00,0.00,0.0,17,-23.605481,-46.836623
1785631094500,31.8,0.00,0.00,0.00,0.0,17,-23.605481,-46.836623
1785631094600,31.8,0.00,0.00,0.00,0.0,17,-23.605483,-46.836647
1785631094600,34.8,0.00,0.00,0.00,0.0,17,-23.605483,-46.836647
1785631094800,40.8,0.00,0.00,0.00,0.0,17,-23.605487,-46.836690
1785631094900,46.5,0.00,0.00,0.00,0.0,17,-23.605499,-46.836718
1785631095100,46.7,0.00,0.00,0.00,0.0,17,-23.605510,-46.836745
1785631095200,46.7,0.00,0.00,0.00,0.0,17,-23.605516,-46.836762
1785631095300,46.7,0.00,0.00,0.00,0.0,17,-23.605522,-46.836778
1785631095500,46.5,0.00,0.00,0.00,0.0,17,-23.605534,-46.836805
1785631095600,46.2,0.00,0.00,0.00,0.0,17,-23.605540,-46.836821
1785631095700,45.8,0.00,0.00,0.00,0.0,17,-23.605547,-46.836836
1785631095900,45.5,0.00,0.00,0.00,0.0,17,-23.605561,-46.836862
1785631096000,44.9,0.00,0.00,0.00,0.0,17,-23.605571,-46.836875
1785631096100,44.2,0.00,0.00,0.00,0.0,17,-23.605578,-46.836884
1785631096300,43.4,0.00,0.00,0.00,0.0,17,-23.605592,-46.836902
1785631096400,42.4,0.00,0.00,0.00,0.0,17,-23.605599,-46.836909
1785631096500,41.4,0.00,0.00,0.00,0.0,17,-23.605607,-46.836916
1785631096700,40.1,0.00,0.00,0.00,0.0,17,-23.605620,-46.836931
1785631096800,38.6,0.00,0.00,0.00,0.0,17,-23.605627,-46.836935
1785631096900,36.9,0.00,0.00,0.00,0.0,17,-23.605634,-46.836939
1785631097000,35.4,0.00,0.00,0.00,0.0,17,-23.605641,-46.836941
1785631097100,33.8,0.00,0.00,0.00,0.0,17,-23.605649,-46.836942
1785631097300,31.8,0.00,0.00,0.00,0.0,17,-23.605662,-46.836946
1785631097400,30.3,0.00,0.00,0.00,0.0,17,-23.605670,-46.836943
1785631097500,29.1,0.00,0.00,0.00,0.0,17,-23.605679,-46.836937
1785631097600,28.4,0.00,0.00,0.00,0.0,17,-23.605688,-46.836930
1785631097700,28.4,0.00,0.00,0.00,0.0,17,-23.605697,-46.836920
1785631097900,29.1,0.00,0.00,0.00,0.0,17,-23.605714,-46.836903
1785631098000,28.9,0.00,0.00,0.00,0.0,17,-23.605720,-46.836889
1785631098100,29.2,0.00,0.00,0.00,0.0,17,-23.605726,-46.836872
1785631098300,30.2,0.00,0.00,0.00,0.0,17,-23.605735,-46.836849
1785631098400,29.9,0.00,0.00,0.00,0.0,17,-23.605736,-46.836832
1785631098500,30.2,0.00,0.00,0.00,0.0,16,-23.605735,-46.836813
1785631098600,30.7,0.00,0.00,0.00,0.0,17,-23.605730,-46.836792
1785631098700,31.9,0.00,0.00,0.00,0.0,17,-23.605726,-46.836771
1785631098900,33.1,0.00,0.00,0.00,0.0,17,-23.605721,-46.836739
1785631099000,35.8,0.00,0.00,0.00,0.0,17,-23.605711,-46.836714
1785631099100,39.9,0.00,0.00,0.00,0.0,17,-23.605698,-46.836684
1785631099200,43.9,0.00,0.00,0.00,0.0,17,-23.605688,-46.836657
1785631099400,45.5,0.00,0.00,0.00,0.0,17,-23.605681,-46.836625
1785631099500,45.5,0.00,0.00,0.00,0.0,17,-23.605674,-46.836603
1785631099500,47.5,0.00,0.00,0.00,0.0,17,-23.605674,-46.836603
1785631099600,48.1,0.00,0.00,0.00,0.0,17,-23.605671,-46.836585
1785631099800,48.3,0.00,0.00,0.00,0.0,17,-23.605664,-46.836556
1785631099900,48.8,0.00,0.00,0.00,0.0,17,-23.605660,-46.836538
1785631100100,49.0,0.00,0.00,0.00,0.0,17,-23.605653,-46.836508
1785631100200,49.0,0.00,0.00,0.00,0.0,17,-23.605649,-46.836492
1785631100400,49.5,0.00,0.00,0.00,0.0,17,-23.605642,-46.836464
1785631100600,49.3,0.00,0.00,0.00,0.0,17,-23.605635,-46.836435
1785631100700,49.1,0.00,0.00,0.00,0.0,17,-23.605632,-46.836419
1785631100900,48.6,0.00,0.00,0.00,0.0,17,-23.605625,-46.836391
1785631101000,48.6,0.00,0.00,0.00,0.0,17,-23.605620,-46.836377
1785631101000,48.2,0.00,0.00,0.00,0.0,17,-23.605620,-46.836377
1785631101200,47.7,0.00,0.00,0.00,0.0,17,-23.605608,-46.836353
1785631101300,47.7,0.00,0.00,0.00,0.0,17,-23.605601,-46.836341
1785631101300,47.3,0.00,0.00,0.00,0.0,17,-23.605601,-46.836341
1785631101400,46.9,0.00,0.00,0.00,0.0,17,-23.605595,-46.836330
1785631101600,46.7,0.00,0.00,0.00,0.0,17,-23.605582,-46.836308
1785631101700,46.3,0.00,0.00,0.00,0.0,17,-23.605574,-46.836299
1785631101800,45.9,0.00,0.00,0.00,0.0,17,-23.605566,-46.836289
1785631102000,45.9,0.00,0.00,0.00,0.0,17,-23.605552,-46.836270
1785631102000,45.9,0.00,0.00,0.00,0.0,17,-23.605552,-46.836270
1785631102000,45.6,0.00,0.00,0.00,0.0,17,-23.605552,-46.836270
1785631102100,45.1,0.00,0.00,0.00,0.0,17,-23.605542,-46.836264
1785631102200,44.6,0.00,0.00,0.00,0.0,17,-23.605531,-46.836258
1785631102300,43.7,0.00,0.00,0.00,0.0,17,-23.605519,-46.836254
1785631102500,42.6,0.00,0.00,0.00,0.0,17,-23.605500,-46.836242
1785631102600,41.4,0.00,0.00,0.00,0.0,17,-23.605486,-46.836242
1785631102700,39.9,0.00,0.00,0.00,0.0,17,-23.605471,-46.836246
1785631102800,40.0,0.00,0.00,0.00,0.0,17,-23.605455,-46.836251
1785631103000,40.6,0.00,0.00,0.00,0.0,17,-23.605426,-46.836256
1785631103100,42.5,0.00,0.00,0.00,0.0,17,-23.605402,-46.836275
1785631103200,46.0,0.00,0.00,0.00,0.0,17,-23.605378,-46.836292
1785631103300,50.5,0.00,0.00,0.00,0.0,17,-23.605352,-46.836313
1785631103500,54.0,0.00,0.00,0.00,0.0,17,-23.605316,-46.836333
1785631103600,54.7,0.00,0.00,0.00,0.0,17,-23.605297,-46.836342
1785631103700,54.7,0.00,0.00,0.00,0.0,17,-23.605280,-46.836349
1785631103800,54.7,0.00,0.00,0.00,0.0,17,-23.605264,-46.836356
1785631104000,55.4,0.00,0.00,0.00,0.0,17,-23.605236,-46.836367
1785631104100,55.8,0.00,0.00,0.00,0.0,17,-23.605221,-46.836373
1785631104200,56.0,0.00,0.00,0.00,0.0,17,-23.605206,-46.836379
1785631104300,56.2,0.00,0.00,0.00,0.0,17,-23.605191,-46.836385
1785631104400,56.2,0.00,0.00,0.00,0.0,17,-23.605177,-46.836390
1785631104600,56.4,0.00,0.00,0.00,0.0,17,-23.605149,-46.836401
1785631104700,56.5,0.00,0.00,0.00,0.0,17,-23.605135,-46.836406
1785631104800,56.7,0.00,0.00,0.00,0.0,17,-23.605121,-46.836411
1785631105000,57.4,0.00,0.00,0.00,0.0,17,-23.605093,-46.836421
1785631105100,57.5,0.00,0.00,0.00,0.0,17,-23.605079,-46.836427
1785631105200,57.5,0.00,0.00,0.00,0.0,17,-23.605065,-46.836432
1785631105200,57.5,0.00,0.00,0.00,0.0,17,-23.605065,-46.836432
1785631105300,57.5,0.00,0.00,0.00,0.0,17,-23.605051,-46.836437
1785631105500,57.9,0.00,0.00,0.00,0.0,17,-23.605024,-46.836447
1785631105600,58.2,0.00,0.00,0.00,0.0,17,-23.605009,-46.836452
1785631105700,58.3,0.00,0.00,0.00,0.0,17,-23.604995,-46.836457
1785631105800,58.3,0.00,0.00,0.00,0.0,17,-23.604981,-46.836462
1785631106000,58.4,0.00,0.00,0.00,0.0,17,-23.604953,-46.836471
1785631106100,58.4,0.00,0.00,0.00,0.0,17,-23.604939,-46.836476
1785631106200,58.5,0.00,0.00,0.00,0.0,17,-23.604925,-46.836481
1785631106400,59.1,0.00,0.00,0.00,0.0,17,-23.604896,-46.836490
1785631106500,59.3,0.00,0.00,0.00,0.0,17,-23.604882,-46.836495
1785631106700,59.4,0.00,0.00,0.00,0.0,17,-23.604854,-46.836504
1785631106900,60.0,0.00,0.00,0.00,0.0,17,-23.604825,-46.836514
1785631107000,60.1,0.00,0.00,0.00,0.0,17,-23.604810,-46.836520
1785631107200,60.2,0.00,0.00,0.00,0.0,17,-23.604781,-46.836530
1785631107400,60.7,0.00,0.00,0.00,0.0,17,-23.604752,-46.836541
1785631107500,61.3,0.00,0.00,0.00,0.0,17,-23.604738,-46.836547
1785631107600,61.3,0.00,0.00,0.00,0.0,17,-23.604723,-46.836554
1785631107600,61.7,0.00,0.00,0.00,0.0,17,-23.604723,-46.836554
1785631107800,62.3,0.00,0.00,0.00,0.0,17,-23.604694,-46.836567
1785631108000,63.1,0.00,0.00,0.00,0.0,17,-23.604665,-46.836581
1785631108100,63.1,0.00,0.00,0.00,0.0,17,-23.604651,-46.836591
1785631108300,62.9,0.00,0.00,0.00,0.0,17,-23.604624,-46.836608
1785631108400,62.6,0.00,0.00,0.00,0.0,17,-23.604611,-46.836618
1785631108500,62.6,0.00,0.00,0.00,0.0,17,-23.604598,-46.836628
1785631108600,62.2,0.00,0.00,0.00,0.0,17,-23.604586,-46.836638
1785631108700,61.8,0.00,0.00,0.00,0.0,17,-23.604574,-46.836650
1785631108800,61.4,0.00,0.00,0.00,0.0,17,-23.604561,-46.836660
1785631108900,61.0,0.00,0.00,0.00,0.0,17,-23.604550,-46.836671
1785631109100,60.6,0.00,0.00,0.00,0.0,17,-23.604525,-46.836691
1785631109200,60.4,0.00,0.00,0.00,0.0,17,-23.604514,-46.836702
1785631109300,60.0,0.00,0.00,0.00,0.0,17,-23.604503,-46.836713
1785631109400,59.7,0.00,0.00,0.00,0.0,17,-23.604492,-46.836725
1785631109500,59.1,0.00,0.00,0.00,0.0,17,-23.604482,-46.836737
1785631109700,58.2,0.00,0.00,0.00,0.0,17,-23.604461,-46.836759
1785631109800,57.4,0.00,0.00,0.00,0.0,17,-23.604453,-46.836771
1785631109900,56.5,0.00,0.00,0.00,0.0,17,-23.604444,-46.836782
1785631110000,55.5,0.00,0.00,0.00,0.0,17,-23.604437,-46.836795
1785631110100,54.6,0.00,0.00,0.00,0.0,17,-23.604430,-46.836807
1785631110300,53.4,0.00,0.00,0.00,0.0,17,-23.604414,-46.836829
1785631110400,52.1,0.00,0.00,0.00,0.0,17,-23.604409,-46.836842
1785631110500,50.7,0.00,0.00,0.00,0.0,17,-23.604407,-46.836856
1785631110700,50.7,0.00,0.00,0.00,0.0,17,-23.604397,-46.836880
1785631110700,48.9,0.00,0.00,0.00,0.0,17,-23.604397,-46.836880
1785631110800,48.9,0.00,0.00,0.00,0.0,17,-23.604398,-46.836893
1785631110800,47.2,0.00,0.00,0.00,0.0,17,-23.604398,-46.836893
1785631110900,45.9,0.00,0.00,0.00,0.0,17,-23.604400,-46.836907
1785631111000,44.4,0.00,0.00,0.00,0.0,17,-23.604403,-46.836921
1785631111200,43.3,0.00,0.00,0.00,0.0,17,-23.604405,-46.836947
1785631111300,42.4,0.00,0.00,0.00,0.0,17,-23.604415,-46.836962
1785631111400,41.9,0.00,0.00,0.00,0.0,17,-23.604430,-46.836978
1785631111600,41.9,0.00,0.00,0.00,0.0,17,-23.604456,-46.837015
1785631111600,46.5,0.00,0.00,0.00,0.0,17,-23.604456,-46.837015
1785631111700,55.8,0.00,0.00,0.00,0.0,17,-23.604488,-46.837048
1785631111800,62.7,0.00,0.00,0.00,0.0,17,-23.604516,-46.837079
1785631112000,64.0,0.00,0.00,0.00,0.0,17,-23.604529,-46.837117
1785631112100,64.1,0.00,0.00,0.00,0.0,17,-23.604539,-46.837135
1785631112200,63.9,0.00,0.00,0.00,0.0,17,-23.604550,-46.837154
1785631112400,63.6,0.00,0.00,0.00,0.0,17,-23.604566,-46.837190
1785631112500,63.3,0.00,0.00,0.00,0.0,17,-23.604575,-46.837209
1785631112600,63.1,0.00,0.00,0.00,0.0,17,-23.604587,-46.837230
1785631112700,62.9,0.00,0.00,0.00,0.0,17,-23.604596,-46.837251
1785631112900,63.0,0.00,0.00,0.00,0.0,17,-23.604610,-46.837288
1785631113000,63.0,0.00,0.00,0.00,0.0,17,-23.604619,-46.837309
1785631113100,62.9,0.00,0.00,0.00,0.0,17,-23.604627,-46.837332
1785631113200,62.9,0.00,0.00,0.00,0.0,17,-23.604635,-46.837354
1785631113300,62.9,0.00,0.00,0.00,0.0,17,-23.604641,-46.837376
1785631113500,63.6,0.00,0.00,0.00,0.0,17,-23.604647,-46.837417
1785631113600,63.9,0.00,0.00,0.00,0.0,17,-23.604647,-46.837439
1785631113700,64.0,0.00,0.00,0.00,0.0,17,-23.604646,-46.837459
1785631113800,63.2,0.00,0.00,0.00,0.0,17,-23.604644,-46.837477
1785631114000,63.2,0.00,0.00,0.00,0.0,17,-23.604640,-46.837510
1785631114000,62.0,0.00,0.00,0.00,0.0,17,-23.604640,-46.837510
1785631114100,61.4,0.00,0.00,0.00,0.0,17,-23.604634,-46.837525
1785631114200,59.8,0.00,0.00,0.00,0.0,17,-23.604626,-46.837539
1785631114400,58.3,0.00,0.00,0.00,0.0,17,-23.604614,-46.837567
1785631114500,56.7,0.00,0.00,0.00,0.0,17,-23.604602,-46.837578
1785631114600,53.4,0.00,0.00,0.00,0.0,17,-23.604586,-46.837581
1785631114700,51.9,0.00,0.00,0.00,0.0,17,-23.604570,-46.837586
1785631114900,50.3,0.00,0.00,0.00,0.0,17,-23.604547,-46.837600
1785631115000,49.3,0.00,0.00,0.00,0.0,17,-23.604528,-46.837600
1785631115100,47.4,0.00,0.00,0.00,0.0,17,-23.604511,-46.837597
1785631115300,45.7,0.00,0.00,0.00,0.0,17,-23.604484,-46.837602
1785631115400,44.6,0.00,0.00,0.00,0.0,17,-23.604464,-46.837595
1785631115500,44.5,0.00,0.00,0.00,0.0,17,-23.604442,-46.837584
1785631115600,45.1,0.00,0.00,0.00,0.0,17,-23.604420,-46.837573
1785631115800,46.2,0.00,0.00,0.00,0.0,17,-23.604387,-46.837563
1785631115900,46.8,0.00,0.00,0.00,0.0,17,-23.604366,-46.837551
1785631116000,47.6,0.00,0.00,0.00,0.0,17,-23.604346,-46.837538
1785631116100,48.7,0.00,0.00,0.00,0.0,17,-23.604328,-46.837526
1785631116200,49.5,0.00,0.00,0.00,0.0,17,-23.604311,-46.837515
1785631116400,49.9,0.00,0.00,0.00,0.0,17,-23.604284,-46.837503
1785631116500,49.5,0.00,0.00,0.00,0.0,17,-23.604271,-46.837495
1785631116600,48.8,0.00,0.00,0.00,0.0,17,-23.604259,-46.837486
1785631116700,48.1,0.00,0.00,0.00,0.0,17,-23.604247,-46.837478
1785631116900,46.9,0.00,0.00,0.00,0.0,17,-23.604227,-46.837465
1785631117000,45.6,0.00,0.00,0.00,0.0,17,-23.604219,-46.837457
1785631117100,44.8,0.00,0.00,0.00,0.0,17,-23.604212,-46.837448
1785631117200,43.9,0.00,0.00,0.00,0.0,17,-23.604206,-46.837439
1785631117400,42.0,0.00,0.00,0.00,0.0,17,-23.604191,-46.837425
1785631117500,40.2,0.00,0.00,0.00,0.0,17,-23.604188,-46.837416
1785631117600,37.9,0.00,0.00,0.00,0.0,17,-23.604187,-46.837406
1785631117700,35.6,0.00,0.00,0.00,0.0,17,-23.604188,-46.837395
1785631117800,33.8,0.00,0.00,0.00,0.0,17,-23.604191,-46.837382
1785631118000,33.3,0.00,0.00,0.00,0.0,17,-23.604193,-46.837360
1785631118100,33.4,0.00,0.00,0.00,0.0,17,-23.604205,-46.837342
1785631118200,35.5,0.00,0.00,0.00,0.0,17,-23.604222,-46.837320
1785631118300,39.5,0.00,0.00,0.00,0.0,17,-23.604241,-46.837297
1785631118400,46.2,0.00,0.00,0.00,0.0,17,-23.604262,-46.837272
1785631118600,46.5,0.00,0.00,0.00,0.0,17,-23.604272,-46.837244
1785631118700,46.4,0.00,0.00,0.00,0.0,17,-23.604278,-46.837228
1785631118800,46.4,0.00,0.00,0.00,0.0,17,-23.604282,-46.837213
1785631118900,46.5,0.00,0.00,0.00,0.0,17,-23.604287,-46.837197
1785631119100,46.4,0.00,0.00,0.00,0.0,17,-23.604293,-46.837169
1785631119200,46.6,0.00,0.00,0.00,0.0,17,-23.604296,-46.837153
1785631119300,46.7,0.00,0.00,0.00,0.0,17,-23.604299,-46.837138
1785631119500,46.7,0.00,0.00,0.00,0.0,17,-23.604304,-46.837109
1785631119500,46.7,0.00,0.00,0.00,0.0,17,-23.604304,-46.837109
1785631119600,46.8,0.00,0.00,0.00,0.0,17,-23.604305,-46.837094
1785631119700,47.1,0.00,0.00,0.00,0.0,17,-23.604306,-46.837078
1785631119900,47.6,0.00,0.00,0.00,0.0,17,-23.604306,-46.837050
1785631120000,47.6,0.00,0.00,0.00,0.0,17,-23.604304,-46.837034
1785631120000,48.3,0.00,0.00,0.00,0.0,17,-23.604304,-46.837034
1785631120200,49.3,0.00,0.00,0.00,0.0,17,-23.604300,-46.837005
1785631120300,49.4,0.00,0.00,0.00,0.0,17,-23.604296,-46.836990
1785631120500,50.1,0.00,0.00,0.00,0.0,17,-23.604288,-46.836962
1785631120600,50.1,0.00,0.00,0.00,0.0,17,-23.604283,-46.836948
1785631120600,50.2,0.00,0.00,0.00,0.0,17,-23.604283,-46.836948
1785631120700,50.4,0.00,0.00,0.00,0.0,17,-23.604275,-46.836935
1785631120900,50.4,0.00,0.00,0.00,0.0,17,-23.604265,-46.836909
1785631120900,50.3,0.00,0.00,0.00,0.0,17,-23.604265,-46.836909
1785631121000,50.2,0.00,0.00,0.00,0.0,17,-23.604259,-46.836896
1785631121200,49.6,0.00,0.00,0.00,0.0,17,-23.604247,-46.836872
1785631121300,49.5,0.00,0.00,0.00,0.0,17,-23.604239,-46.836861
1785631121400,49.5,0.00,0.00,0.00,0.0,17,-23.604230,-46.836851
1785631121400,49.4,0.00,0.00,0.00,0.0,17,-23.604230,-46.836851
1785631121600,48.5,0.00,0.00,0.00,0.0,17,-23.604212,-46.836832
1785631121700,48.5,0.00,0.00,0.00,0.0,17,-23.604200,-46.836823
1785631121700,48.8,0.00,0.00,0.00,0.0,17,-23.604200,-46.836823
1785631121900,49.9,0.00,0.00,0.00,0.0,17,-23.604186,-46.836800
1785631122000,49.7,0.00,0.00,0.00,0.0,17,-23.604178,-46.836788
1785631122200,49.6,0.00,0.00,0.00,0.0,17,-23.604163,-46.836766
1785631122300,49.6,0.00,0.00,0.00,0.0,17,-23.604155,-46.836755
1785631122400,49.5,0.00,0.00,0.00,0.0,17,-23.604148,-46.836743
1785631122600,49.5,0.00,0.00,0.00,0.0,17,-23.604134,-46.836720
1785631122600,49.1,0.00,0.00,0.00,0.0,17,-23.604134,-46.836720
1785631122700,48.9,0.00,0.00,0.00,0.0,17,-23.604128,-46.836708
1785631122800,48.6,0.00,0.00,0.00,0.0,17,-23.604122,-46.836697
1785631123000,48.3,0.00,0.00,0.00,0.0,17,-23.604112,-46.836674
1785631123100,47.7,0.00,0.00,0.00,0.0,17,-23.604108,-46.836662
1785631123200,47.4,0.00,0.00,0.00,0.0,17,-23.604104,-46.836650
1785631123400,46.7,0.00,0.00,0.00,0.0,17,-23.604097,-46.836627
1785631123600,45.9,0.00,0.00,0.00,0.0,17,-23.604095,-46.836602
1785631123600,45.4,0.00,0.00,0.00,0.0,17,-23.604095,-46.836602
1785631123700,44.8,0.00,0.00,0.00,0.0,17,-23.604096,-46.836590
1785631123800,44.3,0.00,0.00,0.00,0.0,17,-23.604097,-46.836578
1785631123900,44.0,0.00,0.00,0.00,0.0,17,-23.604101,-46.836565
1785631124100,43.8,0.00,0.00,0.00,0.0,17,-23.604111,-46.836540
1785631124100,43.8,0.00,0.00,0.00,0.0,17,-23.604111,-46.836540
1785631124100,43.9,0.00,0.00,0.00,0.0,17,-23.604111,-46.836540
1785631124200,44.1,0.00,0.00,0.00,0.0,17,-23.604118,-46.836528
1785631124500,44.1,0.00,0.00,0.00,0.0,17,-23.604138,-46.836493
1785631124500,43.8,0.00,0.00,0.00,0.0,17,-23.604138,-46.836493
1785631124600,43.8,0.00,0.00,0.00,0.0,17,-23.604153,-46.836483
1785631124600,43.8,0.00,0.00,0.00,0.0,17,-23.604153,-46.836483
1785631124600,44.4,0.00,0.00,0.00,0.0,17,-23.604153,-46.836483
1785631124700,44.7,0.00,0.00,0.00,0.0,17,-23.604167,-46.836474
1785631124800,45.3,0.00,0.00,0.00,0.0,17,-23.604184,-46.836467
1785631124900,45.7,0.00,0.00,0.00,0.0,17,-23.604200,-46.836460
1785631125000,46.4,0.00,0.00,0.00,0.0,17,-23.604217,-46.836455
1785631125100,47.1,0.00,0.00,0.00,0.0,17,-23.604235,-46.836451
1785631125200,48.3,0.00,0.00,0.00,0.0,17,-23.604257,-46.836450
1785631125400,50.9,0.00,0.00,0.00,0.0,17,-23.604290,-46.836441
1785631125500,52.0,0.00,0.00,0.00,0.0,17,-23.604312,-46.836443
1785631125700,54.3,0.00,0.00,0.00,0.0,17,-23.604352,-46.836442
1785631125800,56.0,0.00,0.00,0.00,0.0,17,-23.604376,-46.836446
1785631125900,56.2,0.00,0.00,0.00,0.0,17,-23.604394,-46.836442
1785631126100,56.4,0.00,0.00,0.00,0.0,17,-23.604424,-46.836433
1785631126300,56.5,0.00,0.00,0.00,0.0,17,-23.604454,-46.836424
1785631126400,56.7,0.00,0.00,0.00,0.0,17,-23.604471,-46.836420
1785631126600,57.4,0.00,0.00,0.00,0.0,17,-23.604501,-46.836411
1785631126700,58.5,0.00,0.00,0.00,0.0,17,-23.604517,-46.836405
1785631126900,59.0,0.00,0.00,0.00,0.0,17,-23.604547,-46.836396
1785631127000,60.1,0.00,0.00,0.00,0.0,17,-23.604562,-46.836390
1785631127100,60.1,0.00,0.00,0.00,0.0,17,-23.604578,-46.836384
1785631127200,60.3,0.00,0.00,0.00,0.0,17,-23.604593,-46.836379
1785631127200,60.4,0.00,0.00,0.00,0.0,17,-23.604593,-46.836379
1785631127400,60.4,0.00,0.00,0.00,0.0,17,-23.604623,-46.836368
1785631127500,62.4,0.00,0.00,0.00,0.0,17,-23.604639,-46.836362
1785631127600,62.9,0.00,0.00,0.00,0.0,17,-23.604655,-46.836356
1785631127700,63.1,0.00,0.00,0.00,0.0,17,-23.604671,-46.836350
1785631127900,63.5,0.00,0.00,0.00,0.0,17,-23.604702,-46.836338
1785631128000,63.7,0.00,0.00,0.00,0.0,17,-23.604718,-46.836332
1785631128100,64.0,0.00,0.00,0.00,0.0,17,-23.604734,-46.836326
1785631128200,64.4,0.00,0.00,0.00,0.0,17,-23.604750,-46.836320
1785631128400,65.2,0.00,0.00,0.00,0.0,17,-23.604782,-46.836309
1785631128500,66.1,0.00,0.00,0.00,0.0,17,-23.604798,-46.836302
1785631128600,66.6,0.00,0.00,0.00,0.0,17,-23.604815,-46.836296
1785631128700,66.7,0.00,0.00,0.00,0.0,17,-23.604831,-46.836290
1785631128800,66.9,0.00,0.00,0.00,0.0,17,-23.604848,-46.836284
1785631129000,67.6,0.00,0.00,0.00,0.0,17,-23.604881,-46.836272
1785631129100,68.2,0.00,0.00,0.00,0.0,17,-23.604898,-46.836266
1785631129200,68.7,0.00,0.00,0.00,0.0,17,-23.604915,-46.836260
1785631129300,68.7,0.00,0.00,0.00,0.0,17,-23.604931,-46.836254
1785631129400,68.9,0.00,0.00,0.00,0.0,17,-23.604948,-46.836247
1785631129700,69.7,0.00,0.00,0.00,0.0,17,-23.604999,-46.836229
1785631129700,70.3,0.00,0.00,0.00,0.0,17,-23.604999,-46.836229
1785631129800,71.0,0.00,0.00,0.00,0.0,17,-23.605017,-46.836223
1785631129900,71.6,0.00,0.00,0.00,0.0,17,-23.605034,-46.836216
1785631130000,72.0,0.00,0.00,0.00,0.0,17,-23.605052,-46.836210
1785631130100,72.5,0.00,0.00,0.00,0.0,17,-23.605070,-46.836204
1785631130200,72.7,0.00,0.00,0.00,0.0,17,-23.605087,-46.836198
1785631130400,72.9,0.00,0.00,0.00,0.0,17,-23.605123,-46.836185
1785631130500,73.0,0.00,0.00,0.00,0.0,17,-23.605140,-46.836179
1785631130600,73.2,0.00,0.00,0.00,0.0,17,-23.605158,-46.836173
1785631130700,73.5,0.00,0.00,0.00,0.0,17,-23.605176,-46.836166
1785631131000,73.5,0.00,0.00,0.00,0.0,16,-23.605230,-46.836147
1785631131000,74.0,0.00,0.00,0.00,0.0,16,-23.605230,-46.836147
1785631131100,74.2,0.00,0.00,0.00,0.0,16,-23.605248,-46.836140
1785631131200,74.4,0.00,0.00,0.00,0.0,16,-23.605266,-46.836134
1785631131300,74.5,0.00,0.00,0.00,0.0,16,-23.605284,-46.836127
1785631131400,74.6,0.00,0.00,0.00,0.0,16,-23.605302,-46.836120
1785631131500,74.8,0.00,0.00,0.00,0.0,16,-23.605321,-46.836113
1785631131700,74.6,0.00,0.00,0.00,0.0,16,-23.605356,-46.836100
1785631131800,74.8,0.00,0.00,0.00,0.0,16,-23.605374,-46.836093
1785631132000,74.8,0.00,0.00,0.00,0.0,16,-23.605410,-46.836080
1785631132100,75.2,0.00,0.00,0.00,0.0,16,-23.605429,-46.836073
1785631132200,75.3,0.00,0.00,0.00,0.0,16,-23.605447,-46.836067
1785631132400,75.1,0.00,0.00,0.00,0.0,16,-23.605483,-46.836053
1785631132500,75.1,0.00,0.00,0.00,0.0,16,-23.605501,-46.836046
1785631132500,75.2,0.00,0.00,0.00,0.0,16,-23.605501,-46.836046
1785631132700,75.2,0.00,0.00,0.00,0.0,16,-23.605537,-46.836033
1785631132700,75.0,0.00,0.00,0.00,0.0,16,-23.605537,-46.836033
1785631132800,74.9,0.00,0.00,0.00,0.0,16,-23.605555,-46.836027
1785631133000,74.8,0.00,0.00,0.00,0.0,16,-23.605591,-46.836015
1785631133100,74.8,0.00,0.00,0.00,0.0,16,-23.605609,-46.836009
1785631133100,74.5,0.00,0.00,0.00,0.0,16,-23.605609,-46.836009
1785631133300,74.2,0.00,0.00,0.00,0.0,16,-23.605644,-46.835998
1785631133400,73.6,0.00,0.00,0.00,0.0,16,-23.605661,-46.835994
1785631133600,73.2,0.00,0.00,0.00,0.0,16,-23.605697,-46.835985
1785631133700,73.2,0.00,0.00,0.00,0.0,16,-23.605714,-46.835982
1785631133700,72.5,0.00,0.00,0.00,0.0,16,-23.605714,-46.835982
1785631133900,72.5,0.00,0.00,0.00,0.0,16,-23.605748,-46.835976
1785631133900,72.0,0.00,0.00,0.00,0.0,16,-23.605748,-46.835976
1785631134000,71.2,0.00,0.00,0.00,0.0,16,-23.605765,-46.835975
1785631134200,70.6,0.00,0.00,0.00,0.0,16,-23.605799,-46.835973
1785631134300,69.4,0.00,0.00,0.00,0.0,16,-23.605815,-46.835976
1785631134500,68.3,0.00,0.00,0.00,0.0,16,-23.605847,-46.835977
1785631134700,67.5,0.00,0.00,0.00,0.0,16,-23.605879,-46.835982
1785631134800,64.7,0.00,0.00,0.00,0.0,16,-23.605890,-46.835993
1785631135000,62.5,0.00,0.00,0.00,0.0,16,-23.605917,-46.836002
1785631135100,60.6,0.00,0.00,0.00,0.0,16,-23.605927,-46.836012
1785631135300,58.8,0.00,0.00,0.00,0.0,16,-23.605952,-46.836024
1785631135500,56.2,0.00,0.00,0.00,0.0,16,-23.605971,-46.836043
1785631135600,54.5,0.00,0.00,0.00,0.0,16,-23.605976,-46.836058
1785631135800,52.9,0.00,0.00,0.00,0.0,16,-23.605994,-46.836077
1785631136000,51.3,0.00,0.00,0.00,0.0,16,-23.606009,-46.836099
1785631136100,47.8,0.00,0.00,0.00,0.0,16,-23.606004,-46.836120
1785631136300,45.4,0.00,0.00,0.00,0.0,16,-23.606008,-46.836147
1785631136500,44.6,0.00,0.00,0.00,0.0,16,-23.606009,-46.836179
1785631136600,45.8,0.00,0.00,0.00,0.0,16,-23.606002,-46.836204
1785631136800,47.7,0.00,0.00,0.00,0.0,16,-23.605996,-46.836247
1785631137000,47.7,0.00,0.00,0.00,0.0,16,-23.605989,-46.836292
1785631137000,52.4,0.00,0.00,0.00,0.0,16,-23.605989,-46.836292
1785631137100,52.9,0.00,0.00,0.00,0.0,16,-23.605989,-46.836311
1785631137300,52.9,0.00,0.00,0.00,0.0,16,-23.605998,-46.836343
1785631137300,54.5,0.00,0.00,0.00,0.0,16,-23.605998,-46.836343
1785631137400,55.3,0.00,0.00,0.00,0.0,16,-23.606001,-46.836360
1785631137600,56.1,0.00,0.00,0.00,0.0,16,-23.606011,-46.836391
1785631137800,57.2,0.00,0.00,0.00,0.0,16,-23.606020,-46.836424
1785631137900,57.2,0.00,0.00,0.00,0.0,16,-23.606024,-46.836443
1785631137900,58.1,0.00,0.00,0.00,0.0,16,-23.606024,-46.836443
1785631138100,58.1,0.00,0.00,0.00,0.0,16,-23.606034,-46.836477
1785631138100,59.3,0.00,0.00,0.00,0.0,16,-23.606034,-46.836477
1785631138300,60.3,0.00,0.00,0.00,0.0,16,-23.606044,-46.836511
1785631138500,60.7,0.00,0.00,0.00,0.0,16,-23.606053,-46.836546
1785631138600,61.3,0.00,0.00,0.00,0.0,16,-23.606056,-46.836566
1785631138800,61.3,0.00,0.00,0.00,0.0,16,-23.606064,-46.836601
1785631138800,61.2,0.00,0.00,0.00,0.0,16,-23.606064,-46.836601
1785631139000,60.7,0.00,0.00,0.00,0.0,16,-23.606071,-46.836636
1785631139200,60.3,0.00,0.00,0.00,0.0,16,-23.606078,-46.836670
1785631139300,60.0,0.00,0.00,0.00,0.0,16,-23.606078,-46.836690
1785631139500,59.6,0.00,0.00,0.00,0.0,16,-23.606082,-46.836725
1785631139600,59.4,0.00,0.00,0.00,0.0,16,-23.606078,-46.836745
1785631139800,58.7,0.00,0.00,0.00,0.0,16,-23.606077,-46.836781
1785631139900,58.4,0.00,0.00,0.00,0.0,17,-23.606071,-46.836801
1785631140100,58.4,0.00,0.00,0.00,0.0,17,-23.606066,-46.836836
1785631140100,58.2,0.00,0.00,0.00,0.0,17,-23.606066,-46.836836
1785631140200,58.2,0.00,0.00,0.00,0.0,17,-23.606054,-46.836856
1785631140300,58.6,0.00,0.00,0.00,0.0,17,-23.606041,-46.836876
1785631140500,60.0,0.00,0.00,0.00,0.0,17,-23.606025,-46.836913
1785631140600,59.6,0.00,0.00,0.00,0.0,17,-23.606009,-46.836931
1785631140800,60.7,0.00,0.00,0.00,0.0,17,-23.605983,-46.836967
1785631140900,61.3,0.00,0.00,0.00,0.0,17,-23.605965,-46.836985
1785631141100,62.5,0.00,0.00,0.00,0.0,17,-23.605939,-46.837018
1785631141200,62.5,0.00,0.00,0.00,0.0,17,-23.605916,-46.837033
1785631141200,63.2,0.00,0.00,0.00,0.0,17,-23.605916,-46.837033
1785631141400,63.0,0.00,0.00,0.00,0.0,17,-23.605891,-46.837064
1785631141500,62.8,0.00,0.00,0.00,0.0,17,-23.605871,-46.837078
1785631141700,62.9,0.00,0.00,0.00,0.0,17,-23.605840,-46.837103
1785631141900,62.4,0.00,0.00,0.00,0.0,17,-23.605809,-46.837126
1785631142000,62.8,0.00,0.00,0.00,0.0,17,-23.605789,-46.837137
1785631142200,62.9,0.00,0.00,0.00,0.0,17,-23.605753,-46.837157
1785631142300,62.9,0.00,0.00,0.00,0.0,17,-23.605724,-46.837161
1785631142300,63.0,0.00,0.00,0.00,0.0,17,-23.605724,-46.837161
1785631142500,64.5,0.00,0.00,0.00,0.0,17,-23.605677,-46.837170
1785631142600,64.6,0.00,0.00,0.00,0.0,17,-23.605653,-46.837178
1785631142800,64.6,0.00,0.00,0.00,0.0,17,-23.605612,-46.837190
1785631142800,65.4,0.00,0.00,0.00,0.0,17,-23.605612,-46.837190
1785631142900,66.0,0.00,0.00,0.00,0.0,17,-23.605585,-46.837191
1785631143100,66.4,0.00,0.00,0.00,0.0,17,-23.605544,-46.837201
1785631143200,66.4,0.00,0.00,0.00,0.0,17,-23.605517,-46.837201
1785631143400,66.4,0.00,0.00,0.00,0.0,17,-23.605470,-46.837200
1785631143400,67.1,0.00,0.00,0.00,0.0,17,-23.605470,-46.837200
1785631143500,67.7,0.00,0.00,0.00,0.0,17,-23.605444,-46.837202
1785631143700,67.9,0.00,0.00,0.00,0.0,17,-23.605402,-46.837208
1785631143800,67.9,0.00,0.00,0.00,0.0,17,-23.605379,-46.837213
1785631143800,68.0,0.00,0.00,0.00,0.0,17,-23.605379,-46.837213
1785631144000,68.0,0.00,0.00,0.00,0.0,17,-23.605339,-46.837221
1785631144000,67.8,0.00,0.00,0.00,0.0,17,-23.605339,-46.837221
1785631144100,67.7,0.00,0.00,0.00,0.0,17,-23.605316,-46.837224
1785631144300,67.6,0.00,0.00,0.00,0.0,17,-23.605277,-46.837231
1785631144500,67.6,0.00,0.00,0.00,0.0,17,-23.605238,-46.837237
1785631144700,67.6,0.00,0.00,0.00,0.0,17,-23.605199,-46.837241
1785631144800,67.0,0.00,0.00,0.00,0.0,17,-23.605176,-46.837240
1785631145000,67.2,0.00,0.00,0.00,0.0,17,-23.605137,-46.837241
1785631145200,67.2,0.00,0.00,0.00,0.0,17,-23.605099,-46.837240
1785631145200,67.1,0.00,0.00,0.00,0.0,17,-23.605099,-46.837240
1785631145400,67.6,0.00,0.00,0.00,0.0,17,-23.605059,-46.837236
1785631145500,68.1,0.00,0.00,0.00,0.0,17,-23.605038,-46.837230
1785631145700,68.1,0.00,0.00,0.00,0.0,17,-23.605000,-46.837221
1785631145700,68.9,0.00,0.00,0.00,0.0,17,-23.605000,-46.837221
1785631145800,69.5,0.00,0.00,0.00,0.0,17,-23.604980,-46.837212
1785631145900,69.9,0.00,0.00,0.00,0.0,17,-23.604959,-46.837200
1785631146100,70.5,0.00,0.00,0.00,0.0,17,-23.604923,-46.837184
1785631146200,70.5,0.00,0.00,0.00,0.0,17,-23.604906,-46.837171
1785631146200,70.2,0.00,0.00,0.00,0.0,17,-23.604906,-46.837171
1785631146400,69.1,0.00,0.00,0.00,0.0,17,-23.604874,-46.837152
1785631146500,68.3,0.00,0.00,0.00,0.0,17,-23.604858,-46.837139
1785631146600,67.7,0.00,0.00,0.00,0.0,17,-23.604844,-46.837125
1785631146700,67.1,0.00,0.00,0.00,0.0,17,-23.604829,-46.837111
1785631146900,66.7,0.00,0.00,0.00,0.0,17,-23.604801,-46.837089
1785631147000,66.1,0.00,0.00,0.00,0.0,17,-23.604788,-46.837074
1785631147100,65.4,0.00,0.00,0.00,0.0,17,-23.604775,-46.837060
1785631147300,64.1,0.00,0.00,0.00,0.0,17,-23.604750,-46.837037
1785631147400,64.1,0.00,0.00,0.00,0.0,17,-23.604739,-46.837023
1785631147400,63.2,0.00,0.00,0.00,0.0,17,-23.604739,-46.837023
1785631147500,62.2,0.00,0.00,0.00,0.0,17,-23.604729,-46.837008
1785631147700,61.3,0.00,0.00,0.00,0.0,17,-23.604707,-46.836984
1785631147800,59.9,0.00,0.00,0.00,0.0,17,-23.604699,-46.836970
1785631147900,58.5,0.00,0.00,0.00,0.0,17,-23.604692,-46.836956
1785631148000,57.0,0.00,0.00,0.00,0.0,17,-23.604686,-46.836942
1785631148200,54.9,0.00,0.00,0.00,0.0,17,-23.604672,-46.836919
1785631148300,52.7,0.00,0.00,0.00,0.0,17,-23.604670,-46.836906
1785631148400,50.5,0.00,0.00,0.00,0.0,17,-23.604670,-46.836892
1785631148500,48.3,0.00,0.00,0.00,0.0,17,-23.604673,-46.836878
1785631148700,46.1,0.00,0.00,0.00,0.0,17,-23.604673,-46.836853
1785631148800,44.4,0.00,0.00,0.00,0.0,17,-23.604682,-46.836838
1785631148900,43.3,0.00,0.00,0.00,0.0,17,-23.604695,-46.836823
1785631149000,41.4,0.00,0.00,0.00,0.0,17,-23.604706,-46.836811
1785631149200,38.0,0.00,0.00,0.00,0.0,17,-23.604715,-46.836792
1785631149300,35.2,0.00,0.00,0.00,0.0,17,-23.604726,-46.836785
1785631149400,33.2,0.00,0.00,0.00,0.0,17,-23.604738,-46.836779
1785631149500,30.6,0.00,0.00,0.00,0.0,17,-23.604749,-46.836774
1785631149700,27.8,0.00,0.00,0.00,0.0,17,-23.604763,-46.836764
1785631149800,24.7,0.00,0.00,0.00,0.0,17,-23.604779,-46.836765
1785631149900,23.4,0.00,0.00,0.00,0.0,17,-23.604791,-46.836764
1785631150100,21.9,0.00,0.00,0.00,0.0,17,-23.604805,-46.836758
1785631150200,20.7,0.00,0.00,0.00,0.0,17,-23.604816,-46.836759
1785631150400,19.2,0.00,0.00,0.00,0.0,17,-23.604829,-46.836758
1785631150500,18.0,0.00,0.00,0.00,0.0,17,-23.604838,-46.836762
1785631150700,15.9,0.00,0.00,0.00,0.0,17,-23.604851,-46.836767
1785631150800,15.9,0.00,0.00,0.00,0.0,17,-23.604861,-46.836778
1785631150800,15.3,0.00,0.00,0.00,0.0,17,-23.604861,-46.836778
1785631151000,18.1,0.00,0.00,0.00,0.0,17,-23.604877,-46.836786
1785631151200,23.9,0.00,0.00,0.00,0.0,17,-23.604901,-46.836803
1785631151400,23.9,0.00,0.00,0.00,0.0,17,-23.604928,-46.836822
1785631151400,29.3,0.00,0.00,0.00,0.0,17,-23.604928,-46.836822
1785631151600,34.3,0.00,0.00,0.00,0.0,17,-23.604958,-46.836843
1785631151800,35.5,0.00,0.00,0.00,0.0,17,-23.604980,-46.836853
1785631152000,35.5,0.00,0.00,0.00,0.0,17,-23.605002,-46.836861
1785631152000,35.7,0.00,0.00,0.00,0.0,17,-23.605002,-46.836861
1785631152200,35.7,0.00,0.00,0.00,0.0,17,-23.605025,-46.836868
1785631152300,35.9,0.00,0.00,0.00,0.0,17,-23.605039,-46.836872
1785631152500,36.2,0.00,0.00,0.00,0.0,17,-23.605062,-46.836877
1785631152700,36.7,0.00,0.00,0.00,0.0,17,-23.605085,-46.836879
1785631152900,36.7,0.00,0.00,0.00,0.0,17,-23.605109,-46.836879
1785631152900,37.7,0.00,0.00,0.00,0.0,17,-23.605109,-46.836879
1785631153000,39.2,0.00,0.00,0.00,0.0,17,-23.605124,-46.836875
1785631153200,41.3,0.00,0.00,0.00,0.0,17,-23.605149,-46.836867
1785631153400,41.3,0.00,0.00,0.00,0.0,17,-23.605171,-46.836857
1785631153400,40.9,0.00,0.00,0.00,0.0,17,-23.605171,-46.836857
1785631153600,40.5,0.00,0.00,0.00,0.0,17,-23.605189,-46.836843
1785631153800,40.0,0.00,0.00,0.00,0.0,17,-23.605206,-46.836825
1785631153900,40.0,0.00,0.00,0.00,0.0,17,-23.605211,-46.836809
1785631154100,40.0,0.00,0.00,0.00,0.0,17,-23.605222,-46.836782
1785631154100,41.0,0.00,0.00,0.00,0.0,17,-23.605222,-46.836782
1785631154200,43.3,0.00,0.00,0.00,0.0,17,-23.605222,-46.836758
1785631154400,48.0,0.00,0.00,0.00,0.0,17,-23.605223,-46.836716
1785631154500,49.3,0.00,0.00,0.00,0.0,17,-23.605226,-46.836696
1785631154700,49.1,0.00,0.00,0.00,0.0,17,-23.605237,-46.836668
1785631154800,49.1,0.00,0.00,0.00,0.0,17,-23.605243,-46.836654
1785631155000,49.1,0.00,0.00,0.00,0.0,17,-23.605256,-46.836629
1785631155000,49.4,0.00,0.00,0.00,0.0,17,-23.605256,-46.836629
1785631155100,49.5,0.00,0.00,0.00,0.0,17,-23.605263,-46.836616
1785631155300,49.3,0.00,0.00,0.00,0.0,17,-23.605277,-46.836593
1785631155400,49.0,0.00,0.00,0.00,0.0,17,-23.605284,-46.836582
1785631155600,48.1,0.00,0.00,0.00,0.0,17,-23.605298,-46.836561
1785631155700,47.2,0.00,0.00,0.00,0.0,17,-23.605306,-46.836552
1785631155800,46.5,0.00,0.00,0.00,0.0,17,-23.605314,-46.836543
1785631156000,45.6,0.00,0.00,0.00,0.0,17,-23.605328,-46.836525
1785631156100,45.6,0.00,0.00,0.00,0.0,17,-23.605335,-46.836517
1785631156100,44.3,0.00,0.00,0.00,0.0,17,-23.605335,-46.836517
1785631156200,42.9,0.00,0.00,0.00,0.0,17,-23.605342,-46.836511
1785631156300,41.4,0.00,0.00,0.00,0.0,17,-23.605349,-46.836506
1785631156500,39.2,0.00,0.00,0.00,0.0,17,-23.605363,-46.836495
1785631156600,36.7,0.00,0.00,0.00,0.0,17,-23.605369,-46.836493
1785631156700,34.1,0.00,0.00,0.00,0.0,17,-23.605376,-46.836493
1785631156800,31.7,0.00,0.00,0.00,0.0,17,-23.605382,-46.836494
1785631157000,31.7,0.00,0.00,0.00,0.0,17,-23.605394,-46.836492
1785631157000,29.3,0.00,0.00,0.00,0.0,17,-23.605394,-46.836492
1785631157100,27.1,0.00,0.00,0.00,0.0,17,-23.605401,-46.836497
1785631157200,24.7,0.00,0.00,0.00,0.0,17,-23.605406,-46.836508
1785631157400,23.6,0.00,0.00,0.00,0.0,17,-23.605418,-46.836519
1785631157500,23.8,0.00,0.00,0.00,0.0,17,-23.605425,-46.836534
1785631157600,25.2,0.00,0.00,0.00,0.0,17,-23.605431,-46.836551
1785631157700,29.8,0.00,0.00,0.00,0.0,17,-23.605436,-46.836583
1785631157800,32.5,0.00,0.00,0.00,0.0,17,-23.605436,-46.836609
1785631158000,38.9,0.00,0.00,0.00,0.0,17,-23.605439,-46.836653
1785631158100,44.0,0.00,0.00,0.00,0.0,17,-23.605450,-46.836678
1785631158200,44.6,0.00,0.00,0.00,0.0,17,-23.605456,-46.836695
1785631158300,45.1,0.00,0.00,0.00,0.0,17,-23.605463,-46.836712
1785631158500,44.7,0.00,0.00,0.00,0.0,17,-23.605474,-46.836739
1785631158600,44.7,0.00,0.00,0.00,0.0,17,-23.605480,-46.836754
1785631158700,44.7,0.00,0.00,0.00,0.0,17,-23.605487,-46.836769
1785631158900,44.8,0.00,0.00,0.00,0.0,17,-23.605501,-46.836794
1785631159000,44.8,0.00,0.00,0.00,0.0,17,-23.605510,-46.836807
1785631159000,44.6,0.00,0.00,0.00,0.0,17,-23.605510,-46.836807
1785631159100,44.6,0.00,0.00,0.00,0.0,17,-23.605518,-46.836820
1785631159300,43.2,0.00,0.00,0.00,0.0,17,-23.605534,-46.836841
1785631159400,42.6,0.00,0.00,0.00,0.0,17,-23.605544,-46.836852
1785631159500,42.6,0.00,0.00,0.00,0.0,17,-23.605554,-46.836862
1785631159500,41.9,0.00,0.00,0.00,0.0,17,-23.605554,-46.836862
1785631159700,41.1,0.00,0.00,0.00,0.0,17,-23.605570,-46.836880
1785631159800,40.3,0.00,0.00,0.00,0.0,17,-23.605580,-46.836887
1785631159900,39.2,0.00,0.00,0.00,0.0,17,-23.605590,-46.836892
1785631160000,38.8,0.00,0.00,0.00,0.0,17,-23.605601,-46.836897
1785631160200,37.8,0.00,0.00,0.00,0.0,17,-23.605618,-46.836907
1785631160300,36.8,0.00,0.00,0.00,0.0,17,-23.605628,-46.836908
1785631160400,35.5,0.00,0.00,0.00,0.0,17,-23.605638,-46.836907
1785631160600,34.3,0.00,0.00,0.00,0.0,17,-23.605657,-46.836899
1785631160600,34.3,0.00,0.00,0.00,0.0,17,-23.605657,-46.836899
1785631160600,33.2,0.00,0.00,0.00,0.0,17,-23.605657,-46.836899
1785631160900,32.6,0.00,0.00,0.00,0.0,17,-23.605689,-46.836875
1785631160900,33.2,0.00,0.00,0.00,0.0,17,-23.605689,-46.836875
1785631161000,33.2,0.00,0.00,0.00,0.0,17,-23.605700,-46.836860
1785631161000,33.8,0.00,0.00,0.00,0.0,17,-23.605700,-46.836860
1785631161100,33.4,0.00,0.00,0.00,0.0,17,-23.605708,-46.836838
1785631161200,33.6,0.00,0.00,0.00,0.0,17,-23.605714,-46.836818
1785631161300,32.9,0.00,0.00,0.00,0.0,17,-23.605716,-46.836803
1785631161400,32.7,0.00,0.00,0.00,0.0,17,-23.605719,-46.836787
1785631161600,32.1,0.00,0.00,0.00,0.0,17,-23.605728,-46.836765
1785631161700,32.0,0.00,0.00,0.00,0.0,17,-23.605729,-46.836746
1785631161800,32.2,0.00,0.00,0.00,0.0,17,-23.605728,-46.836728
1785631161900,32.7,0.00,0.00,0.00,0.0,17,-23.605726,-46.836710
1785631162000,33.5,0.00,0.00,0.00,0.0,17,-23.605724,-46.836691
1785631162100,34.5,0.00,0.00,0.00,0.0,17,-23.605721,-46.836672
1785631162200,34.5,0.00,0.00,0.00,0.0,17,-23.605719,-46.836654
1785631162200,35.7,0.00,0.00,0.00,0.0,17,-23.605719,-46.836654
1785631162300,36.7,0.00,0.00,0.00,0.0,17,-23.605715,-46.836636
1785631162400,38.3,0.00,0.00,0.00,0.0,17,-23.605711,-46.836618
1785631162500,39.7,0.00,0.00,0.00,0.0,17,-23.605707,-46.836600
1785631162700,42.3,0.00,0.00,0.00,0.0,17,-23.605696,-46.836568
1785631162800,45.5,0.00,0.00,0.00,0.0,17,-23.605688,-46.836546
1785631162900,49.0,0.00,0.00,0.00,0.0,17,-23.605679,-46.836524
1785631163000,50.3,0.00,0.00,0.00,0.0,17,-23.605674,-46.836506
1785631163100,50.2,0.00,0.00,0.00,0.0,17,-23.605670,-46.836491
1785631163300,50.2,0.00,0.00,0.00,0.0,17,-23.605663,-46.836462
1785631163400,50.3,0.00,0.00,0.00,0.0,17,-23.605659,-46.836447
1785631163500,50.3,0.00,0.00,0.00,0.0,17,-23.605656,-46.836431
1785631163600,50.3,0.00,0.00,0.00,0.0,17,-23.605652,-46.836416
1785631163700,50.4,0.00,0.00,0.00,0.0,17,-23.605648,-46.836402
1785631163800,50.2,0.00,0.00,0.00,0.0,17,-23.605644,-46.836388
1785631163900,49.9,0.00,0.00,0.00,0.0,17,-23.605639,-46.836374
1785631164100,49.6,0.00,0.00,0.00,0.0,17,-23.605630,-46.836349
1785631164200,49.2,0.00,0.00,0.00,0.0,17,-23.605625,-46.836337
1785631164300,49.0,0.00,0.00,0.00,0.0,17,-23.605619,-46.836325
1785631164400,48.8,0.00,0.00,0.00,0.0,17,-23.605614,-46.836314
1785631164500,48.7,0.00,0.00,0.00,0.0,17,-23.605608,-46.836303
1785631164600,48.6,0.00,0.00,0.00,0.0,17,-23.605602,-46.836291
1785631164800,48.6,0.00,0.00,0.00,0.0,17,-23.605590,-46.836269
1785631164900,48.5,0.00,0.00,0.00,0.0,17,-23.605583,-46.836258
1785631165000,48.2,0.00,0.00,0.00,0.0,17,-23.605576,-46.836249
1785631165100,47.9,0.00,0.00,0.00,0.0,17,-23.605568,-46.836239
1785631165200,47.7,0.00,0.00,0.00,0.0,17,-23.605560,-46.836230
1785631165300,47.1,0.00,0.00,0.00,0.0,17,-23.605552,-46.836222
1785631165500,46.1,0.00,0.00,0.00,0.0,17,-23.605537,-46.836203
1785631165700,45.0,0.00,0.00,0.00,0.0,17,-23.605519,-46.836191
1785631165700,44.0,0.00,0.00,0.00,0.0,17,-23.605519,-46.836191
1785631165800,42.9,0.00,0.00,0.00,0.0,17,-23.605510,-46.836186
1785631165900,41.7,0.00,0.00,0.00,0.0,17,-23.605499,-46.836183
1785631166000,40.1,0.00,0.00,0.00,0.0,17,-23.605487,-46.836183
1785631166200,38.5,0.00,0.00,0.00,0.0,17,-23.605468,-46.836177
1785631166300,37.2,0.00,0.00,0.00,0.0,17,-23.605454,-46.836182
1785631166500,36.4,0.00,0.00,0.00,0.0,17,-23.605420,-46.836202
1785631166500,36.8,0.00,0.00,0.00,0.0,17,-23.605420,-46.836202
1785631166600,38.3,0.00,0.00,0.00,0.0,17,-23.605399,-46.836218
1785631166700,42.6,0.00,0.00,0.00,0.0,17,-23.605373,-46.836242
1785631166800,49.3,0.00,0.00,0.00,0.0,17,-23.605342,-46.836271
1785631166900,55.4,0.00,0.00,0.00,0.0,17,-23.605312,-46.836297
1785631167100,55.4,0.00,0.00,0.00,0.0,17,-23.605280,-46.836315
1785631167100,56.7,0.00,0.00,0.00,0.0,17,-23.605280,-46.836315
1785631167200,56.5,0.00,0.00,0.00,0.0,17,-23.605262,-46.836324
1785631167300,56.9,0.00,0.00,0.00,0.0,17,-23.605245,-46.836334
1785631167500,57.0,0.00,0.00,0.00,0.0,17,-23.605210,-46.836353
1785631167500,57.1,0.00,0.00,0.00,0.0,17,-23.605210,-46.836353
1785631167600,57.1,0.00,0.00,0.00,0.0,17,-23.605193,-46.836362
1785631167800,57.2,0.00,0.00,0.00,0.0,17,-23.605161,-46.836378
1785631167800,57.2,0.00,0.00,0.00,0.0,17,-23.605161,-46.836378
1785631167900,57.4,0.00,0.00,0.00,0.0,17,-23.605145,-46.836386
1785631168000,57.4,0.00,0.00,0.00,0.0,17,-23.605129,-46.836394
1785631168200,57.5,0.00,0.00,0.00,0.0,17,-23.605100,-46.836406
1785631168400,57.5,0.00,0.00,0.00,0.0,17,-23.605069,-46.836420
1785631168500,57.6,0.00,0.00,0.00,0.0,17,-23.605053,-46.836427
1785631168500,57.7,0.00,0.00,0.00,0.0,17,-23.605053,-46.836427
1785631168600,58.1,0.00,0.00,0.00,0.0,17,-23.605037,-46.836434
1785631168700,58.4,0.00,0.00,0.00,0.0,17,-23.605021,-46.836441
1785631168800,58.8,0.00,0.00,0.00,0.0,17,-23.605006,-46.836446
1785631169000,59.2,0.00,0.00,0.00,0.0,17,-23.604976,-46.836457
1785631169100,59.5,0.00,0.00,0.00,0.0,16,-23.604961,-46.836463
1785631169200,59.7,0.00,0.00,0.00,0.0,16,-23.604946,-46.836468
1785631169300,59.8,0.00,0.00,0.00,0.0,16,-23.604931,-46.836474
1785631169400,59.8,0.00,0.00,0.00,0.0,16,-23.604916,-46.836479
1785631169500,60.1,0.00,0.00,0.00,0.0,16,-23.604901,-46.836485
1785631169700,60.2,0.00,0.00,0.00,0.0,16,-23.604872,-46.836495
1785631169800,60.4,0.00,0.00,0.00,0.0,16,-23.604857,-46.836501
1785631169900,60.5,0.00,0.00,0.00,0.0,16,-23.604842,-46.836507
1785631170000,60.7,0.00,0.00,0.00,0.0,16,-23.604827,-46.836512
1785631170100,60.8,0.00,0.00,0.00,0.0,16,-23.604813,-46.836518
1785631170300,61.1,0.00,0.00,0.00,0.0,16,-23.604784,-46.836530
1785631170400,61.4,0.00,0.00,0.00,0.0,16,-23.604769,-46.836536
1785631170500,61.7,0.00,0.00,0.00,0.0,16,-23.604754,-46.836542
1785631170600,61.9,0.00,0.00,0.00,0.0,16,-23.604740,-46.836549
1785631170700,62.2,0.00,0.00,0.00,0.0,16,-23.604725,-46.836556
1785631170800,62.5,0.00,0.00,0.00,0.0,16,-23.604710,-46.836563
1785631171000,62.9,0.00,0.00,0.00,0.0,16,-23.604681,-46.836578
1785631171000,63.4,0.00,0.00,0.00,0.0,16,-23.604681,-46.836578
1785631171200,63.7,0.00,0.00,0.00,0.0,16,-23.604652,-46.836594
1785631171200,64.1,0.00,0.00,0.00,0.0,16,-23.604652,-46.836594
1785631171300,64.1,0.00,0.00,0.00,0.0,16,-23.604637,-46.836602
1785631171500,64.3,0.00,0.00,0.00,0.0,16,-23.604609,-46.836619
1785631171500,64.1,0.00,0.00,0.00,0.0,16,-23.604609,-46.836619
1785631171600,64.1,0.00,0.00,0.00,0.0,16,-23.604596,-46.836628
1785631171700,63.8,0.00,0.00,0.00,0.0,16,-23.604582,-46.836637
1785631171800,63.8,0.00,0.00,0.00,0.0,16,-23.604568,-46.836646
1785631171900,63.6,0.00,0.00,0.00,0.0,16,-23.604555,-46.836655
1785631172000,63.3,0.00,0.00,0.00,0.0,16,-23.604541,-46.836664
1785631172100,62.9,0.00,0.00,0.00,0.0,16,-23.604528,-46.836674
1785631172300,62.4,0.00,0.00,0.00,0.0,16,-23.604502,-46.836691
1785631172400,61.8,0.00,0.00,0.00,0.0,16,-23.604489,-46.836701
1785631172500,61.8,0.00,0.00,0.00,0.0,16,-23.604477,-46.836711
1785631172500,61.3,0.00,0.00,0.00,0.0,16,-23.604477,-46.836711
1785631172600,60.7,0.00,0.00,0.00,0.0,16,-23.604466,-46.836721
1785631172700,60.7,0.00,0.00,0.00,0.0,16,-23.604455,-46.836732
1785631172700,60.0,0.00,0.00,0.00,0.0,16,-23.604455,-46.836732
1785631172800,59.3,0.00,0.00,0.00,0.0,16,-23.604445,-46.836743
1785631172900,58.5,0.00,0.00,0.00,0.0,16,-23.604435,-46.836754
1785631173000,57.7,0.00,0.00,0.00,0.0,16,-23.604427,-46.836766
1785631173200,56.3,0.00,0.00,0.00,0.0,17,-23.604408,-46.836787
1785631173300,54.9,0.00,0.00,0.00,0.0,17,-23.604402,-46.836799
1785631173400,53.2,0.00,0.00,0.00,0.0,17,-23.604398,-46.836813
1785631173600,51.4,0.00,0.00,0.00,0.0,17,-23.604385,-46.836835
1785631173700,49.6,0.00,0.00,0.00,0.0,17,-23.604384,-46.836849
1785631173800,49.6,0.00,0.00,0.00,0.0,17,-23.604383,-46.836863
1785631173800,48.1,0.00,0.00,0.00,0.0,17,-23.604383,-46.836863
1785631173900,48.1,0.00,0.00,0.00,0.0,17,-23.604385,-46.836878
1785631174100,45.2,0.00,0.00,0.00,0.0,17,-23.604383,-46.836903
1785631174200,43.8,0.00,0.00,0.00,0.0,17,-23.604388,-46.836918
1785631174300,43.8,0.00,0.00,0.00,0.0,17,-23.604396,-46.836934
1785631174300,42.7,0.00,0.00,0.00,0.0,17,-23.604396,-46.836934
1785631174500,41.3,0.00,0.00,0.00,0.0,17,-23.604404,-46.836959
1785631174600,40.5,0.00,0.00,0.00,0.0,17,-23.604422,-46.836975
1785631174700,41.3,0.00,0.00,0.00,0.0,17,-23.604440,-46.836992
1785631174900,59.3,0.00,0.00,0.00,0.0,17,-23.604498,-46.837063
1785631175000,59.3,0.00,0.00,0.00,0.0,17,-23.604520,-46.837095
1785631175000,64.0,0.00,0.00,0.00,0.0,17,-23.604520,-46.837095
1785631175200,64.0,0.00,0.00,0.00,0.0,17,-23.604536,-46.837130
1785631175300,63.9,0.00,0.00,0.00,0.0,17,-23.604548,-46.837149
1785631175400,63.7,0.00,0.00,0.00,0.0,17,-23.604559,-46.837167
1785631175600,63.6,0.00,0.00,0.00,0.0,17,-23.604576,-46.837203
1785631175700,63.6,0.00,0.00,0.00,0.0,16,-23.604588,-46.837224
1785631175700,63.2,0.00,0.00,0.00,0.0,16,-23.604588,-46.837224
1785631175800,63.1,0.00,0.00,0.00,0.0,17,-23.604600,-46.837246
1785631176000,63.2,0.00,0.00,0.00,0.0,17,-23.604616,-46.837286
1785631176200,63.3,0.00,0.00,0.00,0.0,17,-23.604630,-46.837328
1785631176300,63.5,0.00,0.00,0.00,0.0,17,-23.604640,-46.837355
1785631176500,64.0,0.00,0.00,0.00,0.0,17,-23.604647,-46.837397
1785631176700,64.0,0.00,0.00,0.00,0.0,17,-23.604643,-46.837437
1785631176700,65.2,0.00,0.00,0.00,0.0,17,-23.604643,-46.837437
1785631176900,64.7,0.00,0.00,0.00,0.0,17,-23.604635,-46.837474
1785631177000,63.4,0.00,0.00,0.00,0.0,17,-23.604626,-46.837491
1785631177200,63.4,0.00,0.00,0.00,0.0,17,-23.604615,-46.837523
1785631177200,62.4,0.00,0.00,0.00,0.0,17,-23.604615,-46.837523
1785631177400,61.2,0.00,0.00,0.00,0.0,17,-23.604600,-46.837553
1785631177500,59.7,0.00,0.00,0.00,0.0,17,-23.604585,-46.837564
1785631177600,59.7,0.00,0.00,0.00,0.0,17,-23.604567,-46.837571
1785631177600,58.5,0.00,0.00,0.00,0.0,17,-23.604567,-46.837571
1785631177800,56.6,0.00,0.00,0.00,0.0,17,-23.604544,-46.837590
1785631177900,54.5,0.00,0.00,0.00,0.0,17,-23.604528,-46.837594
1785631178100,52.0,0.00,0.00,0.00,0.0,17,-23.604505,-46.837607
1785631178200,49.8,0.00,0.00,0.00,0.0,17,-23.604487,-46.837605
1785631178400,47.7,0.00,0.00,0.00,0.0,17,-23.604460,-46.837610
1785631178500,47.7,0.00,0.00,0.00,0.0,17,-23.604440,-46.837601
1785631178500,46.0,0.00,0.00,0.00,0.0,17,-23.604440,-46.837601
1785631178700,45.3,0.00,0.00,0.00,0.0,17,-23.604410,-46.837597
1785631178800,45.3,0.00,0.00,0.00,0.0,17,-23.604390,-46.837584
1785631178900,45.0,0.00,0.00,0.00,0.0,17,-23.604371,-46.837570
1785631179100,46.7,0.00,0.00,0.00,0.0,17,-23.604336,-46.837546
1785631179200,46.0,0.00,0.00,0.00,0.0,17,-23.604322,-46.837530
1785631179300,45.3,0.00,0.00,0.00,0.0,17,-23.604312,-46.837514
1785631179500,43.4,0.00,0.00,0.00,0.0,17,-23.604293,-46.837496
1785631179600,43.4,0.00,0.00,0.00,0.0,17,-23.604285,-46.837482
1785631179600,42.2,0.00,0.00,0.00,0.0,17,-23.604285,-46.837482
1785631179700,41.0,0.00,0.00,0.00,0.0,17,-23.604280,-46.837468
1785631179800,40.3,0.00,0.00,0.00,0.0,17,-23.604275,-46.837454
1785631180000,39.8,0.00,0.00,0.00,0.0,17,-23.604263,-46.837436
1785631180100,39.2,0.00,0.00,0.00,0.0,17,-23.604259,-46.837423
1785631180200,38.9,0.00,0.00,0.00,0.0,17,-23.604257,-46.837411
1785631180300,38.3,0.00,0.00,0.00,0.0,17,-23.604255,-46.837399
1785631180500,38.3,0.00,0.00,0.00,0.0,17,-23.604248,-46.837379
1785631180500,37.4,0.00,0.00,0.00,0.0,17,-23.604248,-46.837379
1785631180600,36.5,0.00,0.00,0.00,0.0,17,-23.604247,-46.837368
1785631180700,35.7,0.00,0.00,0.00,0.0,17,-23.604247,-46.837356
1785631180800,35.0,0.00,0.00,0.00,0.0,17,-23.604248,-46.837345
1785631181000,34.2,0.00,0.00,0.00,0.0,17,-23.604247,-46.837324
1785631181100,33.6,0.00,0.00,0.00,0.0,17,-23.604253,-46.837311
1785631181200,34.9,0.00,0.00,0.00,0.0,17,-23.604260,-46.837296
1785631181300,36.6,0.00,0.00,0.00,0.0,17,-23.604270,-46.837280
1785631181500,43.8,0.00,0.00,0.00,0.0,17,-23.604293,-46.837246
1785631181600,43.8,0.00,0.00,0.00,0.0,17,-23.604300,-46.837229
1785631181600,46.5,0.00,0.00,0.00,0.0,17,-23.604300,-46.837229
1785631181700,46.5,0.00,0.00,0.00,0.0,17,-23.604305,-46.837215
1785631181800,46.6,0.00,0.00,0.00,0.0,17,-23.604309,-46.837201
1785631182000,46.5,0.00,0.00,0.00,0.0,17,-23.604316,-46.837173
1785631182100,46.5,0.00,0.00,0.00,0.0,17,-23.604320,-46.837159
1785631182200,46.5,0.00,0.00,0.00,0.0,17,-23.604324,-46.837145
1785631182200,46.5,0.00,0.00,0.00,0.0,17,-23.604324,-46.837145
1785631182400,46.5,0.00,0.00,0.00,0.0,17,-23.604329,-46.837117
1785631182500,46.6,0.00,0.00,0.00,0.0,17,-23.604332,-46.837101
1785631182600,46.9,0.00,0.00,0.00,0.0,17,-23.604335,-46.837086
1785631182800,47.3,0.00,0.00,0.00,0.0,17,-23.604335,-46.837058
1785631182900,47.6,0.00,0.00,0.00,0.0,17,-23.604334,-46.837043
1785631183000,47.6,0.00,0.00,0.00,0.0,17,-23.604332,-46.837029
1785631183000,48.1,0.00,0.00,0.00,0.0,17,-23.604332,-46.837029
1785631183100,48.6,0.00,0.00,0.00,0.0,17,-23.604329,-46.837014
1785631183300,49.1,0.00,0.00,0.00,0.0,17,-23.604324,-46.836987
1785631183400,49.2,0.00,0.00,0.00,0.0,17,-23.604318,-46.836974
1785631183500,49.2,0.00,0.00,0.00,0.0,17,-23.604311,-46.836961
1785631183500,49.2,0.00,0.00,0.00,0.0,17,-23.604311,-46.836961
1785631183700,49.2,0.00,0.00,0.00,0.0,17,-23.604300,-46.836936
1785631183800,48.9,0.00,0.00,0.00,0.0,17,-23.604292,-46.836925
1785631183900,48.3,0.00,0.00,0.00,0.0,17,-23.604282,-46.836914
1785631184100,48.5,0.00,0.00,0.00,0.0,17,-23.604266,-46.836892
1785631184200,49.1,0.00,0.00,0.00,0.0,17,-23.604254,-46.836883
1785631184300,49.4,0.00,0.00,0.00,0.0,17,-23.604243,-46.836873
1785631184400,49.4,0.00,0.00,0.00,0.0,17,-23.604232,-46.836863
1785631184400,49.5,0.00,0.00,0.00,0.0,17,-23.604232,-46.836863
1785631184600,49.9,0.00,0.00,0.00,0.0,17,-23.604215,-46.836842
1785631184700,50.1,0.00,0.00,0.00,0.0,17,-23.604207,-46.836831
1785631184800,50.1,0.00,0.00,0.00,0.0,17,-23.604198,-46.836820
1785631185000,50.1,0.00,0.00,0.00,0.0,17,-23.604181,-46.836799
1785631185100,50.2,0.00,0.00,0.00,0.0,17,-23.604173,-46.836787
1785631185200,50.2,0.00,0.00,0.00,0.0,17,-23.604164,-46.836776
1785631185400,50.2,0.00,0.00,0.00,0.0,17,-23.604149,-46.836754
1785631185500,50.0,0.00,0.00,0.00,0.0,17,-23.604141,-46.836743
1785631185600,49.7,0.00,0.00,0.00,0.0,17,-23.604134,-46.836731
1785631185800,49.3,0.00,0.00,0.00,0.0,17,-23.604120,-46.836709
1785631185900,48.9,0.00,0.00,0.00,0.0,17,-23.604113,-46.836698
1785631186000,48.9,0.00,0.00,0.00,0.0,17,-23.604108,-46.836687
1785631186000,48.4,0.00,0.00,0.00,0.0,17,-23.604108,-46.836687
1785631186200,47.8,0.00,0.00,0.00,0.0,17,-23.604096,-46.836664
1785631186300,47.1,0.00,0.00,0.00,0.0,17,-23.604092,-46.836653
1785631186400,47.1,0.00,0.00,0.00,0.0,17,-23.604089,-46.836641
1785631186400,46.4,0.00,0.00,0.00,0.0,17,-23.604089,-46.836641
1785631186600,45.4,0.00,0.00,0.00,0.0,17,-23.604082,-46.836619
1785631186700,43.6,0.00,0.00,0.00,0.0,17,-23.604082,-46.836607
1785631186800,42.0,0.00,0.00,0.00,0.0,17,-23.604086,-46.836596
1785631187000,40.5,0.00,0.00,0.00,0.0,17,-23.604089,-46.836574
1785631187100,40.5,0.00,0.00,0.00,0.0,17,-23.604099,-46.836562
1785631187100,39.8,0.00,0.00,0.00,0.0,17,-23.604099,-46.836562
1785631187200,40.3,0.00,0.00,0.00,0.0,17,-23.604113,-46.836550
1785631187400,41.7,0.00,0.00,0.00,0.0,17,-23.604136,-46.836527
1785631187500,41.9,0.00,0.00,0.00,0.0,17,-23.604156,-46.836520
1785631187600,43.7,0.00,0.00,0.00,0.0,17,-23.604179,-46.836514
1785631187800,45.9,0.00,0.00,0.00,0.0,17,-23.604212,-46.836503
1785631187900,48.6,0.00,0.00,0.00,0.0,17,-23.604239,-46.836503
1785631188000,51.2,0.00,0.00,0.00,0.0,17,-23.604265,-46.836504
1785631188200,52.5,0.00,0.00,0.00,0.0,17,-23.604302,-46.836501
1785631188300,53.5,0.00,0.00,0.00,0.0,17,-23.604321,-46.836498
1785631188500,54.3,0.00,0.00,0.00,0.0,17,-23.604352,-46.836487
1785631188600,54.5,0.00,0.00,0.00,0.0,17,-23.604368,-46.836481
1785631188800,55.1,0.00,0.00,0.00,0.0,17,-23.604398,-46.836471
1785631188900,55.3,0.00,0.00,0.00,0.0,17,-23.604413,-46.836465
1785631189000,56.1,0.00,0.00,0.00,0.0,17,-23.604429,-46.836460
1785631189200,56.5,0.00,0.00,0.00,0.0,17,-23.604459,-46.836451
1785631189300,56.9,0.00,0.00,0.00,0.0,17,-23.604474,-46.836446
1785631189500,57.9,0.00,0.00,0.00,0.0,17,-23.604503,-46.836436
1785631189600,57.9,0.00,0.00,0.00,0.0,17,-23.604519,-46.836431
1785631189600,58.7,0.00,0.00,0.00,0.0,17,-23.604519,-46.836431
1785631189700,59.1,0.00,0.00,0.00,0.0,17,-23.604534,-46.836426
1785631189900,60.1,0.00,0.00,0.00,0.0,17,-23.604564,-46.836416
1785631190000,60.5,0.00,0.00,0.00,0.0,17,-23.604580,-46.836410
1785631190200,60.7,0.00,0.00,0.00,0.0,17,-23.604609,-46.836400
1785631190400,60.7,0.00,0.00,0.00,0.0,17,-23.604640,-46.836389
1785631190400,61.8,0.00,0.00,0.00,0.0,17,-23.604640,-46.836389
1785631190500,62.4,0.00,0.00,0.00,0.0,17,-23.604655,-46.836383
1785631190700,63.7,0.00,0.00,0.00,0.0,17,-23.604687,-46.836372
1785631190800,64.0,0.00,0.00,0.00,0.0,17,-23.604703,-46.836366
1785631191000,64.0,0.00,0.00,0.00,0.0,17,-23.604735,-46.836355
1785631191000,64.9,0.00,0.00,0.00,0.0,17,-23.604735,-46.836355
1785631191200,66.4,0.00,0.00,0.00,0.0,17,-23.604767,-46.836343
1785631191300,66.8,0.00,0.00,0.00,0.0,17,-23.604784,-46.836337
1785631191500,66.8,0.00,0.00,0.00,0.0,17,-23.604817,-46.836325
1785631191500,67.6,0.00,0.00,0.00,0.0,17,-23.604817,-46.836325
1785631191700,68.5,0.00,0.00,0.00,0.0,17,-23.604851,-46.836313
1785631191800,68.7,0.00,0.00,0.00,0.0,17,-23.604868,-46.836307
1785631192000,69.4,0.00,0.00,0.00,0.0,17,-23.604902,-46.836295
1785631192200,70.4,0.00,0.00,0.00,0.0,17,-23.604936,-46.836282
1785631192400,70.9,0.00,0.00,0.00,0.0,17,-23.604970,-46.836270
1785631192600,70.9,0.00,0.00,0.00,0.0,17,-23.605005,-46.836258
1785631192600,72.0,0.00,0.00,0.00,0.0,17,-23.605005,-46.836258
1785631192800,73.1,0.00,0.00,0.00,0.0,17,-23.605041,-46.836245
1785631192900,73.1,0.00,0.00,0.00,0.0,17,-23.605058,-46.836238
1785631192900,73.1,0.00,0.00,0.00,0.0,17,-23.605058,-46.836238
1785631193100,73.2,0.00,0.00,0.00,0.0,17,-23.605093,-46.836225
1785631193300,74.1,0.00,0.00,0.00,0.0,17,-23.605129,-46.836213
1785631193500,74.1,0.00,0.00,0.00,0.0,17,-23.605165,-46.836199
1785631193500,74.7,0.00,0.00,0.00,0.0,17,-23.605165,-46.836199
1785631193600,74.8,0.00,0.00,0.00,0.0,17,-23.605183,-46.836192
1785631193800,75.6,0.00,0.00,0.00,0.0,17,-23.605220,-46.836179
1785631194000,75.6,0.00,0.00,0.00,0.0,17,-23.605256,-46.836165
1785631194100,75.7,0.00,0.00,0.00,0.0,17,-23.605275,-46.836158
1785631194300,75.8,0.00,0.00,0.00,0.0,17,-23.605311,-46.836144
1785631194400,75.8,0.00,0.00,0.00,0.0,17,-23.605329,-46.836137
1785631194600,75.4,0.00,0.00,0.00,0.0,17,-23.605366,-46.836123
1785631194800,74.9,0.00,0.00,0.00,0.0,17,-23.605401,-46.836109
1785631194900,74.9,0.00,0.00,0.00,0.0,17,-23.605419,-46.836102
1785631195100,74.8,0.00,0.00,0.00,0.0,17,-23.605455,-46.836089
1785631195300,74.6,0.00,0.00,0.00,0.0,17,-23.605491,-46.836075
1785631195400,74.6,0.00,0.00,0.00,0.0,17,-23.605509,-46.836068
1785631195400,74.1,0.00,0.00,0.00,0.0,17,-23.605509,-46.836068
1785631195600,73.6,0.00,0.00,0.00,0.0,17,-23.605544,-46.836056
1785631195700,73.2,0.00,0.00,0.00,0.0,17,-23.605561,-46.836049
1785631195900,72.5,0.00,0.00,0.00,0.0,17,-23.605595,-46.836038
1785631196100,71.8,0.00,0.00,0.00,0.0,17,-23.605629,-46.836027
1785631196200,71.1,0.00,0.00,0.00,0.0,17,-23.605646,-46.836023
1785631196400,71.1,0.00,0.00,0.00,0.0,17,-23.605679,-46.836013
1785631196400,70.2,0.00,0.00,0.00,0.0,17,-23.605679,-46.836013
1785631196600,69.2,0.00,0.00,0.00,0.0,17,-23.605711,-46.836005
1785631196800,68.3,0.00,0.00,0.00,0.0,17,-23.605743,-46.835999
1785631196900,67.4,0.00,0.00,0.00,0.0,17,-23.605758,-46.835998
1785631197100,66.2,0.00,0.00,0.00,0.0,17,-23.605789,-46.835995
1785631197300,64.6,0.00,0.00,0.00,0.0,17,-23.605819,-46.835994
1785631197500,63.1,0.00,0.00,0.00,0.0,17,-23.605847,-46.835996
1785631197700,61.9,0.00,0.00,0.00,0.0,17,-23.605875,-46.836000
1785631197800,59.8,0.00,0.00,0.00,0.0,17,-23.605885,-46.836006
1785631198000,57.2,0.00,0.00,0.00,0.0,17,-23.605909,-46.836015
1785631198100,57.2,0.00,0.00,0.00,0.0,17,-23.605916,-46.836025
1785631198100,54.5,0.00,0.00,0.00,0.0,17,-23.605916,-46.836025
1785631198300,51.9,0.00,0.00,0.00,0.0,16,-23.605935,-46.836041
1785631198500,49.5,0.00,0.00,0.00,0.0,16,-23.605950,-46.836061
1785631198600,46.1,0.00,0.00,0.00,0.0,16,-23.605949,-46.836079
1785631198800,44.0,0.00,0.00,0.00,0.0,16,-23.605958,-46.836104
1785631198900,42.5,0.00,0.00,0.00,0.0,16,-23.605956,-46.836124
1785631199100,41.4,0.00,0.00,0.00,0.0,16,-23.605958,-46.836155
1785631199200,41.2,0.00,0.00,0.00,0.0,16,-23.605948,-46.836181
1785631199400,41.2,0.00,0.00,0.00,0.0,16,-23.605943,-46.836221
1785631199400,43.8,0.00,0.00,0.00,0.0,16,-23.605943,-46.836221
1785631199500,48.3,0.00,0.00,0.00,0.0,16,-23.605928,-46.836256
1785631199700,57.7,0.00,0.00,0.00,0.0,16,-23.605914,-46.836316
1785631199800,57.7,0.00,0.00,0.00,0.0,16,-23.605913,-46.836337
1785631199900,57.6,0.00,0.00,0.00,0.0,16,-23.605912,-46.836358
1785631200000,57.7,0.00,0.00,0.00,0.0,16,-23.605911,-46.836380
1785631200200,57.8,0.00,0.00,0.00,0.0,16,-23.605913,-46.836416
1785631200300,58.0,0.00,0.00,0.00,0.0,16,-23.605912,-46.836437
1785631200400,58.3,0.00,0.00,0.00,0.0,16,-23.605912,-46.836459
1785631200500,58.5,0.00,0.00,0.00,0.0,16,-23.605912,-46.836480
1785631200600,58.9,0.00,0.00,0.00,0.0,16,-23.605912,-46.836501
1785631200800,59.4,0.00,0.00,0.00,0.0,16,-23.605918,-46.836538
1785631200900,60.2,0.00,0.00,0.00,0.0,16,-23.605921,-46.836559
1785631201000,62.9,0.00,0.00,0.00,0.0,16,-23.605927,-46.836582
1785631201100,64.0,0.00,0.00,0.00,0.0,16,-23.605930,-46.836603
1785631201200,63.9,0.00,0.00,0.00,0.0,16,-23.605933,-46.836623
1785631201400,63.9,0.00,0.00,0.00,0.0,16,-23.605943,-46.836660
1785631201500,63.7,0.00,0.00,0.00,0.0,16,-23.605946,-46.836679
1785631201700,63.7,0.00,0.00,0.00,0.0,16,-23.605956,-46.836715
1785631201900,63.5,0.00,0.00,0.00,0.0,16,-23.605964,-46.836750
1785631202000,63.4,0.00,0.00,0.00,0.0,16,-23.605967,-46.836768
1785631202200,62.9,0.00,0.00,0.00,0.0,16,-23.605974,-46.836803
1785631202400,62.2,0.00,0.00,0.00,0.0,16,-23.605980,-46.836836
1785631202500,61.7,0.00,0.00,0.00,0.0,16,-23.605981,-46.836853
1785631202700,61.0,0.00,0.00,0.00,0.0,16,-23.605985,-46.836886
1785631202800,60.4,0.00,0.00,0.00,0.0,16,-23.605983,-46.836902
1785631203000,59.7,0.00,0.00,0.00,0.0,16,-23.605983,-46.836934
1785631203100,59.1,0.00,0.00,0.00,0.0,17,-23.605979,-46.836950
1785631203300,59.1,0.00,0.00,0.00,0.0,17,-23.605974,-46.836982
1785631203300,59.0,0.00,0.00,0.00,0.0,17,-23.605974,-46.836982
1785631203400,59.1,0.00,0.00,0.00,0.0,17,-23.605967,-46.836999
1785631203600,59.8,0.00,0.00,0.00,0.0,17,-23.605956,-46.837032
1785631203700,60.2,0.00,0.00,0.00,0.0,17,-23.605945,-46.837047
1785631203900,59.5,0.00,0.00,0.00,0.0,17,-23.605926,-46.837077
1785631204000,59.5,0.00,0.00,0.00,0.0,17,-23.605911,-46.837086
1785631204000,57.8,0.00,0.00,0.00,0.0,17,-23.605911,-46.837086
1785631204200,56.6,0.00,0.00,0.00,0.0,17,-23.605885,-46.837108
1785631204400,55.9,0.00,0.00,0.00,0.0,17,-23.605858,-46.837128
1785631204500,56.4,0.00,0.00,0.00,0.0,17,-23.605834,-46.837132
1785631204700,57.7,0.00,0.00,0.00,0.0,17,-23.605792,-46.837142
1785631204900,58.9,0.00,0.00,0.00,0.0,17,-23.605752,-46.837150
1785631205000,62.9,0.00,0.00,0.00,0.0,17,-23.605715,-46.837144
1785631205200,68.4,0.00,0.00,0.00,0.0,17,-23.605649,-46.837131
1785631205300,68.4,0.00,0.00,0.00,0.0,17,-23.605626,-46.837134
1785631205300,68.6,0.00,0.00,0.00,0.0,17,-23.605626,-46.837134
1785631205500,68.6,0.00,0.00,0.00,0.0,17,-23.605588,-46.837146
1785631205700,68.6,0.00,0.00,0.00,0.0,17,-23.605551,-46.837158
1785631205800,68.7,0.00,0.00,0.00,0.0,17,-23.605530,-46.837164
1785631206000,68.7,0.00,0.00,0.00,0.0,17,-23.605492,-46.837175
1785631206000,68.9,0.00,0.00,0.00,0.0,17,-23.605492,-46.837175
1785631206200,69.0,0.00,0.00,0.00,0.0,17,-23.605455,-46.837186
1785631206300,68.9,0.00,0.00,0.00,0.0,17,-23.605435,-46.837192
1785631206400,68.9,0.00,0.00,0.00,0.0,17,-23.605414,-46.837197
1785631206600,68.8,0.00,0.00,0.00,0.0,17,-23.605377,-46.837207
1785631206800,68.7,0.00,0.00,0.00,0.0,17,-23.605341,-46.837217
1785631207000,68.4,0.00,0.00,0.00,0.0,17,-23.605304,-46.837225
1785631207100,68.2,0.00,0.00,0.00,0.0,17,-23.605284,-46.837229
1785631207300,68.1,0.00,0.00,0.00,0.0,17,-23.605248,-46.837235
1785631207500,68.3,0.00,0.00,0.00,0.0,17,-23.605210,-46.837241
1785631207600,68.3,0.00,0.00,0.00,0.0,17,-23.605190,-46.837242
1785631207600,68.5,0.00,0.00,0.00,0.0,17,-23.605190,-46.837242
1785631207800,69.0,0.00,0.00,0.00,0.0,17,-23.605152,-46.837245
1785631207900,69.5,0.00,0.00,0.00,0.0,17,-23.605131,-46.837243
1785631208100,70.2,0.00,0.00,0.00,0.0,17,-23.605093,-46.837242
1785631208200,70.3,0.00,0.00,0.00,0.0,17,-23.605073,-46.837238
1785631208400,70.3,0.00,0.00,0.00,0.0,17,-23.605035,-46.837232
1785631208400,70.5,0.00,0.00,0.00,0.0,17,-23.605035,-46.837232
1785631208500,70.9,0.00,0.00,0.00,0.0,17,-23.605016,-46.837226
1785631208600,70.9,0.00,0.00,0.00,0.0,17,-23.604997,-46.837219
1785631208600,71.0,0.00,0.00,0.00,0.0,17,-23.604997,-46.837219
1785631208800,71.4,0.00,0.00,0.00,0.0,17,-23.604960,-46.837207
1785631208900,71.6,0.00,0.00,0.00,0.0,17,-23.604941,-46.837198
1785631209000,71.7,0.00,0.00,0.00,0.0,17,-23.604924,-46.837186
1785631209200,71.7,0.00,0.00,0.00,0.0,17,-23.604889,-46.837170
1785631209300,71.2,0.00,0.00,0.00,0.0,17,-23.604874,-46.837158
1785631209500,70.2,0.00,0.00,0.00,0.0,17,-23.604842,-46.837139
1785631209600,69.4,0.00,0.00,0.00,0.0,17,-23.604829,-46.837124
1785631209700,69.4,0.00,0.00,0.00,0.0,17,-23.604815,-46.837110
1785631209700,68.6,0.00,0.00,0.00,0.0,17,-23.604815,-46.837110
1785631209900,67.9,0.00,0.00,0.00,0.0,17,-23.604788,-46.837086
1785631210000,67.2,0.00,0.00,0.00,0.0,17,-23.604776,-46.837070
1785631210200,65.8,0.00,0.00,0.00,0.0,17,-23.604750,-46.837046
1785631210300,65.8,0.00,0.00,0.00,0.0,17,-23.604739,-46.837030
1785631210300,64.8,0.00,0.00,0.00,0.0,17,-23.604739,-46.837030
1785631210400,63.9,0.00,0.00,0.00,0.0,17,-23.604729,-46.837015
1785631210600,63.0,0.00,0.00,0.00,0.0,17,-23.604707,-46.836990
1785631210700,62.0,0.00,0.00,0.00,0.0,17,-23.604700,-46.836974
1785631210800,60.7,0.00,0.00,0.00,0.0,17,-23.604692,-46.836960
1785631211000,58.9,0.00,0.00,0.00,0.0,17,-23.604675,-46.836936
1785631211100,58.9,0.00,0.00,0.00,0.0,17,-23.604671,-46.836922
1785631211100,57.2,0.00,0.00,0.00,0.0,17,-23.604671,-46.836922
1785631211200,55.4,0.00,0.00,0.00,0.0,17,-23.604667,-46.836908
1785631211400,53.2,0.00,0.00,0.00,0.0,17,-23.604657,-46.836884
1785631211500,51.1,0.00,0.00,0.00,0.0,17,-23.604658,-46.836870
1785631211600,49.2,0.00,0.00,0.00,0.0,17,-23.604659,-46.836856
1785631211800,49.2,0.00,0.00,0.00,0.0,17,-23.604658,-46.836831
1785631211800,47.6,0.00,0.00,0.00,0.0,17,-23.604658,-46.836831
1785631211900,46.2,0.00,0.00,0.00,0.0,17,-23.604666,-46.836816
1785631212100,44.7,0.00,0.00,0.00,0.0,17,-23.604673,-46.836790
1785631212200,42.4,0.00,0.00,0.00,0.0,17,-23.604683,-46.836779
1785631212300,40.1,0.00,0.00,0.00,0.0,17,-23.604691,-46.836770
1785631212400,38.3,0.00,0.00,0.00,0.0,17,-23.604700,-46.836761
1785631212600,36.4,0.00,0.00,0.00,0.0,17,-23.604712,-46.836743
1785631212700,34.2,0.00,0.00,0.00,0.0,17,-23.604721,-46.836736
1785631212800,32.3,0.00,0.00,0.00,0.0,17,-23.604730,-46.836729
1785631213000,30.2,0.00,0.00,0.00,0.0,17,-23.604740,-46.836715
1785631213100,28.3,0.00,0.00,0.00,0.0,17,-23.604749,-46.836711
1785631213200,26.4,0.00,0.00,0.00,0.0,17,-23.604758,-46.836709
1785631213300,24.4,0.00,0.00,0.00,0.0,17,-23.604766,-46.836707
1785631213500,22.3,0.00,0.00,0.00,0.0,17,-23.604776,-46.836702
1785631213600,22.3,0.00,0.00,0.00,0.0,17,-23.604785,-46.836704
1785631213600,20.2,0.00,0.00,0.00,0.0,17,-23.604785,-46.836704
1785631213700,18.1,0.00,0.00,0.00,0.0,17,-23.604793,-46.836708
1785631213800,16.0,0.00,0.00,0.00,0.0,17,-23.604802,-46.836714
1785631214000,13.1,0.00,0.00,0.00,0.0,17,-23.604813,-46.836721
1785631214100,12.9,0.00,0.00,0.00,0.0,17,-23.604824,-46.836733
1785631214200,12.9,0.00,0.00,0.00,0.0,17,-23.604837,-46.836747
1785631214200,14.9,0.00,0.00,0.00,0.0,17,-23.604837,-46.836747
1785631214400,19.9,0.00,0.00,0.00,0.0,17,-23.604859,-46.836766
1785631214500,29.1,0.00,0.00,0.00,0.0,17,-23.604888,-46.836796
1785631214600,33.4,0.00,0.00,0.00,0.0,17,-23.604907,-46.836815
1785631214800,34.4,0.00,0.00,0.00,0.0,17,-23.604927,-46.836830
1785631214900,34.7,0.00,0.00,0.00,0.0,17,-23.604939,-46.836838
1785631215000,34.7,0.00,0.00,0.00,0.0,17,-23.604951,-46.836846
1785631215100,34.8,0.00,0.00,0.00,0.0,17,-23.604963,-46.836853
1785631215300,34.6,0.00,0.00,0.00,0.0,17,-23.604983,-46.836865
1785631215400,34.5,0.00,0.00,0.00,0.0,17,-23.604995,-46.836872
1785631215500,34.4,0.00,0.00,0.00,0.0,17,-23.605008,-46.836879
1785631215600,34.4,0.00,0.00,0.00,0.0,17,-23.605021,-46.836886
1785631215700,34.4,0.00,0.00,0.00,0.0,17,-23.605034,-46.836893
1785631215900,34.5,0.00,0.00,0.00,0.0,17,-23.605055,-46.836901
1785631216000,34.7,0.00,0.00,0.00,0.0,17,-23.605069,-46.836905
1785631216100,35.2,0.00,0.00,0.00,0.0,17,-23.605082,-46.836907
1785631216200,35.8,0.00,0.00,0.00,0.0,17,-23.605095,-46.836907
1785631216300,36.5,0.00,0.00,0.00,0.0,17,-23.605107,-46.836905
1785631216500,38.0,0.00,0.00,0.00,0.0,17,-23.605130,-46.836901
1785631216600,38.4,0.00,0.00,0.00,0.0,17,-23.605143,-46.836896
1785631216700,38.5,0.00,0.00,0.00,0.0,17,-23.605153,-46.836889
1785631216800,38.2,0.00,0.00,0.00,0.0,17,-23.605162,-46.836881
1785631217000,38.2,0.00,0.00,0.00,0.0,17,-23.605179,-46.836868
1785631217000,37.7,0.00,0.00,0.00,0.0,17,-23.605179,-46.836868
1785631217100,37.2,0.00,0.00,0.00,0.0,17,-23.605186,-46.836857
1785631217200,36.8,0.00,0.00,0.00,0.0,17,-23.605192,-46.836846
1785631217300,36.0,0.00,0.00,0.00,0.0,17,-23.605196,-46.836835
1785631217400,35.6,0.00,0.00,0.00,0.0,17,-23.605200,-46.836822
1785631217600,37.1,0.00,0.00,0.00,0.0,17,-23.605209,-46.836801
1785631217800,38.8,0.00,0.00,0.00,0.0,17,-23.605210,-46.836765
1785631217900,41.0,0.00,0.00,0.00,0.0,17,-23.605210,-46.836745
1785631217900,43.1,0.00,0.00,0.00,0.0,17,-23.605210,-46.836745
1785631218000,46.1,0.00,0.00,0.00,0.0,17,-23.605209,-46.836723
1785631218100,46.2,0.00,0.00,0.00,0.0,17,-23.605213,-46.836709
1785631218300,46.7,0.00,0.00,0.00,0.0,17,-23.605221,-46.836678
1785631218300,46.7,0.00,0.00,0.00,0.0,17,-23.605221,-46.836678
1785631218300,46.8,0.00,0.00,0.00,0.0,17,-23.605221,-46.836678
1785631218500,47.2,0.00,0.00,0.00,0.0,17,-23.605231,-46.836652
1785631218700,47.6,0.00,0.00,0.00,0.0,17,-23.605243,-46.836625
1785631218800,47.7,0.00,0.00,0.00,0.0,17,-23.605251,-46.836614
1785631218900,47.7,0.00,0.00,0.00,0.0,17,-23.605258,-46.836604
1785631219000,47.4,0.00,0.00,0.00,0.0,17,-23.605266,-46.836593
1785631219100,47.2,0.00,0.00,0.00,0.0,17,-23.605273,-46.836583
1785631219200,46.5,0.00,0.00,0.00,0.0,17,-23.605280,-46.836573
1785631219400,45.4,0.00,0.00,0.00,0.0,17,-23.605295,-46.836554
1785631219600,44.5,0.00,0.00,0.00,0.0,17,-23.605308,-46.836535
1785631219700,43.4,0.00,0.00,0.00,0.0,17,-23.605315,-46.836528
1785631219800,42.2,0.00,0.00,0.00,0.0,17,-23.605323,-46.836521
1785631219900,40.9,0.00,0.00,0.00,0.0,17,-23.605330,-46.836514
1785631220000,39.5,0.00,0.00,0.00,0.0,17,-23.605336,-46.836509
1785631220100,39.5,0.00,0.00,0.00,0.0,17,-23.605344,-46.836505
1785631220100,37.9,0.00,0.00,0.00,0.0,17,-23.605344,-46.836505
1785631220200,36.1,0.00,0.00,0.00,0.0,17,-23.605351,-46.836503
1785631220300,33.9,0.00,0.00,0.00,0.0,17,-23.605357,-46.836502
1785631220400,31.6,0.00,0.00,0.00,0.0,17,-23.605365,-46.836503
1785631220500,29.4,0.00,0.00,0.00,0.0,17,-23.605372,-46.836506
1785631220700,27.3,0.00,0.00,0.00,0.0,17,-23.605385,-46.836508
1785631220800,25.7,0.00,0.00,0.00,0.0,17,-23.605393,-46.836517
1785631220900,24.9,0.00,0.00,0.00,0.0,17,-23.605401,-46.836529
1785631221000,25.7,0.00,0.00,0.00,0.0,17,-23.605409,-46.836547
1785631221100,30.7,0.00,0.00,0.00,0.0,17,-23.605421,-46.836577
1785631221200,35.7,0.00,0.00,0.00,0.0,17,-23.605428,-46.836610
1785631221300,41.1,0.00,0.00,0.00,0.0,17,-23.605431,-46.836645
1785631221400,46.4,0.00,0.00,0.00,0.0,17,-23.605431,-46.836680
1785631221600,46.9,0.00,0.00,0.00,0.0,17,-23.605446,-46.836708
1785631221700,47.5,0.00,0.00,0.00,0.0,17,-23.605454,-46.836726
1785631221800,47.9,0.00,0.00,0.00,0.0,17,-23.605462,-46.836743
1785631221900,48.0,0.00,0.00,0.00,0.0,17,-23.605470,-46.836759
1785631222000,48.0,0.00,0.00,0.00,0.0,17,-23.605478,-46.836776
1785631222100,48.0,0.00,0.00,0.00,0.0,17,-23.605487,-46.836791
1785631222200,48.0,0.00,0.00,0.00,0.0,17,-23.605495,-46.836806
1785631222300,48.0,0.00,0.00,0.00,0.0,17,-23.605504,-46.836820
1785631222400,47.8,0.00,0.00,0.00,0.0,17,-23.605513,-46.836834
1785631222700,47.4,0.00,0.00,0.00,0.0,17,-23.605538,-46.836871
1785631222700,46.8,0.00,0.00,0.00,0.0,17,-23.605538,-46.836871
1785631222800,46.2,0.00,0.00,0.00,0.0,17,-23.605547,-46.836881
1785631222900,45.7,0.00,0.00,0.00,0.0,17,-23.605556,-46.836891
1785631223100,44.4,0.00,0.00,0.00,0.0,17,-23.605573,-46.836908
1785631223200,43.7,0.00,0.00,0.00,0.0,17,-23.605581,-46.836916
1785631223300,42.9,0.00,0.00,0.00,0.0,17,-23.605588,-46.836923
1785631223500,41.4,0.00,0.00,0.00,0.0,17,-23.605603,-46.836937
1785631223600,39.6,0.00,0.00,0.00,0.0,17,-23.605610,-46.836940
1785631223700,37.7,0.00,0.00,0.00,0.0,17,-23.605617,-46.836942
1785631223900,35.8,0.00,0.00,0.00,0.0,17,-23.605632,-46.836943
1785631223900,33.9,0.00,0.00,0.00,0.0,17,-23.605632,-46.836943
1785631224000,32.0,0.00,0.00,0.00,0.0,17,-23.605640,-46.836940
1785631224100,30.5,0.00,0.00,0.00,0.0,17,-23.605649,-46.836935
1785631224300,29.2,0.00,0.00,0.00,0.0,17,-23.605665,-46.836930
1785631224400,28.9,0.00,0.00,0.00,0.0,17,-23.605676,-46.836917
1785631224500,29.6,0.00,0.00,0.00,0.0,17,-23.605687,-46.836904
1785631224600,30.9,0.00,0.00,0.00,0.0,17,-23.605697,-46.836889
1785631224800,30.7,0.00,0.00,0.00,0.0,17,-23.605711,-46.836872
1785631224900,30.7,0.00,0.00,0.00,0.0,17,-23.605717,-46.836858
1785631224900,30.7,0.00,0.00,0.00,0.0,17,-23.605717,-46.836858
1785631225000,29.8,0.00,0.00,0.00,0.0,17,-23.605718,-46.836843
1785631225200,29.0,0.00,0.00,0.00,0.0,17,-23.605723,-46.836822
1785631225300,28.0,0.00,0.00,0.00,0.0,17,-23.605722,-46.836805
1785631225400,28.0,0.00,0.00,0.00,0.0,17,-23.605721,-46.836788
1785631225400,28.0,0.00,0.00,0.00,0.0,17,-23.605721,-46.836788
1785631225400,28.5,0.00,0.00,0.00,0.0,17,-23.605721,-46.836788
1785631225600,28.7,0.00,0.00,0.00,0.0,17,-23.605721,-46.836763
1785631225700,29.8,0.00,0.00,0.00,0.0,17,-23.605719,-46.836745
1785631225800,31.3,0.00,0.00,0.00,0.0,17,-23.605714,-46.836726
1785631225900,33.2,0.00,0.00,0.00,0.0,17,-23.605709,-46.836706
1785631226100,35.8,0.00,0.00,0.00,0.0,17,-23.605702,-46.836675
1785631226200,38.4,0.00,0.00,0.00,0.0,17,-23.605693,-46.836652
1785631226300,40.7,0.00,0.00,0.00,0.0,17,-23.605685,-46.836630
1785631226400,43.2,0.00,0.00,0.00,0.0,17,-23.605676,-46.836607
1785631226600,46.7,0.00,0.00,0.00,0.0,17,-23.605662,-46.836570
1785631226700,47.2,0.00,0.00,0.00,0.0,17,-23.605655,-46.836551
1785631226800,48.2,0.00,0.00,0.00,0.0,17,-23.605649,-46.836532
1785631226900,49.0,0.00,0.00,0.00,0.0,17,-23.605642,-46.836512
1785631227100,49.3,0.00,0.00,0.00,0.0,17,-23.605632,-46.836482
1785631227200,49.6,0.00,0.00,0.00,0.0,17,-23.605626,-46.836464
1785631227300,50.0,0.00,0.00,0.00,0.0,17,-23.605621,-46.836447
1785631227400,49.9,0.00,0.00,0.00,0.0,17,-23.605615,-46.836430
1785631227500,50.0,0.00,0.00,0.00,0.0,17,-23.605610,-46.836413
1785631227700,49.8,0.00,0.00,0.00,0.0,17,-23.605599,-46.836385
1785631227800,49.8,0.00,0.00,0.00,0.0,17,-23.605593,-46.836370
1785631227900,49.8,0.00,0.00,0.00,0.0,17,-23.605586,-46.836356
1785631228000,50.0,0.00,0.00,0.00,0.0,17,-23.605577,-46.836342
1785631228100,50.0,0.00,0.00,0.00,0.0,17,-23.605569,-46.836329
1785631228300,49.8,0.00,0.00,0.00,0.0,17,-23.605553,-46.836306
1785631228400,49.6,0.00,0.00,0.00,0.0,17,-23.605545,-46.836296
1785631228500,49.3,0.00,0.00,0.00,0.0,17,-23.605535,-46.836286
1785631228600,49.1,0.00,0.00,0.00,0.0,17,-23.605526,-46.836276
1785631228700,48.5,0.00,0.00,0.00,0.0,17,-23.605517,-46.836268
1785631228900,47.7,0.00,0.00,0.00,0.0,17,-23.605500,-46.836250
1785631229100,46.9,0.00,0.00,0.00,0.0,17,-23.605479,-46.836237
1785631229100,46.9,0.00,0.00,0.00,0.0,17,-23.605479,-46.836237
1785631229100,46.1,0.00,0.00,0.00,0.0,17,-23.605479,-46.836237
1785631229200,45.4,0.00,0.00,0.00,0.0,17,-23.605468,-46.836232
1785631229300,44.7,0.00,0.00,0.00,0.0,17,-23.605457,-46.836227
1785631229500,43.5,0.00,0.00,0.00,0.0,17,-23.605438,-46.836217
1785631229600,42.6,0.00,0.00,0.00,0.0,17,-23.605425,-46.836216
1785631229700,41.8,0.00,0.00,0.00,0.0,17,-23.605412,-46.836216
1785631229800,41.3,0.00,0.00,0.00,0.0,17,-23.605399,-46.836218
1785631230000,40.2,0.00,0.00,0.00,0.0,17,-23.605376,-46.836219
1785631230100,39.6,0.00,0.00,0.00,0.0,17,-23.605362,-46.836226
1785631230200,40.2,0.00,0.00,0.00,0.0,17,-23.605346,-46.836236
1785631230300,42.2,0.00,0.00,0.00,0.0,17,-23.605326,-46.836252
1785631230400,46.9,0.00,0.00,0.00,0.0,17,-23.605302,-46.836272
1785631230500,52.7,0.00,0.00,0.00,0.0,17,-23.605275,-46.836295
1785631230600,53.8,0.00,0.00,0.00,0.0,17,-23.605257,-46.836306
1785631230800,55.3,0.00,0.00,0.00,0.0,17,-23.605226,-46.836320
1785631230900,56.5,0.00,0.00,0.00,0.0,17,-23.605208,-46.836330
1785631231000,56.6,0.00,0.00,0.00,0.0,17,-23.605191,-46.836339
1785631231100,57.0,0.00,0.00,0.00,0.0,17,-23.605173,-46.836348
1785631231300,57.1,0.00,0.00,0.00,0.0,17,-23.605140,-46.836364
1785631231400,57.1,0.00,0.00,0.00,0.0,17,-23.605124,-46.836372
1785631231400,57.3,0.00,0.00,0.00,0.0,17,-23.605124,-46.836372
1785631231500,57.5,0.00,0.00,0.00,0.0,17,-23.605108,-46.836379
1785631231600,57.6,0.00,0.00,0.00,0.0,17,-23.605093,-46.836386
1785631231800,57.7,0.00,0.00,0.00,0.0,17,-23.605063,-46.836397
1785631231900,57.9,0.00,0.00,0.00,0.0,17,-23.605048,-46.836404
1785631232000,58.0,0.00,0.00,0.00,0.0,17,-23.605033,-46.836410
1785631232100,58.0,0.00,0.00,0.00,0.0,17,-23.605018,-46.836416
1785631232200,58.1,0.00,0.00,0.00,0.0,17,-23.605003,-46.836422
1785631232300,58.2,0.00,0.00,0.00,0.0,17,-23.604988,-46.836428
1785631232400,58.3,0.00,0.00,0.00,0.0,17,-23.604973,-46.836434
1785631232500,58.5,0.00,0.00,0.00,0.0,17,-23.604958,-46.836440
1785631232700,58.8,0.00,0.00,0.00,0.0,17,-23.604929,-46.836450
1785631232900,59.0,0.00,0.00,0.00,0.0,17,-23.604900,-46.836461
1785631232900,59.1,0.00,0.00,0.00,0.0,17,-23.604900,-46.836461
1785631233000,59.1,0.00,0.00,0.00,0.0,17,-23.604885,-46.836467
1785631233200,59.2,0.00,0.00,0.00,0.0,17,-23.604856,-46.836477
1785631233200,59.2,0.00,0.00,0.00,0.0,17,-23.604856,-46.836477
1785631233300,59.4,0.00,0.00,0.00,0.0,17,-23.604841,-46.836483
1785631233400,59.5,0.00,0.00,0.00,0.0,17,-23.604826,-46.836489
1785631233600,59.7,0.00,0.00,0.00,0.0,17,-23.604797,-46.836500
1785631233700,60.1,0.00,0.00,0.00,0.0,17,-23.604782,-46.836506
1785631233900,60.4,0.00,0.00,0.00,0.0,17,-23.604754,-46.836518
1785631234000,60.7,0.00,0.00,0.00,0.0,17,-23.604739,-46.836525
1785631234100,61.1,0.00,0.00,0.00,0.0,17,-23.604724,-46.836531
1785631234300,61.6,0.00,0.00,0.00,0.0,17,-23.604695,-46.836546
1785631234400,62.3,0.00,0.00,0.00,0.0,17,-23.604680,-46.836554
1785631234400,62.9,0.00,0.00,0.00,0.0,17,-23.604680,-46.836554
1785631234500,63.3,0.00,0.00,0.00,0.0,17,-23.604665,-46.836562
1785631234600,63.3,0.00,0.00,0.00,0.0,17,-23.604651,-46.836570
1785631234900,63.4,0.00,0.00,0.00,0.0,17,-23.604608,-46.836595
1785631234900,63.4,0.00,0.00,0.00,0.0,17,-23.604608,-46.836595
1785631234900,63.7,0.00,0.00,0.00,0.0,17,-23.604608,-46.836595
1785631235000,63.3,0.00,0.00,0.00,0.0,17,-23.604595,-46.836604
1785631235200,63.0,0.00,0.00,0.00,0.0,17,-23.604569,-46.836624
1785631235200,63.0,0.00,0.00,0.00,0.0,17,-23.604569,-46.836624
1785631235200,62.4,0.00,0.00,0.00,0.0,17,-23.604569,-46.836624
1785631235300,62.1,0.00,0.00,0.00,0.0,17,-23.604556,-46.836634
1785631235400,61.7,0.00,0.00,0.00,0.0,17,-23.604543,-46.836644
1785631235600,61.4,0.00,0.00,0.00,0.0,17,-23.604519,-46.836665
1785631235600,61.1,0.00,0.00,0.00,0.0,17,-23.604519,-46.836665
1785631235700,60.8,0.00,0.00,0.00,0.0,17,-23.604508,-46.836676
1785631235900,60.0,0.00,0.00,0.00,0.0,17,-23.604484,-46.836696
1785631236000,59.4,0.00,0.00,0.00,0.0,17,-23.604473,-46.836707
1785631236200,58.9,0.00,0.00,0.00,0.0,17,-23.604452,-46.836729
1785631236200,58.4,0.00,0.00,0.00,0.0,17,-23.604452,-46.836729
1785631236300,57.8,0.00,0.00,0.00,0.0,17,-23.604443,-46.836740
1785631236400,57.2,0.00,0.00,0.00,0.0,17,-23.604433,-46.836751
1785631236500,56.3,0.00,0.00,0.00,0.0,17,-23.604425,-46.836764
1785631236600,55.6,0.00,0.00,0.00,0.0,17,-23.604417,-46.836775
1785631236700,54.7,0.00,0.00,0.00,0.0,17,-23.604410,-46.836787
1785631236900,53.3,0.00,0.00,0.00,0.0,17,-23.604394,-46.836809
1785631237000,51.8,0.00,0.00,0.00,0.0,17,-23.604389,-46.836821
1785631237100,50.4,0.00,0.00,0.00,0.0,17,-23.604385,-46.836833
1785631237200,49.0,0.00,0.00,0.00,0.0,17,-23.604382,-46.836846
1785631237300,47.5,0.00,0.00,0.00,0.0,17,-23.604380,-46.836859
1785631237500,46.2,0.00,0.00,0.00,0.0,17,-23.604374,-46.836883
1785631237600,44.6,0.00,0.00,0.00,0.0,17,-23.604376,-46.836897
1785631237700,43.2,0.00,0.00,0.00,0.0,17,-23.604381,-46.836911
1785631237800,42.0,0.00,0.00,0.00,0.0,17,-23.604388,-46.836925
1785631237900,41.3,0.00,0.00,0.00,0.0,17,-23.604397,-46.836939
1785631238000,40.8,0.00,0.00,0.00,0.0,17,-23.604411,-46.836953
1785631238200,47.5,0.00,0.00,0.00,0.0,17,-23.604439,-46.836993
1785631238300,54.9,0.00,0.00,0.00,0.0,17,-23.604465,-46.837024
1785631238400,63.7,0.00,0.00,0.00,0.0,17,-23.604496,-46.837061
1785631238500,63.7,0.00,0.00,0.00,0.0,17,-23.604507,-46.837078
1785631238700,63.6,0.00,0.00,0.00,0.0,17,-23.604523,-46.837112
1785631238800,63.3,0.00,0.00,0.00,0.0,17,-23.604533,-46.837130
1785631238900,63.3,0.00,0.00,0.00,0.0,17,-23.604543,-46.837147
1785631239000,63.1,0.00,0.00,0.00,0.0,16,-23.604553,-46.837165
1785631239100,62.9,0.00,0.00,0.00,0.0,16,-23.604564,-46.837184
1785631239300,62.7,0.00,0.00,0.00,0.0,16,-23.604579,-46.837219
1785631239400,62.3,0.00,0.00,0.00,0.0,16,-23.604590,-46.837240
1785631239500,62.2,0.00,0.00,0.00,0.0,16,-23.604599,-46.837261
1785631239600,62.1,0.00,0.00,0.00,0.0,16,-23.604607,-46.837284
1785631239700,62.1,0.00,0.00,0.00,0.0,16,-23.604615,-46.837308
1785631239900,62.2,0.00,0.00,0.00,0.0,17,-23.604624,-46.837348
1785631240000,62.6,0.00,0.00,0.00,0.0,17,-23.604627,-46.837372
1785631240200,63.7,0.00,0.00,0.00,0.0,17,-23.604628,-46.837413
1785631240400,64.9,0.00,0.00,0.00,0.0,17,-23.604622,-46.837454
1785631240600,64.9,0.00,0.00,0.00,0.0,17,-23.604612,-46.837488
1785631240600,64.4,0.00,0.00,0.00,0.0,17,-23.604612,-46.837488
1785631240700,63.2,0.00,0.00,0.00,0.0,17,-23.604600,-46.837503
1785631240900,63.2,0.00,0.00,0.00,0.0,17,-23.604586,-46.837533
1785631240900,61.7,0.00,0.00,0.00,0.0,17,-23.604586,-46.837533
1785631241100,59.7,0.00,0.00,0.00,0.0,17,-23.604569,-46.837560
1785631241200,58.1,0.00,0.00,0.00,0.0,17,-23.604552,-46.837567
1785631241400,55.8,0.00,0.00,0.00,0.0,17,-23.604531,-46.837587
1785631241500,52.6,0.00,0.00,0.00,0.0,17,-23.604516,-46.837590
1785631241700,50.1,0.00,0.00,0.00,0.0,17,-23.604493,-46.837603
1785631241800,47.7,0.00,0.00,0.00,0.0,17,-23.604476,-46.837602
1785631242000,45.2,0.00,0.00,0.00,0.0,17,-23.604450,-46.837605
1785631242100,42.8,0.00,0.00,0.00,0.0,17,-23.604428,-46.837593
1785631242200,41.7,0.00,0.00,0.00,0.0,17,-23.604407,-46.837582
1785631242400,40.7,0.00,0.00,0.00,0.0,17,-23.604377,-46.837570
1785631242500,41.0,0.00,0.00,0.00,0.0,17,-23.604356,-46.837551
1785631242700,42.0,0.00,0.00,0.00,0.0,17,-23.604325,-46.837530
1785631242800,42.9,0.00,0.00,0.00,0.0,17,-23.604308,-46.837512
1785631243000,43.1,0.00,0.00,0.00,0.0,17,-23.604285,-46.837488
1785631243100,40.3,0.00,0.00,0.00,0.0,17,-23.604279,-46.837470
1785631243200,38.4,0.00,0.00,0.00,0.0,17,-23.604275,-46.837452
1785631243400,36.9,0.00,0.00,0.00,0.0,17,-23.604262,-46.837433
1785631243500,35.9,0.00,0.00,0.00,0.0,17,-23.604257,-46.837421
1785631243600,35.9,0.00,0.00,0.00,0.0,17,-23.604253,-46.837411
1785631243600,35.1,0.00,0.00,0.00,0.0,17,-23.604253,-46.837411
1785631243700,34.4,0.00,0.00,0.00,0.0,17,-23.604250,-46.837402
1785631243900,33.4,0.00,0.00,0.00,0.0,17,-23.604241,-46.837387
1785631244000,32.7,0.00,0.00,0.00,0.0,17,-23.604240,-46.837378
1785631244100,31.8,0.00,0.00,0.00,0.0,17,-23.604238,-46.837370
1785631244200,30.9,0.00,0.00,0.00,0.0,17,-23.604238,-46.837361
1785631244400,29.1,0.00,0.00,0.00,0.0,17,-23.604236,-46.837345
1785631244500,29.1,0.00,0.00,0.00,0.0,17,-23.604240,-46.837336
1785631244500,28.8,0.00,0.00,0.00,0.0,17,-23.604240,-46.837336
1785631244600,28.3,0.00,0.00,0.00,0.0,17,-23.604245,-46.837327
1785631244800,29.0,0.00,0.00,0.00,0.0,17,-23.604253,-46.837308
1785631244900,31.9,0.00,0.00,0.00,0.0,17,-23.604268,-46.837296
1785631245000,36.5,0.00,0.00,0.00,0.0,17,-23.604282,-46.837283
1785631245100,37.4,0.00,0.00,0.00,0.0,17,-23.604289,-46.837272
1785631245300,37.4,0.00,0.00,0.00,0.0,17,-23.604298,-46.837253
1785631245400,37.4,0.00,0.00,0.00,0.0,17,-23.604304,-46.837242
1785631245400,37.4,0.00,0.00,0.00,0.0,17,-23.604304,-46.837242
1785631245600,37.4,0.00,0.00,0.00,0.0,17,-23.604312,-46.837222
1785631245700,37.1,0.00,0.00,0.00,0.0,17,-23.604316,-46.837211
1785631245800,37.1,0.00,0.00,0.00,0.0,17,-23.604321,-46.837201
1785631245800,36.9,0.00,0.00,0.00,0.0,17,-23.604321,-46.837201
1785631246000,36.8,0.00,0.00,0.00,0.0,17,-23.604327,-46.837180
1785631246100,36.5,0.00,0.00,0.00,0.0,17,-23.604331,-46.837169
1785631246300,36.2,0.00,0.00,0.00,0.0,17,-23.604336,-46.837148
1785631246400,35.9,0.00,0.00,0.00,0.0,17,-23.604338,-46.837137
1785631246600,35.9,0.00,0.00,0.00,0.0,17,-23.604340,-46.837117
1785631246600,35.5,0.00,0.00,0.00,0.0,17,-23.604340,-46.837117
1785631246700,35.4,0.00,0.00,0.00,0.0,17,-23.604340,-46.837106
1785631246900,35.1,0.00,0.00,0.00,0.0,17,-23.604339,-46.837086
1785631247000,35.1,0.00,0.00,0.00,0.0,17,-23.604335,-46.837074
1785631247000,35.5,0.00,0.00,0.00,0.0,17,-23.604335,-46.837074
1785631247200,35.5,0.00,0.00,0.00,0.0,17,-23.604329,-46.837052
1785631247200,36.8,0.00,0.00,0.00,0.0,17,-23.604329,-46.837052
1785631247300,40.0,0.00,0.00,0.00,0.0,17,-23.604322,-46.837036
1785631247500,42.1,0.00,0.00,0.00,0.0,17,-23.604313,-46.837011
1785631247600,42.9,0.00,0.00,0.00,0.0,17,-23.604309,-46.836998
1785631247700,43.9,0.00,0.00,0.00,0.0,17,-23.604304,-46.836985
1785631247900,44.2,0.00,0.00,0.00,0.0,17,-23.604295,-46.836961
1785631248000,44.2,0.00,0.00,0.00,0.0,17,-23.604290,-46.836948
1785631248000,44.7,0.00,0.00,0.00,0.0,17,-23.604290,-46.836948
1785631248100,44.7,0.00,0.00,0.00,0.0,17,-23.604285,-46.836937
1785631248300,44.8,0.00,0.00,0.00,0.0,17,-23.604275,-46.836914
1785631248400,45.1,0.00,0.00,0.00,0.0,17,-23.604268,-46.836903
1785631248500,45.1,0.00,0.00,0.00,0.0,17,-23.604261,-46.836893
1785631248600,44.9,0.00,0.00,0.00,0.0,17,-23.604255,-46.836882
1785631248800,44.5,0.00,0.00,0.00,0.0,17,-23.604242,-46.836862
1785631248900,44.4,0.00,0.00,0.00,0.0,17,-23.604233,-46.836853
1785631249000,44.6,0.00,0.00,0.00,0.0,17,-23.604224,-46.836844
1785631249100,45.3,0.00,0.00,0.00,0.0,17,-23.604214,-46.836836
1785631249300,45.1,0.00,0.00,0.00,0.0,17,-23.604200,-46.836816
1785631249400,45.2,0.00,0.00,0.00,0.0,17,-23.604192,-46.836807
1785631249500,45.4,0.00,0.00,0.00,0.0,17,-23.604184,-46.836797
1785631249700,45.2,0.00,0.00,0.00,0.0,17,-23.604170,-46.836778
1785631249800,45.1,0.00,0.00,0.00,0.0,17,-23.604163,-46.836768
1785631249900,45.1,0.00,0.00,0.00,0.0,17,-23.604156,-46.836758
1785631250000,45.0,0.00,0.00,0.00,0.0,17,-23.604149,-46.836748
1785631250200,45.1,0.00,0.00,0.00,0.0,17,-23.604136,-46.836728
1785631250300,44.9,0.00,0.00,0.00,0.0,17,-23.604130,-46.836717
1785631250400,44.6,0.00,0.00,0.00,0.0,17,-23.604124,-46.836706
1785631250500,44.3,0.00,0.00,0.00,0.0,17,-23.604119,-46.836695
1785631250600,44.1,0.00,0.00,0.00,0.0,17,-23.604114,-46.836684
1785631250800,43.2,0.00,0.00,0.00,0.0,17,-23.604104,-46.836663
1785631250900,42.5,0.00,0.00,0.00,0.0,17,-23.604101,-46.836652
1785631251000,41.8,0.00,0.00,0.00,0.0,17,-23.604099,-46.836642
1785631251100,41.2,0.00,0.00,0.00,0.0,17,-23.604097,-46.836631
1785631251200,40.4,0.00,0.00,0.00,0.0,17,-23.604097,-46.836620
1785631251400,39.2,0.00,0.00,0.00,0.0,17,-23.604094,-46.836599
1785631251500,38.2,0.00,0.00,0.00,0.0,17,-23.604097,-46.836588
1785631251600,37.5,0.00,0.00,0.00,0.0,17,-23.604101,-46.836577
1785631251700,37.2,0.00,0.00,0.00,0.0,17,-23.604106,-46.836567
1785631251900,37.4,0.00,0.00,0.00,0.0,17,-23.604113,-46.836545
1785631252000,37.9,0.00,0.00,0.00,0.0,17,-23.604123,-46.836534
1785631252100,37.1,0.00,0.00,0.00,0.0,17,-23.604133,-46.836526
1785631252200,37.5,0.00,0.00,0.00,0.0,17,-23.604146,-46.836518
1785631252300,37.7,0.00,0.00,0.00,0.0,17,-23.604160,-46.836512
1785631252500,38.6,0.00,0.00,0.00,0.0,17,-23.604187,-46.836500
1785631252600,39.5,0.00,0.00,0.00,0.0,17,-23.604202,-46.836496
1785631252700,40.5,0.00,0.00,0.00,0.0,17,-23.604219,-46.836491
1785631252800,41.2,0.00,0.00,0.00,0.0,17,-23.604234,-46.836486
1785631252900,42.1,0.00,0.00,0.00,0.0,17,-23.604250,-46.836481
1785631253100,43.4,0.00,0.00,0.00,0.0,17,-23.604276,-46.836472
1785631253200,44.6,0.00,0.00,0.00,0.0,17,-23.604291,-46.836468
1785631253300,46.3,0.00,0.00,0.00,0.0,17,-23.604309,-46.836465
1785631253500,48.7,0.00,0.00,0.00,0.0,17,-23.604346,-46.836459
1785631253500,50.3,0.00,0.00,0.00,0.0,17,-23.604346,-46.836459
1785631253600,52.2,0.00,0.00,0.00,0.0,17,-23.604364,-46.836456
1785631253700,53.5,0.00,0.00,0.00,0.0,17,-23.604381,-46.836451
1785631253800,53.5,0.00,0.00,0.00,0.0,17,-23.604397,-46.836447
1785631254000,54.5,0.00,0.00,0.00,0.0,17,-23.604426,-46.836437
1785631254100,55.7,0.00,0.00,0.00,0.0,17,-23.604443,-46.836433
1785631254200,56.0,0.00,0.00,0.00,0.0,17,-23.604459,-46.836428
1785631254300,56.3,0.00,0.00,0.00,0.0,17,-23.604475,-46.836422
1785631254400,56.6,0.00,0.00,0.00,0.0,17,-23.604491,-46.836417
1785631254500,57.1,0.00,0.00,0.00,0.0,17,-23.604507,-46.836412
1785631254600,57.4,0.00,0.00,0.00,0.0,17,-23.604523,-46.836407
1785631254800,58.3,0.00,0.00,0.00,0.0,17,-23.604552,-46.836396
1785631254900,59.2,0.00,0.00,0.00,0.0,17,-23.604568,-46.836391
1785631255000,59.7,0.00,0.00,0.00,0.0,17,-23.604584,-46.836385
1785631255100,60.0,0.00,0.00,0.00,0.0,17,-23.604600,-46.836379
1785631255400,60.2,0.00,0.00,0.00,0.0,17,-23.604647,-46.836363
1785631255400,61.0,0.00,0.00,0.00,0.0,17,-23.604647,-46.836363
1785631255500,61.5,0.00,0.00,0.00,0.0,17,-23.604663,-46.836357
1785631255600,62.2,0.00,0.00,0.00,0.0,17,-23.604679,-46.836351
1785631255700,62.9,0.00,0.00,0.00,0.0,17,-23.604696,-46.836346
1785631255800,63.2,0.00,0.00,0.00,0.0,17,-23.604713,-46.836340
1785631256000,64.3,0.00,0.00,0.00,0.0,17,-23.604745,-46.836328
1785631256100,64.6,0.00,0.00,0.00,0.0,17,-23.604761,-46.836322
1785631256200,64.9,0.00,0.00,0.00,0.0,17,-23.604778,-46.836316
1785631256300,65.0,0.00,0.00,0.00,0.0,17,-23.604795,-46.836310
1785631256500,65.2,0.00,0.00,0.00,0.0,17,-23.604828,-46.836298
1785631256500,65.2,0.00,0.00,0.00,0.0,17,-23.604828,-46.836298
1785631256500,65.4,0.00,0.00,0.00,0.0,17,-23.604828,-46.836298
1785631256800,65.8,0.00,0.00,0.00,0.0,17,-23.604878,-46.836281
1785631256800,66.1,0.00,0.00,0.00,0.0,17,-23.604878,-46.836281
1785631256900,66.4,0.00,0.00,0.00,0.0,17,-23.604895,-46.836275
1785631257000,66.8,0.00,0.00,0.00,0.0,17,-23.604912,-46.836269
1785631257100,67.5,0.00,0.00,0.00,0.0,17,-23.604929,-46.836263
1785631257200,68.2,0.00,0.00,0.00,0.0,17,-23.604946,-46.836257
1785631257400,68.5,0.00,0.00,0.00,0.0,17,-23.604980,-46.836245
1785631257400,69.0,0.00,0.00,0.00,0.0,17,-23.604980,-46.836245
1785631257600,69.8,0.00,0.00,0.00,0.0,17,-23.605014,-46.836233
1785631257700,71.0,0.00,0.00,0.00,0.0,17,-23.605033,-46.836227
1785631257800,71.1,0.00,0.00,0.00,0.0,17,-23.605050,-46.836221
1785631257900,71.2,0.00,0.00,0.00,0.0,17,-23.605068,-46.836215
1785631258000,71.2,0.00,0.00,0.00,0.0,17,-23.605085,-46.836209
1785631258000,71.3,0.00,0.00,0.00,0.0,17,-23.605085,-46.836209
1785631258200,72.0,0.00,0.00,0.00,0.0,17,-23.605120,-46.836196
1785631258300,72.6,0.00,0.00,0.00,0.0,17,-23.605138,-46.836189
1785631258400,72.9,0.00,0.00,0.00,0.0,17,-23.605156,-46.836182
1785631258500,72.9,0.00,0.00,0.00,0.0,17,-23.605173,-46.836176
1785631258500,73.0,0.00,0.00,0.00,0.0,17,-23.605173,-46.836176
1785631258700,73.5,0.00,0.00,0.00,0.0,17,-23.605209,-46.836162
1785631258800,74.2,0.00,0.00,0.00,0.0,17,-23.605227,-46.836156
1785631258900,74.3,0.00,0.00,0.00,0.0,17,-23.605245,-46.836149
1785631259000,74.3,0.00,0.00,0.00,0.0,17,-23.605263,-46.836143
1785631259200,74.5,0.00,0.00,0.00,0.0,17,-23.605300,-46.836129
1785631259300,74.7,0.00,0.00,0.00,0.0,16,-23.605318,-46.836123
1785631259400,74.7,0.00,0.00,0.00,0.0,16,-23.605336,-46.836116
1785631259600,74.5,0.00,0.00,0.00,0.0,16,-23.605372,-46.836103
1785631259700,74.5,0.00,0.00,0.00,0.0,16,-23.605390,-46.836096
1785631259800,74.5,0.00,0.00,0.00,0.0,16,-23.605408,-46.836090
1785631259900,74.5,0.00,0.00,0.00,0.0,16,-23.605426,-46.836083
1785631260000,74.5,0.00,0.00,0.00,0.0,16,-23.605444,-46.836077
1785631260100,74.3,0.00,0.00,0.00,0.0,16,-23.605462,-46.836070
1785631260200,74.1,0.00,0.00,0.00,0.0,16,-23.605480,-46.836064
1785631260400,73.6,0.00,0.00,0.00,0.0,16,-23.605515,-46.836051
1785631260500,72.8,0.00,0.00,0.00,0.0,16,-23.605532,-46.836045
1785631260600,72.3,0.00,0.00,0.00,0.0,16,-23.605549,-46.836039
1785631260700,71.7,0.00,0.00,0.00,0.0,16,-23.605566,-46.836034
1785631260800,71.0,0.00,0.00,0.00,0.0,16,-23.605583,-46.836029
1785631261000,70.5,0.00,0.00,0.00,0.0,16,-23.605616,-46.836018
1785631261100,69.9,0.00,0.00,0.00,0.0,16,-23.605632,-46.836014
1785631261300,69.4,0.00,0.00,0.00,0.0,17,-23.605665,-46.836006
1785631261400,68.9,0.00,0.00,0.00,0.0,17,-23.605682,-46.836003
1785631261500,68.4,0.00,0.00,0.00,0.0,17,-23.605698,-46.836000
1785631261700,68.0,0.00,0.00,0.00,0.0,17,-23.605730,-46.835994
1785631261800,67.5,0.00,0.00,0.00,0.0,17,-23.605746,-46.835993
1785631262000,67.5,0.00,0.00,0.00,0.0,17,-23.605778,-46.835988
1785631262000,66.5,0.00,0.00,0.00,0.0,17,-23.605778,-46.835988
1785631262100,66.0,0.00,0.00,0.00,0.0,17,-23.605793,-46.835987
1785631262300,65.2,0.00,0.00,0.00,0.0,17,-23.605824,-46.835985
1785631262400,64.2,0.00,0.00,0.00,0.0,17,-23.605839,-46.835986
1785631262600,63.1,0.00,0.00,0.00,0.0,17,-23.605868,-46.835986
1785631262800,63.1,0.00,0.00,0.00,0.0,17,-23.605897,-46.835989
1785631262800,62.2,0.00,0.00,0.00,0.0,17,-23.605897,-46.835989
1785631263000,60.9,0.00,0.00,0.00,0.0,17,-23.605925,-46.835996
1785631263200,59.0,0.00,0.00,0.00,0.0,17,-23.605951,-46.836003
1785631263300,57.4,0.00,0.00,0.00,0.0,17,-23.605961,-46.836011
1785631263500,55.5,0.00,0.00,0.00,0.0,17,-23.605984,-46.836021
1785631263700,52.9,0.00,0.00,0.00,0.0,17,-23.606003,-46.836036
1785631263800,49.2,0.00,0.00,0.00,0.0,17,-23.606004,-46.836053
1785631264000,49.2,0.00,0.00,0.00,0.0,17,-23.606017,-46.836072
1785631264000,46.6,0.00,0.00,0.00,0.0,17,-23.606017,-46.836072
1785631264200,43.1,0.00,0.00,0.00,0.0,17,-23.606024,-46.836096
1785631264300,41.0,0.00,0.00,0.00,0.0,17,-23.606014,-46.836123
1785631264500,41.0,0.00,0.00,0.00,0.0,17,-23.606010,-46.836160
1785631264500,40.6,0.00,0.00,0.00,0.0,17,-23.606010,-46.836160
1785631264600,41.5,0.00,0.00,0.00,0.0,17,-23.605998,-46.836189
1785631264700,45.0,0.00,0.00,0.00,0.0,17,-23.605978,-46.836229
1785631264900,50.2,0.00,0.00,0.00,0.0,17,-23.605965,-46.836279
1785631265000,52.2,0.00,0.00,0.00,0.0,17,-23.605963,-46.836301
1785631265200,52.3,0.00,0.00,0.00,0.0,17,-23.605966,-46.836335
1785631265300,52.3,0.00,0.00,0.00,0.0,17,-23.605966,-46.836354
1785631265500,52.6,0.00,0.00,0.00,0.0,17,-23.605968,-46.836391
1785631265600,52.6,0.00,0.00,0.00,0.0,17,-23.605969,-46.836411
1785631265600,53.0,0.00,0.00,0.00,0.0,17,-23.605969,-46.836411
1785631265700,53.5,0.00,0.00,0.00,0.0,17,-23.605969,-46.836431
1785631265900,53.5,0.00,0.00,0.00,0.0,17,-23.605976,-46.836467
1785631265900,54.9,0.00,0.00,0.00,0.0,17,-23.605976,-46.836467
1785631266000,56.7,0.00,0.00,0.00,0.0,17,-23.605979,-46.836488
1785631266200,59.8,0.00,0.00,0.00,0.0,17,-23.605986,-46.836529
1785631266300,59.8,0.00,0.00,0.00,0.0,17,-23.605988,-46.836554
1785631266300,62.3,0.00,0.00,0.00,0.0,17,-23.605988,-46.836554
1785631266400,62.3,0.00,0.00,0.00,0.0,17,-23.605990,-46.836577
1785631266400,62.7,0.00,0.00,0.00,0.0,17,-23.605990,-46.836577
1785631266600,62.8,0.00,0.00,0.00,0.0,17,-23.605996,-46.836616
1785631266700,62.3,0.00,0.00,0.00,0.0,17,-23.605997,-46.836638
1785631266900,62.3,0.00,0.00,0.00,0.0,17,-23.606004,-46.836675
1785631266900,62.1,0.00,0.00,0.00,0.0,17,-23.606004,-46.836675
1785631267000,62.0,0.00,0.00,0.00,0.0,17,-23.606005,-46.836697
1785631267100,61.9,0.00,0.00,0.00,0.0,17,-23.606006,-46.836718
1785631267300,61.5,0.00,0.00,0.00,0.0,17,-23.606011,-46.836756
1785631267400,60.9,0.00,0.00,0.00,0.0,17,-23.606011,-46.836775
1785631267500,60.5,0.00,0.00,0.00,0.0,17,-23.606011,-46.836795
1785631267600,59.9,0.00,0.00,0.00,0.0,17,-23.606009,-46.836813
1785631267800,59.4,0.00,0.00,0.00,0.0,17,-23.606011,-46.836847
1785631267900,59.1,0.00,0.00,0.00,0.0,17,-23.606007,-46.836865
1785631268000,58.6,0.00,0.00,0.00,0.0,17,-23.606002,-46.836883
1785631268100,58.1,0.00,0.00,0.00,0.0,17,-23.605995,-46.836901
1785631268300,57.9,0.00,0.00,0.00,0.0,17,-23.605986,-46.836935
1785631268400,57.8,0.00,0.00,0.00,0.0,17,-23.605975,-46.836952
1785631268500,57.9,0.00,0.00,0.00,0.0,17,-23.605963,-46.836969
1785631268600,57.9,0.00,0.00,0.00,0.0,17,-23.605948,-46.836986
1785631268600,58.6,0.00,0.00,0.00,0.0,17,-23.605948,-46.836986
1785631268800,59.4,0.00,0.00,0.00,0.0,17,-23.605926,-46.837017
1785631268900,59.4,0.00,0.00,0.00,0.0,17,-23.605900,-46.837031
1785631268900,60.6,0.00,0.00,0.00,0.0,17,-23.605900,-46.837031
1785631269000,61.4,0.00,0.00,0.00,0.0,17,-23.605872,-46.837041
1785631269200,62.9,0.00,0.00,0.00,0.0,17,-23.605837,-46.837065
1785631269300,62.6,0.00,0.00,0.00,0.0,17,-23.605819,-46.837076
1785631269500,62.8,0.00,0.00,0.00,0.0,17,-23.605792,-46.837101
1785631269600,62.5,0.00,0.00,0.00,0.0,17,-23.605775,-46.837112
1785631269700,62.5,0.00,0.00,0.00,0.0,17,-23.605757,-46.837123
1785631269800,62.5,0.00,0.00,0.00,0.0,17,-23.605739,-46.837133
1785631269800,62.9,0.00,0.00,0.00,0.0,17,-23.605739,-46.837133
1785631270000,63.2,0.00,0.00,0.00,0.0,17,-23.605709,-46.837152
1785631270100,63.2,0.00,0.00,0.00,0.0,17,-23.605691,-46.837161
1785631270200,63.2,0.00,0.00,0.00,0.0,17,-23.605673,-46.837168
1785631270400,63.3,0.00,0.00,0.00,0.0,17,-23.605640,-46.837184
1785631270500,63.7,0.00,0.00,0.00,0.0,17,-23.605621,-46.837189
1785631270500,63.9,0.00,0.00,0.00,0.0,17,-23.605621,-46.837189
1785631270600,64.2,0.00,0.00,0.00,0.0,17,-23.605603,-46.837196
1785631270800,65.4,0.00,0.00,0.00,0.0,17,-23.605568,-46.837208
1785631270900,65.5,0.00,0.00,0.00,0.0,17,-23.605548,-46.837212
1785631271000,66.3,0.00,0.00,0.00,0.0,17,-23.605526,-46.837213
1785631271200,66.9,0.00,0.00,0.00,0.0,17,-23.605489,-46.837221
1785631271300,67.2,0.00,0.00,0.00,0.0,17,-23.605468,-46.837223
1785631271400,67.3,0.00,0.00,0.00,0.0,17,-23.605446,-46.837223
1785631271600,67.3,0.00,0.00,0.00,0.0,17,-23.605410,-46.837231
1785631271600,66.9,0.00,0.00,0.00,0.0,17,-23.605410,-46.837231
1785631271700,66.9,0.00,0.00,0.00,0.0,17,-23.605389,-46.837232
1785631271800,67.3,0.00,0.00,0.00,0.0,17,-23.605368,-46.837232
1785631271900,67.2,0.00,0.00,0.00,0.0,17,-23.605348,-46.837233
1785631272000,67.4,0.00,0.00,0.00,0.0,17,-23.605327,-46.837233
1785631272200,67.4,0.00,0.00,0.00,0.0,17,-23.605290,-46.837238
1785631272300,67.6,0.00,0.00,0.00,0.0,17,-23.605270,-46.837239
1785631272400,67.9,0.00,0.00,0.00,0.0,17,-23.605249,-46.837238
1785631272500,68.2,0.00,0.00,0.00,0.0,17,-23.605229,-46.837237
1785631272600,68.4,0.00,0.00,0.00,0.0,17,-23.605208,-46.837237
1785631272700,68.5,0.00,0.00,0.00,0.0,17,-23.605188,-46.837236
1785631272800,68.7,0.00,0.00,0.00,0.0,17,-23.605168,-46.837235
1785631273000,68.9,0.00,0.00,0.00,0.0,17,-23.605131,-46.837235
1785631273100,69.3,0.00,0.00,0.00,0.0,17,-23.605110,-46.837233
1785631273200,69.9,0.00,0.00,0.00,0.0,17,-23.605089,-46.837230
1785631273300,70.1,0.00,0.00,0.00,0.0,17,-23.605069,-46.837226
1785631273400,70.5,0.00,0.00,0.00,0.0,17,-23.605049,-46.837222
1785631273500,70.8,0.00,0.00,0.00,0.0,17,-23.605028,-46.837217
1785631273700,71.2,0.00,0.00,0.00,0.0,17,-23.604990,-46.837211
1785631273800,71.1,0.00,0.00,0.00,0.0,17,-23.604970,-46.837205
1785631273900,70.9,0.00,0.00,0.00,0.0,17,-23.604951,-46.837199
1785631274000,70.5,0.00,0.00,0.00,0.0,17,-23.604932,-46.837192
1785631274100,70.3,0.00,0.00,0.00,0.0,17,-23.604914,-46.837185
1785631274300,70.1,0.00,0.00,0.00,0.0,17,-23.604879,-46.837174
1785631274400,69.8,0.00,0.00,0.00,0.0,17,-23.604861,-46.837165
1785631274500,69.6,0.00,0.00,0.00,0.0,17,-23.604845,-46.837155
1785631274600,68.7,0.00,0.00,0.00,0.0,17,-23.604830,-46.837145
1785631274700,68.0,0.00,0.00,0.00,0.0,17,-23.604815,-46.837135
1785631274900,66.8,0.00,0.00,0.00,0.0,17,-23.604786,-46.837117
1785631275000,65.9,0.00,0.00,0.00,0.0,17,-23.604773,-46.837104
1785631275100,64.7,0.00,0.00,0.00,0.0,17,-23.604762,-46.837090
1785631275200,64.0,0.00,0.00,0.00,0.0,17,-23.604750,-46.837077
1785631275400,62.6,0.00,0.00,0.00,0.0,17,-23.604724,-46.837056
1785631275500,61.5,0.00,0.00,0.00,0.0,17,-23.604714,-46.837043
1785631275600,60.5,0.00,0.00,0.00,0.0,17,-23.604704,-46.837030
1785631275800,59.3,0.00,0.00,0.00,0.0,17,-23.604683,-46.837008
1785631275900,59.3,0.00,0.00,0.00,0.0,17,-23.604675,-46.836995
1785631275900,58.0,0.00,0.00,0.00,0.0,17,-23.604675,-46.836995
1785631276000,56.8,0.00,0.00,0.00,0.0,17,-23.604669,-46.836981
1785631276200,56.8,0.00,0.00,0.00,0.0,17,-23.604654,-46.836957
1785631276200,55.3,0.00,0.00,0.00,0.0,17,-23.604654,-46.836957
1785631276300,53.4,0.00,0.00,0.00,0.0,17,-23.604650,-46.836943
1785631276400,51.4,0.00,0.00,0.00,0.0,17,-23.604648,-46.836930
1785631276500,49.4,0.00,0.00,0.00,0.0,17,-23.604649,-46.836915
1785631276700,47.2,0.00,0.00,0.00,0.0,17,-23.604644,-46.836891
1785631276800,45.1,0.00,0.00,0.00,0.0,17,-23.604651,-46.836874
1785631276900,43.3,0.00,0.00,0.00,0.0,17,-23.604665,-46.836856
1785631277000,42.4,0.00,0.00,0.00,0.0,17,-23.604679,-46.836838
1785631277200,40.2,0.00,0.00,0.00,0.0,17,-23.604692,-46.836815
1785631277300,37.6,0.00,0.00,0.00,0.0,17,-23.604707,-46.836805
1785631277400,35.5,0.00,0.00,0.00,0.0,17,-23.604720,-46.836797
1785631277500,33.9,0.00,0.00,0.00,0.0,17,-23.604733,-46.836789
1785631277600,32.6,0.00,0.00,0.00,0.0,17,-23.604747,-46.836782
1785631277800,30.8,0.00,0.00,0.00,0.0,17,-23.604762,-46.836767
1785631278000,29.0,0.00,0.00,0.00,0.0,17,-23.604789,-46.836759
1785631278100,27.5,0.00,0.00,0.00,0.0,17,-23.604802,-46.836757
1785631278100,26.0,0.00,0.00,0.00,0.0,17,-23.604802,-46.836757
1785631278200,24.8,0.00,0.00,0.00,0.0,17,-23.604814,-46.836756
1785631278300,24.0,0.00,0.00,0.00,0.0,17,-23.604826,-46.836757
1785631278400,23.3,0.00,0.00,0.00,0.0,17,-23.604838,-46.836760
1785631278600,22.4,0.00,0.00,0.00,0.0,17,-23.604854,-46.836761
1785631278700,21.6,0.00,0.00,0.00,0.0,17,-23.604865,-46.836768
1785631278800,21.2,0.00,0.00,0.00,0.0,17,-23.604876,-46.836776
1785631278900,21.2,0.00,0.00,0.00,0.0,17,-23.604888,-46.836788
1785631279000,22.3,0.00,0.00,0.00,0.0,17,-23.604900,-46.836802
1785631279300,26.1,0.00,0.00,0.00,0.0,17,-23.604942,-46.836839
1785631279400,32.0,0.00,0.00,0.00,0.0,17,-23.604964,-46.836858
1785631279400,38.0,0.00,0.00,0.00,0.0,17,-23.604964,-46.836858
1785631279500,39.8,0.00,0.00,0.00,0.0,17,-23.604979,-46.836869
1785631279600,40.4,0.00,0.00,0.00,0.0,17,-23.604992,-46.836878
1785631279700,40.9,0.00,0.00,0.00,0.0,17,-23.605005,-46.836886
1785631279800,40.9,0.00,0.00,0.00,0.0,17,-23.605018,-46.836895
1785631280000,40.9,0.00,0.00,0.00,0.0,17,-23.605041,-46.836905
1785631280100,40.8,0.00,0.00,0.00,0.0,17,-23.605054,-46.836910
1785631280200,40.7,0.00,0.00,0.00,0.0,17,-23.605067,-46.836914
1785631280400,40.7,0.00,0.00,0.00,0.0,17,-23.605090,-46.836918
1785631280400,40.6,0.00,0.00,0.00,0.0,17,-23.605090,-46.836918
1785631280500,40.6,0.00,0.00,0.00,0.0,17,-23.605101,-46.836919
1785631280800,40.6,0.00,0.00,0.00,0.0,17,-23.605133,-46.836920
1785631280800,40.7,0.00,0.00,0.00,0.0,17,-23.605133,-46.836920
1785631280900,40.9,0.00,0.00,0.00,0.0,17,-23.605144,-46.836917
1785631281100,41.2,0.00,0.00,0.00,0.0,17,-23.605166,-46.836906
1785631281100,41.7,0.00,0.00,0.00,0.0,17,-23.605166,-46.836906
1785631281200,42.4,0.00,0.00,0.00,0.0,17,-23.605177,-46.836898
1785631281400,41.8,0.00,0.00,0.00,0.0,17,-23.605195,-46.836880
1785631281400,41.4,0.00,0.00,0.00,0.0,17,-23.605195,-46.836880
1785631281500,41.6,0.00,0.00,0.00,0.0,17,-23.605204,-46.836869
1785631281600,41.8,0.00,0.00,0.00,0.0,17,-23.605211,-46.836855
1785631281800,41.5,0.00,0.00,0.00,0.0,17,-23.605221,-46.836827
1785631281800,41.1,0.00,0.00,0.00,0.0,17,-23.605221,-46.836827
1785631282000,41.1,0.00,0.00,0.00,0.0,17,-23.605231,-46.836805
1785631282100,41.8,0.00,0.00,0.00,0.0,17,-23.605232,-46.836787
1785631282200,44.9,0.00,0.00,0.00,0.0,17,-23.605231,-46.836766
1785631282300,48.5,0.00,0.00,0.00,0.0,17,-23.605227,-46.836740
1785631282400,49.6,0.00,0.00,0.00,0.0,17,-23.605232,-46.836725
1785631282500,49.8,0.00,0.00,0.00,0.0,17,-23.605237,-46.836710
1785631282600,49.7,0.00,0.00,0.00,0.0,17,-23.605242,-46.836695
1785631282800,49.6,0.00,0.00,0.00,0.0,17,-23.605252,-46.836669
1785631282900,49.7,0.00,0.00,0.00,0.0,17,-23.605258,-46.836655
1785631283000,49.4,0.00,0.00,0.00,0.0,17,-23.605263,-46.836641
1785631283100,49.4,0.00,0.00,0.00,0.0,17,-23.605270,-46.836627
1785631283200,49.2,0.00,0.00,0.00,0.0,17,-23.605276,-46.836614
1785631283300,49.1,0.00,0.00,0.00,0.0,17,-23.605283,-46.836602
1785631283500,48.9,0.00,0.00,0.00,0.0,17,-23.605296,-46.836579
1785631283600,48.2,0.00,0.00,0.00,0.0,17,-23.605302,-46.836568
1785631283700,47.3,0.00,0.00,0.00,0.0,17,-23.605309,-46.836559
1785631283800,46.6,0.00,0.00,0.00,0.0,17,-23.605316,-46.836549
1785631283900,45.7,0.00,0.00,0.00,0.0,17,-23.605323,-46.836540
1785631284100,44.7,0.00,0.00,0.00,0.0,17,-23.605335,-46.836521
1785631284200,43.5,0.00,0.00,0.00,0.0,17,-23.605342,-46.836514
1785631284300,42.2,0.00,0.00,0.00,0.0,17,-23.605349,-46.836507
1785631284500,40.5,0.00,0.00,0.00,0.0,17,-23.605362,-46.836493
1785631284600,38.9,0.00,0.00,0.00,0.0,17,-23.605369,-46.836489
1785631284700,38.9,0.00,0.00,0.00,0.0,17,-23.605377,-46.836488
1785631284700,36.8,0.00,0.00,0.00,0.0,17,-23.605377,-46.836488
1785631284900,34.8,0.00,0.00,0.00,0.0,17,-23.605390,-46.836480
1785631285000,33.1,0.00,0.00,0.00,0.0,17,-23.605398,-46.836480
1785631285100,31.4,0.00,0.00,0.00,0.0,17,-23.605406,-46.836482
1785631285200,29.5,0.00,0.00,0.00,0.0,17,-23.605414,-46.836488
1785631285400,27.9,0.00,0.00,0.00,0.0,17,-23.605429,-46.836492
1785631285500,26.9,0.00,0.00,0.00,0.0,17,-23.605437,-46.836502
1785631285600,26.5,0.00,0.00,0.00,0.0,17,-23.605445,-46.836514
1785631285700,26.5,0.00,0.00,0.00,0.0,17,-23.605455,-46.836535
1785631285700,27.8,0.00,0.00,0.00,0.0,17,-23.605455,-46.836535
1785631285900,29.8,0.00,0.00,0.00,0.0,17,-23.605469,-46.836561
1785631286000,33.5,0.00,0.00,0.00,0.0,17,-23.605475,-46.836590
1785631286100,37.5,0.00,0.00,0.00,0.0,17,-23.605477,-46.836623
1785631286300,45.8,0.00,0.00,0.00,0.0,17,-23.605504,-46.836662
1785631286400,48.2,0.00,0.00,0.00,0.0,17,-23.605515,-46.836685
1785631286500,48.2,0.00,0.00,0.00,0.0,17,-23.605524,-46.836700
1785631286600,47.8,0.00,0.00,0.00,0.0,17,-23.605532,-46.836715
1785631286700,47.7,0.00,0.00,0.00,0.0,17,-23.605539,-46.836730
1785631286900,47.2,0.00,0.00,0.00,0.0,17,-23.605555,-46.836755
1785631287000,46.9,0.00,0.00,0.00,0.0,17,-23.605563,-46.836769
1785631287100,46.2,0.00,0.00,0.00,0.0,17,-23.605570,-46.836783
1785631287200,46.0,0.00,0.00,0.00,0.0,17,-23.605578,-46.836796
1785631287300,45.8,0.00,0.00,0.00,0.0,17,-23.605587,-46.836810
1785631287500,45.6,0.00,0.00,0.00,0.0,17,-23.605604,-46.836831
1785631287600,45.2,0.00,0.00,0.00,0.0,17,-23.605615,-46.836842
1785631287700,44.7,0.00,0.00,0.00,0.0,17,-23.605625,-46.836851
1785631287800,44.3,0.00,0.00,0.00,0.0,17,-23.605635,-46.836858
1785631288000,43.6,0.00,0.00,0.00,0.0,17,-23.605653,-46.836873
1785631288100,42.4,0.00,0.00,0.00,0.0,17,-23.605663,-46.836877
1785631288200,41.4,0.00,0.00,0.00,0.0,17,-23.605672,-46.836880
1785631288300,40.3,0.00,0.00,0.00,0.0,17,-23.605681,-46.836882
1785631288400,39.2,0.00,0.00,0.00,0.0,17,-23.605691,-46.836882
1785631288500,38.0,0.00,0.00,0.00,0.0,17,-23.605700,-46.836881
1785631288700,36.9,0.00,0.00,0.00,0.0,17,-23.605719,-46.836880
1785631288800,36.2,0.00,0.00,0.00,0.0,17,-23.605729,-46.836872
1785631288900,36.3,0.00,0.00,0.00,0.0,17,-23.605740,-46.836862
1785631289000,37.0,0.00,0.00,0.00,0.0,17,-23.605751,-46.836846
1785631289100,36.1,0.00,0.00,0.00,0.0,17,-23.605759,-46.836833
1785631289300,34.0,0.00,0.00,0.00,0.0,17,-23.605770,-46.836817
1785631289400,32.7,0.00,0.00,0.00,0.0,17,-23.605772,-46.836803
1785631289500,31.6,0.00,0.00,0.00,0.0,17,-23.605772,-46.836787
1785631289600,31.0,0.00,0.00,0.00,0.0,17,-23.605771,-46.836771
1785631289800,29.3,0.00,0.00,0.00,0.0,17,-23.605772,-46.836745
1785631289900,29.4,0.00,0.00,0.00,0.0,17,-23.605767,-46.836726
1785631290000,30.8,0.00,0.00,0.00,0.0,17,-23.605759,-46.836705
1785631290100,32.8,0.00,0.00,0.00,0.0,17,-23.605749,-46.836682
1785631290300,36.5,0.00,0.00,0.00,0.0,17,-23.605732,-46.836646
1785631290400,43.0,0.00,0.00,0.00,0.0,17,-23.605715,-46.836615
1785631290500,45.9,0.00,0.00,0.00,0.0,17,-23.605705,-46.836592
1785631290600,49.8,0.00,0.00,0.00,0.0,17,-23.605695,-46.836567
1785631290800,49.9,0.00,0.00,0.00,0.0,17,-23.605687,-46.836537
1785631290900,50.1,0.00,0.00,0.00,0.0,17,-23.605684,-46.836519
1785631291000,50.1,0.00,0.00,0.00,0.0,17,-23.605681,-46.836501
1785631291100,50.2,0.00,0.00,0.00,0.0,17,-23.605678,-46.836485
1785631291300,50.4,0.00,0.00,0.00,0.0,17,-23.605671,-46.836456
1785631291400,50.4,0.00,0.00,0.00,0.0,17,-23.605669,-46.836440
1785631291400,50.4,0.00,0.00,0.00,0.0,17,-23.605669,-46.836440
1785631291500,50.4,0.00,0.00,0.00,0.0,17,-23.605665,-46.836425
1785631291700,50.4,0.00,0.00,0.00,0.0,17,-23.605657,-46.836398
1785631291800,50.1,0.00,0.00,0.00,0.0,17,-23.605653,-46.836384
1785631291900,49.8,0.00,0.00,0.00,0.0,17,-23.605648,-46.836372
1785631292100,49.3,0.00,0.00,0.00,0.0,17,-23.605639,-46.836347
1785631292200,48.9,0.00,0.00,0.00,0.0,17,-23.605633,-46.836336
1785631292300,48.4,0.00,0.00,0.00,0.0,17,-23.605628,-46.836325
1785631292500,48.3,0.00,0.00,0.00,0.0,17,-23.605616,-46.836302
1785631292600,48.3,0.00,0.00,0.00,0.0,17,-23.605609,-46.836292
1785631292600,48.1,0.00,0.00,0.00,0.0,17,-23.605609,-46.836292
1785631292700,47.6,0.00,0.00,0.00,0.0,17,-23.605601,-46.836282
1785631292800,47.2,0.00,0.00,0.00,0.0,17,-23.605593,-46.836273
1785631293000,47.2,0.00,0.00,0.00,0.0,17,-23.605579,-46.836254
1785631293000,46.4,0.00,0.00,0.00,0.0,17,-23.605579,-46.836254
1785631293100,45.8,0.00,0.00,0.00,0.0,17,-23.605570,-46.836247
1785631293200,44.8,0.00,0.00,0.00,0.0,17,-23.605560,-46.836240
1785631293400,43.4,0.00,0.00,0.00,0.0,17,-23.605543,-46.836225
1785631293500,42.4,0.00,0.00,0.00,0.0,17,-23.605532,-46.836221
1785631293600,41.2,0.00,0.00,0.00,0.0,17,-23.605520,-46.836219
1785631293800,41.2,0.00,0.00,0.00,0.0,17,-23.605500,-46.836212
1785631293800,39.8,0.00,0.00,0.00,0.0,17,-23.605500,-46.836212
1785631293900,39.4,0.00,0.00,0.00,0.0,17,-23.605486,-46.836213
1785631294000,39.2,0.00,0.00,0.00,0.0,17,-23.605470,-46.836218
1785631294200,38.6,0.00,0.00,0.00,0.0,17,-23.605445,-46.836221
1785631294300,39.5,0.00,0.00,0.00,0.0,17,-23.605427,-46.836229
1785631294500,42.3,0.00,0.00,0.00,0.0,17,-23.605391,-46.836247
1785631294700,42.3,0.00,0.00,0.00,0.0,17,-23.605353,-46.836269
1785631294700,47.1,0.00,0.00,0.00,0.0,17,-23.605353,-46.836269
1785631294800,53.7,0.00,0.00,0.00,0.0,17,-23.605322,-46.836297
1785631295000,55.5,0.00,0.00,0.00,0.0,17,-23.605287,-46.836314
1785631295200,55.9,0.00,0.00,0.00,0.0,17,-23.605255,-46.836328
1785631295400,57.0,0.00,0.00,0.00,0.0,17,-23.605223,-46.836343
1785631295500,57.1,0.00,0.00,0.00,0.0,17,-23.605206,-46.836351
1785631295700,57.2,0.00,0.00,0.00,0.0,17,-23.605175,-46.836364
1785631295900,57.9,0.00,0.00,0.00,0.0,17,-23.605144,-46.836377
1785631296000,58.1,0.00,0.00,0.00,0.0,17,-23.605127,-46.836385
1785631296100,58.2,0.00,0.00,0.00,0.0,17,-23.605110,-46.836393
1785631296300,58.2,0.00,0.00,0.00,0.0,17,-23.605079,-46.836405
1785631296300,58.3,0.00,0.00,0.00,0.0,17,-23.605079,-46.836405
1785631296400,58.4,0.00,0.00,0.00,0.0,17,-23.605063,-46.836411
1785631296600,58.7,0.00,0.00,0.00,0.0,17,-23.605034,-46.836423
1785631296700,58.9,0.00,0.00,0.00,0.0,17,-23.605018,-46.836429
1785631296900,58.9,0.00,0.00,0.00,0.0,17,-23.604988,-46.836441
1785631296900,59.5,0.00,0.00,0.00,0.0,17,-23.604988,-46.836441
1785631297000,59.6,0.00,0.00,0.00,0.0,17,-23.604972,-46.836447
1785631297200,59.9,0.00,0.00,0.00,0.0,17,-23.604942,-46.836458
1785631297300,60.2,0.00,0.00,0.00,0.0,17,-23.604927,-46.836464
1785631297400,60.3,0.00,0.00,0.00,0.0,17,-23.604912,-46.836470
1785631297600,60.4,0.00,0.00,0.00,0.0,17,-23.604883,-46.836481
1785631297700,60.5,0.00,0.00,0.00,0.0,17,-23.604868,-46.836487
1785631297900,60.9,0.00,0.00,0.00,0.0,17,-23.604838,-46.836498
1785631298000,60.9,0.00,0.00,0.00,0.0,17,-23.604823,-46.836504
1785631298000,61.1,0.00,0.00,0.00,0.0,17,-23.604823,-46.836504
1785631298200,61.6,0.00,0.00,0.00,0.0,17,-23.604794,-46.836516
1785631298300,61.6,0.00,0.00,0.00,0.0,17,-23.604779,-46.836523
1785631298400,61.7,0.00,0.00,0.00,0.0,17,-23.604764,-46.836530
1785631298500,61.8,0.00,0.00,0.00,0.0,17,-23.604749,-46.836536
1785631298700,62.3,0.00,0.00,0.00,0.0,17,-23.604720,-46.836550
1785631298800,63.1,0.00,0.00,0.00,0.0,17,-23.604705,-46.836557
1785631298900,63.4,0.00,0.00,0.00,0.0,17,-23.604691,-46.836565
1785631299000,64.0,0.00,0.00,0.00,0.0,17,-23.604676,-46.836574
1785631299200,63.9,0.00,0.00,0.00,0.0,17,-23.604648,-46.836590
1785631299300,64.1,0.00,0.00,0.00,0.0,17,-23.604634,-46.836599
1785631299400,64.2,0.00,0.00,0.00,0.0,17,-23.604620,-46.836608
1785631299500,63.9,0.00,0.00,0.00,0.0,17,-23.604606,-46.836618
1785631299600,63.7,0.00,0.00,0.00,0.0,17,-23.604592,-46.836627
1785631299800,63.1,0.00,0.00,0.00,0.0,17,-23.604566,-46.836646
1785631299900,62.7,0.00,0.00,0.00,0.0,17,-23.604553,-46.836656
1785631300000,62.0,0.00,0.00,0.00,0.0,17,-23.604541,-46.836666
1785631300100,61.6,0.00,0.00,0.00,0.0,17,-23.604529,-46.836677
1785631300300,60.7,0.00,0.00,0.00,0.0,17,-23.604505,-46.836696
1785631300400,60.7,0.00,0.00,0.00,0.0,17,-23.604495,-46.836707
1785631300500,59.8,0.00,0.00,0.00,0.0,17,-23.604485,-46.836718
1785631300500,58.7,0.00,0.00,0.00,0.0,17,-23.604485,-46.836718
1785631300600,57.7,0.00,0.00,0.00,0.0,17,-23.604476,-46.836729
1785631300800,56.1,0.00,0.00,0.00,0.0,17,-23.604457,-46.836750
1785631300900,54.6,0.00,0.00,0.00,0.0,17,-23.604450,-46.836762
1785631301000,53.8,0.00,0.00,0.00,0.0,17,-23.604443,-46.836774
1785631301200,52.8,0.00,0.00,0.00,0.0,17,-23.604427,-46.836797
1785631301300,51.9,0.00,0.00,0.00,0.0,17,-23.604422,-46.836810
1785631301400,50.8,0.00,0.00,0.00,0.0,17,-23.604418,-46.836823
1785631301500,50.0,0.00,0.00,0.00,0.0,17,-23.604415,-46.836836
1785631301700,49.1,0.00,0.00,0.00,0.0,17,-23.604405,-46.836861
1785631301800,48.4,0.00,0.00,0.00,0.0,17,-23.604404,-46.836876
1785631301900,47.4,0.00,0.00,0.00,0.0,17,-23.604406,-46.836892
1785631302000,46.9,0.00,0.00,0.00,0.0,17,-23.604409,-46.836908
1785631302200,46.4,0.00,0.00,0.00,0.0,17,-23.604408,-46.836935
1785631302300,45.5,0.00,0.00,0.00,0.0,17,-23.604414,-46.836951
1785631302400,45.0,0.00,0.00,0.00,0.0,17,-23.604423,-46.836967
1785631302500,45.3,0.00,0.00,0.00,0.0,17,-23.604437,-46.836985
1785631302700,46.2,0.00,0.00,0.00,0.0,17,-23.604456,-46.837016
1785631302800,48.5,0.00,0.00,0.00,0.0,17,-23.604479,-46.837036
1785631302900,48.5,0.00,0.00,0.00,0.0,17,-23.604525,-46.837066
1785631302900,58.1,0.00,0.00,0.00,0.0,17,-23.604525,-46.837066
1785631303100,58.1,0.00,0.00,0.00,0.0,17,-23.604547,-46.837107
1785631303200,62.3,0.00,0.00,0.00,0.0,17,-23.604559,-46.837125
1785631303300,62.1,0.00,0.00,0.00,0.0,17,-23.604573,-46.837144
1785631303400,62.0,0.00,0.00,0.00,0.0,17,-23.604586,-46.837162
1785631303500,61.9,0.00,0.00,0.00,0.0,17,-23.604599,-46.837180
1785631303700,61.7,0.00,0.00,0.00,0.0,17,-23.604619,-46.837214
1785631303800,61.5,0.00,0.00,0.00,0.0,17,-23.604633,-46.837235
1785631303900,61.5,0.00,0.00,0.00,0.0,17,-23.604646,-46.837256
1785631303900,61.2,0.00,0.00,0.00,0.0,17,-23.604646,-46.837256
1785631304000,61.0,0.00,0.00,0.00,0.0,17,-23.604658,-46.837277
1785631304200,60.9,0.00,0.00,0.00,0.0,17,-23.604672,-46.837311
1785631304300,60.7,0.00,0.00,0.00,0.0,17,-23.604678,-46.837330
1785631304400,60.7,0.00,0.00,0.00,0.0,17,-23.604682,-46.837349
1785631304600,60.8,0.00,0.00,0.00,0.0,17,-23.604689,-46.837384
1785631304700,60.7,0.00,0.00,0.00,0.0,17,-23.604688,-46.837401
1785631304800,60.7,0.00,0.00,0.00,0.0,17,-23.604685,-46.837419
1785631304800,60.4,0.00,0.00,0.00,0.0,17,-23.604685,-46.837419
1785631305000,60.2,0.00,0.00,0.00,0.0,17,-23.604682,-46.837452
1785631305100,58.8,0.00,0.00,0.00,0.0,17,-23.604674,-46.837467
1785631305200,57.3,0.00,0.00,0.00,0.0,17,-23.604665,-46.837482
1785631305400,57.3,0.00,0.00,0.00,0.0,17,-23.604652,-46.837511
1785631305400,56.5,0.00,0.00,0.00,0.0,17,-23.604652,-46.837511
1785631305500,55.6,0.00,0.00,0.00,0.0,17,-23.604637,-46.837522
1785631305600,55.2,0.00,0.00,0.00,0.0,17,-23.604623,-46.837532
1785631305700,53.9,0.00,0.00,0.00,0.0,17,-23.604609,-46.837541
1785631305900,51.9,0.00,0.00,0.00,0.0,17,-23.604587,-46.837557
1785631306000,51.1,0.00,0.00,0.00,0.0,17,-23.604571,-46.837560
1785631306100,50.5,0.00,0.00,0.00,0.0,17,-23.604552,-46.837561
1785631306300,48.9,0.00,0.00,0.00,0.0,17,-23.604527,-46.837573
1785631306400,48.9,0.00,0.00,0.00,0.0,17,-23.604505,-46.837568
1785631306400,47.7,0.00,0.00,0.00,0.0,17,-23.604505,-46.837568
1785631306500,47.1,0.00,0.00,0.00,0.0,17,-23.604487,-46.837567
1785631306700,46.2,0.00,0.00,0.00,0.0,17,-23.604460,-46.837572
1785631306800,45.7,0.00,0.00,0.00,0.0,17,-23.604442,-46.837568
1785631306900,45.6,0.00,0.00,0.00,0.0,17,-23.604424,-46.837564
1785631307100,45.7,0.00,0.00,0.00,0.0,17,-23.604396,-46.837563
1785631307200,45.9,0.00,0.00,0.00,0.0,17,-23.604380,-46.837558
1785631307300,45.9,0.00,0.00,0.00,0.0,17,-23.604364,-46.837552
1785631307300,46.0,0.00,0.00,0.00,0.0,17,-23.604364,-46.837552
1785631307500,46.0,0.00,0.00,0.00,0.0,17,-23.604337,-46.837547
1785631307500,46.6,0.00,0.00,0.00,0.0,17,-23.604337,-46.837547
1785631307600,46.8,0.00,0.00,0.00,0.0,17,-23.604322,-46.837539
1785631307700,47.4,0.00,0.00,0.00,0.0,17,-23.604306,-46.837530
1785631307800,47.9,0.00,0.00,0.00,0.0,17,-23.604292,-46.837521
1785631308000,47.3,0.00,0.00,0.00,0.0,17,-23.604268,-46.837510
1785631308100,46.4,0.00,0.00,0.00,0.0,17,-23.604258,-46.837502
1785631308200,45.2,0.00,0.00,0.00,0.0,17,-23.604249,-46.837493
1785631308400,43.2,0.00,0.00,0.00,0.0,17,-23.604230,-46.837480
1785631308500,41.3,0.00,0.00,0.00,0.0,17,-23.604224,-46.837471
1785631308700,40.0,0.00,0.00,0.00,0.0,17,-23.604209,-46.837456
1785631308800,39.2,0.00,0.00,0.00,0.0,16,-23.604205,-46.837446
1785631309000,38.5,0.00,0.00,0.00,0.0,17,-23.604194,-46.837428
1785631309100,37.5,0.00,0.00,0.00,0.0,17,-23.604193,-46.837417
1785631309200,36.1,0.00,0.00,0.00,0.0,17,-23.604193,-46.837404
1785631309400,36.1,0.00,0.00,0.00,0.0,17,-23.604190,-46.837384
1785631309400,34.1,0.00,0.00,0.00,0.0,17,-23.604190,-46.837384
1785631309500,32.9,0.00,0.00,0.00,0.0,17,-23.604195,-46.837370
1785631309600,33.0,0.00,0.00,0.00,0.0,17,-23.604204,-46.837355
1785631309800,33.3,0.00,0.00,0.00,0.0,17,-23.604214,-46.837328
1785631309900,35.3,0.00,0.00,0.00,0.0,17,-23.604228,-46.837309
1785631310000,38.6,0.00,0.00,0.00,0.0,17,-23.604248,-46.837288
1785631310100,45.5,0.00,0.00,0.00,0.0,17,-23.604275,-46.837260
1785631310300,46.9,0.00,0.00,0.00,0.0,17,-23.604291,-46.837230
1785631310400,47.1,0.00,0.00,0.00,0.0,17,-23.604301,-46.837213
1785631310500,47.2,0.00,0.00,0.00,0.0,17,-23.604309,-46.837196
1785631310600,47.3,0.00,0.00,0.00,0.0,17,-23.604316,-46.837180
1785631310800,47.4,0.00,0.00,0.00,0.0,17,-23.604325,-46.837153
1785631310900,47.6,0.00,0.00,0.00,0.0,17,-23.604329,-46.837138
1785631311000,47.6,0.00,0.00,0.00,0.0,17,-23.604333,-46.837124
1785631311100,47.6,0.00,0.00,0.00,0.0,17,-23.604335,-46.837111
1785631311100,47.7,0.00,0.00,0.00,0.0,17,-23.604335,-46.837111
1785631311300,47.8,0.00,0.00,0.00,0.0,17,-23.604340,-46.837084
1785631311400,47.9,0.00,0.00,0.00,0.0,17,-23.604342,-46.837071
1785631311500,48.1,0.00,0.00,0.00,0.0,17,-23.604342,-46.837057
1785631311700,48.5,0.00,0.00,0.00,0.0,17,-23.604343,-46.837030
1785631311800,48.7,0.00,0.00,0.00,0.0,17,-23.604340,-46.837016
1785631311900,48.9,0.00,0.00,0.00,0.0,17,-23.604337,-46.837002
1785631312100,48.1,0.00,0.00,0.00,0.0,17,-23.604333,-46.836976
1785631312200,47.9,0.00,0.00,0.00,0.0,17,-23.604327,-46.836963
1785631312300,47.5,0.00,0.00,0.00,0.0,17,-23.604321,-46.836951
1785631312400,46.7,0.00,0.00,0.00,0.0,17,-23.604312,-46.836940
1785631312600,47.0,0.00,0.00,0.00,0.0,17,-23.604299,-46.836917
1785631312700,47.5,0.00,0.00,0.00,0.0,17,-23.604286,-46.836907
1785631312800,47.3,0.00,0.00,0.00,0.0,17,-23.604273,-46.836898
1785631312900,47.8,0.00,0.00,0.00,0.0,17,-23.604259,-46.836889
1785631313100,48.5,0.00,0.00,0.00,0.0,17,-23.604234,-46.836872
1785631313200,48.9,0.00,0.00,0.00,0.0,17,-23.604219,-46.836864
1785631313300,49.0,0.00,0.00,0.00,0.0,17,-23.604209,-46.836854
1785631313500,49.1,0.00,0.00,0.00,0.0,17,-23.604192,-46.836833
1785631313600,49.1,0.00,0.00,0.00,0.0,17,-23.604183,-46.836823
1785631313700,49.1,0.00,0.00,0.00,0.0,17,-23.604174,-46.836812
1785631313700,49.2,0.00,0.00,0.00,0.0,17,-23.604174,-46.836812
1785631313900,49.0,0.00,0.00,0.00,0.0,17,-23.604157,-46.836791
1785631314000,48.9,0.00,0.00,0.00,0.0,17,-23.604149,-46.836779
1785631314100,48.9,0.00,0.00,0.00,0.0,17,-23.604142,-46.836768
1785631314300,49.1,0.00,0.00,0.00,0.0,17,-23.604126,-46.836746
1785631314400,48.7,0.00,0.00,0.00,0.0,17,-23.604119,-46.836734
1785631314600,47.8,0.00,0.00,0.00,0.0,17,-23.604106,-46.836713
1785631314700,46.9,0.00,0.00,0.00,0.0,17,-23.604101,-46.836702
1785631314800,46.0,0.00,0.00,0.00,0.0,17,-23.604096,-46.836691
1785631315000,44.8,0.00,0.00,0.00,0.0,17,-23.604087,-46.836669
1785631315100,43.6,0.00,0.00,0.00,0.0,17,-23.604086,-46.836658
1785631315300,42.3,0.00,0.00,0.00,0.0,17,-23.604080,-46.836636
1785631315400,40.8,0.00,0.00,0.00,0.0,17,-23.604081,-46.836625
1785631315500,39.7,0.00,0.00,0.00,0.0,17,-23.604084,-46.836613
1785631315700,38.6,0.00,0.00,0.00,0.0,17,-23.604088,-46.836591
1785631315800,38.2,0.00,0.00,0.00,0.0,17,-23.604095,-46.836580
1785631316000,38.4,0.00,0.00,0.00,0.0,17,-23.604106,-46.836558
1785631316100,39.3,0.00,0.00,0.00,0.0,17,-23.604121,-46.836546
1785631316300,40.5,0.00,0.00,0.00,0.0,17,-23.604149,-46.836527
1785631316400,42.2,0.00,0.00,0.00,0.0,17,-23.604172,-46.836520
1785631316600,45.2,0.00,0.00,0.00,0.0,17,-23.604206,-46.836505
1785631316700,48.0,0.00,0.00,0.00,0.0,17,-23.604233,-46.836501
1785631316900,48.0,0.00,0.00,0.00,0.0,17,-23.604265,-46.836488
1785631316900,49.7,0.00,0.00,0.00,0.0,17,-23.604265,-46.836488
1785631317000,50.2,0.00,0.00,0.00,0.0,17,-23.604283,-46.836481
1785631317200,51.4,0.00,0.00,0.00,0.0,17,-23.604313,-46.836469
1785631317400,51.4,0.00,0.00,0.00,0.0,17,-23.604348,-46.836460
1785631317400,53.3,0.00,0.00,0.00,0.0,17,-23.604348,-46.836460
1785631317500,54.7,0.00,0.00,0.00,0.0,17,-23.604370,-46.836458
1785631317700,54.7,0.00,0.00,0.00,0.0,17,-23.604402,-46.836447
1785631317700,56.4,0.00,0.00,0.00,0.0,17,-23.604402,-46.836447
1785631317900,57.0,0.00,0.00,0.00,0.0,17,-23.604433,-46.836436
1785631318000,57.2,0.00,0.00,0.00,0.0,17,-23.604451,-46.836430
1785631318200,57.2,0.00,0.00,0.00,0.0,17,-23.604482,-46.836419
1785631318200,57.4,0.00,0.00,0.00,0.0,17,-23.604482,-46.836419
1785631318300,57.8,0.00,0.00,0.00,0.0,17,-23.604500,-46.836413
1785631318500,58.8,0.00,0.00,0.00,0.0,17,-23.604531,-46.836402
1785631318700,58.8,0.00,0.00,0.00,0.0,17,-23.604562,-46.836391
1785631318700,59.2,0.00,0.00,0.00,0.0,17,-23.604562,-46.836391
1785631318800,60.0,0.00,0.00,0.00,0.0,17,-23.604579,-46.836385
1785631319000,61.0,0.00,0.00,0.00,0.0,17,-23.604610,-46.836373
1785631319100,61.7,0.00,0.00,0.00,0.0,17,-23.604627,-46.836367
1785631319300,62.7,0.00,0.00,0.00,0.0,17,-23.604658,-46.836356
1785631319400,62.7,0.00,0.00,0.00,0.0,17,-23.604675,-46.836349
1785631319400,63.6,0.00,0.00,0.00,0.0,17,-23.604675,-46.836349
1785631319600,64.7,0.00,0.00,0.00,0.0,17,-23.604707,-46.836338
1785631319700,65.2,0.00,0.00,0.00,0.0,17,-23.604724,-46.836332
1785631319900,66.1,0.00,0.00,0.00,0.0,17,-23.604756,-46.836320
1785631320100,66.4,0.00,0.00,0.00,0.0,17,-23.604788,-46.836308
1785631320200,66.4,0.00,0.00,0.00,0.0,17,-23.604805,-46.836302
1785631320200,66.6,0.00,0.00,0.00,0.0,17,-23.604805,-46.836302
1785631320300,67.3,0.00,0.00,0.00,0.0,17,-23.604821,-46.836296
1785631320500,67.7,0.00,0.00,0.00,0.0,17,-23.604854,-46.836284
1785631320600,68.3,0.00,0.00,0.00,0.0,17,-23.604871,-46.836278
1785631320700,68.6,0.00,0.00,0.00,0.0,17,-23.604888,-46.836272
1785631320900,68.6,0.00,0.00,0.00,0.0,17,-23.604921,-46.836260
1785631320900,69.5,0.00,0.00,0.00,0.0,17,-23.604921,-46.836260
1785631321000,69.7,0.00,0.00,0.00,0.0,17,-23.604938,-46.836254
1785631321100,69.7,0.00,0.00,0.00,0.0,17,-23.604955,-46.836248
1785631321100,69.8,0.00,0.00,0.00,0.0,17,-23.604955,-46.836248
1785631321300,70.8,0.00,0.00,0.00,0.0,17,-23.604989,-46.836236
1785631321400,71.5,0.00,0.00,0.00,0.0,17,-23.605007,-46.836230
1785631321600,72.5,0.00,0.00,0.00,0.0,17,-23.605042,-46.836218
1785631321700,73.2,0.00,0.00,0.00,0.0,17,-23.605060,-46.836211
1785631321800,73.5,0.00,0.00,0.00,0.0,17,-23.605078,-46.836205
1785631322000,73.7,0.00,0.00,0.00,0.0,17,-23.605114,-46.836192
1785631322100,73.7,0.00,0.00,0.00,0.0,17,-23.605132,-46.836186
1785631322300,74.4,0.00,0.00,0.00,0.0,17,-23.605167,-46.836173
1785631322400,74.8,0.00,0.00,0.00,0.0,17,-23.605186,-46.836166
1785631322500,75.0,0.00,0.00,0.00,0.0,17,-23.605204,-46.836160
1785631322700,74.8,0.00,0.00,0.00,0.0,17,-23.605240,-46.836147
1785631322800,74.8,0.00,0.00,0.00,0.0,17,-23.605258,-46.836140
1785631322800,75.0,0.00,0.00,0.00,0.0,17,-23.605258,-46.836140
1785631323000,75.2,0.00,0.00,0.00,0.0,17,-23.605294,-46.836128
1785631323100,75.4,0.00,0.00,0.00,0.0,17,-23.605313,-46.836121
1785631323300,75.7,0.00,0.00,0.00,0.0,17,-23.605349,-46.836108
1785631323500,75.4,0.00,0.00,0.00,0.0,17,-23.605385,-46.836095
1785631323600,75.5,0.00,0.00,0.00,0.0,17,-23.605403,-46.836089
1785631323800,75.0,0.00,0.00,0.00,0.0,17,-23.605439,-46.836076
1785631323900,74.7,0.00,0.00,0.00,0.0,17,-23.605457,-46.836070
1785631324000,74.7,0.00,0.00,0.00,0.0,17,-23.605475,-46.836064
1785631324000,74.4,0.00,0.00,0.00,0.0,17,-23.605475,-46.836064
1785631324200,74.0,0.00,0.00,0.00,0.0,17,-23.605511,-46.836051
1785631324300,73.5,0.00,0.00,0.00,0.0,17,-23.605528,-46.836046
1785631324500,72.8,0.00,0.00,0.00,0.0,17,-23.605563,-46.836034
1785631324600,72.5,0.00,0.00,0.00,0.0,17,-23.605581,-46.836029
1785631324700,72.5,0.00,0.00,0.00,0.0,17,-23.605598,-46.836024
1785631324700,72.2,0.00,0.00,0.00,0.0,17,-23.605598,-46.836024
1785631324900,71.8,0.00,0.00,0.00,0.0,17,-23.605632,-46.836014
1785631325100,71.3,0.00,0.00,0.00,0.0,17,-23.605667,-46.836005
1785631325300,70.8,0.00,0.00,0.00,0.0,17,-23.605701,-46.835997
1785631325500,70.6,0.00,0.00,0.00,0.0,17,-23.605735,-46.835991
1785631325700,70.2,0.00,0.00,0.00,0.0,17,-23.605769,-46.835987
1785631325900,69.1,0.00,0.00,0.00,0.0,17,-23.605802,-46.835985
1785631326100,67.7,0.00,0.00,0.00,0.0,17,-23.605834,-46.835984
1785631326200,66.1,0.00,0.00,0.00,0.0,17,-23.605848,-46.835988
1785631326400,66.1,0.00,0.00,0.00,0.0,17,-23.605878,-46.835993
1785631326400,65.2,0.00,0.00,0.00,0.0,17,-23.605878,-46.835993
1785631326500,64.1,0.00,0.00,0.00,0.0,17,-23.605890,-46.836002
1785631326700,61.7,0.00,0.00,0.00,0.0,17,-23.605916,-46.836013
1785631326900,59.2,0.00,0.00,0.00,0.0,17,-23.605939,-46.836026
1785631327000,56.9,0.00,0.00,0.00,0.0,17,-23.605945,-46.836039
1785631327200,53.1,0.00,0.00,0.00,0.0,17,-23.605960,-46.836061
1785631327400,50.5,0.00,0.00,0.00,0.0,17,-23.605972,-46.836084
1785631327500,48.3,0.00,0.00,0.00,0.0,17,-23.605971,-46.836103
1785631327700,46.1,0.00,0.00,0.00,0.0,17,-23.605977,-46.836132
1785631327900,43.9,0.00,0.00,0.00,0.0,17,-23.605974,-46.836167
1785631328000,43.9,0.00,0.00,0.00,0.0,17,-23.605955,-46.836202
1785631328200,46.6,0.00,0.00,0.00,0.0,17,-23.605944,-46.836248
1785631328300,48.5,0.00,0.00,0.00,0.0,17,-23.605935,-46.836275
1785631328500,48.5,0.00,0.00,0.00,0.0,17,-23.605932,-46.836312
1785631328500,50.0,0.00,0.00,0.00,0.0,17,-23.605932,-46.836312
1785631328600,51.5,0.00,0.00,0.00,0.0,17,-23.605930,-46.836333
1785631328700,52.2,0.00,0.00,0.00,0.0,17,-23.605929,-46.836354
1785631328900,52.6,0.00,0.00,0.00,0.0,17,-23.605932,-46.836387
1785631329000,53.3,0.00,0.00,0.00,0.0,17,-23.605932,-46.836407
1785631329200,53.7,0.00,0.00,0.00,0.0,17,-23.605935,-46.836441
1785631329300,54.6,0.00,0.00,0.00,0.0,17,-23.605936,-46.836461
1785631329500,55.8,0.00,0.00,0.00,0.0,17,-23.605943,-46.836496
1785631329600,58.3,0.00,0.00,0.00,0.0,17,-23.605948,-46.836517
1785631329700,57.5,0.00,0.00,0.00,0.0,17,-23.605949,-46.836537
1785631329900,57.4,0.00,0.00,0.00,0.0,17,-23.605956,-46.836571
1785631330000,56.9,0.00,0.00,0.00,0.0,17,-23.605957,-46.836590
1785631330100,56.9,0.00,0.00,0.00,0.0,17,-23.605957,-46.836610
1785631330100,56.8,0.00,0.00,0.00,0.0,17,-23.605957,-46.836610
1785631330300,56.6,0.00,0.00,0.00,0.0,17,-23.605964,-46.836644
1785631330400,56.4,0.00,0.00,0.00,0.0,17,-23.605964,-46.836663
1785631330600,56.1,0.00,0.00,0.00,0.0,17,-23.605969,-46.836696
1785631330700,55.9,0.00,0.00,0.00,0.0,17,-23.605969,-46.836715
1785631330900,55.2,0.00,0.00,0.00,0.0,17,-23.605973,-46.836747
1785631331000,54.9,0.00,0.00,0.00,0.0,17,-23.605971,-46.836765
1785631331100,54.3,0.00,0.00,0.00,0.0,17,-23.605969,-46.836783
1785631331300,53.6,0.00,0.00,0.00,0.0,17,-23.605970,-46.836814
1785631331400,53.0,0.00,0.00,0.00,0.0,17,-23.605966,-46.836831
1785631331600,52.5,0.00,0.00,0.00,0.0,17,-23.605963,-46.836862
1785631331700,52.6,0.00,0.00,0.00,0.0,17,-23.605956,-46.836878
1785631331800,52.7,0.00,0.00,0.00,0.0,17,-23.605948,-46.836895
1785631331900,52.7,0.00,0.00,0.00,0.0,17,-23.605938,-46.836911
1785631331900,52.9,0.00,0.00,0.00,0.0,17,-23.605938,-46.836911
1785631332100,54.4,0.00,0.00,0.00,0.0,17,-23.605919,-46.836943
1785631332200,55.3,0.00,0.00,0.00,0.0,17,-23.605902,-46.836959
1785631332400,55.1,0.00,0.00,0.00,0.0,17,-23.605877,-46.836984
1785631332500,56.1,0.00,0.00,0.00,0.0,17,-23.605853,-46.836995
1785631332600,58.0,0.00,0.00,0.00,0.0,17,-23.605827,-46.837004
1785631332700,59.5,0.00,0.00,0.00,0.0,17,-23.605800,-46.837009
1785631332900,60.1,0.00,0.00,0.00,0.0,17,-23.605770,-46.837029
1785631333000,59.7,0.00,0.00,0.00,0.0,17,-23.605754,-46.837038
1785631333100,59.8,0.00,0.00,0.00,0.0,17,-23.605738,-46.837048
1785631333300,59.8,0.00,0.00,0.00,0.0,17,-23.605710,-46.837068
1785631333300,59.8,0.00,0.00,0.00,0.0,17,-23.605710,-46.837068
1785631333400,59.8,0.00,0.00,0.00,0.0,17,-23.605694,-46.837077
1785631333500,60.0,0.00,0.00,0.00,0.0,17,-23.605679,-46.837085
1785631333600,60.0,0.00,0.00,0.00,0.0,17,-23.605664,-46.837094
1785631333800,60.0,0.00,0.00,0.00,0.0,17,-23.605636,-46.837111
1785631333800,59.8,0.00,0.00,0.00,0.0,17,-23.605636,-46.837111
1785631333900,59.8,0.00,0.00,0.00,0.0,17,-23.605621,-46.837119
1785631334000,60.4,0.00,0.00,0.00,0.0,17,-23.605604,-46.837125
1785631334200,61.4,0.00,0.00,0.00,0.0,17,-23.605573,-46.837138
1785631334300,61.4,0.00,0.00,0.00,0.0,17,-23.605557,-46.837144
1785631334400,61.1,0.00,0.00,0.00,0.0,17,-23.605540,-46.837148
1785631334600,62.9,0.00,0.00,0.00,0.0,17,-23.605504,-46.837154
1785631334700,62.9,0.00,0.00,0.00,0.0,17,-23.605485,-46.837157
1785631334700,63.5,0.00,0.00,0.00,0.0,17,-23.605485,-46.837157
1785631334900,63.5,0.00,0.00,0.00,0.0,17,-23.605449,-46.837164
1785631334900,64.8,0.00,0.00,0.00,0.0,17,-23.605449,-46.837164
1785631335000,65.0,0.00,0.00,0.00,0.0,17,-23.605430,-46.837166
1785631335200,65.7,0.00,0.00,0.00,0.0,17,-23.605396,-46.837175
1785631335300,65.7,0.00,0.00,0.00,0.0,17,-23.605378,-46.837179
1785631335500,65.5,0.00,0.00,0.00,0.0,17,-23.605345,-46.837188
1785631335600,65.3,0.00,0.00,0.00,0.0,17,-23.605329,-46.837192
1785631335800,65.1,0.00,0.00,0.00,0.0,17,-23.605296,-46.837201
1785631335900,65.0,0.00,0.00,0.00,0.0,17,-23.605279,-46.837204
1785631336100,65.0,0.00,0.00,0.00,0.0,17,-23.605246,-46.837212
1785631336100,64.9,0.00,0.00,0.00,0.0,17,-23.605246,-46.837212
1785631336200,64.8,0.00,0.00,0.00,0.0,17,-23.605230,-46.837214
1785631336400,64.8,0.00,0.00,0.00,0.0,17,-23.605197,-46.837219
1785631336500,64.9,0.00,0.00,0.00,0.0,17,-23.605180,-46.837221
1785631336700,65.1,0.00,0.00,0.00,0.0,17,-23.605146,-46.837224
1785631336800,65.4,0.00,0.00,0.00,0.0,17,-23.605129,-46.837224
1785631337000,65.7,0.00,0.00,0.00,0.0,17,-23.605095,-46.837225
1785631337200,65.7,0.00,0.00,0.00,0.0,17,-23.605061,-46.837223
1785631337200,66.0,0.00,0.00,0.00,0.0,17,-23.605061,-46.837223
1785631337300,66.2,0.00,0.00,0.00,0.0,17,-23.605042,-46.837220
1785631337500,66.2,0.00,0.00,0.00,0.0,17,-23.605008,-46.837212
1785631337500,66.2,0.00,0.00,0.00,0.0,17,-23.605008,-46.837212
1785631337600,66.5,0.00,0.00,0.00,0.0,17,-23.604990,-46.837205
1785631337800,66.5,0.00,0.00,0.00,0.0,17,-23.604956,-46.837195
1785631337800,66.7,0.00,0.00,0.00,0.0,17,-23.604956,-46.837195
1785631337900,66.7,0.00,0.00,0.00,0.0,17,-23.604939,-46.837187
1785631338100,66.7,0.00,0.00,0.00,0.0,17,-23.604906,-46.837176
1785631338100,66.6,0.00,0.00,0.00,0.0,17,-23.604906,-46.837176
1785631338300,66.7,0.00,0.00,0.00,0.0,17,-23.604874,-46.837162
1785631338400,66.7,0.00,0.00,0.00,0.0,17,-23.604858,-46.837152
1785631338400,66.7,0.00,0.00,0.00,0.0,17,-23.604858,-46.837152
1785631338600,67.2,0.00,0.00,0.00,0.0,17,-23.604827,-46.837136
1785631338800,67.2,0.00,0.00,0.00,0.0,17,-23.604797,-46.837117
1785631338800,66.8,0.00,0.00,0.00,0.0,17,-23.604797,-46.837117
1785631338900,65.9,0.00,0.00,0.00,0.0,17,-23.604785,-46.837103
1785631339100,65.1,0.00,0.00,0.00,0.0,17,-23.604759,-46.837080
1785631339300,64.7,0.00,0.00,0.00,0.0,17,-23.604733,-46.837057
1785631339500,63.2,0.00,0.00,0.00,0.0,17,-23.604709,-46.837034
1785631339700,61.9,0.00,0.00,0.00,0.0,17,-23.604687,-46.837011
1785631339900,60.6,0.00,0.00,0.00,0.0,17,-23.604667,-46.836987
1785631340100,58.7,0.00,0.00,0.00,0.0,17,-23.604650,-46.836962
1785631340200,56.4,0.00,0.00,0.00,0.0,17,-23.604647,-46.836948
1785631340400,53.8,0.00,0.00,0.00,0.0,17,-23.604635,-46.836925
1785631340600,53.8,0.00,0.00,0.00,0.0,17,-23.604627,-46.836900
1785631340600,51.0,0.00,0.00,0.00,0.0,17,-23.604627,-46.836900
1785631340800,48.2,0.00,0.00,0.00,0.0,17,-23.604624,-46.836875
1785631341000,45.9,0.00,0.00,0.00,0.0,17,-23.604628,-46.836848
1785631341300,43.9,0.00,0.00,0.00,0.0,17,-23.604629,-46.836811
1785631341500,41.4,0.00,0.00,0.00,0.0,17,-23.604637,-46.836789
1785631341800,41.4,0.00,0.00,0.00,0.0,17,-23.604645,-46.836759
1785631341800,38.2,0.00,0.00,0.00,0.0,17,-23.604645,-46.836759
1785631342100,38.2,0.00,0.00,0.00,0.0,17,-23.604656,-46.836734
1785631342100,34.7,0.00,0.00,0.00,0.0,17,-23.604656,-46.836734
1785631342300,30.8,0.00,0.00,0.00,0.0,17,-23.604669,-46.836722
1785631342500,26.6,0.00,0.00,0.00,0.0,17,-23.604683,-46.836716
1785631342800,21.8,0.00,0.00,0.00,0.0,17,-23.604699,-46.836708
1785631343000,15.8,0.00,0.00,0.00,0.0,17,-23.604720,-46.836717
1785631343200,12.3,0.00,0.00,0.00,0.0,17,-23.604742,-46.836730
1785631343500,14.3,0.00,0.00,0.00,0.0,17,-23.604774,-46.836745
1785631343700,19.3,0.00,0.00,0.00,0.0,17,-23.604808,-46.836765
1785631344000,28.2,0.00,0.00,0.00,0.0,17,-23.604861,-46.836793
1785631344200,31.8,0.00,0.00,0.00,0.0,17,-23.604890,-46.836796
1785631344400,32.5,0.00,0.00,0.00,0.0,17,-23.604917,-46.836797
1785631344600,33.2,0.00,0.00,0.00,0.0,17,-23.604943,-46.836798
1785631344800,34.2,0.00,0.00,0.00,0.0,17,-23.604970,-46.836798
1785631345000,35.9,0.00,0.00,0.00,0.0,17,-23.604998,-46.836796
1785631345200,37.3,0.00,0.00,0.00,0.0,17,-23.605026,-46.836793
1785631345400,37.4,0.00,0.00,0.00,0.0,17,-23.605053,-46.836789
1785631345600,37.4,0.00,0.00,0.00,0.0,17,-23.605078,-46.836783
1785631345800,38.0,0.00,0.00,0.00,0.0,17,-23.605105,-46.836776
1785631345900,38.7,0.00,0.00,0.00,0.0,17,-23.605124,-46.836773
1785631346100,39.6,0.00,0.00,0.00,0.0,17,-23.605144,-46.836754
1785631346300,39.6,0.00,0.00,0.00,0.0,17,-23.605160,-46.836731
1785631346300,42.7,0.00,0.00,0.00,0.0,17,-23.605160,-46.836731
1785631346400,43.6,0.00,0.00,0.00,0.0,17,-23.605168,-46.836716
1785631346600,49.1,0.00,0.00,0.00,0.0,16,-23.605182,-46.836688
1785631346800,50.5,0.00,0.00,0.00,0.0,16,-23.605198,-46.836663
1785631347000,50.6,0.00,0.00,0.00,0.0,16,-23.605214,-46.836640
1785631347100,50.7,0.00,0.00,0.00,0.0,16,-23.605224,-46.836628
1785631347300,50.8,0.00,0.00,0.00,0.0,16,-23.605242,-46.836607
1785631347500,49.7,0.00,0.00,0.00,0.0,16,-23.605260,-46.836586
1785631347600,48.9,0.00,0.00,0.00,0.0,16,-23.605269,-46.836577
1785631347800,48.0,0.00,0.00,0.00,0.0,16,-23.605286,-46.836559
1785631348000,46.9,0.00,0.00,0.00,0.0,16,-23.605304,-46.836541
1785631348200,45.6,0.00,0.00,0.00,0.0,16,-23.605321,-46.836525
1785631348300,43.9,0.00,0.00,0.00,0.0,16,-23.605329,-46.836520
1785631348500,42.0,0.00,0.00,0.00,0.0,16,-23.605345,-46.836509
1785631348600,40.0,0.00,0.00,0.00,0.0,16,-23.605354,-46.836507
1785631348700,40.0,0.00,0.00,0.00,0.0,16,-23.605361,-46.836506
1785631348700,38.0,0.00,0.00,0.00,0.0,16,-23.605361,-46.836506
1785631348900,35.7,0.00,0.00,0.00,0.0,16,-23.605376,-46.836502
1785631349000,33.8,0.00,0.00,0.00,0.0,16,-23.605384,-46.836505
1785631349100,32.1,0.00,0.00,0.00,0.0,16,-23.605391,-46.836510
1785631349300,30.9,0.00,0.00,0.00,0.0,16,-23.605407,-46.836513
1785631349400,29.9,0.00,0.00,0.00,0.0,16,-23.605415,-46.836522
1785631349600,29.5,0.00,0.00,0.00,0.0,16,-23.605431,-46.836534
1785631349700,29.5,0.00,0.00,0.00,0.0,16,-23.605439,-46.836549
1785631349700,29.8,0.00,0.00,0.00,0.0,16,-23.605439,-46.836549
1785631349900,32.6,0.00,0.00,0.00,0.0,16,-23.605456,-46.836576
1785631350000,34.3,0.00,0.00,0.00,0.0,16,-23.605460,-46.836601
1785631350200,37.0,0.00,0.00,0.00,0.0,16,-23.605466,-46.836638
1785631350300,42.3,0.00,0.00,0.00,0.0,16,-23.605466,-46.836675
1785631350400,42.3,0.00,0.00,0.00,0.0,16,-23.605483,-46.836702
1785631350400,48.4,0.00,0.00,0.00,0.0,16,-23.605483,-46.836702
1785631350600,48.4,0.00,0.00,0.00,0.0,16,-23.605497,-46.836731
1785631350700,48.2,0.00,0.00,0.00,0.0,16,-23.605504,-46.836748
1785631350900,48.3,0.00,0.00,0.00,0.0,16,-23.605518,-46.836776
1785631351000,47.8,0.00,0.00,0.00,0.0,16,-23.605525,-46.836793
1785631351200,47.2,0.00,0.00,0.00,0.0,16,-23.605539,-46.836820
1785631351400,46.4,0.00,0.00,0.00,0.0,16,-23.605556,-46.836844
1785631351500,46.4,0.00,0.00,0.00,0.0,16,-23.605567,-46.836856
1785631351500,45.9,0.00,0.00,0.00,0.0,16,-23.605567,-46.836856
1785631351700,45.3,0.00,0.00,0.00,0.0,16,-23.605585,-46.836876
1785631351800,45.3,0.00,0.00,0.00,0.0,16,-23.605595,-46.836884
1785631351800,44.6,0.00,0.00,0.00,0.0,16,-23.605595,-46.836884
1785631352000,43.6,0.00,0.00,0.00,0.0,17,-23.605612,-46.836900
1785631352200,43.6,0.00,0.00,0.00,0.0,17,-23.605629,-46.836913
1785631352200,42.1,0.00,0.00,0.00,0.0,17,-23.605629,-46.836913
1785631352400,39.7,0.00,0.00,0.00,0.0,17,-23.605645,-46.836921
1785631352600,39.7,0.00,0.00,0.00,0.0,17,-23.605660,-46.836925
1785631352600,37.1,0.00,0.00,0.00,0.0,17,-23.605660,-46.836925
1785631352800,34.6,0.00,0.00,0.00,0.0,17,-23.605676,-46.836925
1785631352900,34.6,0.00,0.00,0.00,0.0,17,-23.605685,-46.836916
1785631352900,32.9,0.00,0.00,0.00,0.0,17,-23.605685,-46.836916
1785631353100,32.2,0.00,0.00,0.00,0.0,17,-23.605703,-46.836906
1785631353300,32.2,0.00,0.00,0.00,0.0,17,-23.605722,-46.836890
1785631353300,32.6,0.00,0.00,0.00,0.0,17,-23.605722,-46.836890
1785631353400,32.6,0.00,0.00,0.00,0.0,17,-23.605731,-46.836874
1785631353600,31.3,0.00,0.00,0.00,0.0,17,-23.605740,-46.836847
1785631353700,29.6,0.00,0.00,0.00,0.0,17,-23.605732,-46.836817
1785631353900,30.4,0.00,0.00,0.00,0.0,17,-23.605730,-46.836784
1785631354000,35.4,0.00,0.00,0.00,0.0,17,-23.605712,-46.836745
1785631354200,35.4,0.00,0.00,0.00,0.0,17,-23.605705,-46.836707
1785631354200,38.7,0.00,0.00,0.00,0.0,17,-23.605705,-46.836707
1785631354400,41.4,0.00,0.00,0.00,0.0,17,-23.605699,-46.836671
1785631354500,42.5,0.00,0.00,0.00,0.0,17,-23.605697,-46.836651
1785631354700,43.2,0.00,0.00,0.00,0.0,17,-23.605695,-46.836621
1785631354800,43.9,0.00,0.00,0.00,0.0,17,-23.605692,-46.836603
1785631354900,44.7,0.00,0.00,0.00,0.0,17,-23.605691,-46.836586
1785631355100,45.2,0.00,0.00,0.00,0.0,17,-23.605687,-46.836558
1785631355200,45.5,0.00,0.00,0.00,0.0,17,-23.605686,-46.836543
1785631355300,45.8,0.00,0.00,0.00,0.0,17,-23.605685,-46.836527
1785631355500,45.8,0.00,0.00,0.00,0.0,17,-23.605681,-46.836500
1785631355500,45.9,0.00,0.00,0.00,0.0,17,-23.605681,-46.836500
1785631355600,46.4,0.00,0.00,0.00,0.0,17,-23.605679,-46.836486
1785631355700,46.5,0.00,0.00,0.00,0.0,17,-23.605677,-46.836471
1785631355900,47.2,0.00,0.00,0.00,0.0,17,-23.605671,-46.836445
1785631356000,47.1,0.00,0.00,0.00,0.0,17,-23.605667,-46.836433
1785631356100,47.1,0.00,0.00,0.00,0.0,17,-23.605663,-46.836420
1785631356300,47.2,0.00,0.00,0.00,0.0,17,-23.605654,-46.836396
1785631356400,47.1,0.00,0.00,0.00,0.0,17,-23.605649,-46.836384
1785631356500,47.0,0.00,0.00,0.00,0.0,17,-23.605643,-46.836373
1785631356700,46.7,0.00,0.00,0.00,0.0,17,-23.605632,-46.836350
1785631356800,46.7,0.00,0.00,0.00,0.0,17,-23.605625,-46.836340
1785631356800,46.5,0.00,0.00,0.00,0.0,17,-23.605625,-46.836340
1785631356900,46.4,0.00,0.00,0.00,0.0,17,-23.605618,-46.836329
1785631357100,46.5,0.00,0.00,0.00,0.0,17,-23.605605,-46.836309
1785631357200,46.5,0.00,0.00,0.00,0.0,17,-23.605597,-46.836299
1785631357400,46.5,0.00,0.00,0.00,0.0,17,-23.605581,-46.836280
1785631357400,46.5,0.00,0.00,0.00,0.0,17,-23.605581,-46.836280
1785631357500,46.4,0.00,0.00,0.00,0.0,17,-23.605572,-46.836271
1785631357700,45.8,0.00,0.00,0.00,0.0,17,-23.605556,-46.836254
1785631357800,45.0,0.00,0.00,0.00,0.0,17,-23.605546,-46.836248
1785631357900,45.0,0.00,0.00,0.00,0.0,17,-23.605535,-46.836242
1785631357900,44.5,0.00,0.00,0.00,0.0,17,-23.605535,-46.836242
1785631358100,43.7,0.00,0.00,0.00,0.0,17,-23.605517,-46.836228
1785631358200,42.9,0.00,0.00,0.00,0.0,17,-23.605506,-46.836224
1785631358400,41.7,0.00,0.00,0.00,0.0,17,-23.605487,-46.836213
1785631358500,40.6,0.00,0.00,0.00,0.0,17,-23.605473,-46.836214
1785631358700,39.8,0.00,0.00,0.00,0.0,17,-23.605450,-46.836211
1785631358900,38.8,0.00,0.00,0.00,0.0,17,-23.605426,-46.836212
1785631359100,40.2,0.00,0.00,0.00,0.0,17,-23.605396,-46.836221
1785631359200,40.2,0.00,0.00,0.00,0.0,17,-23.605371,-46.836243
1785631359200,43.0,0.00,0.00,0.00,0.0,17,-23.605371,-46.836243
1785631359400,50.3,0.00,0.00,0.00,0.0,17,-23.605328,-46.836274
1785631359500,50.3,0.00,0.00,0.00,0.0,17,-23.605304,-46.836295
1785631359500,54.0,0.00,0.00,0.00,0.0,17,-23.605304,-46.836295
1785631359600,55.3,0.00,0.00,0.00,0.0,17,-23.605284,-46.836306
1785631359800,55.9,0.00,0.00,0.00,0.0,17,-23.605253,-46.836320
1785631359900,55.8,0.00,0.00,0.00,0.0,17,-23.605236,-46.836330
1785631360000,55.7,0.00,0.00,0.00,0.0,17,-23.605219,-46.836340
1785631360200,55.9,0.00,0.00,0.00,0.0,17,-23.605188,-46.836353
1785631360300,55.9,0.00,0.00,0.00,0.0,17,-23.605172,-46.836362
1785631360500,55.9,0.00,0.00,0.00,0.0,17,-23.605144,-46.836374
1785631360500,56.2,0.00,0.00,0.00,0.0,17,-23.605144,-46.836374
1785631360600,56.2,0.00,0.00,0.00,0.0,17,-23.605128,-46.836381
1785631360700,56.3,0.00,0.00,0.00,0.0,17,-23.605114,-46.836388
1785631360900,56.6,0.00,0.00,0.00,0.0,17,-23.605086,-46.836399
1785631361000,56.7,0.00,0.00,0.00,0.0,17,-23.605071,-46.836405
1785631361100,56.9,0.00,0.00,0.00,0.0,17,-23.605057,-46.836411
1785631361300,57.1,0.00,0.00,0.00,0.0,17,-23.605029,-46.836422
1785631361400,57.4,0.00,0.00,0.00,0.0,17,-23.605014,-46.836427
1785631361600,57.4,0.00,0.00,0.00,0.0,17,-23.604986,-46.836438
1785631361600,57.9,0.00,0.00,0.00,0.0,17,-23.604986,-46.836438
1785631361700,58.4,0.00,0.00,0.00,0.0,17,-23.604972,-46.836444
1785631361900,58.5,0.00,0.00,0.00,0.0,17,-23.604943,-46.836454
1785631362000,58.6,0.00,0.00,0.00,0.0,17,-23.604929,-46.836460
1785631362200,58.7,0.00,0.00,0.00,0.0,17,-23.604900,-46.836470
1785631362300,58.8,0.00,0.00,0.00,0.0,17,-23.604886,-46.836476
1785631362500,58.8,0.00,0.00,0.00,0.0,17,-23.604858,-46.836487
1785631362500,59.0,0.00,0.00,0.00,0.0,17,-23.604858,-46.836487
1785631362600,59.2,0.00,0.00,0.00,0.0,17,-23.604843,-46.836492
1785631362800,59.6,0.00,0.00,0.00,0.0,17,-23.604815,-46.836503
1785631362900,59.8,0.00,0.00,0.00,0.0,17,-23.604800,-46.836509
1785631363100,59.8,0.00,0.00,0.00,0.0,17,-23.604772,-46.836521
1785631363100,60.4,0.00,0.00,0.00,0.0,17,-23.604772,-46.836521
1785631363200,60.7,0.00,0.00,0.00,0.0,17,-23.604757,-46.836528
1785631363400,60.7,0.00,0.00,0.00,0.0,17,-23.604729,-46.836541
1785631363400,61.4,0.00,0.00,0.00,0.0,17,-23.604729,-46.836541
1785631363600,61.4,0.00,0.00,0.00,0.0,17,-23.604700,-46.836555
1785631363600,62.4,0.00,0.00,0.00,0.0,17,-23.604700,-46.836555
1785631363700,63.3,0.00,0.00,0.00,0.0,17,-23.604685,-46.836564
1785631363800,63.1,0.00,0.00,0.00,0.0,17,-23.604672,-46.836573
1785631364000,63.0,0.00,0.00,0.00,0.0,17,-23.604645,-46.836591
1785631364100,62.9,0.00,0.00,0.00,0.0,17,-23.604632,-46.836601
1785631364300,62.9,0.00,0.00,0.00,0.0,17,-23.604606,-46.836620
1785631364300,62.1,0.00,0.00,0.00,0.0,17,-23.604606,-46.836620
1785631364400,60.9,0.00,0.00,0.00,0.0,17,-23.604597,-46.836634
1785631364500,60.8,0.00,0.00,0.00,0.0,17,-23.604587,-46.836647
1785631364700,60.3,0.00,0.00,0.00,0.0,17,-23.604564,-46.836669
1785631364800,60.3,0.00,0.00,0.00,0.0,17,-23.604554,-46.836681
1785631364800,59.8,0.00,0.00,0.00,0.0,17,-23.604554,-46.836681
1785631365000,59.4,0.00,0.00,0.00,0.0,17,-23.604533,-46.836704
1785631365100,58.2,0.00,0.00,0.00,0.0,17,-23.604524,-46.836717
1785631365200,57.5,0.00,0.00,0.00,0.0,17,-23.604515,-46.836730
1785631365400,56.9,0.00,0.00,0.00,0.0,17,-23.604498,-46.836755
1785631365500,56.3,0.00,0.00,0.00,0.0,17,-23.604491,-46.836769
1785631365700,56.3,0.00,0.00,0.00,0.0,17,-23.604474,-46.836794
1785631365700,55.4,0.00,0.00,0.00,0.0,17,-23.604474,-46.836794
1785631365800,54.9,0.00,0.00,0.00,0.0,17,-23.604468,-46.836808
1785631366000,54.1,0.00,0.00,0.00,0.0,17,-23.604454,-46.836834
1785631366100,52.8,0.00,0.00,0.00,0.0,17,-23.604451,-46.836849
1785631366300,51.8,0.00,0.00,0.00,0.0,17,-23.604440,-46.836875
1785631366400,50.7,0.00,0.00,0.00,0.0,17,-23.604439,-46.836891
1785631366500,49.7,0.00,0.00,0.00,0.0,17,-23.604441,-46.836908
1785631366700,49.7,0.00,0.00,0.00,0.0,17,-23.604438,-46.836937
1785631366700,49.1,0.00,0.00,0.00,0.0,17,-23.604438,-46.836937
1785631366800,48.6,0.00,0.00,0.00,0.0,17,-23.604446,-46.836956
1785631367000,48.0,0.00,0.00,0.00,0.0,17,-23.604450,-46.836985
1785631367100,47.8,0.00,0.00,0.00,0.0,17,-23.604463,-46.837004
1785631367200,48.3,0.00,0.00,0.00,0.0,17,-23.604480,-46.837024
1785631367400,50.4,0.00,0.00,0.00,0.0,17,-23.604501,-46.837058
1785631367500,62.2,0.00,0.00,0.00,0.0,17,-23.604556,-46.837097
1785631367700,62.8,0.00,0.00,0.00,0.0,17,-23.604574,-46.837133
1785631367800,62.9,0.00,0.00,0.00,0.0,17,-23.604588,-46.837154
1785631368000,62.9,0.00,0.00,0.00,0.0,17,-23.604608,-46.837189
1785631368100,62.7,0.00,0.00,0.00,0.0,17,-23.604621,-46.837209
1785631368300,62.7,0.00,0.00,0.00,0.0,17,-23.604640,-46.837245
1785631368300,62.2,0.00,0.00,0.00,0.0,17,-23.604640,-46.837245
1785631368400,61.9,0.00,0.00,0.00,0.0,17,-23.604654,-46.837266
1785631368600,61.9,0.00,0.00,0.00,0.0,17,-23.604671,-46.837302
1785631368600,61.7,0.00,0.00,0.00,0.0,17,-23.604671,-46.837302
1785631368700,61.3,0.00,0.00,0.00,0.0,17,-23.604679,-46.837322
1785631368900,61.7,0.00,0.00,0.00,0.0,17,-23.604690,-46.837360
1785631369000,61.7,0.00,0.00,0.00,0.0,17,-23.604692,-46.837377
1785631369000,61.4,0.00,0.00,0.00,0.0,17,-23.604692,-46.837377
1785631369200,60.8,0.00,0.00,0.00,0.0,17,-23.604695,-46.837410
1785631369300,60.2,0.00,0.00,0.00,0.0,17,-23.604692,-46.837426
1785631369500,60.0,0.00,0.00,0.00,0.0,17,-23.604690,-46.837459
1785631369700,59.9,0.00,0.00,0.00,0.0,17,-23.604683,-46.837492
1785631369800,59.6,0.00,0.00,0.00,0.0,17,-23.604671,-46.837507
1785631370000,59.3,0.00,0.00,0.00,0.0,16,-23.604655,-46.837537
1785631370100,59.3,0.00,0.00,0.00,0.0,16,-23.604639,-46.837547
1785631370100,58.0,0.00,0.00,0.00,0.0,16,-23.604639,-46.837547
1785631370300,56.1,0.00,0.00,0.00,0.0,16,-23.604607,-46.837562
1785631370400,55.3,0.00,0.00,0.00,0.0,16,-23.604586,-46.837565
1785631370600,52.7,0.00,0.00,0.00,0.0,16,-23.604557,-46.837577
1785631370800,50.1,0.00,0.00,0.00,0.0,16,-23.604527,-46.837585
1785631371000,48.6,0.00,0.00,0.00,0.0,16,-23.604496,-46.837589
1785631371100,48.1,0.00,0.00,0.00,0.0,16,-23.604472,-46.837583
1785631371300,48.2,0.00,0.00,0.00,0.0,16,-23.604439,-46.837579
1785631371500,48.7,0.00,0.00,0.00,0.0,16,-23.604405,-46.837573
1785631371700,49.0,0.00,0.00,0.00,0.0,17,-23.604371,-46.837562
1785631371900,49.6,0.00,0.00,0.00,0.0,17,-23.604340,-46.837551
1785631372100,50.2,0.00,0.00,0.00,0.0,17,-23.604310,-46.837537
1785631372200,49.2,0.00,0.00,0.00,0.0,17,-23.604295,-46.837524
1785631372300,49.2,0.00,0.00,0.00,0.0,17,-23.604284,-46.837512
1785631372300,47.8,0.00,0.00,0.00,0.0,17,-23.604284,-46.837512
1785631372500,45.1,0.00,0.00,0.00,0.0,17,-23.604263,-46.837497
1785631372600,43.3,0.00,0.00,0.00,0.0,17,-23.604256,-46.837485
1785631372800,43.3,0.00,0.00,0.00,0.0,17,-23.604241,-46.837468
1785631372800,41.4,0.00,0.00,0.00,0.0,17,-23.604241,-46.837468
1785631372900,40.0,0.00,0.00,0.00,0.0,17,-23.604237,-46.837454
1785631373000,38.8,0.00,0.00,0.00,0.0,17,-23.604235,-46.837440
1785631373200,37.9,0.00,0.00,0.00,0.0,17,-23.604226,-46.837420
1785631373300,37.0,0.00,0.00,0.00,0.0,17,-23.604225,-46.837406
1785631373400,37.0,0.00,0.00,0.00,0.0,17,-23.604226,-46.837392
1785631373400,36.3,0.00,0.00,0.00,0.0,17,-23.604226,-46.837392
1785631373600,36.0,0.00,0.00,0.00,0.0,17,-23.604223,-46.837369
1785631373700,36.0,0.00,0.00,0.00,0.0,17,-23.604228,-46.837353
1785631373700,35.6,0.00,0.00,0.00,0.0,17,-23.604228,-46.837353
1785631373800,35.6,0.00,0.00,0.00,0.0,17,-23.604234,-46.837337
1785631374000,36.3,0.00,0.00,0.00,0.0,17,-23.604241,-46.837310
1785631374100,38.1,0.00,0.00,0.00,0.0,17,-23.604253,-46.837289
1785631374300,43.3,0.00,0.00,0.00,0.0,17,-23.604268,-46.837255
1785631374400,45.7,0.00,0.00,0.00,0.0,17,-23.604277,-46.837235
1785631374600,47.1,0.00,0.00,0.00,0.0,17,-23.604283,-46.837206
1785631374800,47.9,0.00,0.00,0.00,0.0,17,-23.604287,-46.837176
1785631375000,48.1,0.00,0.00,0.00,0.0,17,-23.604290,-46.837147
1785631375100,48.2,0.00,0.00,0.00,0.0,17,-23.604293,-46.837130
1785631375300,48.5,0.00,0.00,0.00,0.0,17,-23.604295,-46.837100
1785631375500,48.5,0.00,0.00,0.00,0.0,17,-23.604297,-46.837069
1785631375500,48.8,0.00,0.00,0.00,0.0,17,-23.604297,-46.837069
1785631375600,49.0,0.00,0.00,0.00,0.0,17,-23.604298,-46.837052
1785631375800,49.7,0.00,0.00,0.00,0.0,17,-23.604298,-46.837020
1785631376000,49.7,0.00,0.00,0.00,0.0,17,-23.604295,-46.836990
1785631376000,50.4,0.00,0.00,0.00,0.0,17,-23.604295,-46.836990
1785631376100,50.3,0.00,0.00,0.00,0.0,17,-23.604293,-46.836974
1785631376300,49.8,0.00,0.00,0.00,0.0,17,-23.604286,-46.836947
1785631376500,49.6,0.00,0.00,0.00,0.0,17,-23.604276,-46.836921
1785631376700,49.6,0.00,0.00,0.00,0.0,17,-23.604263,-46.836897
1785631376700,49.0,0.00,0.00,0.00,0.0,17,-23.604263,-46.836897
1785631376800,48.9,0.00,0.00,0.00,0.0,17,-23.604253,-46.836887
1785631377000,49.2,0.00,0.00,0.00,0.0,17,-23.604235,-46.836866
1785631377200,50.7,0.00,0.00,0.00,0.0,17,-23.604213,-46.836846
1785631377300,51.1,0.00,0.00,0.00,0.0,17,-23.604204,-46.836835
1785631377500,51.3,0.00,0.00,0.00,0.0,17,-23.604188,-46.836813
1785631377600,51.2,0.00,0.00,0.00,0.0,17,-23.604180,-46.836802
1785631377800,51.2,0.00,0.00,0.00,0.0,17,-23.604164,-46.836779
1785631377800,51.3,0.00,0.00,0.00,0.0,17,-23.604164,-46.836779
1785631377900,51.2,0.00,0.00,0.00,0.0,17,-23.604157,-46.836768
1785631378100,50.7,0.00,0.00,0.00,0.0,17,-23.604143,-46.836745
1785631378200,50.3,0.00,0.00,0.00,0.0,17,-23.604136,-46.836732
1785631378400,49.4,0.00,0.00,0.00,0.0,17,-23.604123,-46.836709
1785631378500,48.8,0.00,0.00,0.00,0.0,17,-23.604118,-46.836697
1785631378700,47.7,0.00,0.00,0.00,0.0,17,-23.604109,-46.836674
1785631378800,46.4,0.00,0.00,0.00,0.0,17,-23.604107,-46.836663
1785631379000,44.6,0.00,0.00,0.00,0.0,17,-23.604102,-46.836639
1785631379200,42.5,0.00,0.00,0.00,0.0,17,-23.604100,-46.836617
1785631379300,41.7,0.00,0.00,0.00,0.0,17,-23.604104,-46.836605
1785631379500,40.9,0.00,0.00,0.00,0.0,17,-23.604109,-46.836582
1785631379600,40.9,0.00,0.00,0.00,0.0,17,-23.604117,-46.836569
1785631379600,40.9,0.00,0.00,0.00,0.0,17,-23.604117,-46.836569
1785631379800,41.0,0.00,0.00,0.00,0.0,17,-23.604129,-46.836546
1785631379900,41.3,0.00,0.00,0.00,0.0,17,-23.604142,-46.836535
1785631380100,40.7,0.00,0.00,0.00,0.0,17,-23.604157,-46.836516
1785631380200,40.7,0.00,0.00,0.00,0.0,17,-23.604171,-46.836509
1785631380200,40.3,0.00,0.00,0.00,0.0,17,-23.604171,-46.836509
1785631380400,41.2,0.00,0.00,0.00,0.0,17,-23.604192,-46.836492
1785631380500,41.4,0.00,0.00,0.00,0.0,17,-23.604204,-46.836485
1785631380700,41.2,0.00,0.00,0.00,0.0,17,-23.604222,-46.836469
1785631380800,42.3,0.00,0.00,0.00,0.0,17,-23.604235,-46.836461
1785631381000,42.2,0.00,0.00,0.00,0.0,17,-23.604254,-46.836446
1785631381100,43.4,0.00,0.00,0.00,0.0,17,-23.604267,-46.836438
1785631381300,45.1,0.00,0.00,0.00,0.0,17,-23.604289,-46.836423
1785631381500,47.1,0.00,0.00,0.00,0.0,17,-23.604314,-46.836408
1785631381600,49.1,0.00,0.00,0.00,0.0,17,-23.604330,-46.836401
1785631381800,51.4,0.00,0.00,0.00,0.0,17,-23.604359,-46.836386
1785631382000,54.0,0.00,0.00,0.00,0.0,17,-23.604390,-46.836371
1785631382100,54.0,0.00,0.00,0.00,0.0,17,-23.604410,-46.836366
1785631382100,55.1,0.00,0.00,0.00,0.0,17,-23.604410,-46.836366
1785631382300,56.2,0.00,0.00,0.00,0.0,17,-23.604440,-46.836352
1785631382500,57.8,0.00,0.00,0.00,0.0,17,-23.604472,-46.836340
1785631382600,58.8,0.00,0.00,0.00,0.0,17,-23.604492,-46.836336
1785631382800,60.5,0.00,0.00,0.00,0.0,17,-23.604526,-46.836327
1785631382900,61.1,0.00,0.00,0.00,0.0,17,-23.604547,-46.836324
1785631383100,62.5,0.00,0.00,0.00,0.0,17,-23.604581,-46.836315
1785631383200,63.3,0.00,0.00,0.00,0.0,17,-23.604601,-46.836310
1785631383400,63.7,0.00,0.00,0.00,0.0,17,-23.604635,-46.836300
1785631383600,64.7,0.00,0.00,0.00,0.0,17,-23.604669,-46.836289
1785631383700,64.7,0.00,0.00,0.00,0.0,17,-23.604688,-46.836284
1785631383700,66.0,0.00,0.00,0.00,0.0,17,-23.604688,-46.836284
1785631383900,66.3,0.00,0.00,0.00,0.0,17,-23.604723,-46.836273
1785631384100,66.3,0.00,0.00,0.00,0.0,17,-23.604758,-46.836262
1785631384100,66.5,0.00,0.00,0.00,0.0,17,-23.604758,-46.836262
1785631384200,66.7,0.00,0.00,0.00,0.0,17,-23.604776,-46.836256
1785631384400,66.9,0.00,0.00,0.00,0.0,17,-23.604810,-46.836245
1785631384500,67.0,0.00,0.00,0.00,0.0,17,-23.604829,-46.836240
1785631384700,67.0,0.00,0.00,0.00,0.0,17,-23.604864,-46.836229
1785631384700,68.1,0.00,0.00,0.00,0.0,17,-23.604864,-46.836229
1785631384800,68.1,0.00,0.00,0.00,0.0,17,-23.604882,-46.836224
1785631384800,69.0,0.00,0.00,0.00,0.0,17,-23.604882,-46.836224
1785631385000,69.6,0.00,0.00,0.00,0.0,17,-23.604918,-46.836212
1785631385100,70.6,0.00,0.00,0.00,0.0,17,-23.604937,-46.836207
1785631385300,71.4,0.00,0.00,0.00,0.0,17,-23.604973,-46.836196
1785631385400,71.5,0.00,0.00,0.00,0.0,17,-23.604992,-46.836190
1785631385600,71.8,0.00,0.00,0.00,0.0,17,-23.605028,-46.836179
1785631385700,72.1,0.00,0.00,0.00,0.0,17,-23.605048,-46.836173
1785631385900,72.6,0.00,0.00,0.00,0.0,17,-23.605084,-46.836161
1785631386000,73.0,0.00,0.00,0.00,0.0,17,-23.605103,-46.836155
1785631386200,73.4,0.00,0.00,0.00,0.0,17,-23.605140,-46.836143
1785631386300,73.9,0.00,0.00,0.00,0.0,17,-23.605159,-46.836137
1785631386500,73.9,0.00,0.00,0.00,0.0,17,-23.605196,-46.836126
1785631386500,74.0,0.00,0.00,0.00,0.0,17,-23.605196,-46.836126
1785631386600,74.2,0.00,0.00,0.00,0.0,17,-23.605215,-46.836120
1785631386800,74.6,0.00,0.00,0.00,0.0,17,-23.605252,-46.836107
1785631386900,74.6,0.00,0.00,0.00,0.0,17,-23.605271,-46.836101
1785631387100,75.2,0.00,0.00,0.00,0.0,17,-23.605309,-46.836089
1785631387200,75.2,0.00,0.00,0.00,0.0,17,-23.605328,-46.836083
1785631387400,75.3,0.00,0.00,0.00,0.0,17,-23.605365,-46.836070
1785631387500,75.3,0.00,0.00,0.00,0.0,17,-23.605384,-46.836064
1785631387700,75.0,0.00,0.00,0.00,0.0,17,-23.605420,-46.836051
1785631387800,74.9,0.00,0.00,0.00,0.0,17,-23.605439,-46.836046
1785631388000,74.9,0.00,0.00,0.00,0.0,17,-23.605476,-46.836033
1785631388000,74.8,0.00,0.00,0.00,0.0,17,-23.605476,-46.836033
1785631388100,74.8,0.00,0.00,0.00,0.0,17,-23.605494,-46.836028
1785631388100,74.5,0.00,0.00,0.00,0.0,17,-23.605494,-46.836028
1785631388300,74.3,0.00,0.00,0.00,0.0,17,-23.605530,-46.836016
1785631388400,74.1,0.00,0.00,0.00,0.0,17,-23.605549,-46.836011
1785631388600,73.8,0.00,0.00,0.00,0.0,17,-23.605585,-46.836000
1785631388700,73.5,0.00,0.00,0.00,0.0,17,-23.605603,-46.835996
1785631388900,73.5,0.00,0.00,0.00,0.0,17,-23.605639,-46.835987
1785631388900,73.1,0.00,0.00,0.00,0.0,17,-23.605639,-46.835987
1785631389000,73.1,0.00,0.00,0.00,0.0,17,-23.605656,-46.835984
1785631389000,72.3,0.00,0.00,0.00,0.0,17,-23.605656,-46.835984
1785631389200,71.7,0.00,0.00,0.00,0.0,17,-23.605691,-46.835977
1785631389300,70.9,0.00,0.00,0.00,0.0,17,-23.605708,-46.835975
1785631389500,70.9,0.00,0.00,0.00,0.0,17,-23.605742,-46.835971
1785631389500,70.0,0.00,0.00,0.00,0.0,17,-23.605742,-46.835971
1785631389600,68.9,0.00,0.00,0.00,0.0,17,-23.605759,-46.835970
1785631389800,68.0,0.00,0.00,0.00,0.0,17,-23.605791,-46.835968
1785631389900,67.3,0.00,0.00,0.00,0.0,17,-23.605807,-46.835969
1785631390100,66.4,0.00,0.00,0.00,0.0,17,-23.605839,-46.835969
1785631390200,65.5,0.00,0.00,0.00,0.0,17,-23.605853,-46.835971
1785631390400,64.8,0.00,0.00,0.00,0.0,17,-23.605884,-46.835972
1785631390500,63.6,0.00,0.00,0.00,0.0,16,-23.605897,-46.835977
1785631390700,62.1,0.00,0.00,0.00,0.0,16,-23.605925,-46.835981
1785631390900,60.8,0.00,0.00,0.00,0.0,16,-23.605952,-46.835987
1785631391100,59.6,0.00,0.00,0.00,0.0,16,-23.605978,-46.835995
1785631391300,58.5,0.00,0.00,0.00,0.0,16,-23.606004,-46.836005
1785631391500,57.0,0.00,0.00,0.00,0.0,16,-23.606028,-46.836014
1785631391700,55.1,0.00,0.00,0.00,0.0,16,-23.606051,-46.836024
1785631391900,53.2,0.00,0.00,0.00,0.0,16,-23.606072,-46.836034
1785631392100,52.5,0.00,0.00,0.00,0.0,17,-23.606092,-46.836048
1785631392300,50.0,0.00,0.00,0.00,0.0,17,-23.606102,-46.836073
1785631392600,50.6,0.00,0.00,0.00,0.0,17,-23.606123,-46.836107
1785631392800,53.0,0.00,0.00,0.00,0.0,17,-23.606128,-46.836145
1785631393000,56.7,0.00,0.00,0.00,0.0,17,-23.606127,-46.836194
1785631393200,62.1,0.00,0.00,0.00,0.0,17,-23.606116,-46.836258
1785631393400,62.1,0.00,0.00,0.00,0.0,17,-23.606128,-46.836293
1785631393400,64.0,0.00,0.00,0.00,0.0,17,-23.606128,-46.836293
1785631393600,64.0,0.00,0.00,0.00,0.0,17,-23.606139,-46.836329
1785631393900,64.0,0.00,0.00,0.00,0.0,17,-23.606155,-46.836382
1785631394100,63.4,0.00,0.00,0.00,0.0,17,-23.606164,-46.836418
1785631394300,62.4,0.00,0.00,0.00,0.0,17,-23.606171,-46.836454
1785631394500,62.1,0.00,0.00,0.00,0.0,17,-23.606178,-46.836490
1785631394700,61.7,0.00,0.00,0.00,0.0,17,-23.606183,-46.836527
1785631394800,60.9,0.00,0.00,0.00,0.0,17,-23.606178,-46.836550
1785631395000,60.9,0.00,0.00,0.00,0.0,17,-23.606179,-46.836587
1785631395000,60.1,0.00,0.00,0.00,0.0,17,-23.606179,-46.836587
1785631395200,59.0,0.00,0.00,0.00,0.0,17,-23.606178,-46.836624
1785631395400,58.5,0.00,0.00,0.00,0.0,17,-23.606175,-46.836661
1785631395600,58.5,0.00,0.00,0.00,0.0,17,-23.606168,-46.836700
1785631395600,57.9,0.00,0.00,0.00,0.0,17,-23.606168,-46.836700
1785631395800,57.9,0.00,0.00,0.00,0.0,17,-23.606159,-46.836738
1785631395900,58.3,0.00,0.00,0.00,0.0,17,-23.606143,-46.836763
1785631396100,58.9,0.00,0.00,0.00,0.0,17,-23.606123,-46.836802
1785631396300,58.9,0.00,0.00,0.00,0.0,17,-23.606097,-46.836840
1785631396500,59.0,0.00,0.00,0.00,0.0,17,-23.606064,-46.836875
1785631396600,59.8,0.00,0.00,0.00,0.0,17,-23.606029,-46.836892
1785631396800,60.5,0.00,0.00,0.00,0.0,17,-23.605980,-46.836923
1785631397000,63.2,0.00,0.00,0.00,0.0,17,-23.605909,-46.836941
1785631397200,67.8,0.00,0.00,0.00,0.0,17,-23.605815,-46.836928
1785631397300,67.8,0.00,0.00,0.00,0.0,17,-23.605776,-46.836940
1785631397300,68.2,0.00,0.00,0.00,0.0,17,-23.605776,-46.836940
1785631397500,70.0,0.00,0.00,0.00,0.0,17,-23.605718,-46.836956
1785631397600,69.6,0.00,0.00,0.00,0.0,17,-23.605685,-46.836973
1785631397800,69.6,0.00,0.00,0.00,0.0,17,-23.605637,-46.836998
1785631397900,69.7,0.00,0.00,0.00,0.0,17,-23.605606,-46.837017
1785631398100,69.8,0.00,0.00,0.00,0.0,17,-23.605557,-46.837043
1785631398200,70.0,0.00,0.00,0.00,0.0,17,-23.605525,-46.837064
1785631398400,70.4,0.00,0.00,0.00,0.0,17,-23.605477,-46.837092
1785631398600,70.4,0.00,0.00,0.00,0.0,17,-23.605430,-46.837119
1785631398700,70.3,0.00,0.00,0.00,0.0,17,-23.605401,-46.837138
1785631398900,70.1,0.00,0.00,0.00,0.0,17,-23.605357,-46.837162
1785631399100,70.0,0.00,0.00,0.00,0.0,17,-23.605314,-46.837185
1785631399200,69.9,0.00,0.00,0.00,0.0,17,-23.605292,-46.837198
1785631399400,69.8,0.00,0.00,0.00,0.0,17,-23.605255,-46.837211
1785631399500,69.7,0.00,0.00,0.00,0.0,17,-23.605236,-46.837216
1785631399700,69.6,0.00,0.00,0.00,0.0,17,-23.605201,-46.837226
1785631399900,69.6,0.00,0.00,0.00,0.0,17,-23.605166,-46.837236
1785631400000,69.8,0.00,0.00,0.00,0.0,17,-23.605147,-46.837239
1785631400200,69.7,0.00,0.00,0.00,0.0,17,-23.605112,-46.837245
1785631400400,69.6,0.00,0.00,0.00,0.0,17,-23.605076,-46.837248
1785631400500,69.5,0.00,0.00,0.00,0.0,17,-23.605058,-46.837246
1785631400700,69.1,0.00,0.00,0.00,0.0,17,-23.605023,-46.837244
1785631400900,69.4,0.00,0.00,0.00,0.0,17,-23.604988,-46.837238
1785631401000,69.6,0.00,0.00,0.00,0.0,17,-23.604969,-46.837229
1785631401200,70.2,0.00,0.00,0.00,0.0,17,-23.604933,-46.837215
1785631401300,70.6,0.00,0.00,0.00,0.0,17,-23.604916,-46.837202
1785631401500,70.6,0.00,0.00,0.00,0.0,17,-23.604883,-46.837183
1785631401600,70.0,0.00,0.00,0.00,0.0,17,-23.604869,-46.837167
1785631401700,69.0,0.00,0.00,0.00,0.0,17,-23.604857,-46.837150
1785631401900,66.4,0.00,0.00,0.00,0.0,17,-23.604834,-46.837119
1785631402000,65.3,0.00,0.00,0.00,0.0,17,-23.604825,-46.837100
1785631402100,64.9,0.00,0.00,0.00,0.0,17,-23.604813,-46.837087
1785631402200,64.7,0.00,0.00,0.00,0.0,17,-23.604799,-46.837074
1785631402300,64.4,0.00,0.00,0.00,0.0,17,-23.604787,-46.837062
1785631402500,64.0,0.00,0.00,0.00,0.0,17,-23.604761,-46.837038
1785631402600,63.4,0.00,0.00,0.00,0.0,17,-23.604750,-46.837026
1785631402700,62.8,0.00,0.00,0.00,0.0,17,-23.604738,-46.837013
1785631402900,62.1,0.00,0.00,0.00,0.0,17,-23.604717,-46.836989
1785631402900,61.3,0.00,0.00,0.00,0.0,17,-23.604717,-46.836989
1785631403000,61.3,0.00,0.00,0.00,0.0,17,-23.604708,-46.836978
1785631403200,60.4,0.00,0.00,0.00,0.0,17,-23.604688,-46.836956
1785631403200,58.9,0.00,0.00,0.00,0.0,17,-23.604688,-46.836956
1785631403300,57.1,0.00,0.00,0.00,0.0,17,-23.604681,-46.836946
1785631403400,55.2,0.00,0.00,0.00,0.0,17,-23.604675,-46.836935
1785631403500,53.2,0.00,0.00,0.00,0.0,17,-23.604670,-46.836924
1785631403600,51.1,0.00,0.00,0.00,0.0,17,-23.604666,-46.836914
1785631403800,49.3,0.00,0.00,0.00,0.0,17,-23.604660,-46.836891
1785631403800,47.7,0.00,0.00,0.00,0.0,17,-23.604660,-46.836891
1785631404000,45.7,0.00,0.00,0.00,0.0,17,-23.604653,-46.836870
1785631404100,43.9,0.00,0.00,0.00,0.0,17,-23.604654,-46.836859
1785631404200,42.2,0.00,0.00,0.00,0.0,17,-23.604657,-46.836847
1785631404300,40.9,0.00,0.00,0.00,0.0,17,-23.604661,-46.836836
1785631404400,40.9,0.00,0.00,0.00,0.0,17,-23.604668,-46.836825
1785631404400,39.7,0.00,0.00,0.00,0.0,17,-23.604668,-46.836825
1785631404500,39.3,0.00,0.00,0.00,0.0,17,-23.604680,-46.836813
1785631404600,38.2,0.00,0.00,0.00,0.0,17,-23.604689,-46.836803
1785631404700,37.3,0.00,0.00,0.00,0.0,17,-23.604699,-46.836794
1785631405000,36.8,0.00,0.00,0.00,0.0,17,-23.604724,-46.836768
1785631405100,35.5,0.00,0.00,0.00,0.0,17,-23.604733,-46.836763
1785631405100,34.2,0.00,0.00,0.00,0.0,17,-23.604733,-46.836763
1785631405200,32.6,0.00,0.00,0.00,0.0,17,-23.604743,-46.836758
1785631405300,31.1,0.00,0.00,0.00,0.0,17,-23.604754,-46.836754
1785631405400,29.9,0.00,0.00,0.00,0.0,17,-23.604765,-46.836751
1785631405500,28.9,0.00,0.00,0.00,0.0,17,-23.604776,-46.836749
1785631405700,27.8,0.00,0.00,0.00,0.0,17,-23.604792,-46.836742
1785631405800,26.5,0.00,0.00,0.00,0.0,17,-23.604807,-46.836745
1785631405900,25.8,0.00,0.00,0.00,0.0,17,-23.604820,-46.836748
1785631406000,25.4,0.00,0.00,0.00,0.0,17,-23.604832,-46.836752
1785631406100,25.1,0.00,0.00,0.00,0.0,17,-23.604845,-46.836757
1785631406200,25.1,0.00,0.00,0.00,0.0,17,-23.604858,-46.836765
1785631406400,25.3,0.00,0.00,0.00,0.0,17,-23.604877,-46.836776
1785631406500,26.4,0.00,0.00,0.00,0.0,17,-23.604891,-46.836791
1785631406700,33.5,0.00,0.00,0.00,0.0,17,-23.604921,-46.836816
1785631406900,41.6,0.00,0.00,0.00,0.0,17,-23.604955,-46.836841
1785631407100,41.6,0.00,0.00,0.00,0.0,17,-23.604979,-46.836853
1785631407100,42.0,0.00,0.00,0.00,0.0,17,-23.604979,-46.836853
1785631407300,42.0,0.00,0.00,0.00,0.0,17,-23.605003,-46.836864
1785631407300,42.3,0.00,0.00,0.00,0.0,17,-23.605003,-46.836864
1785631407500,41.8,0.00,0.00,0.00,0.0,17,-23.605027,-46.836875
1785631407700,41.6,0.00,0.00,0.00,0.0,17,-23.605051,-46.836884
1785631407800,41.5,0.00,0.00,0.00,0.0,17,-23.605065,-46.836890
1785631408000,41.8,0.00,0.00,0.00,0.0,17,-23.605091,-46.836897
1785631408100,42.4,0.00,0.00,0.00,0.0,17,-23.605107,-46.836900
1785631408300,42.5,0.00,0.00,0.00,0.0,17,-23.605128,-46.836898
1785631408400,42.7,0.00,0.00,0.00,0.0,17,-23.605140,-46.836893
1785631408500,43.2,0.00,0.00,0.00,0.0,17,-23.605152,-46.836887
1785631408700,43.2,0.00,0.00,0.00,0.0,17,-23.605173,-46.836880
1785631408700,43.1,0.00,0.00,0.00,0.0,17,-23.605173,-46.836880
1785631408800,42.5,0.00,0.00,0.00,0.0,17,-23.605184,-46.836873
1785631409000,42.1,0.00,0.00,0.00,0.0,17,-23.605204,-46.836861
1785631409100,41.7,0.00,0.00,0.00,0.0,17,-23.605212,-46.836850
1785631409300,41.7,0.00,0.00,0.00,0.0,17,-23.605228,-46.836833
1785631409400,41.4,0.00,0.00,0.00,0.0,17,-23.605234,-46.836820
1785631409500,40.5,0.00,0.00,0.00,0.0,17,-23.605237,-46.836806
1785631409700,42.1,0.00,0.00,0.00,0.0,17,-23.605245,-46.836779
1785631409800,43.9,0.00,0.00,0.00,0.0,17,-23.605245,-46.836759
1785631409900,47.4,0.00,0.00,0.00,0.0,17,-23.605242,-46.836734
1785631410000,49.5,0.00,0.00,0.00,0.0,17,-23.605250,-46.836720
1785631410200,49.7,0.00,0.00,0.00,0.0,17,-23.605262,-46.836694
1785631410300,49.7,0.00,0.00,0.00,0.0,17,-23.605268,-46.836680
1785631410300,49.7,0.00,0.00,0.00,0.0,17,-23.605268,-46.836680
1785631410400,49.6,0.00,0.00,0.00,0.0,17,-23.605273,-46.836666
1785631410600,49.5,0.00,0.00,0.00,0.0,17,-23.605286,-46.836641
1785631410700,49.8,0.00,0.00,0.00,0.0,17,-23.605291,-46.836627
1785631410800,49.9,0.00,0.00,0.00,0.0,17,-23.605298,-46.836613
1785631410900,49.6,0.00,0.00,0.00,0.0,17,-23.605305,-46.836601
1785631411100,48.7,0.00,0.00,0.00,0.0,17,-23.605320,-46.836581
1785631411200,47.9,0.00,0.00,0.00,0.0,17,-23.605328,-46.836571
1785631411300,47.9,0.00,0.00,0.00,0.0,17,-23.605335,-46.836562
1785631411300,47.0,0.00,0.00,0.00,0.0,17,-23.605335,-46.836562
1785631411400,46.0,0.00,0.00,0.00,0.0,17,-23.605342,-46.836554
1785631411600,44.5,0.00,0.00,0.00,0.0,17,-23.605356,-46.836536
1785631411700,42.7,0.00,0.00,0.00,0.0,17,-23.605362,-46.836530
1785631411800,40.2,0.00,0.00,0.00,0.0,17,-23.605369,-46.836527
1785631411900,38.1,0.00,0.00,0.00,0.0,17,-23.605375,-46.836524
1785631412100,35.6,0.00,0.00,0.00,0.0,17,-23.605388,-46.836515
1785631412200,33.3,0.00,0.00,0.00,0.0,17,-23.605394,-46.836515
1785631412300,30.5,0.00,0.00,0.00,0.0,17,-23.605401,-46.836519
1785631412400,28.5,0.00,0.00,0.00,0.0,17,-23.605407,-46.836524
1785631412600,26.7,0.00,0.00,0.00,0.0,17,-23.605420,-46.836527
1785631412700,26.7,0.00,0.00,0.00,0.0,17,-23.605427,-46.836537
1785631412700,25.5,0.00,0.00,0.00,0.0,17,-23.605427,-46.836537
1785631412800,26.0,0.00,0.00,0.00,0.0,17,-23.605436,-46.836554
1785631413000,26.3,0.00,0.00,0.00,0.0,17,-23.605447,-46.836572
1785631413100,28.1,0.00,0.00,0.00,0.0,17,-23.605451,-46.836593
1785631413300,28.1,0.00,0.00,0.00,0.0,17,-23.605459,-46.836626
1785631413300,31.9,0.00,0.00,0.00,0.0,17,-23.605459,-46.836626
1785631413400,38.2,0.00,0.00,0.00,0.0,17,-23.605460,-46.836663
1785631413500,46.3,0.00,0.00,0.00,0.0,17,-23.605470,-46.836700
1785631413600,47.2,0.00,0.00,0.00,0.0,17,-23.605478,-46.836719
1785631413800,47.2,0.00,0.00,0.00,0.0,17,-23.605490,-46.836748
1785631413900,47.3,0.00,0.00,0.00,0.0,17,-23.605497,-46.836766
1785631414000,47.3,0.00,0.00,0.00,0.0,17,-23.605505,-46.836783
1785631414100,47.2,0.00,0.00,0.00,0.0,17,-23.605512,-46.836799
1785631414200,47.3,0.00,0.00,0.00,0.0,17,-23.605519,-46.836814
1785631414400,47.2,0.00,0.00,0.00,0.0,17,-23.605535,-46.836838
1785631414500,46.8,0.00,0.00,0.00,0.0,17,-23.605544,-46.836850
1785631414600,46.2,0.00,0.00,0.00,0.0,17,-23.605553,-46.836861
1785631414700,45.9,0.00,0.00,0.00,0.0,17,-23.605563,-46.836871
1785631414800,45.4,0.00,0.00,0.00,0.0,17,-23.605573,-46.836880
1785631415000,44.7,0.00,0.00,0.00,0.0,17,-23.605588,-46.836899
1785631415100,43.6,0.00,0.00,0.00,0.0,17,-23.605597,-46.836906
1785631415200,42.4,0.00,0.00,0.00,0.0,17,-23.605605,-46.836912
1785631415300,41.2,0.00,0.00,0.00,0.0,17,-23.605614,-46.836917
1785631415400,39.7,0.00,0.00,0.00,0.0,17,-23.605622,-46.836920
1785631415600,37.7,0.00,0.00,0.00,0.0,17,-23.605637,-46.836928
1785631415700,35.6,0.00,0.00,0.00,0.0,17,-23.605645,-46.836928
1785631415800,33.7,0.00,0.00,0.00,0.0,17,-23.605653,-46.836925
1785631416000,33.7,0.00,0.00,0.00,0.0,17,-23.605669,-46.836924
1785631416000,31.5,0.00,0.00,0.00,0.0,17,-23.605669,-46.836924
1785631416100,29.8,0.00,0.00,0.00,0.0,17,-23.605677,-46.836914
1785631416200,29.5,0.00,0.00,0.00,0.0,17,-23.605686,-46.836901
1785631416300,30.3,0.00,0.00,0.00,0.0,17,-23.605696,-46.836886
1785631416500,30.6,0.00,0.00,0.00,0.0,17,-23.605710,-46.836865
1785631416600,30.9,0.00,0.00,0.00,0.0,17,-23.605715,-46.836847
1785631416700,30.6,0.00,0.00,0.00,0.0,17,-23.605716,-46.836831
1785631416900,30.6,0.00,0.00,0.00,0.0,17,-23.605717,-46.836801
1785631416900,29.8,0.00,0.00,0.00,0.0,17,-23.605717,-46.836801
1785631417000,31.5,0.00,0.00,0.00,0.0,17,-23.605711,-46.836777
1785631417100,33.6,0.00,0.00,0.00,0.0,17,-23.605705,-46.836753
1785631417300,36.3,0.00,0.00,0.00,0.0,17,-23.605699,-46.836720
1785631417400,40.1,0.00,0.00,0.00,0.0,17,-23.605691,-46.836694
1785631417500,43.5,0.00,0.00,0.00,0.0,16,-23.605683,-46.836669
1785631417600,45.8,0.00,0.00,0.00,0.0,17,-23.605678,-46.836648
1785631417800,47.0,0.00,0.00,0.00,0.0,17,-23.605671,-46.836617
1785631417900,48.0,0.00,0.00,0.00,0.0,17,-23.605668,-46.836598
1785631418000,48.0,0.00,0.00,0.00,0.0,17,-23.605667,-46.836582
1785631418100,48.2,0.00,0.00,0.00,0.0,17,-23.605665,-46.836566
1785631418200,48.2,0.00,0.00,0.00,0.0,17,-23.605664,-46.836550
1785631418400,48.5,0.00,0.00,0.00,0.0,17,-23.605659,-46.836521
1785631418500,48.4,0.00,0.00,0.00,0.0,17,-23.605657,-46.836504
1785631418600,48.5,0.00,0.00,0.00,0.0,17,-23.605656,-46.836488
1785631418700,48.6,0.00,0.00,0.00,0.0,17,-23.605654,-46.836472
1785631418900,48.8,0.00,0.00,0.00,0.0,17,-23.605647,-46.836444
1785631419000,49.2,0.00,0.00,0.00,0.0,17,-23.605644,-46.836428
1785631419100,49.2,0.00,0.00,0.00,0.0,17,-23.605640,-46.836414
1785631419200,49.0,0.00,0.00,0.00,0.0,16,-23.605635,-46.836401
1785631419400,49.3,0.00,0.00,0.00,0.0,16,-23.605624,-46.836376
1785631419500,49.3,0.00,0.00,0.00,0.0,16,-23.605617,-46.836364
1785631419600,49.3,0.00,0.00,0.00,0.0,16,-23.605609,-46.836353
1785631419700,49.2,0.00,0.00,0.00,0.0,17,-23.605602,-46.836342
1785631419900,49.1,0.00,0.00,0.00,0.0,17,-23.605587,-46.836320
1785631420000,48.9,0.00,0.00,0.00,0.0,17,-23.605579,-46.836310
1785631420100,48.8,0.00,0.00,0.00,0.0,17,-23.605571,-46.836300
1785631420300,48.8,0.00,0.00,0.00,0.0,17,-23.605555,-46.836279
1785631420300,48.7,0.00,0.00,0.00,0.0,17,-23.605555,-46.836279
1785631420400,48.6,0.00,0.00,0.00,0.0,17,-23.605546,-46.836270
1785631420500,48.3,0.00,0.00,0.00,0.0,17,-23.605538,-46.836260
1785631420600,47.7,0.00,0.00,0.00,0.0,17,-23.605529,-46.836251
1785631420800,47.3,0.00,0.00,0.00,0.0,17,-23.605512,-46.836233
1785631420900,46.7,0.00,0.00,0.00,0.0,17,-23.605504,-46.836225
1785631421000,46.0,0.00,0.00,0.00,0.0,17,-23.605494,-46.836218
1785631421200,45.1,0.00,0.00,0.00,0.0,17,-23.605477,-46.836202
1785631421300,44.1,0.00,0.00,0.00,0.0,17,-23.605467,-46.836197
1785631421400,42.9,0.00,0.00,0.00,0.0,17,-23.605457,-46.836194
1785631421500,41.4,0.00,0.00,0.00,0.0,17,-23.605447,-46.836193
1785631421700,39.7,0.00,0.00,0.00,0.0,17,-23.605428,-46.836186
1785631421800,38.3,0.00,0.00,0.00,0.0,17,-23.605416,-46.836190
1785631421900,37.7,0.00,0.00,0.00,0.0,17,-23.605402,-46.836195
1785631422100,36.9,0.00,0.00,0.00,0.0,17,-23.605379,-46.836201
1785631422200,39.3,0.00,0.00,0.00,0.0,17,-23.605357,-46.836219
1785631422300,44.0,0.00,0.00,0.00,0.0,17,-23.605333,-46.836240
1785631422400,51.0,0.00,0.00,0.00,0.0,17,-23.605303,-46.836268
1785631422600,54.3,0.00,0.00,0.00,0.0,17,-23.605269,-46.836288
1785631422700,55.5,0.00,0.00,0.00,0.0,17,-23.605251,-46.836298
1785631422800,55.7,0.00,0.00,0.00,0.0,17,-23.605236,-46.836306
1785631422900,56.1,0.00,0.00,0.00,0.0,17,-23.605221,-46.836313
1785631423000,56.4,0.00,0.00,0.00,0.0,17,-23.605206,-46.836320
1785631423100,56.6,0.00,0.00,0.00,0.0,17,-23.605192,-46.836326
1785631423300,56.8,0.00,0.00,0.00,0.0,17,-23.605165,-46.836337
1785631423400,56.7,0.00,0.00,0.00,0.0,17,-23.605150,-46.836344
1785631423500,56.8,0.00,0.00,0.00,0.0,17,-23.605136,-46.836350
1785631423600,56.8,0.00,0.00,0.00,0.0,17,-23.605121,-46.836356
1785631423700,57.0,0.00,0.00,0.00,0.0,17,-23.605107,-46.836362
1785631423900,57.4,0.00,0.00,0.00,0.0,17,-23.605079,-46.836373
1785631424000,57.6,0.00,0.00,0.00,0.0,17,-23.605064,-46.836379
1785631424100,57.6,0.00,0.00,0.00,0.0,17,-23.605049,-46.836385
1785631424100,57.8,0.00,0.00,0.00,0.0,17,-23.605049,-46.836385
1785631424300,57.9,0.00,0.00,0.00,0.0,17,-23.605020,-46.836395
1785631424400,58.0,0.00,0.00,0.00,0.0,17,-23.605005,-46.836401
1785631424600,58.2,0.00,0.00,0.00,0.0,17,-23.604976,-46.836412
1785631424700,58.2,0.00,0.00,0.00,0.0,17,-23.604961,-46.836418
1785631424700,58.6,0.00,0.00,0.00,0.0,17,-23.604961,-46.836418
1785631424800,58.9,0.00,0.00,0.00,0.0,17,-23.604945,-46.836425
1785631425000,58.9,0.00,0.00,0.00,0.0,17,-23.604916,-46.836436
1785631425100,59.1,0.00,0.00,0.00,0.0,17,-23.604901,-46.836441
1785631425300,59.2,0.00,0.00,0.00,0.0,17,-23.604872,-46.836453
1785631425400,59.5,0.00,0.00,0.00,0.0,17,-23.604857,-46.836459
1785631425500,59.5,0.00,0.00,0.00,0.0,17,-23.604841,-46.836466
1785631425700,59.5,0.00,0.00,0.00,0.0,17,-23.604812,-46.836477
1785631425700,59.7,0.00,0.00,0.00,0.0,17,-23.604812,-46.836477
1785631425800,59.7,0.00,0.00,0.00,0.0,17,-23.604797,-46.836483
1785631425800,59.9,0.00,0.00,0.00,0.0,17,-23.604797,-46.836483
1785631426000,60.2,0.00,0.00,0.00,0.0,17,-23.604768,-46.836496
1785631426200,60.7,0.00,0.00,0.00,0.0,17,-23.604740,-46.836509
1785631426300,61.1,0.00,0.00,0.00,0.0,17,-23.604725,-46.836517
1785631426400,61.3,0.00,0.00,0.00,0.0,17,-23.604711,-46.836526
1785631426600,62.1,0.00,0.00,0.00,0.0,17,-23.604682,-46.836542
1785631426700,61.9,0.00,0.00,0.00,0.0,17,-23.604669,-46.836552
1785631426900,62.3,0.00,0.00,0.00,0.0,17,-23.604642,-46.836570
1785631427000,61.8,0.00,0.00,0.00,0.0,17,-23.604630,-46.836582
1785631427200,60.8,0.00,0.00,0.00,0.0,17,-23.604605,-46.836602
1785631427300,60.5,0.00,0.00,0.00,0.0,17,-23.604593,-46.836614
1785631427500,60.0,0.00,0.00,0.00,0.0,17,-23.604570,-46.836636
1785631427600,59.7,0.00,0.00,0.00,0.0,17,-23.604559,-46.836649
1785631427800,59.4,0.00,0.00,0.00,0.0,17,-23.604537,-46.836672
1785631427900,59.4,0.00,0.00,0.00,0.0,17,-23.604528,-46.836686
1785631427900,58.7,0.00,0.00,0.00,0.0,17,-23.604528,-46.836686
1785631428100,57.5,0.00,0.00,0.00,0.0,17,-23.604508,-46.836710
1785631428200,56.9,0.00,0.00,0.00,0.0,17,-23.604500,-46.836725
1785631428300,56.9,0.00,0.00,0.00,0.0,17,-23.604493,-46.836739
1785631428300,56.4,0.00,0.00,0.00,0.0,17,-23.604493,-46.836739
1785631428500,56.0,0.00,0.00,0.00,0.0,17,-23.604476,-46.836765
1785631428600,55.8,0.00,0.00,0.00,0.0,17,-23.604469,-46.836781
1785631428800,55.2,0.00,0.00,0.00,0.0,17,-23.604455,-46.836808
1785631429000,54.4,0.00,0.00,0.00,0.0,17,-23.604443,-46.836836
1785631429200,53.2,0.00,0.00,0.00,0.0,17,-23.604434,-46.836864
1785631429400,51.8,0.00,0.00,0.00,0.0,17,-23.604429,-46.836892
1785631429600,49.9,0.00,0.00,0.00,0.0,16,-23.604428,-46.836920
1785631429800,47.9,0.00,0.00,0.00,0.0,16,-23.604432,-46.836948
1785631430000,45.8,0.00,0.00,0.00,0.0,16,-23.604448,-46.836977
1785631430300,48.7,0.00,0.00,0.00,0.0,16,-23.604475,-46.837027
1785631430500,60.0,0.00,0.00,0.00,0.0,16,-23.604515,-46.837085
1785631430700,65.1,0.00,0.00,0.00,0.0,16,-23.604524,-46.837134
1785631430900,64.9,0.00,0.00,0.00,0.0,16,-23.604538,-46.837172
1785631431100,64.7,0.00,0.00,0.00,0.0,16,-23.604551,-46.837210
1785631431300,64.3,0.00,0.00,0.00,0.0,16,-23.604564,-46.837249
1785631431600,64.3,0.00,0.00,0.00,0.0,16,-23.604579,-46.837306
1785631431600,64.3,0.00,0.00,0.00,0.0,16,-23.604579,-46.837306
1785631431800,64.3,0.00,0.00,0.00,0.0,16,-23.604592,-46.837346
1785631432100,65.2,0.00,0.00,0.00,0.0,16,-23.604604,-46.837407
1785631432300,65.5,0.00,0.00,0.00,0.0,16,-23.604612,-46.837452
1785631432500,65.5,0.00,0.00,0.00,0.0,16,-23.604608,-46.837488
1785631432500,65.3,0.00,0.00,0.00,0.0,16,-23.604608,-46.837488
1785631432800,63.2,0.00,0.00,0.00,0.0,16,-23.604602,-46.837537
1785631433000,61.4,0.00,0.00,0.00,0.0,16,-23.604594,-46.837566
1785631433200,59.5,0.00,0.00,0.00,0.0,16,-23.604583,-46.837594
1785631433300,59.5,0.00,0.00,0.00,0.0,16,-23.604572,-46.837604
1785631433300,58.0,0.00,0.00,0.00,0.0,16,-23.604572,-46.837604
1785631433500,55.6,0.00,0.00,0.00,0.0,16,-23.604558,-46.837627
1785631433700,52.2,0.00,0.00,0.00,0.0,16,-23.604543,-46.837647
1785631433900,48.6,0.00,0.00,0.00,0.0,16,-23.604527,-46.837663
1785631434100,45.5,0.00,0.00,0.00,0.0,16,-23.604510,-46.837676
1785631434200,42.3,0.00,0.00,0.00,0.0,16,-23.604496,-46.837673
1785631434500,42.3,0.00,0.00,0.00,0.0,16,-23.604470,-46.837685
1785631434500,38.9,0.00,0.00,0.00,0.0,16,-23.604470,-46.837685
1785631434600,35.7,0.00,0.00,0.00,0.0,16,-23.604455,-46.837676
1785631434800,33.2,0.00,0.00,0.00,0.0,16,-23.604432,-46.837669
1785631435000,30.9,0.00,0.00,0.00,0.0,16,-23.604410,-46.837657
1785631435200,30.9,0.00,0.00,0.00,0.0,16,-23.604384,-46.837630
1785631435200,30.1,0.00,0.00,0.00,0.0,16,-23.604384,-46.837630
1785631435300,30.5,0.00,0.00,0.00,0.0,16,-23.604368,-46.837604
1785631435500,30.0,0.00,0.00,0.00,0.0,16,-23.604350,-46.837574
1785631435700,28.9,0.00,0.00,0.00,0.0,16,-23.604341,-46.837543
1785631435900,28.9,0.00,0.00,0.00,0.0,16,-23.604339,-46.837505
1785631435900,27.8,0.00,0.00,0.00,0.0,16,-23.604339,-46.837505
1785631436000,31.9,0.00,0.00,0.00,0.0,16,-23.604358,-46.837455
1785631436200,31.9,0.00,0.00,0.00,0.0,16,-23.604367,-46.837409
1785631436200,35.4,0.00,0.00,0.00,0.0,16,-23.604367,-46.837409
1785631436400,39.9,0.00,0.00,0.00,0.0,16,-23.604378,-46.837364
1785631436500,39.9,0.00,0.00,0.00,0.0,16,-23.604391,-46.837331
1785631436500,46.3,0.00,0.00,0.00,0.0,16,-23.604391,-46.837331
1785631436700,49.1,0.00,0.00,0.00,0.0,16,-23.604392,-46.837294
1785631436800,48.7,0.00,0.00,0.00,0.0,16,-23.604384,-46.837272
1785631437000,48.5,0.00,0.00,0.00,0.0,16,-23.604382,-46.837237
1785631437100,48.5,0.00,0.00,0.00,0.0,16,-23.604376,-46.837215
1785631437100,48.2,0.00,0.00,0.00,0.0,16,-23.604376,-46.837215
1785631437300,47.9,0.00,0.00,0.00,0.0,16,-23.604374,-46.837182
1785631437400,47.7,0.00,0.00,0.00,0.0,16,-23.604369,-46.837162
1785631437600,47.4,0.00,0.00,0.00,0.0,16,-23.604368,-46.837132
1785631437700,47.4,0.00,0.00,0.00,0.0,16,-23.604365,-46.837116
1785631437700,47.3,0.00,0.00,0.00,0.0,16,-23.604365,-46.837116
1785631437900,47.1,0.00,0.00,0.00,0.0,17,-23.604365,-46.837087
1785631438100,46.7,0.00,0.00,0.00,0.0,17,-23.604366,-46.837060
1785631438200,46.5,0.00,0.00,0.00,0.0,17,-23.604363,-46.837046
1785631438400,47.1,0.00,0.00,0.00,0.0,17,-23.604359,-46.837019
1785631438600,47.8,0.00,0.00,0.00,0.0,17,-23.604353,-46.836991
1785631438700,48.7,0.00,0.00,0.00,0.0,17,-23.604345,-46.836976
1785631438900,49.9,0.00,0.00,0.00,0.0,17,-23.604332,-46.836949
1785631439100,49.1,0.00,0.00,0.00,0.0,17,-23.604316,-46.836925
1785631439300,49.2,0.00,0.00,0.00,0.0,17,-23.604295,-46.836904
1785631439400,49.4,0.00,0.00,0.00,0.0,17,-23.604279,-46.836894
1785631439600,50.3,0.00,0.00,0.00,0.0,17,-23.604253,-46.836875
1785631439800,51.6,0.00,0.00,0.00,0.0,17,-23.604229,-46.836856
1785631440000,51.4,0.00,0.00,0.00,0.0,17,-23.604210,-46.836833
1785631440100,51.4,0.00,0.00,0.00,0.0,17,-23.604200,-46.836822
1785631440100,51.3,0.00,0.00,0.00,0.0,17,-23.604200,-46.836822
1785631440300,51.6,0.00,0.00,0.00,0.0,17,-23.604181,-46.836799
1785631440500,51.6,0.00,0.00,0.00,0.0,17,-23.604165,-46.836776
1785631440500,51.5,0.00,0.00,0.00,0.0,17,-23.604165,-46.836776
1785631440600,51.6,0.00,0.00,0.00,0.0,17,-23.604157,-46.836763
1785631440800,51.2,0.00,0.00,0.00,0.0,17,-23.604141,-46.836740
1785631441000,50.2,0.00,0.00,0.00,0.0,17,-23.604128,-46.836717
1785631441100,50.2,0.00,0.00,0.00,0.0,17,-23.604122,-46.836705
1785631441100,49.6,0.00,0.00,0.00,0.0,17,-23.604122,-46.836705
1785631441300,48.5,0.00,0.00,0.00,0.0,17,-23.604111,-46.836682
1785631441500,46.2,0.00,0.00,0.00,0.0,17,-23.604102,-46.836660
1785631441700,44.4,0.00,0.00,0.00,0.0,17,-23.604097,-46.836637
1785631441800,42.5,0.00,0.00,0.00,0.0,17,-23.604099,-46.836626
1785631442000,42.5,0.00,0.00,0.00,0.0,17,-23.604100,-46.836603
1785631442000,41.0,0.00,0.00,0.00,0.0,17,-23.604100,-46.836603
1785631442200,40.0,0.00,0.00,0.00,0.0,17,-23.604105,-46.836580
1785631442300,39.7,0.00,0.00,0.00,0.0,17,-23.604115,-46.836568
1785631442500,39.7,0.00,0.00,0.00,0.0,17,-23.604130,-46.836545
1785631442500,40.4,0.00,0.00,0.00,0.0,17,-23.604130,-46.836545
1785631442700,40.4,0.00,0.00,0.00,0.0,17,-23.604149,-46.836525
1785631442700,40.4,0.00,0.00,0.00,0.0,17,-23.604149,-46.836525
1785631442800,40.4,0.00,0.00,0.00,0.0,17,-23.604166,-46.836516
1785631443000,40.4,0.00,0.00,0.00,0.0,17,-23.604189,-46.836500
1785631443000,41.3,0.00,0.00,0.00,0.0,17,-23.604189,-46.836500
1785631443100,41.3,0.00,0.00,0.00,0.0,17,-23.604205,-46.836491
1785631443100,42.5,0.00,0.00,0.00,0.0,17,-23.604205,-46.836491
1785631443300,42.5,0.00,0.00,0.00,0.0,17,-23.604226,-46.836473
1785631443300,43.8,0.00,0.00,0.00,0.0,17,-23.604226,-46.836473
1785631443400,44.3,0.00,0.00,0.00,0.0,17,-23.604241,-46.836466
1785631443600,45.5,0.00,0.00,0.00,0.0,17,-23.604266,-46.836450
1785631443700,46.7,0.00,0.00,0.00,0.0,17,-23.604282,-46.836445
1785631443900,46.7,0.00,0.00,0.00,0.0,17,-23.604316,-46.836433
1785631443900,50.7,0.00,0.00,0.00,0.0,17,-23.604316,-46.836433
1785631444000,51.4,0.00,0.00,0.00,0.0,17,-23.604334,-46.836428
1785631444100,52.4,0.00,0.00,0.00,0.0,17,-23.604354,-46.836424
1785631444300,54.9,0.00,0.00,0.00,0.0,17,-23.604387,-46.836415
1785631444400,56.7,0.00,0.00,0.00,0.0,17,-23.604411,-46.836415
1785631444600,59.4,0.00,0.00,0.00,0.0,17,-23.604449,-46.836410
1785631444700,59.5,0.00,0.00,0.00,0.0,17,-23.604468,-46.836407
1785631444900,60.2,0.00,0.00,0.00,0.0,17,-23.604502,-46.836397
1785631445100,60.7,0.00,0.00,0.00,0.0,17,-23.604536,-46.836388
1785631445300,61.2,0.00,0.00,0.00,0.0,17,-23.604570,-46.836378
1785631445600,63.7,0.00,0.00,0.00,0.0,17,-23.604619,-46.836362
1785631445800,64.3,0.00,0.00,0.00,0.0,17,-23.604653,-46.836351
1785631446000,64.3,0.00,0.00,0.00,0.0,17,-23.604686,-46.836341
1785631446300,64.7,0.00,0.00,0.00,0.0,17,-23.604735,-46.836324
1785631446500,65.2,0.00,0.00,0.00,0.0,17,-23.604768,-46.836312
1785631446700,65.7,0.00,0.00,0.00,0.0,17,-23.604801,-46.836301
1785631446900,66.5,0.00,0.00,0.00,0.0,17,-23.604834,-46.836289
1785631447100,66.8,0.00,0.00,0.00,0.0,17,-23.604867,-46.836277
1785631447200,67.1,0.00,0.00,0.00,0.0,17,-23.604885,-46.836272
1785631447400,67.1,0.00,0.00,0.00,0.0,17,-23.604919,-46.836260
1785631447400,68.0,0.00,0.00,0.00,0.0,17,-23.604919,-46.836260
1785631447600,69.4,0.00,0.00,0.00,0.0,17,-23.604953,-46.836248
1785631447800,70.5,0.00,0.00,0.00,0.0,17,-23.604988,-46.836236
1785631448000,72.0,0.00,0.00,0.00,0.0,17,-23.605024,-46.836224
1785631448100,72.1,0.00,0.00,0.00,0.0,17,-23.605041,-46.836218
1785631448300,72.9,0.00,0.00,0.00,0.0,17,-23.605077,-46.836205
1785631448500,73.5,0.00,0.00,0.00,0.0,17,-23.605112,-46.836193
1785631448700,74.0,0.00,0.00,0.00,0.0,17,-23.605148,-46.836181
1785631448900,74.3,0.00,0.00,0.00,0.0,17,-23.605185,-46.836168
1785631449100,74.3,0.00,0.00,0.00,0.0,17,-23.605221,-46.836156
1785631449100,74.6,0.00,0.00,0.00,0.0,17,-23.605221,-46.836156
1785631449300,75.4,0.00,0.00,0.00,0.0,17,-23.605257,-46.836143
1785631449500,75.4,0.00,0.00,0.00,0.0,17,-23.605294,-46.836130
1785631449500,75.7,0.00,0.00,0.00,0.0,17,-23.605294,-46.836130
1785631449700,75.7,0.00,0.00,0.00,0.0,17,-23.605330,-46.836116
1785631449700,76.0,0.00,0.00,0.00,0.0,17,-23.605330,-46.836116
1785631449900,76.0,0.00,0.00,0.00,0.0,17,-23.605366,-46.836103
1785631449900,75.9,0.00,0.00,0.00,0.0,17,-23.605366,-46.836103
1785631450100,75.8,0.00,0.00,0.00,0.0,17,-23.605403,-46.836089
1785631450300,75.8,0.00,0.00,0.00,0.0,17,-23.605439,-46.836076
1785631450300,75.8,0.00,0.00,0.00,0.0,17,-23.605439,-46.836076
1785631450400,75.7,0.00,0.00,0.00,0.0,17,-23.605457,-46.836070
1785631450600,75.6,0.00,0.00,0.00,0.0,17,-23.605494,-46.836056
1785631450800,75.1,0.00,0.00,0.00,0.0,17,-23.605530,-46.836044
1785631450900,75.0,0.00,0.00,0.00,0.0,17,-23.605548,-46.836038
1785631451100,74.6,0.00,0.00,0.00,0.0,17,-23.605583,-46.836026
1785631451300,74.3,0.00,0.00,0.00,0.0,17,-23.605619,-46.836015
1785631451400,74.3,0.00,0.00,0.00,0.0,17,-23.605636,-46.836010
1785631451400,73.7,0.00,0.00,0.00,0.0,17,-23.605636,-46.836010
1785631451600,73.0,0.00,0.00,0.00,0.0,17,-23.605671,-46.836000
1785631451800,72.5,0.00,0.00,0.00,0.0,17,-23.605705,-46.835991
1785631451900,72.0,0.00,0.00,0.00,0.0,17,-23.605722,-46.835988
1785631452100,71.6,0.00,0.00,0.00,0.0,17,-23.605756,-46.835981
1785631452300,71.0,0.00,0.00,0.00,0.0,17,-23.605790,-46.835976
1785631452400,69.7,0.00,0.00,0.00,0.0,17,-23.605805,-46.835976
1785631452600,68.6,0.00,0.00,0.00,0.0,17,-23.605838,-46.835973
1785631452800,67.5,0.00,0.00,0.00,0.0,17,-23.605870,-46.835972
1785631453000,66.4,0.00,0.00,0.00,0.0,17,-23.605901,-46.835974
1785631453100,64.6,0.00,0.00,0.00,0.0,17,-23.605914,-46.835980
1785631453300,62.7,0.00,0.00,0.00,0.0,17,-23.605942,-46.835984
1785631453400,60.9,0.00,0.00,0.00,0.0,17,-23.605953,-46.835991
1785631453600,58.7,0.00,0.00,0.00,0.0,17,-23.605977,-46.836001
1785631453700,56.7,0.00,0.00,0.00,0.0,17,-23.605985,-46.836012
1785631453900,53.7,0.00,0.00,0.00,0.0,17,-23.606003,-46.836027
1785631454000,51.4,0.00,0.00,0.00,0.0,17,-23.606007,-46.836040
1785631454200,51.4,0.00,0.00,0.00,0.0,17,-23.606022,-46.836058
1785631454200,48.9,0.00,0.00,0.00,0.0,17,-23.606022,-46.836058
1785631454300,46.2,0.00,0.00,0.00,0.0,17,-23.606023,-46.836073
1785631454500,43.2,0.00,0.00,0.00,0.0,17,-23.606029,-46.836098
1785631454600,42.6,0.00,0.00,0.00,0.0,17,-23.606027,-46.836117
1785631454700,42.2,0.00,0.00,0.00,0.0,17,-23.606022,-46.836141
1785631454900,42.2,0.00,0.00,0.00,0.0,17,-23.606021,-46.836175
1785631454900,42.5,0.00,0.00,0.00,0.0,17,-23.606021,-46.836175
1785631455000,44.8,0.00,0.00,0.00,0.0,17,-23.606007,-46.836210
1785631455100,48.4,0.00,0.00,0.00,0.0,17,-23.605993,-46.836246
1785631455300,51.5,0.00,0.00,0.00,0.0,17,-23.605999,-46.836278
1785631455400,52.7,0.00,0.00,0.00,0.0,17,-23.606001,-46.836298
1785631455500,53.3,0.00,0.00,0.00,0.0,17,-23.606004,-46.836316
1785631455700,54.1,0.00,0.00,0.00,0.0,17,-23.606014,-46.836346
1785631455800,55.1,0.00,0.00,0.00,0.0,17,-23.606019,-46.836363
1785631455900,56.1,0.00,0.00,0.00,0.0,17,-23.606023,-46.836380
1785631456000,57.1,0.00,0.00,0.00,0.0,17,-23.606029,-46.836398
1785631456200,58.0,0.00,0.00,0.00,0.0,17,-23.606040,-46.836430
1785631456300,58.5,0.00,0.00,0.00,0.0,17,-23.606044,-46.836449
1785631456400,58.9,0.00,0.00,0.00,0.0,17,-23.606049,-46.836467
1785631456600,59.5,0.00,0.00,0.00,0.0,17,-23.606060,-46.836501
1785631456700,59.8,0.00,0.00,0.00,0.0,17,-23.606063,-46.836520
1785631456800,60.2,0.00,0.00,0.00,0.0,17,-23.606067,-46.836539
1785631456900,60.2,0.00,0.00,0.00,0.0,17,-23.606070,-46.836558
1785631456900,60.2,0.00,0.00,0.00,0.0,17,-23.606070,-46.836558
1785631457100,60.0,0.00,0.00,0.00,0.0,17,-23.606079,-46.836592
1785631457200,59.8,0.00,0.00,0.00,0.0,17,-23.606081,-46.836611
1785631457300,59.7,0.00,0.00,0.00,0.0,17,-23.606083,-46.836630
1785631457500,58.7,0.00,0.00,0.00,0.0,17,-23.606088,-46.836664
1785631457600,58.7,0.00,0.00,0.00,0.0,17,-23.606087,-46.836683
1785631457600,58.3,0.00,0.00,0.00,0.0,17,-23.606087,-46.836683
1785631457800,57.5,0.00,0.00,0.00,0.0,17,-23.606091,-46.836717
1785631457900,56.4,0.00,0.00,0.00,0.0,17,-23.606088,-46.836735
1785631458100,56.0,0.00,0.00,0.00,0.0,17,-23.606088,-46.836769
1785631458200,55.4,0.00,0.00,0.00,0.0,17,-23.606082,-46.836787
1785631458300,54.8,0.00,0.00,0.00,0.0,17,-23.606075,-46.836805
1785631458500,54.8,0.00,0.00,0.00,0.0,17,-23.606067,-46.836839
1785631458600,54.8,0.00,0.00,0.00,0.0,17,-23.606057,-46.836857
1785631458800,55.2,0.00,0.00,0.00,0.0,17,-23.606043,-46.836889
1785631458900,55.5,0.00,0.00,0.00,0.0,17,-23.606029,-46.836907
1785631459100,56.0,0.00,0.00,0.00,0.0,17,-23.606008,-46.836938
1785631459200,57.5,0.00,0.00,0.00,0.0,17,-23.605985,-46.836955
1785631459400,58.4,0.00,0.00,0.00,0.0,17,-23.605955,-46.836983
1785631459500,60.4,0.00,0.00,0.00,0.0,17,-23.605916,-46.836992
1785631459600,63.5,0.00,0.00,0.00,0.0,17,-23.605871,-46.836994
1785631459800,64.7,0.00,0.00,0.00,0.0,17,-23.605825,-46.837007
1785631459900,66.2,0.00,0.00,0.00,0.0,17,-23.605788,-46.837006
1785631460000,67.7,0.00,0.00,0.00,0.0,17,-23.605748,-46.837001
1785631460200,69.1,0.00,0.00,0.00,0.0,17,-23.605696,-46.837007
1785631460300,69.3,0.00,0.00,0.00,0.0,17,-23.605668,-46.837015
1785631460500,70.0,0.00,0.00,0.00,0.0,17,-23.605625,-46.837032
1785631460600,70.0,0.00,0.00,0.00,0.0,17,-23.605599,-46.837044
1785631460800,70.0,0.00,0.00,0.00,0.0,17,-23.605556,-46.837061
1785631461000,70.2,0.00,0.00,0.00,0.0,17,-23.605514,-46.837080
1785631461200,70.2,0.00,0.00,0.00,0.0,17,-23.605471,-46.837098
1785631461500,70.1,0.00,0.00,0.00,0.0,17,-23.605413,-46.837122
1785631461700,69.8,0.00,0.00,0.00,0.0,17,-23.605372,-46.837139
1785631461900,69.7,0.00,0.00,0.00,0.0,17,-23.605331,-46.837154
1785631462100,69.7,0.00,0.00,0.00,0.0,17,-23.605290,-46.837167
1785631462300,69.7,0.00,0.00,0.00,0.0,17,-23.605251,-46.837178
1785631462600,69.9,0.00,0.00,0.00,0.0,17,-23.605195,-46.837189
1785631462800,69.2,0.00,0.00,0.00,0.0,17,-23.605158,-46.837192
1785631463000,69.5,0.00,0.00,0.00,0.0,17,-23.605120,-46.837191
1785631463200,69.4,0.00,0.00,0.00,0.0,17,-23.605082,-46.837187
1785631463400,69.8,0.00,0.00,0.00,0.0,17,-23.605042,-46.837179
1785631463600,69.8,0.00,0.00,0.00,0.0,17,-23.605002,-46.837167
1785631463600,71.2,0.00,0.00,0.00,0.0,17,-23.605002,-46.837167
1785631463800,72.3,0.00,0.00,0.00,0.0,17,-23.604962,-46.837152
1785631464000,73.2,0.00,0.00,0.00,0.0,17,-23.604923,-46.837136
1785631464100,73.0,0.00,0.00,0.00,0.0,17,-23.604903,-46.837126
1785631464300,72.8,0.00,0.00,0.00,0.0,17,-23.604868,-46.837109
1785631464500,72.1,0.00,0.00,0.00,0.0,17,-23.604834,-46.837090
1785631464700,70.9,0.00,0.00,0.00,0.0,17,-23.604803,-46.837068
1785631464800,70.9,0.00,0.00,0.00,0.0,17,-23.604792,-46.837049
1785631464800,69.3,0.00,0.00,0.00,0.0,17,-23.604792,-46.837049
1785631465000,68.0,0.00,0.00,0.00,0.0,17,-23.604764,-46.837026
1785631465200,67.0,0.00,0.00,0.00,0.0,17,-23.604737,-46.837004
1785631465400,65.7,0.00,0.00,0.00,0.0,17,-23.604712,-46.836981
1785631465600,64.0,0.00,0.00,0.00,0.0,17,-23.604689,-46.836958
1785631465800,60.9,0.00,0.00,0.00,0.0,17,-23.604670,-46.836937
1785631466000,57.5,0.00,0.00,0.00,0.0,17,-23.604653,-46.836916
1785631466200,54.2,0.00,0.00,0.00,0.0,17,-23.604640,-46.836894
1785631466300,50.9,0.00,0.00,0.00,0.0,17,-23.604641,-46.836882
1785631466500,47.7,0.00,0.00,0.00,0.0,17,-23.604635,-46.836860
1785631466700,44.5,0.00,0.00,0.00,0.0,17,-23.604634,-46.836838
1785631466900,41.7,0.00,0.00,0.00,0.0,17,-23.604640,-46.836815
1785631467000,39.9,0.00,0.00,0.00,0.0,17,-23.604653,-46.836802
1785631467200,37.6,0.00,0.00,0.00,0.0,17,-23.604667,-46.836782
1785631467400,37.6,0.00,0.00,0.00,0.0,17,-23.604682,-46.836765
1785631467400,34.8,0.00,0.00,0.00,0.0,17,-23.604682,-46.836765
1785631467600,34.8,0.00,0.00,0.00,0.0,17,-23.604700,-46.836751
1785631467600,32.4,0.00,0.00,0.00,0.0,17,-23.604700,-46.836751
1785631467700,30.2,0.00,0.00,0.00,0.0,17,-23.604716,-46.836748
1785631467900,27.6,0.00,0.00,0.00,0.0,17,-23.604734,-46.836741
1785631468000,24.8,0.00,0.00,0.00,0.0,17,-23.604756,-46.836747
1785631468100,23.7,0.00,0.00,0.00,0.0,17,-23.604774,-46.836751
1785631468300,22.9,0.00,0.00,0.00,0.0,17,-23.604796,-46.836753
1785631468400,22.9,0.00,0.00,0.00,0.0,17,-23.604813,-46.836761
1785631468500,23.8,0.00,0.00,0.00,0.0,17,-23.604831,-46.836772
1785631468700,25.5,0.00,0.00,0.00,0.0,17,-23.604856,-46.836786
1785631468800,25.5,0.00,0.00,0.00,0.0,17,-23.604875,-46.836803
1785631468800,28.3,0.00,0.00,0.00,0.0,17,-23.604875,-46.836803
1785631468900,31.3,0.00,0.00,0.00,0.0,17,-23.604891,-46.836821
1785631469100,31.3,0.00,0.00,0.00,0.0,17,-23.604916,-46.836850
1785631469100,35.7,0.00,0.00,0.00,0.0,17,-23.604916,-46.836850
1785631469200,35.7,0.00,0.00,0.00,0.0,17,-23.604934,-46.836868
1785631469200,39.6,0.00,0.00,0.00,0.0,17,-23.604934,-46.836868
1785631469400,39.4,0.00,0.00,0.00,0.0,17,-23.604952,-46.836886
1785631469500,39.4,0.00,0.00,0.00,0.0,17,-23.604963,-46.836895
1785631469600,39.4,0.00,0.00,0.00,0.0,17,-23.604972,-46.836903
1785631469800,39.4,0.00,0.00,0.00,0.0,17,-23.604989,-46.836917
1785631469800,39.2,0.00,0.00,0.00,0.0,17,-23.604989,-46.836917
1785631469900,39.0,0.00,0.00,0.00,0.0,17,-23.604997,-46.836923
1785631470100,38.5,0.00,0.00,0.00,0.0,17,-23.605014,-46.836935
1785631470200,38.0,0.00,0.00,0.00,0.0,17,-23.605021,-46.836940
1785631470400,37.3,0.00,0.00,0.00,0.0,17,-23.605037,-46.836950
1785631470500,36.4,0.00,0.00,0.00,0.0,17,-23.605044,-46.836952
1785631470700,36.4,0.00,0.00,0.00,0.0,17,-23.605060,-46.836959
1785631470700,35.1,0.00,0.00,0.00,0.0,17,-23.605060,-46.836959
1785631470800,33.9,0.00,0.00,0.00,0.0,17,-23.605068,-46.836959
1785631471000,32.5,0.00,0.00,0.00,0.0,17,-23.605083,-46.836961
1785631471200,31.5,0.00,0.00,0.00,0.0,17,-23.605099,-46.836959
1785631471400,31.5,0.00,0.00,0.00,0.0,17,-23.605116,-46.836951
1785631471400,31.4,0.00,0.00,0.00,0.0,17,-23.605116,-46.836951
1785631471500,32.4,0.00,0.00,0.00,0.0,17,-23.605125,-46.836938
1785631471700,34.9,0.00,0.00,0.00,0.0,17,-23.605143,-46.836918
1785631471900,37.5,0.00,0.00,0.00,0.0,17,-23.605156,-46.836890
1785631472000,37.5,0.00,0.00,0.00,0.0,17,-23.605158,-46.836864
1785631472000,40.1,0.00,0.00,0.00,0.0,17,-23.605158,-46.836864
1785631472200,45.4,0.00,0.00,0.00,0.0,17,-23.605161,-46.836822
1785631472300,45.4,0.00,0.00,0.00,0.0,17,-23.605158,-46.836794
1785631472300,48.4,0.00,0.00,0.00,0.0,17,-23.605158,-46.836794
1785631472500,48.7,0.00,0.00,0.00,0.0,17,-23.605170,-46.836767
1785631472700,48.7,0.00,0.00,0.00,0.0,17,-23.605182,-46.836739
1785631472700,49.3,0.00,0.00,0.00,0.0,17,-23.605182,-46.836739
1785631472800,49.5,0.00,0.00,0.00,0.0,17,-23.605188,-46.836723
1785631473000,50.0,0.00,0.00,0.00,0.0,17,-23.605201,-46.836696
1785631473200,50.1,0.00,0.00,0.00,0.0,17,-23.605215,-46.836670
1785631473300,50.2,0.00,0.00,0.00,0.0,17,-23.605223,-46.836656
1785631473500,50.3,0.00,0.00,0.00,0.0,17,-23.605239,-46.836633
1785631473700,49.4,0.00,0.00,0.00,0.0,17,-23.605256,-46.836610
1785631473900,49.4,0.00,0.00,0.00,0.0,17,-23.605273,-46.836589
1785631473900,48.4,0.00,0.00,0.00,0.0,17,-23.605273,-46.836589
1785631474000,47.6,0.00,0.00,0.00,0.0,17,-23.605283,-46.836580
1785631474200,46.7,0.00,0.00,0.00,0.0,17,-23.605300,-46.836562
1785631474400,45.4,0.00,0.00,0.00,0.0,17,-23.605317,-46.836546
1785631474700,45.4,0.00,0.00,0.00,0.0,17,-23.605344,-46.836524
1785631474700,44.4,0.00,0.00,0.00,0.0,17,-23.605344,-46.836524
1785631474900,42.2,0.00,0.00,0.00,0.0,17,-23.605362,-46.836515
1785631475100,39.7,0.00,0.00,0.00,0.0,17,-23.605380,-46.836511
1785631475300,39.7,0.00,0.00,0.00,0.0,17,-23.605398,-46.836513
1785631475300,37.0,0.00,0.00,0.00,0.0,17,-23.605398,-46.836513
1785631475500,34.9,0.00,0.00,0.00,0.0,17,-23.605416,-46.836520
1785631475700,33.5,0.00,0.00,0.00,0.0,17,-23.605434,-46.836533
1785631475800,32.7,0.00,0.00,0.00,0.0,17,-23.605443,-46.836551
1785631476000,33.5,0.00,0.00,0.00,0.0,17,-23.605461,-46.836575
1785631476200,35.3,0.00,0.00,0.00,0.0,17,-23.605476,-46.836607
1785631476300,39.3,0.00,0.00,0.00,0.0,17,-23.605481,-46.836648
1785631476500,44.7,0.00,0.00,0.00,0.0,17,-23.605504,-46.836688
1785631476600,44.7,0.00,0.00,0.00,0.0,17,-23.605513,-46.836706
1785631476600,44.8,0.00,0.00,0.00,0.0,17,-23.605513,-46.836706
1785631476700,44.8,0.00,0.00,0.00,0.0,17,-23.605522,-46.836723
1785631476700,44.7,0.00,0.00,0.00,0.0,17,-23.605522,-46.836723
1785631476900,44.5,0.00,0.00,0.00,0.0,17,-23.605539,-46.836749
1785631477100,44.1,0.00,0.00,0.00,0.0,17,-23.605557,-46.836773
1785631477200,43.9,0.00,0.00,0.00,0.0,17,-23.605567,-46.836788
1785631477400,43.3,0.00,0.00,0.00,0.0,17,-23.605584,-46.836810
1785631477500,43.3,0.00,0.00,0.00,0.0,17,-23.605594,-46.836822
1785631477500,42.9,0.00,0.00,0.00,0.0,17,-23.605594,-46.836822
1785631477600,42.4,0.00,0.00,0.00,0.0,17,-23.605603,-46.836834
1785631477800,41.8,0.00,0.00,0.00,0.0,17,-23.605620,-46.836850
1785631477900,40.9,0.00,0.00,0.00,0.0,17,-23.605630,-46.836856
1785631478000,40.2,0.00,0.00,0.00,0.0,17,-23.605641,-46.836860
1785631478100,39.3,0.00,0.00,0.00,0.0,17,-23.605651,-46.836862
1785631478300,37.8,0.00,0.00,0.00,0.0,17,-23.605668,-46.836869
1785631478400,36.6,0.00,0.00,0.00,0.0,17,-23.605677,-46.836868
1785631478500,35.4,0.00,0.00,0.00,0.0,17,-23.605685,-46.836864
1785631478600,34.4,0.00,0.00,0.00,0.0,17,-23.605694,-46.836860
1785631478800,34.4,0.00,0.00,0.00,0.0,17,-23.605712,-46.836853
1785631478900,35.2,0.00,0.00,0.00,0.0,17,-23.605722,-46.836842
1785631479000,34.3,0.00,0.00,0.00,0.0,17,-23.605729,-46.836831
1785631479100,33.7,0.00,0.00,0.00,0.0,17,-23.605735,-46.836818
1785631479200,32.5,0.00,0.00,0.00,0.0,17,-23.605739,-46.836807
1785631479400,31.4,0.00,0.00,0.00,0.0,17,-23.605748,-46.836788
1785631479500,31.2,0.00,0.00,0.00,0.0,17,-23.605748,-46.836773
1785631479600,31.2,0.00,0.00,0.00,0.0,17,-23.605748,-46.836757
1785631479600,31.3,0.00,0.00,0.00,0.0,17,-23.605748,-46.836757
1785631479700,31.6,0.00,0.00,0.00,0.0,17,-23.605746,-46.836740
1785631479900,31.6,0.00,0.00,0.00,0.0,17,-23.605747,-46.836717
1785631479900,31.8,0.00,0.00,0.00,0.0,17,-23.605747,-46.836717
1785631480000,31.8,0.00,0.00,0.00,0.0,17,-23.605743,-46.836699
1785631480000,32.5,0.00,0.00,0.00,0.0,17,-23.605743,-46.836699
1785631480100,34.3,0.00,0.00,0.00,0.0,17,-23.605734,-46.836678
1785631480200,36.1,0.00,0.00,0.00,0.0,17,-23.605728,-46.836660
1785631480300,38.9,0.00,0.00,0.00,0.0,17,-23.605718,-46.836638
1785631480500,38.9,0.00,0.00,0.00,0.0,17,-23.605708,-46.836605
1785631480500,41.6,0.00,0.00,0.00,0.0,17,-23.605708,-46.836605
1785631480600,44.4,0.00,0.00,0.00,0.0,17,-23.605698,-46.836584
1785631480700,47.9,0.00,0.00,0.00,0.0,17,-23.605689,-46.836560
1785631480900,48.5,0.00,0.00,0.00,0.0,17,-23.605681,-46.836531
1785631481000,48.8,0.00,0.00,0.00,0.0,17,-23.605678,-46.836515
1785631481100,48.9,0.00,0.00,0.00,0.0,17,-23.605675,-46.836500
1785631481200,49.0,0.00,0.00,0.00,0.0,17,-23.605671,-46.836485
1785631481300,49.0,0.00,0.00,0.00,0.0,17,-23.605668,-46.836471
1785631481500,48.8,0.00,0.00,0.00,0.0,17,-23.605660,-46.836444
1785631481600,48.8,0.00,0.00,0.00,0.0,17,-23.605656,-46.836431
1785631481700,49.0,0.00,0.00,0.00,0.0,17,-23.605652,-46.836418
1785631481800,49.2,0.00,0.00,0.00,0.0,17,-23.605647,-46.836404
1785631481900,49.2,0.00,0.00,0.00,0.0,17,-23.605642,-46.836391
1785631482100,49.1,0.00,0.00,0.00,0.0,17,-23.605632,-46.836366
1785631482200,48.5,0.00,0.00,0.00,0.0,17,-23.605626,-46.836354
1785631482300,48.6,0.00,0.00,0.00,0.0,17,-23.605620,-46.836343
1785631482400,48.5,0.00,0.00,0.00,0.0,17,-23.605614,-46.836331
1785631482600,47.9,0.00,0.00,0.00,0.0,17,-23.605601,-46.836309
1785631482700,47.4,0.00,0.00,0.00,0.0,17,-23.605593,-46.836300
1785631482800,46.9,0.00,0.00,0.00,0.0,17,-23.605585,-46.836290
1785631482900,46.7,0.00,0.00,0.00,0.0,17,-23.605577,-46.836281
1785631483100,46.0,0.00,0.00,0.00,0.0,17,-23.605561,-46.836263
1785631483200,45.5,0.00,0.00,0.00,0.0,17,-23.605552,-46.836256
1785631483300,45.0,0.00,0.00,0.00,0.0,17,-23.605542,-46.836249
1785631483400,44.5,0.00,0.00,0.00,0.0,16,-23.605532,-46.836242
1785631483500,44.1,0.00,0.00,0.00,0.0,16,-23.605521,-46.836237
1785631483700,43.2,0.00,0.00,0.00,0.0,16,-23.605502,-46.836224
1785631483800,42.3,0.00,0.00,0.00,0.0,16,-23.605491,-46.836221
1785631483900,41.7,0.00,0.00,0.00,0.0,16,-23.605479,-46.836218
1785631484000,41.0,0.00,0.00,0.00,0.0,16,-23.605467,-46.836217
1785631484200,39.9,0.00,0.00,0.00,0.0,16,-23.605446,-46.836212
1785631484300,39.2,0.00,0.00,0.00,0.0,16,-23.605433,-46.836214
1785631484400,38.8,0.00,0.00,0.00,0.0,16,-23.605419,-46.836217
1785631484500,38.8,0.00,0.00,0.00,0.0,16,-23.605405,-46.836222
1785631484600,39.1,0.00,0.00,0.00,0.0,16,-23.605390,-46.836229
1785631484800,41.5,0.00,0.00,0.00,0.0,16,-23.605361,-46.836241
1785631484900,45.6,0.00,0.00,0.00,0.0,16,-23.605338,-46.836258
1785631485000,50.7,0.00,0.00,0.00,0.0,16,-23.605313,-46.836279
1785631485100,55.2,0.00,0.00,0.00,0.0,16,-23.605288,-46.836299
1785631485200,55.6,0.00,0.00,0.00,0.0,16,-23.605271,-46.836308
1785631485400,55.8,0.00,0.00,0.00,0.0,16,-23.605241,-46.836320
1785631485500,55.9,0.00,0.00,0.00,0.0,16,-23.605224,-46.836328
1785631485600,56.0,0.00,0.00,0.00,0.0,16,-23.605208,-46.836336
1785631485700,56.0,0.00,0.00,0.00,0.0,16,-23.605193,-46.836343
1785631485800,56.0,0.00,0.00,0.00,0.0,16,-23.605177,-46.836351
1785631486000,56.4,0.00,0.00,0.00,0.0,16,-23.605148,-46.836362
1785631486100,56.7,0.00,0.00,0.00,0.0,16,-23.605132,-46.836369
1785631486200,56.9,0.00,0.00,0.00,0.0,16,-23.605117,-46.836376
1785631486300,57.0,0.00,0.00,0.00,0.0,16,-23.605101,-46.836382
1785631486400,57.3,0.00,0.00,0.00,0.0,16,-23.605086,-46.836389
1785631486500,57.4,0.00,0.00,0.00,0.0,16,-23.605071,-46.836395
1785631486700,57.5,0.00,0.00,0.00,0.0,16,-23.605042,-46.836406
1785631486800,57.6,0.00,0.00,0.00,0.0,16,-23.605027,-46.836412
1785631486900,57.8,0.00,0.00,0.00,0.0,16,-23.605012,-46.836418
1785631487000,58.2,0.00,0.00,0.00,0.0,16,-23.604997,-46.836424
1785631487100,58.4,0.00,0.00,0.00,0.0,16,-23.604982,-46.836430
1785631487300,58.7,0.00,0.00,0.00,0.0,16,-23.604953,-46.836440
1785631487400,59.3,0.00,0.00,0.00,0.0,16,-23.604938,-46.836446
1785631487500,59.3,0.00,0.00,0.00,0.0,16,-23.604923,-46.836451
1785631487600,59.4,0.00,0.00,0.00,0.0,16,-23.604909,-46.836457
1785631487700,59.4,0.00,0.00,0.00,0.0,16,-23.604894,-46.836463
1785631487900,59.8,0.00,0.00,0.00,0.0,16,-23.604865,-46.836473
1785631488000,59.9,0.00,0.00,0.00,0.0,16,-23.604850,-46.836479
1785631488100,59.9,0.00,0.00,0.00,0.0,16,-23.604835,-46.836484
1785631488200,59.9,0.00,0.00,0.00,0.0,16,-23.604820,-46.836490
1785631488300,59.9,0.00,0.00,0.00,0.0,16,-23.604806,-46.836495
1785631488400,60.0,0.00,0.00,0.00,0.0,16,-23.604791,-46.836501
1785631488500,60.1,0.00,0.00,0.00,0.0,16,-23.604777,-46.836507
1785631488700,60.5,0.00,0.00,0.00,0.0,16,-23.604748,-46.836518
1785631488900,60.8,0.00,0.00,0.00,0.0,16,-23.604719,-46.836531
1785631488900,61.1,0.00,0.00,0.00,0.0,16,-23.604719,-46.836531
1785631489000,61.4,0.00,0.00,0.00,0.0,16,-23.604704,-46.836538
1785631489100,61.7,0.00,0.00,0.00,0.0,16,-23.604690,-46.836546
1785631489300,62.5,0.00,0.00,0.00,0.0,16,-23.604661,-46.836560
1785631489400,63.0,0.00,0.00,0.00,0.0,16,-23.604647,-46.836569
1785631489500,63.0,0.00,0.00,0.00,0.0,16,-23.604633,-46.836579
1785631489700,62.5,0.00,0.00,0.00,0.0,16,-23.604607,-46.836598
1785631489700,62.2,0.00,0.00,0.00,0.0,16,-23.604607,-46.836598
1785631489800,61.9,0.00,0.00,0.00,0.0,16,-23.604594,-46.836608
1785631489900,61.4,0.00,0.00,0.00,0.0,16,-23.604582,-46.836619
1785631490100,60.7,0.00,0.00,0.00,0.0,16,-23.604557,-46.836638
1785631490200,60.4,0.00,0.00,0.00,0.0,16,-23.604546,-46.836649
1785631490300,60.1,0.00,0.00,0.00,0.0,16,-23.604534,-46.836660
1785631490400,59.8,0.00,0.00,0.00,0.0,16,-23.604523,-46.836672
1785631490500,59.6,0.00,0.00,0.00,0.0,16,-23.604513,-46.836683
1785631490600,59.0,0.00,0.00,0.00,0.0,16,-23.604503,-46.836695
1785631490700,58.5,0.00,0.00,0.00,0.0,16,-23.604494,-46.836708
1785631490900,57.9,0.00,0.00,0.00,0.0,16,-23.604473,-46.836731
1785631491000,57.1,0.00,0.00,0.00,0.0,16,-23.604465,-46.836743
1785631491100,55.9,0.00,0.00,0.00,0.0,16,-23.604459,-46.836757
1785631491200,55.3,0.00,0.00,0.00,0.0,16,-23.604453,-46.836771
1785631491300,54.5,0.00,0.00,0.00,0.0,16,-23.604448,-46.836786
1785631491400,53.8,0.00,0.00,0.00,0.0,16,-23.604444,-46.836801
1785631491700,52.8,0.00,0.00,0.00,0.0,16,-23.604433,-46.836845
1785631491700,52.0,0.00,0.00,0.00,0.0,16,-23.604433,-46.836845
1785631491800,50.7,0.00,0.00,0.00,0.0,16,-23.604435,-46.836863
1785631491900,50.1,0.00,0.00,0.00,0.0,16,-23.604440,-46.836882
1785631492000,49.8,0.00,0.00,0.00,0.0,16,-23.604447,-46.836903
1785631492100,49.8,0.00,0.00,0.00,0.0,16,-23.604457,-46.836925
1785631492400,49.7,0.00,0.00,0.00,0.0,16,-23.604484,-46.836982
1785631492500,49.9,0.00,0.00,0.00,0.0,16,-23.604502,-46.837004
1785631492500,50.4,0.00,0.00,0.00,0.0,16,-23.604502,-46.837004
1785631492600,51.9,0.00,0.00,0.00,0.0,16,-23.604525,-46.837028
1785631492700,56.8,0.00,0.00,0.00,0.0,16,-23.604568,-46.837055
1785631492800,62.9,0.00,0.00,0.00,0.0,16,-23.604599,-46.837086
1785631493000,62.9,0.00,0.00,0.00,0.0,17,-23.604623,-46.837124
1785631493100,62.9,0.00,0.00,0.00,0.0,17,-23.604639,-46.837145
1785631493300,62.9,0.00,0.00,0.00,0.0,17,-23.604661,-46.837181
1785631493300,62.7,0.00,0.00,0.00,0.0,17,-23.604661,-46.837181
1785631493400,62.4,0.00,0.00,0.00,0.0,17,-23.604674,-46.837200
1785631493600,62.1,0.00,0.00,0.00,0.0,17,-23.604690,-46.837234
1785631493700,61.6,0.00,0.00,0.00,0.0,17,-23.604697,-46.837252
1785631493900,61.6,0.00,0.00,0.00,0.0,17,-23.604709,-46.837286
1785631493900,61.2,0.00,0.00,0.00,0.0,17,-23.604709,-46.837286
1785631494000,60.8,0.00,0.00,0.00,0.0,17,-23.604713,-46.837303
1785631494200,60.3,0.00,0.00,0.00,0.0,17,-23.604721,-46.837335
1785631494300,59.6,0.00,0.00,0.00,0.0,17,-23.604722,-46.837351
1785631494500,58.9,0.00,0.00,0.00,0.0,17,-23.604726,-46.837382
1785631494600,58.4,0.00,0.00,0.00,0.0,17,-23.604724,-46.837398
1785631494800,58.0,0.00,0.00,0.00,0.0,17,-23.604723,-46.837430
1785631494900,57.9,0.00,0.00,0.00,0.0,17,-23.604717,-46.837447
1785631495000,57.9,0.00,0.00,0.00,0.0,17,-23.604708,-46.837464
1785631495000,58.1,0.00,0.00,0.00,0.0,17,-23.604708,-46.837464
1785631495200,58.1,0.00,0.00,0.00,0.0,17,-23.604693,-46.837496
1785631495200,58.7,0.00,0.00,0.00,0.0,17,-23.604693,-46.837496
1785631495300,58.8,0.00,0.00,0.00,0.0,17,-23.604678,-46.837510
1785631495500,58.3,0.00,0.00,0.00,0.0,17,-23.604657,-46.837537
1785631495600,56.0,0.00,0.00,0.00,0.0,17,-23.604639,-46.837543
1785631495800,52.9,0.00,0.00,0.00,0.0,17,-23.604615,-46.837560
1785631495900,51.9,0.00,0.00,0.00,0.0,17,-23.604598,-46.837562
1785631496100,51.9,0.00,0.00,0.00,0.0,17,-23.604572,-46.837577
1785631496100,50.8,0.00,0.00,0.00,0.0,17,-23.604572,-46.837577
1785631496200,49.4,0.00,0.00,0.00,0.0,17,-23.604555,-46.837578
1785631496300,48.6,0.00,0.00,0.00,0.0,17,-23.604538,-46.837580
1785631496400,48.1,0.00,0.00,0.00,0.0,17,-23.604522,-46.837581
1785631496600,47.4,0.00,0.00,0.00,0.0,17,-23.604495,-46.837589
1785631496700,46.5,0.00,0.00,0.00,0.0,17,-23.604476,-46.837584
1785631496800,46.4,0.00,0.00,0.00,0.0,17,-23.604458,-46.837581
1785631497000,46.5,0.00,0.00,0.00,0.0,17,-23.604430,-46.837581
1785631497100,46.8,0.00,0.00,0.00,0.0,17,-23.604412,-46.837575
1785631497200,46.9,0.00,0.00,0.00,0.0,17,-23.604395,-46.837569
1785631497300,47.4,0.00,0.00,0.00,0.0,17,-23.604378,-46.837560
1785631497400,48.0,0.00,0.00,0.00,0.0,17,-23.604360,-46.837551
1785631497600,48.8,0.00,0.00,0.00,0.0,17,-23.604332,-46.837540
1785631497700,47.9,0.00,0.00,0.00,0.0,17,-23.604318,-46.837530
1785631497800,46.9,0.00,0.00,0.00,0.0,17,-23.604306,-46.837520
1785631497900,46.4,0.00,0.00,0.00,0.0,17,-23.604294,-46.837509
1785631498100,44.6,0.00,0.00,0.00,0.0,17,-23.604272,-46.837496
1785631498200,43.1,0.00,0.00,0.00,0.0,17,-23.604263,-46.837485
1785631498300,41.9,0.00,0.00,0.00,0.0,17,-23.604254,-46.837473
1785631498500,40.3,0.00,0.00,0.00,0.0,17,-23.604239,-46.837457
1785631498600,38.6,0.00,0.00,0.00,0.0,17,-23.604235,-46.837443
1785631498700,37.7,0.00,0.00,0.00,0.0,17,-23.604232,-46.837430
1785631498800,37.0,0.00,0.00,0.00,0.0,17,-23.604230,-46.837417
1785631499000,36.1,0.00,0.00,0.00,0.0,17,-23.604222,-46.837397
1785631499100,35.2,0.00,0.00,0.00,0.0,17,-23.604222,-46.837384
1785631499200,34.2,0.00,0.00,0.00,0.0,17,-23.604223,-46.837371
1785631499300,34.2,0.00,0.00,0.00,0.0,17,-23.604226,-46.837358
1785631499300,33.4,0.00,0.00,0.00,0.0,17,-23.604226,-46.837358
1785631499500,33.5,0.00,0.00,0.00,0.0,17,-23.604229,-46.837334
1785631499600,34.2,0.00,0.00,0.00,0.0,17,-23.604239,-46.837317
1785631499700,36.4,0.00,0.00,0.00,0.0,17,-23.604253,-46.837296
1785631499800,40.4,0.00,0.00,0.00,0.0,17,-23.604268,-46.837274
1785631500000,40.4,0.00,0.00,0.00,0.0,17,-23.604283,-46.837238
1785631500000,45.9,0.00,0.00,0.00,0.0,17,-23.604283,-46.837238
1785631500100,47.7,0.00,0.00,0.00,0.0,17,-23.604287,-46.837221
1785631500200,47.5,0.00,0.00,0.00,0.0,17,-23.604291,-46.837205
1785631500400,47.5,0.00,0.00,0.00,0.0,17,-23.604296,-46.837177
1785631500500,47.5,0.00,0.00,0.00,0.0,17,-23.604299,-46.837161
1785631500700,47.5,0.00,0.00,0.00,0.0,17,-23.604303,-46.837133
1785631500900,47.5,0.00,0.00,0.00,0.0,17,-23.604305,-46.837104
1785631500900,47.7,0.00,0.00,0.00,0.0,17,-23.604305,-46.837104
1785631501000,48.0,0.00,0.00,0.00,0.0,17,-23.604306,-46.837087
1785631501200,48.9,0.00,0.00,0.00,0.0,17,-23.604307,-46.837056
1785631501300,49.7,0.00,0.00,0.00,0.0,17,-23.604307,-46.837039
1785631501500,50.7,0.00,0.00,0.00,0.0,17,-23.604303,-46.837010
1785631501600,51.2,0.00,0.00,0.00,0.0,17,-23.604298,-46.836994
1785631501700,51.2,0.00,0.00,0.00,0.0,17,-23.604293,-46.836980
1785631501700,51.2,0.00,0.00,0.00,0.0,17,-23.604293,-46.836980
1785631501900,51.2,0.00,0.00,0.00,0.0,17,-23.604283,-46.836953
1785631502000,51.5,0.00,0.00,0.00,0.0,17,-23.604274,-46.836940
1785631502100,51.8,0.00,0.00,0.00,0.0,17,-23.604265,-46.836928
1785631502300,51.9,0.00,0.00,0.00,0.0,17,-23.604250,-46.836903
1785631502400,51.6,0.00,0.00,0.00,0.0,17,-23.604241,-46.836892
1785631502500,51.4,0.00,0.00,0.00,0.0,17,-23.604230,-46.836881
1785631502600,51.5,0.00,0.00,0.00,0.0,17,-23.604221,-46.836870
1785631502800,50.7,0.00,0.00,0.00,0.0,17,-23.604203,-46.836849
1785631502900,51.2,0.00,0.00,0.00,0.0,17,-23.604190,-46.836841
1785631503000,50.2,0.00,0.00,0.00,0.0,17,-23.604178,-46.836832
1785631503100,50.2,0.00,0.00,0.00,0.0,17,-23.604170,-46.836821
1785631503300,49.9,0.00,0.00,0.00,0.0,17,-23.604153,-46.836800
1785631503400,49.9,0.00,0.00,0.00,0.0,17,-23.604144,-46.836789
1785631503600,49.8,0.00,0.00,0.00,0.0,17,-23.604128,-46.836768
1785631503700,49.5,0.00,0.00,0.00,0.0,17,-23.604120,-46.836756
1785631503900,48.5,0.00,0.00,0.00,0.0,17,-23.604106,-46.836735
1785631504000,48.5,0.00,0.00,0.00,0.0,17,-23.604100,-46.836724
1785631504000,47.9,0.00,0.00,0.00,0.0,17,-23.604100,-46.836724
1785631504100,47.3,0.00,0.00,0.00,0.0,17,-23.604095,-46.836713
1785631504300,46.8,0.00,0.00,0.00,0.0,17,-23.604084,-46.836691
1785631504400,46.8,0.00,0.00,0.00,0.0,17,-23.604081,-46.836680
1785631504400,46.8,0.00,0.00,0.00,0.0,17,-23.604081,-46.836680
1785631504400,45.7,0.00,0.00,0.00,0.0,17,-23.604081,-46.836680
1785631504600,44.2,0.00,0.00,0.00,0.0,17,-23.604073,-46.836659
1785631504700,42.9,0.00,0.00,0.00,0.0,17,-23.604072,-46.836648
1785631504900,41.7,0.00,0.00,0.00,0.0,17,-23.604069,-46.836626
1785631505000,40.5,0.00,0.00,0.00,0.0,17,-23.604071,-46.836615
1785631505200,39.4,0.00,0.00,0.00,0.0,17,-23.604074,-46.836593
1785631505300,39.4,0.00,0.00,0.00,0.0,17,-23.604081,-46.836582
1785631505300,38.6,0.00,0.00,0.00,0.0,17,-23.604081,-46.836582
1785631505500,38.3,0.00,0.00,0.00,0.0,17,-23.604091,-46.836560
1785631505600,38.7,0.00,0.00,0.00,0.0,17,-23.604103,-46.836549
1785631505700,39.1,0.00,0.00,0.00,0.0,17,-23.604121,-46.836540
1785631505900,39.2,0.00,0.00,0.00,0.0,17,-23.604141,-46.836523
1785631506000,40.0,0.00,0.00,0.00,0.0,17,-23.604159,-46.836516
1785631506100,41.6,0.00,0.00,0.00,0.0,17,-23.604180,-46.836511
1785631506300,41.6,0.00,0.00,0.00,0.0,17,-23.604212,-46.836500
1785631506300,43.9,0.00,0.00,0.00,0.0,17,-23.604212,-46.836500
1785631506400,46.2,0.00,0.00,0.00,0.0,17,-23.604237,-46.836498
1785631506500,48.3,0.00,0.00,0.00,0.0,17,-23.604261,-46.836498
1785631506700,48.3,0.00,0.00,0.00,0.0,17,-23.604298,-46.836494
1785631506700,52.2,0.00,0.00,0.00,0.0,17,-23.604298,-46.836494
1785631506800,53.9,0.00,0.00,0.00,0.0,17,-23.604318,-46.836492
1785631506900,54.0,0.00,0.00,0.00,0.0,17,-23.604333,-46.836486
1785631507000,54.0,0.00,0.00,0.00,0.0,17,-23.604349,-46.836481
1785631507200,54.0,0.00,0.00,0.00,0.0,17,-23.604377,-46.836471
1785631507200,54.9,0.00,0.00,0.00,0.0,17,-23.604377,-46.836471
1785631507300,55.0,0.00,0.00,0.00,0.0,17,-23.604392,-46.836466
1785631507400,55.2,0.00,0.00,0.00,0.0,17,-23.604407,-46.836460
1785631507600,55.6,0.00,0.00,0.00,0.0,17,-23.604435,-46.836450
1785631507700,55.6,0.00,0.00,0.00,0.0,17,-23.604450,-46.836444
1785631507700,55.7,0.00,0.00,0.00,0.0,17,-23.604450,-46.836444
1785631507800,55.9,0.00,0.00,0.00,0.0,17,-23.604465,-46.836439
1785631508000,56.9,0.00,0.00,0.00,0.0,17,-23.604494,-46.836429
1785631508100,57.3,0.00,0.00,0.00,0.0,17,-23.604508,-46.836423
1785631508200,57.8,0.00,0.00,0.00,0.0,17,-23.604523,-46.836417
1785631508400,57.8,0.00,0.00,0.00,0.0,17,-23.604552,-46.836407
1785631508400,58.7,0.00,0.00,0.00,0.0,17,-23.604552,-46.836407
1785631508500,59.5,0.00,0.00,0.00,0.0,17,-23.604568,-46.836401
1785631508700,60.3,0.00,0.00,0.00,0.0,17,-23.604597,-46.836391
1785631508800,60.3,0.00,0.00,0.00,0.0,17,-23.604613,-46.836385
1785631508800,61.1,0.00,0.00,0.00,0.0,17,-23.604613,-46.836385
1785631509000,62.8,0.00,0.00,0.00,0.0,17,-23.604644,-46.836374
1785631509200,62.8,0.00,0.00,0.00,0.0,17,-23.604676,-46.836363
1785631509200,64.2,0.00,0.00,0.00,0.0,17,-23.604676,-46.836363
1785631509400,65.4,0.00,0.00,0.00,0.0,17,-23.604708,-46.836351
1785631509600,65.9,0.00,0.00,0.00,0.0,17,-23.604740,-46.836340
1785631509800,67.1,0.00,0.00,0.00,0.0,17,-23.604773,-46.836328
1785631509900,67.3,0.00,0.00,0.00,0.0,16,-23.604790,-46.836322
1785631510100,68.3,0.00,0.00,0.00,0.0,16,-23.604823,-46.836310
1785631510200,68.3,0.00,0.00,0.00,0.0,16,-23.604841,-46.836304
1785631510200,69.3,0.00,0.00,0.00,0.0,16,-23.604841,-46.836304
1785631510400,69.9,0.00,0.00,0.00,0.0,16,-23.604875,-46.836292
1785631510500,69.9,0.00,0.00,0.00,0.0,16,-23.604892,-46.836286
1785631510500,70.2,0.00,0.00,0.00,0.0,16,-23.604892,-46.836286
1785631510600,70.3,0.00,0.00,0.00,0.0,16,-23.604910,-46.836281
1785631510800,70.5,0.00,0.00,0.00,0.0,16,-23.604944,-46.836270
1785631510900,70.8,0.00,0.00,0.00,0.0,16,-23.604962,-46.836264
1785631511000,71.4,0.00,0.00,0.00,0.0,16,-23.604980,-46.836259
1785631511100,71.7,0.00,0.00,0.00,0.0,16,-23.604998,-46.836254
1785631511200,72.1,0.00,0.00,0.00,0.0,16,-23.605016,-46.836249
1785631511300,72.7,0.00,0.00,0.00,0.0,16,-23.605034,-46.836244
1785631511400,73.0,0.00,0.00,0.00,0.0,16,-23.605052,-46.836238
1785631511500,73.2,0.00,0.00,0.00,0.0,16,-23.605071,-46.836233
1785631511800,74.0,0.00,0.00,0.00,0.0,16,-23.605125,-46.836216
1785631511800,74.0,0.00,0.00,0.00,0.0,16,-23.605125,-46.836216
1785631511800,74.1,0.00,0.00,0.00,0.0,16,-23.605125,-46.836216
1785631511900,74.5,0.00,0.00,0.00,0.0,16,-23.605143,-46.836210
1785631512000,74.5,0.00,0.00,0.00,0.0,16,-23.605162,-46.836204
1785631512100,74.7,0.00,0.00,0.00,0.0,16,-23.605180,-46.836199
1785631512200,74.8,0.00,0.00,0.00,0.0,15,-23.605199,-46.836193
1785631512300,74.9,0.00,0.00,0.00,0.0,15,-23.605217,-46.836186
1785631512500,75.5,0.00,0.00,0.00,0.0,15,-23.605254,-46.836174
1785631512700,76.3,0.00,0.00,0.00,0.0,15,-23.605291,-46.836161
1785631512800,76.4,0.00,0.00,0.00,0.0,15,-23.605310,-46.836155
1785631512900,76.7,0.00,0.00,0.00,0.0,15,-23.605329,-46.836148
1785631513000,76.8,0.00,0.00,0.00,0.0,15,-23.605348,-46.836142
1785631513200,77.1,0.00,0.00,0.00,0.0,15,-23.605385,-46.836129
1785631513300,77.1,0.00,0.00,0.00,0.0,15,-23.605404,-46.836122
1785631513300,77.0,0.00,0.00,0.00,0.0,15,-23.605404,-46.836122
1785631513400,77.0,0.00,0.00,0.00,0.0,15,-23.605423,-46.836116
1785631513500,76.9,0.00,0.00,0.00,0.0,15,-23.605441,-46.836109
1785631513700,76.6,0.00,0.00,0.00,0.0,15,-23.605478,-46.836096
1785631513800,76.3,0.00,0.00,0.00,0.0,15,-23.605496,-46.836089
1785631514000,75.8,0.00,0.00,0.00,0.0,15,-23.605532,-46.836076
1785631514100,75.2,0.00,0.00,0.00,0.0,15,-23.605550,-46.836070
1785631514200,74.6,0.00,0.00,0.00,0.0,15,-23.605568,-46.836064
1785631514400,73.3,0.00,0.00,0.00,0.0,15,-23.605602,-46.836053
1785631514500,72.5,0.00,0.00,0.00,0.0,15,-23.605619,-46.836047
1785631514700,72.5,0.00,0.00,0.00,0.0,15,-23.605653,-46.836037
1785631514700,71.7,0.00,0.00,0.00,0.0,15,-23.605653,-46.836037
1785631514800,71.7,0.00,0.00,0.00,0.0,15,-23.605669,-46.836032
1785631514800,71.0,0.00,0.00,0.00,0.0,15,-23.605669,-46.836032
1785631514900,70.3,0.00,0.00,0.00,0.0,15,-23.605685,-46.836028
1785631515100,69.6,0.00,0.00,0.00,0.0,15,-23.605718,-46.836018
1785631515200,68.9,0.00,0.00,0.00,0.0,15,-23.605733,-46.836014
1785631515300,68.4,0.00,0.00,0.00,0.0,15,-23.605749,-46.836011
1785631515400,67.9,0.00,0.00,0.00,0.0,15,-23.605764,-46.836008
1785631515600,67.7,0.00,0.00,0.00,0.0,15,-23.605797,-46.836001
1785631515700,67.4,0.00,0.00,0.00,0.0,15,-23.605813,-46.835999
1785631515800,66.8,0.00,0.00,0.00,0.0,15,-23.605828,-46.835997
1785631515900,66.2,0.00,0.00,0.00,0.0,15,-23.605843,-46.835996
1785631516000,65.7,0.00,0.00,0.00,0.0,15,-23.605859,-46.835995
1785631516200,65.3,0.00,0.00,0.00,0.0,15,-23.605890,-46.835991
1785631516400,64.6,0.00,0.00,0.00,0.0,15,-23.605919,-46.835991
1785631516400,63.9,0.00,0.00,0.00,0.0,15,-23.605919,-46.835991
1785631516500,63.0,0.00,0.00,0.00,0.0,15,-23.605932,-46.835993
1785631516600,62.0,0.00,0.00,0.00,0.0,15,-23.605945,-46.835994
1785631516700,60.9,0.00,0.00,0.00,0.0,15,-23.605958,-46.835996
1785631516900,59.4,0.00,0.00,0.00,0.0,15,-23.605985,-46.835997
1785631517000,58.1,0.00,0.00,0.00,0.0,15,-23.605996,-46.835999
1785631517100,56.7,0.00,0.00,0.00,0.0,15,-23.606006,-46.836004
1785631517200,54.5,0.00,0.00,0.00,0.0,15,-23.606014,-46.836009
1785631517300,52.7,0.00,0.00,0.00,0.0,15,-23.606023,-46.836014
1785631517500,51.4,0.00,0.00,0.00,0.0,15,-23.606043,-46.836020
1785631517600,50.2,0.00,0.00,0.00,0.0,15,-23.606050,-46.836027
1785631517700,49.2,0.00,0.00,0.00,0.0,15,-23.606057,-46.836035
1785631517800,47.2,0.00,0.00,0.00,0.0,15,-23.606060,-46.836046
1785631517900,45.8,0.00,0.00,0.00,0.0,15,-23.606064,-46.836058
1785631518100,45.0,0.00,0.00,0.00,0.0,15,-23.606078,-46.836073
1785631518200,43.9,0.00,0.00,0.00,0.0,15,-23.606079,-46.836086
1785631518300,43.2,0.00,0.00,0.00,0.0,16,-23.606080,-46.836102
1785631518400,43.2,0.00,0.00,0.00,0.0,16,-23.606080,-46.836118
1785631518600,43.4,0.00,0.00,0.00,0.0,16,-23.606088,-46.836143
1785631518700,45.3,0.00,0.00,0.00,0.0,16,-23.606080,-46.836174
1785631518800,47.7,0.00,0.00,0.00,0.0,16,-23.606071,-46.836205
1785631518900,50.3,0.00,0.00,0.00,0.0,16,-23.606062,-46.836239
1785631519100,53.4,0.00,0.00,0.00,0.0,16,-23.606066,-46.836277
1785631519200,54.9,0.00,0.00,0.00,0.0,16,-23.606068,-46.836297
1785631519300,55.7,0.00,0.00,0.00,0.0,16,-23.606072,-46.836316
1785631519500,55.7,0.00,0.00,0.00,0.0,16,-23.606082,-46.836349
1785631519500,57.2,0.00,0.00,0.00,0.0,16,-23.606082,-46.836349
1785631519600,58.4,0.00,0.00,0.00,0.0,16,-23.606086,-46.836368
1785631519700,59.2,0.00,0.00,0.00,0.0,16,-23.606088,-46.836389
1785631519900,59.4,0.00,0.00,0.00,0.0,16,-23.606099,-46.836422
1785631520000,59.7,0.00,0.00,0.00,0.0,16,-23.606102,-46.836441
1785631520200,59.6,0.00,0.00,0.00,0.0,16,-23.606112,-46.836474
1785631520300,59.5,0.00,0.00,0.00,0.0,16,-23.606113,-46.836495
1785631520400,59.4,0.00,0.00,0.00,0.0,16,-23.606115,-46.836515
1785631520600,59.4,0.00,0.00,0.00,0.0,16,-23.606123,-46.836548
1785631520600,58.9,0.00,0.00,0.00,0.0,16,-23.606123,-46.836548
1785631520700,58.4,0.00,0.00,0.00,0.0,16,-23.606123,-46.836568
1785631520800,58.0,0.00,0.00,0.00,0.0,16,-23.606124,-46.836587
1785631521000,57.6,0.00,0.00,0.00,0.0,16,-23.606129,-46.836621
1785631521100,57.3,0.00,0.00,0.00,0.0,16,-23.606126,-46.836642
1785631521200,56.9,0.00,0.00,0.00,0.0,16,-23.606123,-46.836662
1785631521300,56.4,0.00,0.00,0.00,0.0,16,-23.606120,-46.836681
1785631521400,55.8,0.00,0.00,0.00,0.0,16,-23.606117,-46.836700
1785631521600,55.6,0.00,0.00,0.00,0.0,17,-23.606114,-46.836736
1785631521700,55.2,0.00,0.00,0.00,0.0,17,-23.606108,-46.836756
1785631521800,54.9,0.00,0.00,0.00,0.0,17,-23.606101,-46.836775
1785631521900,55.0,0.00,0.00,0.00,0.0,17,-23.606089,-46.836797
1785631522100,55.0,0.00,0.00,0.00,0.0,17,-23.606079,-46.836832
1785631522100,54.9,0.00,0.00,0.00,0.0,17,-23.606079,-46.836832
1785631522200,55.1,0.00,0.00,0.00,0.0,17,-23.606066,-46.836851
1785631522300,55.5,0.00,0.00,0.00,0.0,17,-23.606052,-46.836870
1785631522400,56.5,0.00,0.00,0.00,0.0,17,-23.606032,-46.836890
1785631522600,56.4,0.00,0.00,0.00,0.0,17,-23.606007,-46.836920
1785631522700,56.9,0.00,0.00,0.00,0.0,17,-23.605982,-46.836936
1785631522800,58.3,0.00,0.00,0.00,0.0,17,-23.605956,-46.836950
1785631522900,60.2,0.00,0.00,0.00,0.0,17,-23.605918,-46.836963
1785631523100,60.2,0.00,0.00,0.00,0.0,17,-23.605877,-46.836987
1785631523100,62.5,0.00,0.00,0.00,0.0,17,-23.605877,-46.836987
1785631523200,62.5,0.00,0.00,0.00,0.0,17,-23.605847,-46.836998
1785631523300,62.3,0.00,0.00,0.00,0.0,17,-23.605819,-46.837007
1785631523400,62.3,0.00,0.00,0.00,0.0,17,-23.605787,-46.837014
1785631523400,62.8,0.00,0.00,0.00,0.0,17,-23.605787,-46.837014
1785631523600,63.3,0.00,0.00,0.00,0.0,17,-23.605742,-46.837029
1785631523700,63.7,0.00,0.00,0.00,0.0,17,-23.605712,-46.837037
1785631523800,64.4,0.00,0.00,0.00,0.0,17,-23.605680,-46.837040
1785631523900,65.7,0.00,0.00,0.00,0.0,17,-23.605649,-46.837051
1785631524100,65.7,0.00,0.00,0.00,0.0,17,-23.605593,-46.837082
1785631524100,65.7,0.00,0.00,0.00,0.0,17,-23.605593,-46.837082
1785631524100,65.7,0.00,0.00,0.00,0.0,17,-23.605593,-46.837082
1785631524200,65.7,0.00,0.00,0.00,0.0,17,-23.605566,-46.837097
1785631524400,65.7,0.00,0.00,0.00,0.0,17,-23.605525,-46.837116
1785631524500,65.9,0.00,0.00,0.00,0.0,17,-23.605500,-46.837130
1785631524600,65.6,0.00,0.00,0.00,0.0,17,-23.605477,-46.837142
1785631524700,65.7,0.00,0.00,0.00,0.0,17,-23.605455,-46.837155
1785631524900,65.7,0.00,0.00,0.00,0.0,17,-23.605418,-46.837170
1785631525000,65.9,0.00,0.00,0.00,0.0,17,-23.605399,-46.837178
1785631525200,65.6,0.00,0.00,0.00,0.0,17,-23.605365,-46.837189
1785631525400,65.3,0.00,0.00,0.00,0.0,17,-23.605331,-46.837198
1785631525500,64.9,0.00,0.00,0.00,0.0,17,-23.605314,-46.837202
1785631525700,64.7,0.00,0.00,0.00,0.0,17,-23.605280,-46.837209
1785631525900,64.5,0.00,0.00,0.00,0.0,17,-23.605247,-46.837214
1785631526100,64.2,0.00,0.00,0.00,0.0,17,-23.605214,-46.837217
1785631526300,64.4,0.00,0.00,0.00,0.0,17,-23.605180,-46.837220
1785631526500,64.7,0.00,0.00,0.00,0.0,17,-23.605147,-46.837221
1785631526600,65.2,0.00,0.00,0.00,0.0,17,-23.605129,-46.837219
1785631526800,65.2,0.00,0.00,0.00,0.0,17,-23.605095,-46.837216
1785631526800,65.7,0.00,0.00,0.00,0.0,17,-23.605095,-46.837216
1785631526900,66.2,0.00,0.00,0.00,0.0,17,-23.605077,-46.837212
1785631527100,67.0,0.00,0.00,0.00,0.0,17,-23.605042,-46.837204
1785631527200,67.6,0.00,0.00,0.00,0.0,17,-23.605024,-46.837197
1785631527300,68.3,0.00,0.00,0.00,0.0,17,-23.605006,-46.837190
1785631527500,68.4,0.00,0.00,0.00,0.0,17,-23.604972,-46.837178
1785631527600,68.4,0.00,0.00,0.00,0.0,17,-23.604955,-46.837171
1785631527600,67.8,0.00,0.00,0.00,0.0,17,-23.604955,-46.837171
1785631527800,67.4,0.00,0.00,0.00,0.0,17,-23.604924,-46.837157
1785631527900,66.7,0.00,0.00,0.00,0.0,17,-23.604910,-46.837147
1785631528100,66.2,0.00,0.00,0.00,0.0,17,-23.604881,-46.837130
1785631528200,66.2,0.00,0.00,0.00,0.0,17,-23.604868,-46.837117
1785631528200,66.1,0.00,0.00,0.00,0.0,17,-23.604868,-46.837117
1785631528300,65.1,0.00,0.00,0.00,0.0,17,-23.604856,-46.837104
1785631528500,64.2,0.00,0.00,0.00,0.0,17,-23.604829,-46.837083
1785631528600,63.3,0.00,0.00,0.00,0.0,17,-23.604819,-46.837068
1785631528700,63.0,0.00,0.00,0.00,0.0,17,-23.604808,-46.837055
1785631528900,62.7,0.00,0.00,0.00,0.0,17,-23.604784,-46.837032
1785631529000,62.3,0.00,0.00,0.00,0.0,17,-23.604774,-46.837018
1785631529200,62.3,0.00,0.00,0.00,0.0,17,-23.604752,-46.836995
1785631529200,61.4,0.00,0.00,0.00,0.0,17,-23.604752,-46.836995
1785631529300,60.4,0.00,0.00,0.00,0.0,17,-23.604743,-46.836982
1785631529400,59.5,0.00,0.00,0.00,0.0,17,-23.604734,-46.836968
1785631529600,59.5,0.00,0.00,0.00,0.0,17,-23.604715,-46.836945
1785631529600,58.2,0.00,0.00,0.00,0.0,17,-23.604715,-46.836945
1785631529700,57.0,0.00,0.00,0.00,0.0,17,-23.604709,-46.836931
1785631529900,55.2,0.00,0.00,0.00,0.0,17,-23.604693,-46.836908
1785631530000,55.2,0.00,0.00,0.00,0.0,17,-23.604688,-46.836896
1785631530000,53.4,0.00,0.00,0.00,0.0,17,-23.604688,-46.836896
1785631530100,51.9,0.00,0.00,0.00,0.0,17,-23.604685,-46.836883
1785631530300,50.2,0.00,0.00,0.00,0.0,17,-23.604675,-46.836860
1785631530400,48.5,0.00,0.00,0.00,0.0,17,-23.604674,-46.836847
1785631530500,46.9,0.00,0.00,0.00,0.0,17,-23.604675,-46.836835
1785631530700,45.3,0.00,0.00,0.00,0.0,17,-23.604675,-46.836811
1785631530800,45.3,0.00,0.00,0.00,0.0,17,-23.604680,-46.836800
1785631530800,43.3,0.00,0.00,0.00,0.0,17,-23.604680,-46.836800
1785631530900,41.4,0.00,0.00,0.00,0.0,17,-23.604686,-46.836790
1785631531100,41.4,0.00,0.00,0.00,0.0,17,-23.604694,-46.836771
1785631531100,39.3,0.00,0.00,0.00,0.0,17,-23.604694,-46.836771
1785631531200,36.3,0.00,0.00,0.00,0.0,17,-23.604706,-46.836765
1785631531400,34.2,0.00,0.00,0.00,0.0,17,-23.604717,-46.836750
1785631531500,32.5,0.00,0.00,0.00,0.0,17,-23.604729,-46.836745
1785631531600,30.9,0.00,0.00,0.00,0.0,17,-23.604742,-46.836742
1785631531800,30.9,0.00,0.00,0.00,0.0,17,-23.604757,-46.836733
1785631531800,29.1,0.00,0.00,0.00,0.0,17,-23.604757,-46.836733
1785631531900,27.6,0.00,0.00,0.00,0.0,17,-23.604770,-46.836733
1785631532000,26.5,0.00,0.00,0.00,0.0,17,-23.604783,-46.836734
1785631532200,25.4,0.00,0.00,0.00,0.0,17,-23.604800,-46.836731
1785631532300,24.6,0.00,0.00,0.00,0.0,17,-23.604813,-46.836734
1785631532500,23.7,0.00,0.00,0.00,0.0,17,-23.604830,-46.836736
1785631532600,23.7,0.00,0.00,0.00,0.0,17,-23.604843,-46.836743
1785631532600,23.4,0.00,0.00,0.00,0.0,17,-23.604843,-46.836743
1785631532700,23.4,0.00,0.00,0.00,0.0,17,-23.604855,-46.836752
1785631532900,23.7,0.00,0.00,0.00,0.0,17,-23.604873,-46.836764
1785631533000,23.7,0.00,0.00,0.00,0.0,17,-23.604886,-46.836781
1785631533000,25.3,0.00,0.00,0.00,0.0,17,-23.604886,-46.836781
1785631533200,31.5,0.00,0.00,0.00,0.0,17,-23.604912,-46.836806
1785631533300,40.5,0.00,0.00,0.00,0.0,17,-23.604939,-46.836837
1785631533500,40.5,0.00,0.00,0.00,0.0,17,-23.604964,-46.836858
1785631533500,43.2,0.00,0.00,0.00,0.0,17,-23.604964,-46.836858
1785631533600,43.3,0.00,0.00,0.00,0.0,17,-23.604977,-46.836869
1785631533800,43.2,0.00,0.00,0.00,0.0,17,-23.605000,-46.836886
1785631533900,43.1,0.00,0.00,0.00,0.0,17,-23.605013,-46.836895
1785631534100,42.6,0.00,0.00,0.00,0.0,17,-23.605035,-46.836909
1785631534200,42.4,0.00,0.00,0.00,0.0,17,-23.605049,-46.836918
1785631534400,42.4,0.00,0.00,0.00,0.0,17,-23.605072,-46.836927
1785631534600,41.8,0.00,0.00,0.00,0.0,17,-23.605093,-46.836933
1785631534700,41.8,0.00,0.00,0.00,0.0,17,-23.605104,-46.836934
1785631534700,41.3,0.00,0.00,0.00,0.0,17,-23.605104,-46.836934
1785631534900,40.4,0.00,0.00,0.00,0.0,17,-23.605124,-46.836935
1785631535000,40.4,0.00,0.00,0.00,0.0,17,-23.605133,-46.836931
1785631535000,39.6,0.00,0.00,0.00,0.0,17,-23.605133,-46.836931
1785631535200,39.2,0.00,0.00,0.00,0.0,17,-23.605153,-46.836926
1785631535400,40.1,0.00,0.00,0.00,0.0,17,-23.605174,-46.836916
1785631535500,40.1,0.00,0.00,0.00,0.0,17,-23.605185,-46.836903
1785631535500,40.9,0.00,0.00,0.00,0.0,17,-23.605185,-46.836903
1785631535700,40.9,0.00,0.00,0.00,0.0,17,-23.605202,-46.836885
1785631535900,41.5,0.00,0.00,0.00,0.0,17,-23.605216,-46.836861
1785631536000,40.7,0.00,0.00,0.00,0.0,17,-23.605214,-46.836839
1785631536200,40.7,0.00,0.00,0.00,0.0,17,-23.605220,-46.836809
1785631536200,41.5,0.00,0.00,0.00,0.0,17,-23.605220,-46.836809
1785631536400,49.5,0.00,0.00,0.00,0.0,17,-23.605217,-46.836762
1785631536500,50.5,0.00,0.00,0.00,0.0,17,-23.605215,-46.836740
1785631536700,50.4,0.00,0.00,0.00,0.0,17,-23.605224,-46.836710
1785631536900,50.7,0.00,0.00,0.00,0.0,17,-23.605233,-46.836680
1785631537100,50.4,0.00,0.00,0.00,0.0,16,-23.605243,-46.836651
1785631537200,50.2,0.00,0.00,0.00,0.0,16,-23.605249,-46.836634
1785631537400,49.9,0.00,0.00,0.00,0.0,16,-23.605263,-46.836609
1785631537600,48.9,0.00,0.00,0.00,0.0,16,-23.605278,-46.836586
1785631537700,47.7,0.00,0.00,0.00,0.0,16,-23.605286,-46.836576
1785631537800,46.5,0.00,0.00,0.00,0.0,16,-23.605294,-46.836567
1785631538000,45.4,0.00,0.00,0.00,0.0,16,-23.605308,-46.836548
1785631538100,44.1,0.00,0.00,0.00,0.0,16,-23.605317,-46.836540
1785631538300,42.7,0.00,0.00,0.00,0.0,16,-23.605331,-46.836524
1785631538400,42.7,0.00,0.00,0.00,0.0,16,-23.605339,-46.836519
1785631538400,41.3,0.00,0.00,0.00,0.0,16,-23.605339,-46.836519
1785631538500,39.9,0.00,0.00,0.00,0.0,16,-23.605347,-46.836514
1785631538700,37.9,0.00,0.00,0.00,0.0,16,-23.605361,-46.836505
1785631538800,35.6,0.00,0.00,0.00,0.0,16,-23.605368,-46.836504
1785631539000,33.0,0.00,0.00,0.00,0.0,16,-23.605382,-46.836499
1785631539100,30.4,0.00,0.00,0.00,0.0,16,-23.605389,-46.836503
1785631539300,27.8,0.00,0.00,0.00,0.0,16,-23.605402,-46.836504
1785631539400,27.8,0.00,0.00,0.00,0.0,16,-23.605409,-46.836514
1785631539400,25.4,0.00,0.00,0.00,0.0,16,-23.605409,-46.836514
1785631539600,23.9,0.00,0.00,0.00,0.0,16,-23.605422,-46.836524
1785631539700,23.7,0.00,0.00,0.00,0.0,16,-23.605429,-46.836540
1785631539800,24.9,0.00,0.00,0.00,0.0,16,-23.605438,-46.836562
1785631540000,28.3,0.00,0.00,0.00,0.0,16,-23.605451,-46.836593
1785631540100,32.7,0.00,0.00,0.00,0.0,16,-23.605456,-46.836624
1785631540200,32.7,0.00,0.00,0.00,0.0,16,-23.605463,-46.836672
1785631540200,42.7,0.00,0.00,0.00,0.0,16,-23.605463,-46.836672
1785631540400,46.0,0.00,0.00,0.00,0.0,16,-23.605490,-46.836700
1785631540500,46.6,0.00,0.00,0.00,0.0,16,-23.605500,-46.836717
1785631540700,46.5,0.00,0.00,0.00,0.0,16,-23.605516,-46.836744
1785631540900,46.4,0.00,0.00,0.00,0.0,16,-23.605531,-46.836770
1785631541100,45.7,0.00,0.00,0.00,0.0,16,-23.605547,-46.836796
1785631541300,45.7,0.00,0.00,0.00,0.0,16,-23.605563,-46.836820
1785631541300,44.9,0.00,0.00,0.00,0.0,16,-23.605563,-46.836820
1785631541500,44.0,0.00,0.00,0.00,0.0,16,-23.605582,-46.836844
1785631541800,42.7,0.00,0.00,0.00,0.0,17,-23.605609,-46.836869
1785631541900,41.6,0.00,0.00,0.00,0.0,17,-23.605622,-46.836874
1785631542100,40.0,0.00,0.00,0.00,0.0,17,-23.605641,-46.836882
1785631542300,38.1,0.00,0.00,0.00,0.0,17,-23.605660,-46.836887
1785631542400,37.0,0.00,0.00,0.00,0.0,17,-23.605671,-46.836883
1785631542600,37.0,0.00,0.00,0.00,0.0,17,-23.605691,-46.836878
1785631542600,36.2,0.00,0.00,0.00,0.0,17,-23.605691,-46.836878
1785631542700,36.3,0.00,0.00,0.00,0.0,17,-23.605703,-46.836867
1785631542800,37.2,0.00,0.00,0.00,0.0,17,-23.605715,-46.836855
1785631543000,38.0,0.00,0.00,0.00,0.0,17,-23.605736,-46.836839
1785631543100,37.5,0.00,0.00,0.00,0.0,17,-23.605744,-46.836826
1785631543300,36.1,0.00,0.00,0.00,0.0,17,-23.605757,-46.836809
1785631543400,35.3,0.00,0.00,0.00,0.0,17,-23.605760,-46.836793
1785631543600,34.4,0.00,0.00,0.00,0.0,17,-23.605769,-46.836773
1785631543800,33.9,0.00,0.00,0.00,0.0,17,-23.605774,-46.836750
1785631543900,33.9,0.00,0.00,0.00,0.0,17,-23.605772,-46.836733
1785631543900,33.4,0.00,0.00,0.00,0.0,17,-23.605772,-46.836733
1785631544100,33.3,0.00,0.00,0.00,0.0,17,-23.605770,-46.836706
1785631544300,33.3,0.00,0.00,0.00,0.0,17,-23.605763,-46.836677
1785631544300,33.5,0.00,0.00,0.00,0.0,17,-23.605763,-46.836677
1785631544500,33.5,0.00,0.00,0.00,0.0,17,-23.605753,-46.836645
1785631544500,35.7,0.00,0.00,0.00,0.0,17,-23.605753,-46.836645
1785631544700,40.6,0.00,0.00,0.00,0.0,17,-23.605735,-46.836607
1785631544900,45.2,0.00,0.00,0.00,0.0,17,-23.605718,-46.836568
1785631545100,48.3,0.00,0.00,0.00,0.0,17,-23.605703,-46.836533
1785631545200,50.1,0.00,0.00,0.00,0.0,17,-23.605691,-46.836511
1785631545400,50.1,0.00,0.00,0.00,0.0,17,-23.605680,-46.836480
1785631545400,50.2,0.00,0.00,0.00,0.0,17,-23.605680,-46.836480
1785631545600,49.9,0.00,0.00,0.00,0.0,17,-23.605670,-46.836450
1785631545800,49.9,0.00,0.00,0.00,0.0,17,-23.605658,-46.836422
1785631545800,50.2,0.00,0.00,0.00,0.0,17,-23.605658,-46.836422
1785631546000,50.1,0.00,0.00,0.00,0.0,17,-23.605646,-46.836396
1785631546200,49.7,0.00,0.00,0.00,0.0,17,-23.605632,-46.836372
1785631546400,49.5,0.00,0.00,0.00,0.0,17,-23.605617,-46.836349
1785631546500,49.2,0.00,0.00,0.00,0.0,17,-23.605608,-46.836338
1785631546700,49.0,0.00,0.00,0.00,0.0,17,-23.605593,-46.836317
1785631547000,48.2,0.00,0.00,0.00,0.0,16,-23.605570,-46.836286
1785631547200,47.4,0.00,0.00,0.00,0.0,16,-23.605552,-46.836269
1785631547500,45.0,0.00,0.00,0.00,0.0,16,-23.605527,-46.836244
1785631547700,42.9,0.00,0.00,0.00,0.0,16,-23.605509,-46.836231
1785631547800,41.5,0.00,0.00,0.00,0.0,16,-23.605497,-46.836230
1785631548000,40.3,0.00,0.00,0.00,0.0,16,-23.605475,-46.836224
1785631548200,39.0,0.00,0.00,0.00,0.0,16,-23.605453,-46.836222
1785631548400,38.0,0.00,0.00,0.00,0.0,16,-23.605429,-46.836224
1785631548500,38.6,0.00,0.00,0.00,0.0,16,-23.605411,-46.836233
1785631548700,40.3,0.00,0.00,0.00,0.0,16,-23.605382,-46.836244
1785631548900,43.7,0.00,0.00,0.00,0.0,16,-23.605348,-46.836263
1785631549000,50.1,0.00,0.00,0.00,0.0,16,-23.605318,-46.836290
1785631549200,53.9,0.00,0.00,0.00,0.0,16,-23.605281,-46.836312
1785631549400,53.9,0.00,0.00,0.00,0.0,16,-23.605246,-46.836328
1785631549400,56.7,0.00,0.00,0.00,0.0,16,-23.605246,-46.836328
1785631549600,57.2,0.00,0.00,0.00,0.0,16,-23.605215,-46.836342
1785631549700,57.1,0.00,0.00,0.00,0.0,16,-23.605198,-46.836351
1785631549900,57.4,0.00,0.00,0.00,0.0,16,-23.605167,-46.836364
1785631550100,57.6,0.00,0.00,0.00,0.0,16,-23.605136,-46.836377
1785631550200,57.6,0.00,0.00,0.00,0.0,16,-23.605119,-46.836386
1785631550400,57.8,0.00,0.00,0.00,0.0,16,-23.605087,-46.836399
1785631550600,58.3,0.00,0.00,0.00,0.0,16,-23.605056,-46.836412
1785631550700,58.5,0.00,0.00,0.00,0.0,16,-23.605039,-46.836420
1785631550900,58.7,0.00,0.00,0.00,0.0,16,-23.605009,-46.836432
1785631551100,58.9,0.00,0.00,0.00,0.0,16,-23.604979,-46.836443
1785631551200,59.0,0.00,0.00,0.00,0.0,16,-23.604962,-46.836450
1785631551400,59.3,0.00,0.00,0.00,0.0,16,-23.604933,-46.836461
1785631551500,59.4,0.00,0.00,0.00,0.0,16,-23.604917,-46.836468
1785631551700,59.4,0.00,0.00,0.00,0.0,16,-23.604888,-46.836479
1785631551700,59.5,0.00,0.00,0.00,0.0,16,-23.604888,-46.836479
1785631551800,59.7,0.00,0.00,0.00,0.0,16,-23.604872,-46.836485
1785631551900,59.7,0.00,0.00,0.00,0.0,16,-23.604857,-46.836491
1785631552100,59.8,0.00,0.00,0.00,0.0,16,-23.604828,-46.836501
1785631552200,59.9,0.00,0.00,0.00,0.0,16,-23.604813,-46.836507
1785631552300,60.0,0.00,0.00,0.00,0.0,16,-23.604798,-46.836513
1785631552400,60.1,0.00,0.00,0.00,0.0,16,-23.604783,-46.836518
1785631552600,60.1,0.00,0.00,0.00,0.0,16,-23.604754,-46.836529
1785631552600,60.4,0.00,0.00,0.00,0.0,16,-23.604754,-46.836529
1785631552700,60.6,0.00,0.00,0.00,0.0,16,-23.604740,-46.836535
1785631552800,60.9,0.00,0.00,0.00,0.0,16,-23.604725,-46.836542
1785631553000,61.4,0.00,0.00,0.00,0.0,16,-23.604696,-46.836554
1785631553100,61.9,0.00,0.00,0.00,0.0,16,-23.604681,-46.836561
1785631553200,62.5,0.00,0.00,0.00,0.0,16,-23.604666,-46.836568
1785631553300,62.8,0.00,0.00,0.00,0.0,16,-23.604652,-46.836576
1785631553400,63.0,0.00,0.00,0.00,0.0,16,-23.604637,-46.836584
1785631553600,62.8,0.00,0.00,0.00,0.0,16,-23.604609,-46.836599
1785631553700,62.6,0.00,0.00,0.00,0.0,16,-23.604595,-46.836608
1785631553800,62.5,0.00,0.00,0.00,0.0,16,-23.604582,-46.836617
1785631553900,62.1,0.00,0.00,0.00,0.0,16,-23.604569,-46.836626
1785631554100,61.4,0.00,0.00,0.00,0.0,16,-23.604543,-46.836644
1785631554200,61.4,0.00,0.00,0.00,0.0,16,-23.604531,-46.836653
1785631554200,60.9,0.00,0.00,0.00,0.0,16,-23.604531,-46.836653
1785631554300,60.5,0.00,0.00,0.00,0.0,16,-23.604519,-46.836663
1785631554500,59.9,0.00,0.00,0.00,0.0,16,-23.604495,-46.836682
1785631554600,59.3,0.00,0.00,0.00,0.0,16,-23.604485,-46.836693
1785631554700,58.7,0.00,0.00,0.00,0.0,16,-23.604474,-46.836705
1785631554800,58.0,0.00,0.00,0.00,0.0,16,-23.604465,-46.836717
1785631555000,56.9,0.00,0.00,0.00,0.0,16,-23.604446,-46.836739
1785631555100,56.0,0.00,0.00,0.00,0.0,16,-23.604439,-46.836753
1785631555300,54.9,0.00,0.00,0.00,0.0,16,-23.604422,-46.836776
1785631555400,53.9,0.00,0.00,0.00,0.0,16,-23.604417,-46.836790
1785631555600,52.3,0.00,0.00,0.00,0.0,16,-23.604403,-46.836812
1785631555800,50.5,0.00,0.00,0.00,0.0,16,-23.604392,-46.836836
1785631555900,48.5,0.00,0.00,0.00,0.0,16,-23.604393,-46.836851
1785631556100,47.3,0.00,0.00,0.00,0.0,16,-23.604388,-46.836876
1785631556300,45.9,0.00,0.00,0.00,0.0,16,-23.604385,-46.836903
1785631556500,44.5,0.00,0.00,0.00,0.0,16,-23.604388,-46.836929
1785631556700,42.7,0.00,0.00,0.00,0.0,16,-23.604401,-46.836959
1785631556800,43.2,0.00,0.00,0.00,0.0,16,-23.604418,-46.836978
1785631557000,47.7,0.00,0.00,0.00,0.0,16,-23.604446,-46.837021
1785631557200,63.7,0.00,0.00,0.00,0.0,16,-23.604494,-46.837100
1785631557300,65.6,0.00,0.00,0.00,0.0,16,-23.604507,-46.837126
1785631557500,65.5,0.00,0.00,0.00,0.0,16,-23.604521,-46.837164
1785631557700,65.5,0.00,0.00,0.00,0.0,16,-23.604535,-46.837202
1785631557700,65.2,0.00,0.00,0.00,0.0,16,-23.604535,-46.837202
1785631557800,64.9,0.00,0.00,0.00,0.0,16,-23.604547,-46.837224
1785631558000,64.9,0.00,0.00,0.00,0.0,17,-23.604560,-46.837263
1785631558000,64.6,0.00,0.00,0.00,0.0,17,-23.604560,-46.837263
1785631558200,64.1,0.00,0.00,0.00,0.0,17,-23.604573,-46.837302
1785631558400,64.2,0.00,0.00,0.00,0.0,16,-23.604586,-46.837342
1785631558500,64.3,0.00,0.00,0.00,0.0,16,-23.604598,-46.837365
1785631558700,64.9,0.00,0.00,0.00,0.0,16,-23.604609,-46.837406
1785631558800,64.9,0.00,0.00,0.00,0.0,16,-23.604619,-46.837429
1785631558800,64.8,0.00,0.00,0.00,0.0,16,-23.604619,-46.837429
1785631559000,65.2,0.00,0.00,0.00,0.0,16,-23.604624,-46.837469
1785631559100,65.2,0.00,0.00,0.00,0.0,17,-23.604625,-46.837489
1785631559300,64.5,0.00,0.00,0.00,0.0,17,-23.604622,-46.837522
1785631559500,64.5,0.00,0.00,0.00,0.0,17,-23.604616,-46.837555
1785631559500,63.6,0.00,0.00,0.00,0.0,17,-23.604616,-46.837555
1785631559600,62.4,0.00,0.00,0.00,0.0,17,-23.604609,-46.837568
1785631559800,61.4,0.00,0.00,0.00,0.0,17,-23.604598,-46.837597
1785631559900,59.1,0.00,0.00,0.00,0.0,17,-23.604586,-46.837606
1785631560100,56.5,0.00,0.00,0.00,0.0,17,-23.604568,-46.837627
1785631560200,53.2,0.00,0.00,0.00,0.0,17,-23.604553,-46.837628
1785631560400,49.6,0.00,0.00,0.00,0.0,17,-23.604530,-46.837639
1785631560600,46.4,0.00,0.00,0.00,0.0,17,-23.604504,-46.837644
1785631560800,44.2,0.00,0.00,0.00,0.0,17,-23.604478,-46.837645
1785631560900,42.9,0.00,0.00,0.00,0.0,17,-23.604456,-46.837633
1785631561100,41.8,0.00,0.00,0.00,0.0,17,-23.604423,-46.837619
1785631561300,41.3,0.00,0.00,0.00,0.0,17,-23.604391,-46.837603
1785631561500,42.2,0.00,0.00,0.00,0.0,17,-23.604360,-46.837581
1785631561600,43.1,0.00,0.00,0.00,0.0,17,-23.604340,-46.837558
1785631561800,44.1,0.00,0.00,0.00,0.0,17,-23.604312,-46.837531
1785631561900,41.7,0.00,0.00,0.00,0.0,17,-23.604305,-46.837504
1785631562100,40.0,0.00,0.00,0.00,0.0,17,-23.604290,-46.837475
1785631562300,38.8,0.00,0.00,0.00,0.0,17,-23.604280,-46.837444
1785631562600,38.7,0.00,0.00,0.00,0.0,17,-23.604266,-46.837406
1785631562800,37.8,0.00,0.00,0.00,0.0,17,-23.604265,-46.837376
1785631563000,36.1,0.00,0.00,0.00,0.0,17,-23.604267,-46.837347
1785631563200,36.1,0.00,0.00,0.00,0.0,17,-23.604277,-46.837316
1785631563400,36.1,0.00,0.00,0.00,0.0,16,-23.604294,-46.837281
1785631563400,39.9,0.00,0.00,0.00,0.0,16,-23.604294,-46.837281
1785631563700,49.1,0.00,0.00,0.00,0.0,17,-23.604320,-46.837229
1785631563800,48.6,0.00,0.00,0.00,0.0,17,-23.604329,-46.837211
1785631564000,48.6,0.00,0.00,0.00,0.0,17,-23.604338,-46.837182
1785631564200,48.4,0.00,0.00,0.00,0.0,17,-23.604344,-46.837154
1785631564400,48.5,0.00,0.00,0.00,0.0,17,-23.604349,-46.837127
1785631564600,48.5,0.00,0.00,0.00,0.0,17,-23.604351,-46.837100
1785631564600,48.5,0.00,0.00,0.00,0.0,17,-23.604351,-46.837100
1785631564800,48.7,0.00,0.00,0.00,0.0,17,-23.604352,-46.837073
1785631565000,48.8,0.00,0.00,0.00,0.0,17,-23.604351,-46.837046
1785631565200,48.7,0.00,0.00,0.00,0.0,17,-23.604348,-46.837019
1785631565400,48.7,0.00,0.00,0.00,0.0,17,-23.604344,-46.836992
1785631565400,48.5,0.00,0.00,0.00,0.0,17,-23.604344,-46.836992
1785631565700,49.7,0.00,0.00,0.00,0.0,17,-23.604335,-46.836952
1785631565900,48.9,0.00,0.00,0.00,0.0,17,-23.604323,-46.836928
1785631566200,48.0,0.00,0.00,0.00,0.0,17,-23.604304,-46.836893
1785631566400,48.0,0.00,0.00,0.00,0.0,17,-23.604279,-46.836875
1785631566400,48.3,0.00,0.00,0.00,0.0,17,-23.604279,-46.836875
1785631566600,50.2,0.00,0.00,0.00,0.0,17,-23.604248,-46.836859
1785631566900,50.2,0.00,0.00,0.00,0.0,17,-23.604224,-46.836826
1785631567100,50.3,0.00,0.00,0.00,0.0,17,-23.604207,-46.836804
1785631567300,50.3,0.00,0.00,0.00,0.0,17,-23.604190,-46.836781
1785631567500,50.4,0.00,0.00,0.00,0.0,17,-23.604174,-46.836757
1785631567700,49.8,0.00,0.00,0.00,0.0,17,-23.604159,-46.836734
1785631567900,49.0,0.00,0.00,0.00,0.0,17,-23.604146,-46.836709
1785631568200,49.0,0.00,0.00,0.00,0.0,17,-23.604129,-46.836673
1785631568200,48.1,0.00,0.00,0.00,0.0,17,-23.604129,-46.836673
1785631568400,46.7,0.00,0.00,0.00,0.0,17,-23.604122,-46.836650
1785631568600,46.7,0.00,0.00,0.00,0.0,17,-23.604117,-46.836627
1785631568600,44.6,0.00,0.00,0.00,0.0,17,-23.604117,-46.836627
1785631568800,42.5,0.00,0.00,0.00,0.0,17,-23.604117,-46.836604
1785631569000,40.8,0.00,0.00,0.00,0.0,17,-23.604120,-46.836582
1785631569200,40.8,0.00,0.00,0.00,0.0,17,-23.604130,-46.836559
1785631569200,39.9,0.00,0.00,0.00,0.0,17,-23.604130,-46.836559
1785631569500,39.9,0.00,0.00,0.00,0.0,17,-23.604143,-46.836526
1785631569700,40.7,0.00,0.00,0.00,0.0,17,-23.604163,-46.836504
1785631569900,41.4,0.00,0.00,0.00,0.0,17,-23.604190,-46.836486
1785631570200,41.7,0.00,0.00,0.00,0.0,17,-23.604227,-46.836464
1785631570400,41.7,0.00,0.00,0.00,0.0,17,-23.604261,-46.836450
1785631570400,45.2,0.00,0.00,0.00,0.0,17,-23.604261,-46.836450
1785631570700,50.6,0.00,0.00,0.00,0.0,17,-23.604311,-46.836431
1785631571000,54.1,0.00,0.00,0.00,0.0,17,-23.604359,-46.836414
1785631571200,56.6,0.00,0.00,0.00,0.0,17,-23.604400,-46.836410
1785631571400,57.1,0.00,0.00,0.00,0.0,17,-23.604434,-46.836401
1785631571700,57.1,0.00,0.00,0.00,0.0,17,-23.604481,-46.836386
1785631571700,57.7,0.00,0.00,0.00,0.0,17,-23.604481,-46.836386
1785631571900,58.9,0.00,0.00,0.00,0.0,17,-23.604514,-46.836376
1785631572100,60.5,0.00,0.00,0.00,0.0,17,-23.604548,-46.836366
1785631572300,60.5,0.00,0.00,0.00,0.0,17,-23.604581,-46.836356
1785631572300,61.2,0.00,0.00,0.00,0.0,17,-23.604581,-46.836356
1785631572500,62.3,0.00,0.00,0.00,0.0,17,-23.604615,-46.836346
1785631572700,63.7,0.00,0.00,0.00,0.0,17,-23.604648,-46.836337
1785631572900,64.1,0.00,0.00,0.00,0.0,17,-23.604681,-46.836327
1785631573100,64.5,0.00,0.00,0.00,0.0,15,-23.604715,-46.836317
1785631573300,65.9,0.00,0.00,0.00,0.0,15,-23.604749,-46.836306
1785631573500,67.5,0.00,0.00,0.00,0.0,15,-23.604783,-46.836296
1785631573700,68.2,0.00,0.00,0.00,0.0,15,-23.604818,-46.836285
1785631573900,68.5,0.00,0.00,0.00,0.0,15,-23.604852,-46.836273
1785631574200,68.9,0.00,0.00,0.00,0.0,15,-23.604903,-46.836256
1785631574400,69.8,0.00,0.00,0.00,0.0,15,-23.604937,-46.836244
1785631574600,71.0,0.00,0.00,0.00,0.0,15,-23.604972,-46.836232
1785631574800,72.5,0.00,0.00,0.00,0.0,15,-23.605008,-46.836221
1785631575100,73.5,0.00,0.00,0.00,0.0,15,-23.605062,-46.836202
1785631575300,74.2,0.00,0.00,0.00,0.0,15,-23.605098,-46.836191
1785631575600,74.2,0.00,0.00,0.00,0.0,15,-23.605153,-46.836172
1785631575600,74.9,0.00,0.00,0.00,0.0,15,-23.605153,-46.836172
1785631575800,74.9,0.00,0.00,0.00,0.0,15,-23.605189,-46.836160
1785631575800,75.2,0.00,0.00,0.00,0.0,15,-23.605189,-46.836160
1785631576100,75.2,0.00,0.00,0.00,0.0,15,-23.605244,-46.836141
1785631576100,75.8,0.00,0.00,0.00,0.0,15,-23.605244,-46.836141
1785631576300,76.5,0.00,0.00,0.00,0.0,15,-23.605282,-46.836128
1785631576600,76.5,0.00,0.00,0.00,0.0,15,-23.605337,-46.836108
1785631576600,77.6,0.00,0.00,0.00,0.0,15,-23.605337,-46.836108
1785631576800,77.6,0.00,0.00,0.00,0.0,15,-23.605375,-46.836095
1785631576800,77.6,0.00,0.00,0.00,0.0,15,-23.605375,-46.836095
1785631577100,77.4,0.00,0.00,0.00,0.0,15,-23.605431,-46.836075
1785631577300,76.4,0.00,0.00,0.00,0.0,15,-23.605468,-46.836062
1785631577600,75.7,0.00,0.00,0.00,0.0,16,-23.605522,-46.836044
1785631577800,75.7,0.00,0.00,0.00,0.0,16,-23.605559,-46.836033
1785631577800,74.7,0.00,0.00,0.00,0.0,16,-23.605559,-46.836033
1785631578100,74.7,0.00,0.00,0.00,0.0,16,-23.605612,-46.836016
1785631578100,74.3,0.00,0.00,0.00,0.0,16,-23.605612,-46.836016
1785631578400,73.7,0.00,0.00,0.00,0.0,16,-23.605666,-46.836002
1785631578700,72.2,0.00,0.00,0.00,0.0,16,-23.605717,-46.835991
1785631579000,71.3,0.00,0.00,0.00,0.0,16,-23.605768,-46.835982
1785631579200,70.0,0.00,0.00,0.00,0.0,16,-23.605801,-46.835980
1785631579400,68.3,0.00,0.00,0.00,0.0,16,-23.605832,-46.835980
1785631579700,66.4,0.00,0.00,0.00,0.0,16,-23.605880,-46.835981
1785631580000,63.6,0.00,0.00,0.00,0.0,16,-23.605923,-46.835986
1785631580200,63.6,0.00,0.00,0.00,0.0,17,-23.605946,-46.835999
1785631580200,59.6,0.00,0.00,0.00,0.0,17,-23.605946,-46.835999
1785631580500,56.0,0.00,0.00,0.00,0.0,17,-23.605979,-46.836016
1785631580700,52.3,0.00,0.00,0.00,0.0,17,-23.605992,-46.836037
1785631581000,49.5,0.00,0.00,0.00,0.0,17,-23.606017,-46.836061
1785631581200,49.5,0.00,0.00,0.00,0.0,17,-23.606025,-46.836084
1785631581200,46.0,0.00,0.00,0.00,0.0,17,-23.606025,-46.836084
1785631581400,43.2,0.00,0.00,0.00,0.0,17,-23.606027,-46.836112
1785631581600,42.7,0.00,0.00,0.00,0.0,17,-23.606025,-46.836149
1785631581800,44.6,0.00,0.00,0.00,0.0,17,-23.606009,-46.836203
1785631582000,48.1,0.00,0.00,0.00,0.0,17,-23.605996,-46.836258
1785631582200,52.3,0.00,0.00,0.00,0.0,17,-23.605994,-46.836302
1785631582400,52.8,0.00,0.00,0.00,0.0,17,-23.606002,-46.836335
1785631582500,54.2,0.00,0.00,0.00,0.0,17,-23.606002,-46.836357
1785631582700,54.2,0.00,0.00,0.00,0.0,17,-23.606008,-46.836394
1785631582700,55.1,0.00,0.00,0.00,0.0,17,-23.606008,-46.836394
1785631582900,57.4,0.00,0.00,0.00,0.0,17,-23.606016,-46.836431
1785631583100,57.4,0.00,0.00,0.00,0.0,17,-23.606024,-46.836467
1785631583100,58.4,0.00,0.00,0.00,0.0,17,-23.606024,-46.836467
1785631583300,59.4,0.00,0.00,0.00,0.0,17,-23.606032,-46.836504
1785631583500,60.6,0.00,0.00,0.00,0.0,17,-23.606038,-46.836541
1785631583700,60.1,0.00,0.00,0.00,0.0,17,-23.606043,-46.836578
1785631583900,59.7,0.00,0.00,0.00,0.0,17,-23.606048,-46.836615
1785631584100,59.4,0.00,0.00,0.00,0.0,17,-23.606052,-46.836652
1785631584300,59.1,0.00,0.00,0.00,0.0,17,-23.606056,-46.836688
1785631584500,58.5,0.00,0.00,0.00,0.0,17,-23.606057,-46.836724
1785631584700,58.4,0.00,0.00,0.00,0.0,17,-23.606055,-46.836763
1785631584900,57.2,0.00,0.00,0.00,0.0,17,-23.606052,-46.836799
1785631585100,56.5,0.00,0.00,0.00,0.0,17,-23.606046,-46.836835
1785631585300,56.5,0.00,0.00,0.00,0.0,17,-23.606036,-46.836871
1785631585300,56.4,0.00,0.00,0.00,0.0,17,-23.606036,-46.836871
1785631585400,56.5,0.00,0.00,0.00,0.0,17,-23.606023,-46.836891
1785631585600,57.0,0.00,0.00,0.00,0.0,17,-23.606008,-46.836925
1785631585800,57.9,0.00,0.00,0.00,0.0,17,-23.605984,-46.836961
1785631586000,58.5,0.00,0.00,0.00,0.0,17,-23.605959,-46.836993
1785631586100,58.9,0.00,0.00,0.00,0.0,17,-23.605929,-46.837007
1785631586300,58.9,0.00,0.00,0.00,0.0,17,-23.605891,-46.837030
1785631586300,58.8,0.00,0.00,0.00,0.0,17,-23.605891,-46.837030
1785631586500,59.8,0.00,0.00,0.00,0.0,17,-23.605850,-46.837052
1785631586700,59.8,0.00,0.00,0.00,0.0,17,-23.605800,-46.837067
1785631586700,60.7,0.00,0.00,0.00,0.0,17,-23.605800,-46.837067
1785631586900,62.8,0.00,0.00,0.00,0.0,17,-23.605749,-46.837078
1785631587100,64.2,0.00,0.00,0.00,0.0,17,-23.605688,-46.837078
1785631587300,64.2,0.00,0.00,0.00,0.0,17,-23.605632,-46.837081
1785631587300,68.3,0.00,0.00,0.00,0.0,17,-23.605632,-46.837081
1785631587500,68.5,0.00,0.00,0.00,0.0,17,-23.605589,-46.837095
1785631587700,68.9,0.00,0.00,0.00,0.0,17,-23.605548,-46.837112
1785631587800,68.9,0.00,0.00,0.00,0.0,17,-23.605523,-46.837123
1785631588000,68.9,0.00,0.00,0.00,0.0,17,-23.605481,-46.837141
1785631588200,69.1,0.00,0.00,0.00,0.0,17,-23.605439,-46.837159
1785631588300,68.9,0.00,0.00,0.00,0.0,17,-23.605415,-46.837169
1785631588500,68.9,0.00,0.00,0.00,0.0,17,-23.605375,-46.837185
1785631588500,68.9,0.00,0.00,0.00,0.0,17,-23.605375,-46.837185
1785631588600,68.9,0.00,0.00,0.00,0.0,17,-23.605352,-46.837193
1785631588800,68.9,0.00,0.00,0.00,0.0,17,-23.605315,-46.837206
1785631589000,68.5,0.00,0.00,0.00,0.0,17,-23.605279,-46.837216
1785631589200,68.1,0.00,0.00,0.00,0.0,17,-23.605243,-46.837225
1785631589300,67.7,0.00,0.00,0.00,0.0,17,-23.605225,-46.837229
1785631589500,67.5,0.00,0.00,0.00,0.0,17,-23.605190,-46.837236
1785631589600,67.3,0.00,0.00,0.00,0.0,17,-23.605172,-46.837238
1785631589800,67.3,0.00,0.00,0.00,0.0,17,-23.605138,-46.837244
1785631589800,67.4,0.00,0.00,0.00,0.0,17,-23.605138,-46.837244
1785631590000,67.3,0.00,0.00,0.00,0.0,17,-23.605103,-46.837247
1785631590100,67.3,0.00,0.00,0.00,0.0,17,-23.605085,-46.837246
1785631590100,67.4,0.00,0.00,0.00,0.0,17,-23.605085,-46.837246
1785631590300,67.1,0.00,0.00,0.00,0.0,17,-23.605051,-46.837245
1785631590400,67.1,0.00,0.00,0.00,0.0,17,-23.605033,-46.837241
1785631590400,67.2,0.00,0.00,0.00,0.0,17,-23.605033,-46.837241
1785631590600,67.7,0.00,0.00,0.00,0.0,17,-23.604998,-46.837233
1785631590700,67.9,0.00,0.00,0.00,0.0,17,-23.604980,-46.837225
1785631590900,68.0,0.00,0.00,0.00,0.0,17,-23.604946,-46.837211
1785631591000,68.3,0.00,0.00,0.00,0.0,17,-23.604929,-46.837198
1785631591200,68.3,0.00,0.00,0.00,0.0,17,-23.604896,-46.837177
1785631591200,68.9,0.00,0.00,0.00,0.0,17,-23.604896,-46.837177
1785631591300,68.9,0.00,0.00,0.00,0.0,17,-23.604881,-46.837161
1785631591400,69.0,0.00,0.00,0.00,0.0,17,-23.604867,-46.837145
1785631591600,67.9,0.00,0.00,0.00,0.0,17,-23.604839,-46.837120
1785631591700,66.8,0.00,0.00,0.00,0.0,17,-23.604828,-46.837104
1785631591800,66.3,0.00,0.00,0.00,0.0,17,-23.604816,-46.837089
1785631591900,65.7,0.00,0.00,0.00,0.0,17,-23.604804,-46.837074
1785631592100,65.4,0.00,0.00,0.00,0.0,17,-23.604779,-46.837050
1785631592200,64.5,0.00,0.00,0.00,0.0,17,-23.604768,-46.837036
1785631592300,64.5,0.00,0.00,0.00,0.0,17,-23.604758,-46.837022
1785631592300,63.7,0.00,0.00,0.00,0.0,17,-23.604758,-46.837022
1785631592500,62.7,0.00,0.00,0.00,0.0,17,-23.604736,-46.836997
1785631592600,61.8,0.00,0.00,0.00,0.0,17,-23.604727,-46.836983
1785631592800,60.7,0.00,0.00,0.00,0.0,17,-23.604708,-46.836958
1785631592900,59.5,0.00,0.00,0.00,0.0,17,-23.604701,-46.836944
1785631593100,58.1,0.00,0.00,0.00,0.0,17,-23.604685,-46.836919
1785631593200,56.2,0.00,0.00,0.00,0.0,17,-23.604682,-46.836906
1785631593300,54.4,0.00,0.00,0.00,0.0,17,-23.604679,-46.836894
1785631593500,52.5,0.00,0.00,0.00,0.0,17,-23.604670,-46.836869
1785631593600,52.5,0.00,0.00,0.00,0.0,17,-23.604672,-46.836855
1785631593600,50.7,0.00,0.00,0.00,0.0,17,-23.604672,-46.836855
1785631593800,48.9,0.00,0.00,0.00,0.0,17,-23.604672,-46.836828
1785631593900,45.7,0.00,0.00,0.00,0.0,17,-23.604679,-46.836817
1785631594100,42.8,0.00,0.00,0.00,0.0,17,-23.604685,-46.836795
1785631594300,40.3,0.00,0.00,0.00,0.0,17,-23.604692,-46.836775
1785631594500,37.7,0.00,0.00,0.00,0.0,17,-23.604700,-46.836757
1785631594700,37.7,0.00,0.00,0.00,0.0,17,-23.604712,-46.836742
1785631594700,34.9,0.00,0.00,0.00,0.0,17,-23.604712,-46.836742
1785631594900,31.7,0.00,0.00,0.00,0.0,17,-23.604723,-46.836729
1785631595100,28.6,0.00,0.00,0.00,0.0,17,-23.604735,-46.836719
1785631595400,24.7,0.00,0.00,0.00,0.0,17,-23.604750,-46.836706
1785631595600,20.6,0.00,0.00,0.00,0.0,17,-23.604763,-46.836705
1785631595800,15.1,0.00,0.00,0.00,0.0,17,-23.604778,-46.836712
1785631596000,12.1,0.00,0.00,0.00,0.0,17,-23.604798,-46.836731
1785631596200,16.9,0.00,0.00,0.00,0.0,17,-23.604823,-46.836750
1785631596500,27.0,0.00,0.00,0.00,0.0,16,-23.604865,-46.836783
1785631596700,33.5,0.00,0.00,0.00,0.0,16,-23.604898,-46.836808
1785631596900,34.9,0.00,0.00,0.00,0.0,16,-23.604922,-46.836821
1785631597100,36.4,0.00,0.00,0.00,0.0,16,-23.604947,-46.836829
1785631597300,36.4,0.00,0.00,0.00,0.0,16,-23.604970,-46.836837
1785631597300,36.4,0.00,0.00,0.00,0.0,16,-23.604970,-46.836837
1785631597500,36.3,0.00,0.00,0.00,0.0,16,-23.604995,-46.836844
1785631597700,36.5,0.00,0.00,0.00,0.0,16,-23.605020,-46.836850
1785631597900,37.0,0.00,0.00,0.00,0.0,16,-23.605046,-46.836855
1785631598100,38.2,0.00,0.00,0.00,0.0,16,-23.605073,-46.836857
1785631598300,40.2,0.00,0.00,0.00,0.0,16,-23.605101,-46.836854
1785631598500,40.2,0.00,0.00,0.00,0.0,16,-23.605127,-46.836849
1785631598600,40.2,0.00,0.00,0.00,0.0,16,-23.605141,-46.836839
1785631598600,40.2,0.00,0.00,0.00,0.0,16,-23.605141,-46.836839
1785631598800,40.0,0.00,0.00,0.00,0.0,16,-23.605161,-46.836825
1785631599000,39.7,0.00,0.00,0.00,0.0,16,-23.605177,-46.836806
1785631599100,39.8,0.00,0.00,0.00,0.0,16,-23.605183,-46.836790
1785631599300,40.4,0.00,0.00,0.00,0.0,16,-23.605196,-46.836767
1785631599500,43.0,0.00,0.00,0.00,0.0,16,-23.605206,-46.836737
1785631599700,48.6,0.00,0.00,0.00,0.0,16,-23.605217,-46.836704
1785631599900,50.5,0.00,0.00,0.00,0.0,16,-23.605232,-46.836677
1785631600000,50.2,0.00,0.00,0.00,0.0,16,-23.605240,-46.836663
1785631600200,49.9,0.00,0.00,0.00,0.0,16,-23.605256,-46.836639
1785631600400,49.9,0.00,0.00,0.00,0.0,16,-23.605274,-46.836614
1785631600400,48.8,0.00,0.00,0.00,0.0,16,-23.605274,-46.836614
1785631600500,48.2,0.00,0.00,0.00,0.0,16,-23.605284,-46.836603
1785631600700,47.5,0.00,0.00,0.00,0.0,16,-23.605303,-46.836585
1785631600800,47.5,0.00,0.00,0.00,0.0,16,-23.605312,-46.836576
1785631600800,46.8,0.00,0.00,0.00,0.0,16,-23.605312,-46.836576
1785631601000,46.0,0.00,0.00,0.00,0.0,16,-23.605330,-46.836560
1785631601200,45.1,0.00,0.00,0.00,0.0,16,-23.605348,-46.836546
1785631601300,45.1,0.00,0.00,0.00,0.0,16,-23.605358,-46.836541
1785631601300,44.0,0.00,0.00,0.00,0.0,16,-23.605358,-46.836541
1785631601500,44.0,0.00,0.00,0.00,0.0,16,-23.605375,-46.836531
1785631601500,42.4,0.00,0.00,0.00,0.0,16,-23.605375,-46.836531
1785631601700,40.2,0.00,0.00,0.00,0.0,16,-23.605393,-46.836525
1785631601800,38.1,0.00,0.00,0.00,0.0,16,-23.605401,-46.836528
1785631602000,36.4,0.00,0.00,0.00,0.0,16,-23.605419,-46.836528
1785631602200,36.4,0.00,0.00,0.00,0.0,16,-23.605438,-46.836534
1785631602200,35.6,0.00,0.00,0.00,0.0,16,-23.605438,-46.836534
1785631602300,35.3,0.00,0.00,0.00,0.0,16,-23.605449,-46.836548
1785631602500,35.3,0.00,0.00,0.00,0.0,16,-23.605466,-46.836565
1785631602500,34.9,0.00,0.00,0.00,0.0,16,-23.605466,-46.836565
1785631602600,34.9,0.00,0.00,0.00,0.0,16,-23.605471,-46.836586
1785631602600,34.1,0.00,0.00,0.00,0.0,16,-23.605471,-46.836586
1785631602800,35.1,0.00,0.00,0.00,0.0,16,-23.605476,-46.836622
1785631602900,35.1,0.00,0.00,0.00,0.0,16,-23.605469,-46.836656
1785631602900,37.8,0.00,0.00,0.00,0.0,16,-23.605469,-46.836656
1785631603100,37.8,0.00,0.00,0.00,0.0,16,-23.605470,-46.836701
1785631603100,44.1,0.00,0.00,0.00,0.0,16,-23.605470,-46.836701
1785631603300,44.9,0.00,0.00,0.00,0.0,16,-23.605481,-46.836729
1785631603400,45.4,0.00,0.00,0.00,0.0,16,-23.605487,-46.836747
1785631603600,45.6,0.00,0.00,0.00,0.0,16,-23.605500,-46.836774
1785631603700,45.8,0.00,0.00,0.00,0.0,16,-23.605507,-46.836790
1785631603900,46.1,0.00,0.00,0.00,0.0,16,-23.605522,-46.836814
1785631604000,46.2,0.00,0.00,0.00,0.0,16,-23.605531,-46.836827
1785631604200,46.2,0.00,0.00,0.00,0.0,16,-23.605547,-46.836851
1785631604200,45.8,0.00,0.00,0.00,0.0,16,-23.605547,-46.836851
1785631604300,45.5,0.00,0.00,0.00,0.0,16,-23.605557,-46.836862
1785631604500,44.9,0.00,0.00,0.00,0.0,16,-23.605573,-46.836881
1785631604700,43.8,0.00,0.00,0.00,0.0,16,-23.605587,-46.836899
1785631604800,42.6,0.00,0.00,0.00,0.0,16,-23.605595,-46.836905
1785631605000,40.9,0.00,0.00,0.00,0.0,16,-23.605609,-46.836919
1785631605100,38.9,0.00,0.00,0.00,0.0,16,-23.605616,-46.836922
1785631605300,36.3,0.00,0.00,0.00,0.0,16,-23.605629,-46.836931
1785631605400,33.7,0.00,0.00,0.00,0.0,16,-23.605636,-46.836928
1785631605500,31.4,0.00,0.00,0.00,0.0,16,-23.605644,-46.836925
1785631605700,29.3,0.00,0.00,0.00,0.0,16,-23.605659,-46.836922
1785631605800,28.0,0.00,0.00,0.00,0.0,16,-23.605667,-46.836911
1785631606000,28.7,0.00,0.00,0.00,0.0,16,-23.605685,-46.836895
1785631606100,29.2,0.00,0.00,0.00,0.0,16,-23.605692,-46.836876
1785631606300,28.1,0.00,0.00,0.00,0.0,16,-23.605701,-46.836856
1785631606400,27.5,0.00,0.00,0.00,0.0,16,-23.605700,-46.836836
1785631606600,27.9,0.00,0.00,0.00,0.0,16,-23.605701,-46.836810
1785631606700,29.9,0.00,0.00,0.00,0.0,16,-23.605697,-46.836787
1785631606800,32.1,0.00,0.00,0.00,0.0,16,-23.605689,-46.836763
1785631607000,32.1,0.00,0.00,0.00,0.0,16,-23.605687,-46.836734
1785631607000,34.0,0.00,0.00,0.00,0.0,16,-23.605687,-46.836734
1785631607100,34.0,0.00,0.00,0.00,0.0,16,-23.605684,-46.836714
1785631607100,36.0,0.00,0.00,0.00,0.0,16,-23.605684,-46.836714
1785631607300,36.0,0.00,0.00,0.00,0.0,16,-23.605682,-46.836686
1785631607300,37.2,0.00,0.00,0.00,0.0,16,-23.605682,-46.836686
1785631607400,38.0,0.00,0.00,0.00,0.0,16,-23.605681,-46.836670
1785631607600,38.8,0.00,0.00,0.00,0.0,16,-23.605680,-46.836643
1785631607700,38.8,0.00,0.00,0.00,0.0,16,-23.605677,-46.836626
1785631607700,40.9,0.00,0.00,0.00,0.0,16,-23.605677,-46.836626
1785631607900,41.6,0.00,0.00,0.00,0.0,16,-23.605673,-46.836600
1785631608000,42.7,0.00,0.00,0.00,0.0,16,-23.605670,-46.836585
1785631608200,43.2,0.00,0.00,0.00,0.0,16,-23.605667,-46.836559
1785631608300,43.3,0.00,0.00,0.00,0.0,16,-23.605665,-46.836545
1785631608400,43.4,0.00,0.00,0.00,0.0,16,-23.605663,-46.836531
1785631608600,43.5,0.00,0.00,0.00,0.0,16,-23.605659,-46.836506
1785631608700,43.7,0.00,0.00,0.00,0.0,16,-23.605657,-46.836492
1785631608900,43.9,0.00,0.00,0.00,0.0,16,-23.605652,-46.836468
1785631609100,43.9,0.00,0.00,0.00,0.0,16,-23.605646,-46.836443
1785631609100,44.3,0.00,0.00,0.00,0.0,16,-23.605646,-46.836443
1785631609200,44.3,0.00,0.00,0.00,0.0,16,-23.605643,-46.836429
1785631609200,44.7,0.00,0.00,0.00,0.0,16,-23.605643,-46.836429
1785631609400,45.0,0.00,0.00,0.00,0.0,16,-23.605637,-46.836404
1785631609500,45.2,0.00,0.00,0.00,0.0,16,-23.605633,-46.836391
1785631609700,44.9,0.00,0.00,0.00,0.0,16,-23.605626,-46.836367
1785631609800,44.9,0.00,0.00,0.00,0.0,16,-23.605622,-46.836354
1785631610000,44.6,0.00,0.00,0.00,0.0,16,-23.605613,-46.836331
1785631610200,44.1,0.00,0.00,0.00,0.0,16,-23.605602,-46.836310
1785631610400,43.9,0.00,0.00,0.00,0.0,16,-23.605590,-46.836290
1785631610600,43.5,0.00,0.00,0.00,0.0,16,-23.605577,-46.836271
1785631610800,43.1,0.00,0.00,0.00,0.0,16,-23.605563,-46.836253
1785631611000,42.3,0.00,0.00,0.00,0.0,16,-23.605549,-46.836237
1785631611200,40.8,0.00,0.00,0.00,0.0,16,-23.605534,-46.836222
1785631611400,39.3,0.00,0.00,0.00,0.0,16,-23.605518,-46.836210
1785631611600,38.0,0.00,0.00,0.00,0.0,16,-23.605501,-46.836199
1785631611800,38.0,0.00,0.00,0.00,0.0,16,-23.605484,-46.836193
1785631611800,35.8,0.00,0.00,0.00,0.0,16,-23.605484,-46.836193
1785631611900,35.8,0.00,0.00,0.00,0.0,16,-23.605471,-46.836196
1785631611900,34.5,0.00,0.00,0.00,0.0,16,-23.605471,-46.836196
1785631612100,33.4,0.00,0.00,0.00,0.0,16,-23.605450,-46.836198
1785631612200,33.6,0.00,0.00,0.00,0.0,16,-23.605433,-46.836210
1785631612400,37.6,0.00,0.00,0.00,0.0,16,-23.605402,-46.836227
1785631612500,46.7,0.00,0.00,0.00,0.0,16,-23.605370,-46.836258
1785631612700,52.4,0.00,0.00,0.00,0.0,16,-23.605332,-46.836283
1785631612800,53.4,0.00,0.00,0.00,0.0,16,-23.605314,-46.836293
1785631613000,53.4,0.00,0.00,0.00,0.0,16,-23.605284,-46.836307
1785631613000,53.7,0.00,0.00,0.00,0.0,16,-23.605284,-46.836307
1785631613100,53.7,0.00,0.00,0.00,0.0,16,-23.605267,-46.836316
1785631613100,53.9,0.00,0.00,0.00,0.0,16,-23.605267,-46.836316
1785631613300,54.5,0.00,0.00,0.00,0.0,16,-23.605238,-46.836329
1785631613400,54.7,0.00,0.00,0.00,0.0,16,-23.605221,-46.836338
1785631613600,54.8,0.00,0.00,0.00,0.0,17,-23.605192,-46.836350
1785631613700,55.2,0.00,0.00,0.00,0.0,17,-23.605176,-46.836358
1785631613900,55.6,0.00,0.00,0.00,0.0,17,-23.605148,-46.836370
1785631614100,55.7,0.00,0.00,0.00,0.0,17,-23.605119,-46.836381
1785631614200,55.7,0.00,0.00,0.00,0.0,17,-23.605104,-46.836388
1785631614200,55.8,0.00,0.00,0.00,0.0,17,-23.605104,-46.836388
1785631614400,55.9,0.00,0.00,0.00,0.0,17,-23.605075,-46.836400
1785631614600,56.4,0.00,0.00,0.00,0.0,17,-23.605046,-46.836411
1785631614800,56.6,0.00,0.00,0.00,0.0,17,-23.605017,-46.836422
1785631614900,56.8,0.00,0.00,0.00,0.0,17,-23.605002,-46.836428
1785631615100,57.4,0.00,0.00,0.00,0.0,17,-23.604973,-46.836439
1785631615300,57.5,0.00,0.00,0.00,0.0,17,-23.604944,-46.836450
1785631615500,57.5,0.00,0.00,0.00,0.0,17,-23.604915,-46.836460
1785631615500,57.9,0.00,0.00,0.00,0.0,17,-23.604915,-46.836460
1785631615600,58.2,0.00,0.00,0.00,0.0,17,-23.604900,-46.836466
1785631615800,58.4,0.00,0.00,0.00,0.0,17,-23.604872,-46.836477
1785631615900,58.4,0.00,0.00,0.00,0.0,17,-23.604857,-46.836483
1785631615900,58.7,0.00,0.00,0.00,0.0,17,-23.604857,-46.836483
1785631616100,58.9,0.00,0.00,0.00,0.0,17,-23.604828,-46.836493
1785631616200,58.9,0.00,0.00,0.00,0.0,17,-23.604814,-46.836499
1785631616400,59.2,0.00,0.00,0.00,0.0,17,-23.604785,-46.836510
1785631616500,59.2,0.00,0.00,0.00,0.0,17,-23.604771,-46.836516
1785631616500,59.4,0.00,0.00,0.00,0.0,17,-23.604771,-46.836516
1785631616700,59.8,0.00,0.00,0.00,0.0,17,-23.604742,-46.836528
1785631616800,60.1,0.00,0.00,0.00,0.0,17,-23.604728,-46.836535
1785631617000,60.7,0.00,0.00,0.00,0.0,17,-23.604699,-46.836548
1785631617100,61.2,0.00,0.00,0.00,0.0,17,-23.604685,-46.836556
1785631617300,62.0,0.00,0.00,0.00,0.0,17,-23.604657,-46.836571
1785631617400,62.5,0.00,0.00,0.00,0.0,17,-23.604643,-46.836580
1785631617600,62.5,0.00,0.00,0.00,0.0,17,-23.604615,-46.836598
1785631617600,62.9,0.00,0.00,0.00,0.0,17,-23.604615,-46.836598
1785631617700,62.9,0.00,0.00,0.00,0.0,17,-23.604602,-46.836608
1785631617700,62.6,0.00,0.00,0.00,0.0,17,-23.604602,-46.836608
1785631617900,61.7,0.00,0.00,0.00,0.0,17,-23.604577,-46.836627
1785631618000,61.3,0.00,0.00,0.00,0.0,17,-23.604565,-46.836638
1785631618200,61.3,0.00,0.00,0.00,0.0,17,-23.604540,-46.836658
1785631618200,60.9,0.00,0.00,0.00,0.0,17,-23.604540,-46.836658
1785631618300,60.6,0.00,0.00,0.00,0.0,17,-23.604529,-46.836670
1785631618500,59.9,0.00,0.00,0.00,0.0,17,-23.604506,-46.836692
1785631618700,59.0,0.00,0.00,0.00,0.0,17,-23.604485,-46.836714
1785631618800,58.0,0.00,0.00,0.00,0.0,17,-23.604476,-46.836727
1785631619000,56.8,0.00,0.00,0.00,0.0,17,-23.604457,-46.836750
1785631619200,55.4,0.00,0.00,0.00,0.0,17,-23.604441,-46.836774
1785631619300,55.4,0.00,0.00,0.00,0.0,17,-23.604435,-46.836787
1785631619300,54.4,0.00,0.00,0.00,0.0,17,-23.604435,-46.836787
1785631619500,52.9,0.00,0.00,0.00,0.0,17,-23.604421,-46.836811
1785631619600,51.2,0.00,0.00,0.00,0.0,17,-23.604420,-46.836826
1785631619800,49.7,0.00,0.00,0.00,0.0,17,-23.604412,-46.836852
1785631620000,48.3,0.00,0.00,0.00,0.0,17,-23.604407,-46.836878
1785631620200,47.2,0.00,0.00,0.00,0.0,17,-23.604405,-46.836905
1785631620300,46.3,0.00,0.00,0.00,0.0,17,-23.604410,-46.836921
1785631620500,46.3,0.00,0.00,0.00,0.0,17,-23.604415,-46.836950
1785631620500,45.7,0.00,0.00,0.00,0.0,17,-23.604415,-46.836950
1785631620700,45.2,0.00,0.00,0.00,0.0,17,-23.604427,-46.836981
1785631620900,47.0,0.00,0.00,0.00,0.0,17,-23.604446,-46.837015
1785631621000,50.4,0.00,0.00,0.00,0.0,17,-23.604469,-46.837040
1785631621200,64.8,0.00,0.00,0.00,0.0,17,-23.604508,-46.837110
1785631621400,64.0,0.00,0.00,0.00,0.0,17,-23.604520,-46.837145
1785631621500,63.7,0.00,0.00,0.00,0.0,17,-23.604531,-46.837165
1785631621700,63.3,0.00,0.00,0.00,0.0,17,-23.604544,-46.837202
1785631621900,63.3,0.00,0.00,0.00,0.0,17,-23.604557,-46.837238
1785631621900,62.9,0.00,0.00,0.00,0.0,17,-23.604557,-46.837238
1785631622000,62.4,0.00,0.00,0.00,0.0,17,-23.604567,-46.837258
1785631622200,62.3,0.00,0.00,0.00,0.0,17,-23.604581,-46.837295
1785631622400,61.9,0.00,0.00,0.00,0.0,16,-23.604593,-46.837333
1785631622500,61.7,0.00,0.00,0.00,0.0,17,-23.604602,-46.837356
1785631622700,62.2,0.00,0.00,0.00,0.0,17,-23.604614,-46.837398
1785631622800,62.7,0.00,0.00,0.00,0.0,17,-23.604618,-46.837423
1785631623000,63.3,0.00,0.00,0.00,0.0,17,-23.604618,-46.837462
1785631623200,63.3,0.00,0.00,0.00,0.0,17,-23.604614,-46.837496
1785631623200,63.1,0.00,0.00,0.00,0.0,17,-23.604614,-46.837496
1785631623300,62.2,0.00,0.00,0.00,0.0,17,-23.604608,-46.837511
1785631623500,61.3,0.00,0.00,0.00,0.0,17,-23.604599,-46.837542
1785631623700,61.3,0.00,0.00,0.00,0.0,17,-23.604586,-46.837571
1785631623700,60.3,0.00,0.00,0.00,0.0,17,-23.604586,-46.837571
1785631623900,60.3,0.00,0.00,0.00,0.0,17,-23.604568,-46.837597
1785631623900,59.8,0.00,0.00,0.00,0.0,17,-23.604568,-46.837597
1785631624100,55.8,0.00,0.00,0.00,0.0,17,-23.604550,-46.837617
1785631624300,52.5,0.00,0.00,0.00,0.0,16,-23.604529,-46.837632
1785631624500,52.5,0.00,0.00,0.00,0.0,17,-23.604507,-46.837643
1785631624500,48.6,0.00,0.00,0.00,0.0,17,-23.604507,-46.837643
1785631624700,44.5,0.00,0.00,0.00,0.0,17,-23.604482,-46.837647
1785631624900,42.7,0.00,0.00,0.00,0.0,17,-23.604459,-46.837652
1785631625100,42.7,0.00,0.00,0.00,0.0,17,-23.604436,-46.837654
1785631625100,41.0,0.00,0.00,0.00,0.0,17,-23.604436,-46.837654
1785631625300,39.7,0.00,0.00,0.00,0.0,17,-23.604411,-46.837651
1785631625500,39.7,0.00,0.00,0.00,0.0,17,-23.604384,-46.837643
1785631625500,38.7,0.00,0.00,0.00,0.0,17,-23.604384,-46.837643
1785631625700,38.4,0.00,0.00,0.00,0.0,17,-23.604356,-46.837629
1785631625800,39.2,0.00,0.00,0.00,0.0,17,-23.604337,-46.837610
1785631626000,39.7,0.00,0.00,0.00,0.0,17,-23.604309,-46.837591
1785631626300,39.7,0.00,0.00,0.00,0.0,17,-23.604275,-46.837567
1785631626300,38.4,0.00,0.00,0.00,0.0,17,-23.604275,-46.837567
1785631626600,35.6,0.00,0.00,0.00,0.0,17,-23.604248,-46.837546
1785631626900,33.8,0.00,0.00,0.00,0.0,17,-23.604226,-46.837519
1785631627200,32.3,0.00,0.00,0.00,0.0,17,-23.604209,-46.837486
1785631627500,32.3,0.00,0.00,0.00,0.0,17,-23.604200,-46.837451
1785631627500,30.8,0.00,0.00,0.00,0.0,17,-23.604200,-46.837451
1785631627800,31.3,0.00,0.00,0.00,0.0,17,-23.604195,-46.837411
1785631628000,36.4,0.00,0.00,0.00,0.0,17,-23.604213,-46.837355
1785631628300,47.2,0.00,0.00,0.00,0.0,17,-23.604229,-46.837280
1785631628600,49.5,0.00,0.00,0.00,0.0,17,-23.604216,-46.837235
1785631628900,50.8,0.00,0.00,0.00,0.0,17,-23.604207,-46.837187
1785631629200,50.8,0.00,0.00,0.00,0.0,17,-23.604196,-46.837139
1785631629200,50.9,0.00,0.00,0.00,0.0,17,-23.604196,-46.837139
1785631629500,50.2,0.00,0.00,0.00,0.0,17,-23.604184,-46.837093
1785631629900,51.4,0.00,0.00,0.00,0.0,17,-23.604164,-46.837035
1785631630300,50.4,0.00,0.00,0.00,0.0,17,-23.604134,-46.836984
1785631630600,50.4,0.00,0.00,0.00,0.0,17,-23.604112,-46.836942
1785631630600,52.3,0.00,0.00,0.00,0.0,17,-23.604112,-46.836942
1785631630900,52.3,0.00,0.00,0.00,0.0,17,-23.604092,-46.836902
1785631630900,51.9,0.00,0.00,0.00,0.0,17,-23.604092,-46.836902
1785631631100,51.9,0.00,0.00,0.00,0.0,17,-23.604080,-46.836873
1785631631100,51.7,0.00,0.00,0.00,0.0,17,-23.604080,-46.836873
1785631631400,51.4,0.00,0.00,0.00,0.0,17,-23.604063,-46.836833
1785631631600,51.0,0.00,0.00,0.00,0.0,17,-23.604053,-46.836806
1785631631800,51.0,0.00,0.00,0.00,0.0,17,-23.604043,-46.836780
1785631631800,50.0,0.00,0.00,0.00,0.0,17,-23.604043,-46.836780
1785631632000,49.3,0.00,0.00,0.00,0.0,17,-23.604035,-46.836754
1785631632200,48.3,0.00,0.00,0.00,0.0,17,-23.604028,-46.836728
1785631632400,46.4,0.00,0.00,0.00,0.0,17,-23.604023,-46.836704
1785631632600,44.7,0.00,0.00,0.00,0.0,17,-23.604021,-46.836680
1785631632800,44.7,0.00,0.00,0.00,0.0,17,-23.604021,-46.836656
1785631632800,42.8,0.00,0.00,0.00,0.0,17,-23.604021,-46.836656
1785631633000,42.8,0.00,0.00,0.00,0.0,17,-23.604024,-46.836633
1785631633000,41.4,0.00,0.00,0.00,0.0,17,-23.604024,-46.836633
1785631633200,40.3,0.00,0.00,0.00,0.0,17,-23.604034,-46.836610
1785631633400,40.3,0.00,0.00,0.00,0.0,17,-23.604046,-46.836590
1785631633400,38.4,0.00,0.00,0.00,0.0,17,-23.604046,-46.836590
1785631633600,37.1,0.00,0.00,0.00,0.0,17,-23.604061,-46.836572
1785631633800,37.1,0.00,0.00,0.00,0.0,17,-23.604091,-46.836558
1785631633800,37.3,0.00,0.00,0.00,0.0,17,-23.604091,-46.836558
1785631634000,39.1,0.00,0.00,0.00,0.0,17,-23.604123,-46.836546
1785631634200,43.5,0.00,0.00,0.00,0.0,17,-23.604157,-46.836533
1785631634400,43.5,0.00,0.00,0.00,0.0,17,-23.604195,-46.836521
1785631634400,47.6,0.00,0.00,0.00,0.0,17,-23.604195,-46.836521
1785631634600,51.5,0.00,0.00,0.00,0.0,17,-23.604239,-46.836516
1785631634800,54.7,0.00,0.00,0.00,0.0,17,-23.604277,-46.836508
1785631635000,57.7,0.00,0.00,0.00,0.0,17,-23.604316,-46.836502
1785631635200,57.4,0.00,0.00,0.00,0.0,17,-23.604349,-46.836490
1785631635400,58.0,0.00,0.00,0.00,0.0,17,-23.604382,-46.836480
1785631635500,58.6,0.00,0.00,0.00,0.0,17,-23.604402,-46.836475
1785631635700,59.0,0.00,0.00,0.00,0.0,17,-23.604435,-46.836464
1785631635900,59.0,0.00,0.00,0.00,0.0,17,-23.604468,-46.836452
1785631635900,59.8,0.00,0.00,0.00,0.0,17,-23.604468,-46.836452
1785631636100,59.8,0.00,0.00,0.00,0.0,17,-23.604502,-46.836441
1785631636100,61.6,0.00,0.00,0.00,0.0,17,-23.604502,-46.836441
1785631636300,62.9,0.00,0.00,0.00,0.0,17,-23.604537,-46.836428
1785631636500,63.4,0.00,0.00,0.00,0.0,17,-23.604571,-46.836416
1785631636700,63.6,0.00,0.00,0.00,0.0,17,-23.604606,-46.836404
1785631636800,64.1,0.00,0.00,0.00,0.0,17,-23.604626,-46.836396
1785631637000,64.6,0.00,0.00,0.00,0.0,17,-23.604661,-46.836384
1785631637200,65.5,0.00,0.00,0.00,0.0,17,-23.604695,-46.836371
1785631637300,65.8,0.00,0.00,0.00,0.0,17,-23.604714,-46.836365
1785631637500,66.8,0.00,0.00,0.00,0.0,17,-23.604750,-46.836352
1785631637600,66.8,0.00,0.00,0.00,0.0,17,-23.604770,-46.836345
1785631637600,67.8,0.00,0.00,0.00,0.0,17,-23.604770,-46.836345
1785631637800,68.6,0.00,0.00,0.00,0.0,17,-23.604805,-46.836332
1785631638000,69.5,0.00,0.00,0.00,0.0,17,-23.604841,-46.836319
1785631638100,69.7,0.00,0.00,0.00,0.0,17,-23.604861,-46.836312
1785631638300,69.7,0.00,0.00,0.00,0.0,17,-23.604897,-46.836298
1785631638300,70.2,0.00,0.00,0.00,0.0,17,-23.604897,-46.836298
1785631638500,71.3,0.00,0.00,0.00,0.0,17,-23.604933,-46.836285
1785631638600,71.8,0.00,0.00,0.00,0.0,17,-23.604953,-46.836277
1785631638800,72.5,0.00,0.00,0.00,0.0,17,-23.604990,-46.836263
1785631638900,72.7,0.00,0.00,0.00,0.0,17,-23.605010,-46.836255
1785631639100,73.2,0.00,0.00,0.00,0.0,17,-23.605047,-46.836241
1785631639300,73.4,0.00,0.00,0.00,0.0,17,-23.605084,-46.836227
1785631639400,73.7,0.00,0.00,0.00,0.0,17,-23.605104,-46.836219
1785631639600,74.4,0.00,0.00,0.00,0.0,17,-23.605142,-46.836205
1785631639800,74.8,0.00,0.00,0.00,0.0,17,-23.605180,-46.836190
1785631639900,74.9,0.00,0.00,0.00,0.0,17,-23.605200,-46.836181
1785631640100,75.1,0.00,0.00,0.00,0.0,17,-23.605238,-46.836166
1785631640200,75.3,0.00,0.00,0.00,0.0,17,-23.605259,-46.836159
1785631640400,76.5,0.00,0.00,0.00,0.0,17,-23.605297,-46.836144
1785631640500,76.4,0.00,0.00,0.00,0.0,17,-23.605317,-46.836136
1785631640700,76.5,0.00,0.00,0.00,0.0,17,-23.605355,-46.836121
1785631640800,76.4,0.00,0.00,0.00,0.0,17,-23.605375,-46.836113
1785631640900,76.4,0.00,0.00,0.00,0.0,17,-23.605395,-46.836105
1785631641100,76.0,0.00,0.00,0.00,0.0,17,-23.605433,-46.836090
1785631641200,76.0,0.00,0.00,0.00,0.0,17,-23.605452,-46.836082
1785631641200,75.6,0.00,0.00,0.00,0.0,17,-23.605452,-46.836082
1785631641400,75.2,0.00,0.00,0.00,0.0,17,-23.605489,-46.836068
1785631641500,75.2,0.00,0.00,0.00,0.0,17,-23.605508,-46.836061
1785631641500,74.8,0.00,0.00,0.00,0.0,17,-23.605508,-46.836061
1785631641600,74.2,0.00,0.00,0.00,0.0,17,-23.605527,-46.836054
1785631641800,74.2,0.00,0.00,0.00,0.0,17,-23.605563,-46.836041
1785631641800,73.6,0.00,0.00,0.00,0.0,17,-23.605563,-46.836041
1785631641900,73.0,0.00,0.00,0.00,0.0,17,-23.605581,-46.836036
1785631642100,73.0,0.00,0.00,0.00,0.0,17,-23.605616,-46.836025
1785631642100,72.6,0.00,0.00,0.00,0.0,17,-23.605616,-46.836025
1785631642200,72.6,0.00,0.00,0.00,0.0,17,-23.605634,-46.836019
1785631642200,72.3,0.00,0.00,0.00,0.0,17,-23.605634,-46.836019
1785631642400,72.2,0.00,0.00,0.00,0.0,17,-23.605669,-46.836010
1785631642600,71.9,0.00,0.00,0.00,0.0,17,-23.605703,-46.836001
1785631642800,71.5,0.00,0.00,0.00,0.0,17,-23.605736,-46.835995
1785631643000,71.3,0.00,0.00,0.00,0.0,17,-23.605770,-46.835990
1785631643100,70.6,0.00,0.00,0.00,0.0,17,-23.605787,-46.835990
1785631643300,69.8,0.00,0.00,0.00,0.0,17,-23.605820,-46.835988
1785631643400,69.0,0.00,0.00,0.00,0.0,17,-23.605836,-46.835990
1785631643600,67.6,0.00,0.00,0.00,0.0,17,-23.605867,-46.835991
1785631643800,66.2,0.00,0.00,0.00,0.0,17,-23.605898,-46.835995
1785631644000,64.4,0.00,0.00,0.00,0.0,17,-23.605927,-46.835999
1785631644100,62.4,0.00,0.00,0.00,0.0,17,-23.605939,-46.836005
1785631644300,60.1,0.00,0.00,0.00,0.0,16,-23.605964,-46.836013
1785631644400,58.4,0.00,0.00,0.00,0.0,17,-23.605973,-46.836022
1785631644600,56.6,0.00,0.00,0.00,0.0,17,-23.605996,-46.836033
1785631644800,56.6,0.00,0.00,0.00,0.0,17,-23.606015,-46.836049
1785631644800,54.1,0.00,0.00,0.00,0.0,17,-23.606015,-46.836049
1785631644900,52.3,0.00,0.00,0.00,0.0,17,-23.606019,-46.836062
1785631645100,52.3,0.00,0.00,0.00,0.0,17,-23.606034,-46.836080
1785631645100,49.7,0.00,0.00,0.00,0.0,17,-23.606034,-46.836080
1785631645300,45.2,0.00,0.00,0.00,0.0,17,-23.606043,-46.836100
1785631645400,43.1,0.00,0.00,0.00,0.0,17,-23.606040,-46.836117
1785631645500,41.6,0.00,0.00,0.00,0.0,17,-23.606030,-46.836145
1785631645700,41.6,0.00,0.00,0.00,0.0,17,-23.606026,-46.836181
1785631645700,40.6,0.00,0.00,0.00,0.0,17,-23.606026,-46.836181
1785631645800,41.5,0.00,0.00,0.00,0.0,17,-23.606014,-46.836211
1785631645900,44.0,0.00,0.00,0.00,0.0,17,-23.606002,-46.836242
1785631646000,45.5,0.00,0.00,0.00,0.0,17,-23.605994,-46.836269
1785631646200,47.1,0.00,0.00,0.00,0.0,17,-23.605996,-46.836301
1785631646300,48.7,0.00,0.00,0.00,0.0,17,-23.605996,-46.836319
1785631646400,49.1,0.00,0.00,0.00,0.0,17,-23.606000,-46.836335
1785631646500,49.8,0.00,0.00,0.00,0.0,17,-23.606002,-46.836351
1785631646700,50.5,0.00,0.00,0.00,0.0,17,-23.606010,-46.836382
1785631646800,51.3,0.00,0.00,0.00,0.0,17,-23.606012,-46.836400
1785631646900,51.7,0.00,0.00,0.00,0.0,17,-23.606014,-46.836418
1785631647100,51.7,0.00,0.00,0.00,0.0,17,-23.606022,-46.836448
1785631647100,52.3,0.00,0.00,0.00,0.0,17,-23.606022,-46.836448
1785631647200,53.1,0.00,0.00,0.00,0.0,17,-23.606025,-46.836467
1785631647300,54.1,0.00,0.00,0.00,0.0,17,-23.606027,-46.836486
1785631647500,55.3,0.00,0.00,0.00,0.0,17,-23.606035,-46.836519
1785631647600,55.3,0.00,0.00,0.00,0.0,17,-23.606036,-46.836538
1785631647600,55.6,0.00,0.00,0.00,0.0,17,-23.606036,-46.836538
1785631647800,55.2,0.00,0.00,0.00,0.0,17,-23.606042,-46.836571
1785631647900,55.3,0.00,0.00,0.00,0.0,17,-23.606043,-46.836590
1785631648000,55.3,0.00,0.00,0.00,0.0,17,-23.606044,-46.836608
1785631648200,55.3,0.00,0.00,0.00,0.0,17,-23.606048,-46.836641
1785631648200,55.3,0.00,0.00,0.00,0.0,17,-23.606048,-46.836641
1785631648300,55.2,0.00,0.00,0.00,0.0,17,-23.606048,-46.836660
1785631648500,55.2,0.00,0.00,0.00,0.0,17,-23.606051,-46.836694
1785631648500,55.2,0.00,0.00,0.00,0.0,17,-23.606051,-46.836694
1785631648600,54.7,0.00,0.00,0.00,0.0,17,-23.606050,-46.836712
1785631648800,54.7,0.00,0.00,0.00,0.0,17,-23.606050,-46.836745
1785631648800,53.8,0.00,0.00,0.00,0.0,17,-23.606050,-46.836745
1785631649000,53.4,0.00,0.00,0.00,0.0,17,-23.606048,-46.836778
1785631649100,53.4,0.00,0.00,0.00,0.0,17,-23.606042,-46.836796
1785631649100,53.0,0.00,0.00,0.00,0.0,17,-23.606042,-46.836796
1785631649300,52.8,0.00,0.00,0.00,0.0,17,-23.606036,-46.836829
1785631649400,52.8,0.00,0.00,0.00,0.0,17,-23.606026,-46.836847
1785631649600,53.2,0.00,0.00,0.00,0.0,17,-23.606014,-46.836879
1785631649800,54.2,0.00,0.00,0.00,0.0,17,-23.605995,-46.836911
1785631649900,54.2,0.00,0.00,0.00,0.0,17,-23.605979,-46.836928
1785631649900,54.9,0.00,0.00,0.00,0.0,17,-23.605979,-46.836928
1785631650100,57.1,0.00,0.00,0.00,0.0,17,-23.605950,-46.836959
1785631650200,58.6,0.00,0.00,0.00,0.0,17,-23.605923,-46.836974
1785631650400,59.4,0.00,0.00,0.00,0.0,17,-23.605888,-46.836998
1785631650500,59.8,0.00,0.00,0.00,0.0,17,-23.605863,-46.837008
1785631650700,62.1,0.00,0.00,0.00,0.0,17,-23.605819,-46.837025
1785631650800,62.7,0.00,0.00,0.00,0.0,17,-23.605792,-46.837031
1785631650900,62.7,0.00,0.00,0.00,0.0,17,-23.605766,-46.837036
1785631650900,63.1,0.00,0.00,0.00,0.0,17,-23.605766,-46.837036
1785631651100,64.2,0.00,0.00,0.00,0.0,17,-23.605722,-46.837047
1785631651200,64.9,0.00,0.00,0.00,0.0,17,-23.605696,-46.837053
1785631651300,64.9,0.00,0.00,0.00,0.0,17,-23.605669,-46.837057
1785631651300,65.5,0.00,0.00,0.00,0.0,17,-23.605669,-46.837057
1785631651500,67.2,0.00,0.00,0.00,0.0,17,-23.605624,-46.837066
1785631651600,68.7,0.00,0.00,0.00,0.0,17,-23.605594,-46.837068
1785631651700,68.9,0.00,0.00,0.00,0.0,17,-23.605572,-46.837077
1785631651900,69.3,0.00,0.00,0.00,0.0,17,-23.605533,-46.837092
1785631652000,69.2,0.00,0.00,0.00,0.0,17,-23.605511,-46.837102
1785631652100,69.9,0.00,0.00,0.00,0.0,17,-23.605489,-46.837110
1785631652300,69.9,0.00,0.00,0.00,0.0,17,-23.605450,-46.837125
1785631652300,69.8,0.00,0.00,0.00,0.0,17,-23.605450,-46.837125
1785631652400,69.6,0.00,0.00,0.00,0.0,17,-23.605429,-46.837134
1785631652600,69.2,0.00,0.00,0.00,0.0,17,-23.605390,-46.837149
1785631652700,69.2,0.00,0.00,0.00,0.0,17,-23.605369,-46.837157
1785631652700,68.9,0.00,0.00,0.00,0.0,17,-23.605369,-46.837157
1785631652900,68.6,0.00,0.00,0.00,0.0,17,-23.605331,-46.837170
1785631653000,68.2,0.00,0.00,0.00,0.0,17,-23.605309,-46.837177
1785631653200,67.8,0.00,0.00,0.00,0.0,17,-23.605272,-46.837187
1785631653300,67.8,0.00,0.00,0.00,0.0,16,-23.605250,-46.837192
1785631653300,67.7,0.00,0.00,0.00,0.0,16,-23.605250,-46.837192
1785631653500,67.7,0.00,0.00,0.00,0.0,17,-23.605213,-46.837199
1785631653500,67.6,0.00,0.00,0.00,0.0,17,-23.605213,-46.837199
1785631653600,67.4,0.00,0.00,0.00,0.0,17,-23.605193,-46.837203
1785631653800,67.2,0.00,0.00,0.00,0.0,17,-23.605157,-46.837206
1785631653900,67.2,0.00,0.00,0.00,0.0,17,-23.605137,-46.837206
1785631653900,67.3,0.00,0.00,0.00,0.0,17,-23.605137,-46.837206
1785631654100,67.4,0.00,0.00,0.00,0.0,17,-23.605101,-46.837206
1785631654200,67.6,0.00,0.00,0.00,0.0,17,-23.605081,-46.837203
1785631654400,67.7,0.00,0.00,0.00,0.0,17,-23.605045,-46.837199
1785631654500,67.7,0.00,0.00,0.00,0.0,17,-23.605025,-46.837194
1785631654500,68.1,0.00,0.00,0.00,0.0,17,-23.605025,-46.837194
1785631654700,68.5,0.00,0.00,0.00,0.0,17,-23.604989,-46.837186
1785631654800,68.5,0.00,0.00,0.00,0.0,17,-23.604969,-46.837177
1785631654800,69.0,0.00,0.00,0.00,0.0,17,-23.604969,-46.837177
1785631655000,69.8,0.00,0.00,0.00,0.0,17,-23.604933,-46.837163
1785631655100,70.1,0.00,0.00,0.00,0.0,17,-23.604915,-46.837151
1785631655300,70.1,0.00,0.00,0.00,0.0,17,-23.604881,-46.837133
1785631655300,70.3,0.00,0.00,0.00,0.0,17,-23.604881,-46.837133
1785631655500,69.5,0.00,0.00,0.00,0.0,17,-23.604849,-46.837114
1785631655600,69.5,0.00,0.00,0.00,0.0,17,-23.604835,-46.837101
1785631655600,68.6,0.00,0.00,0.00,0.0,17,-23.604835,-46.837101
1785631655700,67.6,0.00,0.00,0.00,0.0,17,-23.604822,-46.837088
1785631655900,66.9,0.00,0.00,0.00,0.0,17,-23.604794,-46.837066
1785631656000,66.3,0.00,0.00,0.00,0.0,17,-23.604781,-46.837052
1785631656100,65.8,0.00,0.00,0.00,0.0,17,-23.604769,-46.837039
1785631656300,64.6,0.00,0.00,0.00,0.0,17,-23.604743,-46.837016
1785631656400,63.6,0.00,0.00,0.00,0.0,17,-23.604733,-46.837002
1785631656500,62.5,0.00,0.00,0.00,0.0,17,-23.604723,-46.836988
1785631656700,60.9,0.00,0.00,0.00,0.0,17,-23.604702,-46.836965
1785631656800,59.5,0.00,0.00,0.00,0.0,17,-23.604694,-46.836952
1785631657000,57.7,0.00,0.00,0.00,0.0,17,-23.604677,-46.836928
1785631657100,57.7,0.00,0.00,0.00,0.0,17,-23.604673,-46.836915
1785631657100,56.0,0.00,0.00,0.00,0.0,17,-23.604673,-46.836915
1785631657300,53.8,0.00,0.00,0.00,0.0,17,-23.604661,-46.836892
1785631657400,51.3,0.00,0.00,0.00,0.0,17,-23.604660,-46.836880
1785631657500,48.9,0.00,0.00,0.00,0.0,17,-23.604661,-46.836867
1785631657700,46.5,0.00,0.00,0.00,0.0,17,-23.604657,-46.836844
1785631657800,46.5,0.00,0.00,0.00,0.0,17,-23.604662,-46.836832
1785631657800,44.5,0.00,0.00,0.00,0.0,17,-23.604662,-46.836832
1785631657900,42.8,0.00,0.00,0.00,0.0,17,-23.604671,-46.836819
1785631658100,39.9,0.00,0.00,0.00,0.0,17,-23.604678,-46.836798
1785631658200,37.5,0.00,0.00,0.00,0.0,17,-23.604694,-46.836789
1785631658400,34.4,0.00,0.00,0.00,0.0,17,-23.604712,-46.836773
1785631658500,34.4,0.00,0.00,0.00,0.0,17,-23.604724,-46.836767
1785631658500,33.0,0.00,0.00,0.00,0.0,17,-23.604724,-46.836767
1785631658700,29.9,0.00,0.00,0.00,0.0,17,-23.604740,-46.836756
1785631658800,27.3,0.00,0.00,0.00,0.0,17,-23.604754,-46.836754
1785631659000,25.6,0.00,0.00,0.00,0.0,17,-23.604770,-46.836746
1785631659100,25.6,0.00,0.00,0.00,0.0,17,-23.604784,-46.836747
1785631659100,24.2,0.00,0.00,0.00,0.0,17,-23.604784,-46.836747
1785631659300,24.2,0.00,0.00,0.00,0.0,17,-23.604800,-46.836745
1785631659300,22.7,0.00,0.00,0.00,0.0,17,-23.604800,-46.836745
1785631659500,22.7,0.00,0.00,0.00,0.0,17,-23.604815,-46.836745
1785631659500,20.9,0.00,0.00,0.00,0.0,17,-23.604815,-46.836745
1785631659600,19.5,0.00,0.00,0.00,0.0,17,-23.604827,-46.836753
1785631659700,18.4,0.00,0.00,0.00,0.0,17,-23.604841,-46.836765
1785631659900,19.5,0.00,0.00,0.00,0.0,17,-23.604862,-46.836783
1785631660100,25.4,0.00,0.00,0.00,0.0,17,-23.604888,-46.836804
1785631660200,31.9,0.00,0.00,0.00,0.0,17,-23.604911,-46.836826
1785631660400,34.6,0.00,0.00,0.00,0.0,17,-23.604937,-46.836844
1785631660500,36.5,0.00,0.00,0.00,0.0,17,-23.604953,-46.836855
1785631660700,36.0,0.00,0.00,0.00,0.0,17,-23.604975,-46.836867
1785631660900,35.9,0.00,0.00,0.00,0.0,17,-23.604998,-46.836877
1785631661000,35.7,0.00,0.00,0.00,0.0,17,-23.605012,-46.836883
1785631661200,35.4,0.00,0.00,0.00,0.0,17,-23.605035,-46.836892
1785631661400,35.4,0.00,0.00,0.00,0.0,17,-23.605057,-46.836898
1785631661500,35.5,0.00,0.00,0.00,0.0,17,-23.605070,-46.836899
1785631661700,35.7,0.00,0.00,0.00,0.0,17,-23.605090,-46.836899
1785631661900,35.7,0.00,0.00,0.00,0.0,17,-23.605110,-46.836894
1785631661900,36.2,0.00,0.00,0.00,0.0,17,-23.605110,-46.836894
1785631662100,37.1,0.00,0.00,0.00,0.0,17,-23.605130,-46.836886
1785631662200,38.2,0.00,0.00,0.00,0.0,17,-23.605141,-46.836875
1785631662400,40.1,0.00,0.00,0.00,0.0,17,-23.605160,-46.836856
1785631662600,40.0,0.00,0.00,0.00,0.0,17,-23.605176,-46.836834
1785631662800,41.4,0.00,0.00,0.00,0.0,17,-23.605187,-46.836805
1785631663000,41.4,0.00,0.00,0.00,0.0,17,-23.605194,-46.836771
1785631663000,44.3,0.00,0.00,0.00,0.0,17,-23.605194,-46.836771
1785631663100,47.3,0.00,0.00,0.00,0.0,17,-23.605190,-46.836742
1785631663300,47.3,0.00,0.00,0.00,0.0,17,-23.605206,-46.836715
1785631663300,50.6,0.00,0.00,0.00,0.0,17,-23.605206,-46.836715
1785631663500,50.7,0.00,0.00,0.00,0.0,17,-23.605219,-46.836686
1785631663700,51.0,0.00,0.00,0.00,0.0,17,-23.605233,-46.836660
1785631663900,51.0,0.00,0.00,0.00,0.0,17,-23.605248,-46.836633
1785631664100,50.2,0.00,0.00,0.00,0.0,17,-23.605264,-46.836610
1785631664300,49.8,0.00,0.00,0.00,0.0,17,-23.605281,-46.836588
1785631664500,49.0,0.00,0.00,0.00,0.0,17,-23.605298,-46.836567
1785631664800,49.0,0.00,0.00,0.00,0.0,17,-23.605321,-46.836538
1785631664800,47.5,0.00,0.00,0.00,0.0,17,-23.605321,-46.836538
1785631665000,45.6,0.00,0.00,0.00,0.0,17,-23.605338,-46.836523
1785631665300,42.5,0.00,0.00,0.00,0.0,17,-23.605361,-46.836504
1785631665500,39.0,0.00,0.00,0.00,0.0,17,-23.605377,-46.836498
1785631665800,35.7,0.00,0.00,0.00,0.0,17,-23.605399,-46.836489
1785631666000,32.9,0.00,0.00,0.00,0.0,17,-23.605415,-46.836494
1785631666200,31.0,0.00,0.00,0.00,0.0,17,-23.605432,-46.836504
1785631666500,30.4,0.00,0.00,0.00,0.0,16,-23.605456,-46.836521
1785631666700,30.4,0.00,0.00,0.00,0.0,16,-23.605471,-46.836548
1785631666700,30.9,0.00,0.00,0.00,0.0,16,-23.605471,-46.836548
1785631666900,34.4,0.00,0.00,0.00,0.0,16,-23.605483,-46.836592
1785631667100,41.5,0.00,0.00,0.00,0.0,16,-23.605502,-46.836641
1785631667300,41.5,0.00,0.00,0.00,0.0,16,-23.605536,-46.836679
1785631667300,48.4,0.00,0.00,0.00,0.0,16,-23.605536,-46.836679
1785631667400,48.4,0.00,0.00,0.00,0.0,16,-23.605546,-46.836691
1785631667400,47.5,0.00,0.00,0.00,0.0,16,-23.605546,-46.836691
1785631667600,47.6,0.00,0.00,0.00,0.0,16,-23.605566,-46.836716
1785631667900,46.2,0.00,0.00,0.00,0.0,16,-23.605592,-46.836749
1785631668100,45.6,0.00,0.00,0.00,0.0,16,-23.605609,-46.836773
1785631668400,45.5,0.00,0.00,0.00,0.0,16,-23.605636,-46.836805
1785631668600,45.4,0.00,0.00,0.00,0.0,16,-23.605660,-46.836823
1785631668900,44.1,0.00,0.00,0.00,0.0,16,-23.605691,-46.836835
1785631669100,42.6,0.00,0.00,0.00,0.0,16,-23.605711,-46.836836
1785631669300,41.4,0.00,0.00,0.00,0.0,16,-23.605732,-46.836835
1785631669600,41.4,0.00,0.00,0.00,0.0,17,-23.605762,-46.836827
1785631669600,40.6,0.00,0.00,0.00,0.0,17,-23.605762,-46.836827
1785631669800,39.0,0.00,0.00,0.00,0.0,17,-23.605778,-46.836813
1785631670100,39.0,0.00,0.00,0.00,0.0,17,-23.605798,-46.836794
1785631670100,35.6,0.00,0.00,0.00,0.0,17,-23.605798,-46.836794
1785631670400,32.7,0.00,0.00,0.00,0.0,17,-23.605810,-46.836768
1785631670700,29.8,0.00,0.00,0.00,0.0,17,-23.605814,-46.836736
1785631670900,29.8,0.00,0.00,0.00,0.0,17,-23.605783,-46.836686
1785631670900,29.7,0.00,0.00,0.00,0.0,17,-23.605783,-46.836686
1785631671200,37.0,0.00,0.00,0.00,0.0,17,-23.605755,-46.836626
1785631671500,48.0,0.00,0.00,0.00,0.0,17,-23.605716,-46.836557
1785631671800,49.8,0.00,0.00,0.00,0.0,17,-23.605698,-46.836509
1785631672100,49.9,0.00,0.00,0.00,0.0,17,-23.605681,-46.836464
1785631672400,49.4,0.00,0.00,0.00,0.0,17,-23.605660,-46.836421
1785631672700,49.5,0.00,0.00,0.00,0.0,17,-23.605637,-46.836382
1785631673100,49.2,0.00,0.00,0.00,0.0,17,-23.605604,-46.836337
1785631673400,48.9,0.00,0.00,0.00,0.0,17,-23.605576,-46.836307
1785631673700,48.9,0.00,0.00,0.00,0.0,17,-23.605547,-46.836280
1785631673700,48.2,0.00,0.00,0.00,0.0,17,-23.605547,-46.836280
1785631674100,45.2,0.00,0.00,0.00,0.0,17,-23.605508,-46.836250
1785631674400,43.3,0.00,0.00,0.00,0.0,17,-23.605476,-46.836235
1785631674700,41.4,0.00,0.00,0.00,0.0,17,-23.605440,-46.836228
1785631675100,39.6,0.00,0.00,0.00,0.0,17,-23.605392,-46.836229
1785631675400,44.0,0.00,0.00,0.00,0.0,17,-23.605344,-46.836255
1785631675700,54.8,0.00,0.00,0.00,0.0,17,-23.605283,-46.836300
1785631676000,57.5,0.00,0.00,0.00,0.0,17,-23.605234,-46.836325
1785631676300,58.7,0.00,0.00,0.00,0.0,17,-23.605187,-46.836346
1785631676600,58.7,0.00,0.00,0.00,0.0,17,-23.605141,-46.836367
1785631676800,58.7,0.00,0.00,0.00,0.0,17,-23.605109,-46.836381
1785631677000,58.9,0.00,0.00,0.00,0.0,17,-23.605078,-46.836396
1785631677200,58.9,0.00,0.00,0.00,0.0,17,-23.605045,-46.836410
1785631677200,59.7,0.00,0.00,0.00,0.0,17,-23.605045,-46.836410
1785631677400,59.7,0.00,0.00,0.00,0.0,17,-23.605014,-46.836423
1785631677400,59.8,0.00,0.00,0.00,0.0,17,-23.605014,-46.836423
1785631677600,59.9,0.00,0.00,0.00,0.0,17,-23.604983,-46.836435
1785631677800,60.1,0.00,0.00,0.00,0.0,17,-23.604952,-46.836447
1785631678000,60.1,0.00,0.00,0.00,0.0,17,-23.604922,-46.836459
1785631678000,60.7,0.00,0.00,0.00,0.0,17,-23.604922,-46.836459
1785631678200,60.7,0.00,0.00,0.00,0.0,17,-23.604891,-46.836472
1785631678200,61.1,0.00,0.00,0.00,0.0,17,-23.604891,-46.836472
1785631678400,61.3,0.00,0.00,0.00,0.0,17,-23.604860,-46.836485
1785631678600,61.4,0.00,0.00,0.00,0.0,17,-23.604830,-46.836498
1785631678800,61.8,0.00,0.00,0.00,0.0,17,-23.604800,-46.836510
1785631679000,62.3,0.00,0.00,0.00,0.0,17,-23.604770,-46.836523
1785631679200,62.9,0.00,0.00,0.00,0.0,17,-23.604740,-46.836537
1785631679400,63.8,0.00,0.00,0.00,0.0,17,-23.604710,-46.836552
1785631679600,64.3,0.00,0.00,0.00,0.0,17,-23.604681,-46.836567
1785631679800,64.8,0.00,0.00,0.00,0.0,17,-23.604652,-46.836583
1785631679900,65.1,0.00,0.00,0.00,0.0,17,-23.604637,-46.836592
1785631680100,65.4,0.00,0.00,0.00,0.0,17,-23.604609,-46.836610
1785631680300,65.1,0.00,0.00,0.00,0.0,17,-23.604581,-46.836628
1785631680500,64.3,0.00,0.00,0.00,0.0,17,-23.604553,-46.836647
1785631680700,63.7,0.00,0.00,0.00,0.0,17,-23.604527,-46.836666
1785631680900,63.4,0.00,0.00,0.00,0.0,17,-23.604501,-46.836686
1785631681200,61.7,0.00,0.00,0.00,0.0,17,-23.604463,-46.836716
1785631681400,59.7,0.00,0.00,0.00,0.0,17,-23.604441,-46.836736
1785631681600,57.5,0.00,0.00,0.00,0.0,17,-23.604422,-46.836757
1785631681900,54.6,0.00,0.00,0.00,0.0,17,-23.604394,-46.836788
1785631682100,51.3,0.00,0.00,0.00,0.0,17,-23.604383,-46.836811
1785631682300,51.3,0.00,0.00,0.00,0.0,17,-23.604373,-46.836835
1785631682300,49.2,0.00,0.00,0.00,0.0,17,-23.604373,-46.836835
1785631682500,49.2,0.00,0.00,0.00,0.0,16,-23.604367,-46.836860
1785631682500,47.3,0.00,0.00,0.00,0.0,16,-23.604367,-46.836860
1785631682700,45.6,0.00,0.00,0.00,0.0,16,-23.604367,-46.836888
1785631682900,43.9,0.00,0.00,0.00,0.0,16,-23.604374,-46.836917
1785631683100,42.6,0.00,0.00,0.00,0.0,16,-23.604392,-46.836949
1785631683300,42.6,0.00,0.00,0.00,0.0,16,-23.604420,-46.836983
1785631683300,43.1,0.00,0.00,0.00,0.0,16,-23.604420,-46.836983
1785631683500,43.1,0.00,0.00,0.00,0.0,16,-23.604466,-46.837030
1785631683500,50.5,0.00,0.00,0.00,0.0,16,-23.604466,-46.837030
1785631683700,60.9,0.00,0.00,0.00,0.0,16,-23.604512,-46.837088
1785631683900,61.0,0.00,0.00,0.00,0.0,16,-23.604531,-46.837124
1785631684100,60.9,0.00,0.00,0.00,0.0,16,-23.604554,-46.837159
1785631684300,60.6,0.00,0.00,0.00,0.0,16,-23.604575,-46.837195
1785631684500,60.6,0.00,0.00,0.00,0.0,16,-23.604595,-46.837232
1785631684500,59.8,0.00,0.00,0.00,0.0,16,-23.604595,-46.837232
1785631684700,59.0,0.00,0.00,0.00,0.0,16,-23.604616,-46.837270
1785631684900,58.5,0.00,0.00,0.00,0.0,16,-23.604633,-46.837309
1785631685100,58.3,0.00,0.00,0.00,0.0,16,-23.604648,-46.837350
1785631685200,58.4,0.00,0.00,0.00,0.0,16,-23.604654,-46.837375
1785631685400,58.5,0.00,0.00,0.00,0.0,16,-23.604659,-46.837411
1785631685600,58.2,0.00,0.00,0.00,0.0,16,-23.604656,-46.837443
1785631685700,57.5,0.00,0.00,0.00,0.0,16,-23.604651,-46.837459
1785631685900,56.8,0.00,0.00,0.00,0.0,16,-23.604644,-46.837490
1785631686100,56.4,0.00,0.00,0.00,0.0,16,-23.604631,-46.837520
1785631686300,55.3,0.00,0.00,0.00,0.0,17,-23.604616,-46.837547
1785631686500,55.3,0.00,0.00,0.00,0.0,17,-23.604593,-46.837571
1785631686700,53.4,0.00,0.00,0.00,0.0,17,-23.604573,-46.837592
1785631686900,50.6,0.00,0.00,0.00,0.0,17,-23.604550,-46.837608
1785631687000,50.6,0.00,0.00,0.00,0.0,17,-23.604530,-46.837608
1785631687000,47.9,0.00,0.00,0.00,0.0,17,-23.604530,-46.837608
1785631687200,45.9,0.00,0.00,0.00,0.0,17,-23.604506,-46.837619
1785631687400,44.1,0.00,0.00,0.00,0.0,17,-23.604481,-46.837626
1785631687600,42.4,0.00,0.00,0.00,0.0,17,-23.604456,-46.837629
1785631687700,41.4,0.00,0.00,0.00,0.0,17,-23.604437,-46.837622
1785631687900,41.4,0.00,0.00,0.00,0.0,17,-23.604409,-46.837617
1785631687900,40.2,0.00,0.00,0.00,0.0,17,-23.604409,-46.837617
1785631688100,39.6,0.00,0.00,0.00,0.0,17,-23.604380,-46.837605
1785631688200,40.2,0.00,0.00,0.00,0.0,17,-23.604358,-46.837586
1785631688400,41.8,0.00,0.00,0.00,0.0,17,-23.604327,-46.837563
1785631688600,41.4,0.00,0.00,0.00,0.0,17,-23.604301,-46.837542
1785631688700,38.9,0.00,0.00,0.00,0.0,17,-23.604290,-46.837522
1785631688900,37.2,0.00,0.00,0.00,0.0,17,-23.604270,-46.837503
1785631689100,35.3,0.00,0.00,0.00,0.0,17,-23.604253,-46.837483
1785631689300,34.2,0.00,0.00,0.00,0.0,17,-23.604238,-46.837462
1785631689500,34.0,0.00,0.00,0.00,0.0,17,-23.604227,-46.837439
1785631689700,34.2,0.00,0.00,0.00,0.0,17,-23.604217,-46.837417
1785631689900,34.4,0.00,0.00,0.00,0.0,17,-23.604213,-46.837393
1785631690100,34.4,0.00,0.00,0.00,0.0,17,-23.604211,-46.837370
1785631690300,36.0,0.00,0.00,0.00,0.0,17,-23.604220,-46.837338
1785631690500,42.8,0.00,0.00,0.00,0.0,17,-23.604246,-46.837291
1785631690600,45.6,0.00,0.00,0.00,0.0,17,-23.604255,-46.837269
1785631690800,46.5,0.00,0.00,0.00,0.0,17,-23.604260,-46.837239
1785631691000,46.6,0.00,0.00,0.00,0.0,17,-23.604264,-46.837209
1785631691100,46.6,0.00,0.00,0.00,0.0,17,-23.604267,-46.837192
1785631691100,46.8,0.00,0.00,0.00,0.0,17,-23.604267,-46.837192
1785631691300,47.0,0.00,0.00,0.00,0.0,17,-23.604269,-46.837162
1785631691400,47.1,0.00,0.00,0.00,0.0,17,-23.604270,-46.837144
1785631691600,48.0,0.00,0.00,0.00,0.0,17,-23.604271,-46.837113
1785631691800,48.0,0.00,0.00,0.00,0.0,17,-23.604270,-46.837082
1785631691800,48.5,0.00,0.00,0.00,0.0,17,-23.604270,-46.837082
1785631691900,49.1,0.00,0.00,0.00,0.0,17,-23.604270,-46.837064
1785631692100,49.1,0.00,0.00,0.00,0.0,17,-23.604268,-46.837033
1785631692100,49.0,0.00,0.00,0.00,0.0,17,-23.604268,-46.837033
1785631692200,48.9,0.00,0.00,0.00,0.0,17,-23.604268,-46.837015
1785631692400,48.4,0.00,0.00,0.00,0.0,17,-23.604265,-46.836985
1785631692600,47.9,0.00,0.00,0.00,0.0,17,-23.604260,-46.836956
1785631692700,48.2,0.00,0.00,0.00,0.0,17,-23.604256,-46.836941
1785631692900,48.2,0.00,0.00,0.00,0.0,17,-23.604247,-46.836914
1785631692900,47.7,0.00,0.00,0.00,0.0,17,-23.604247,-46.836914
1785631693100,48.0,0.00,0.00,0.00,0.0,17,-23.604236,-46.836888
1785631693300,49.3,0.00,0.00,0.00,0.0,17,-23.604222,-46.836863
1785631693500,50.4,0.00,0.00,0.00,0.0,17,-23.604202,-46.836840
1785631693700,50.4,0.00,0.00,0.00,0.0,17,-23.604177,-46.836821
1785631693700,50.0,0.00,0.00,0.00,0.0,17,-23.604177,-46.836821
1785631693900,49.6,0.00,0.00,0.00,0.0,17,-23.604160,-46.836799
1785631694200,49.8,0.00,0.00,0.00,0.0,17,-23.604137,-46.836764
1785631694500,49.3,0.00,0.00,0.00,0.0,17,-23.604115,-46.836729
1785631694800,46.9,0.00,0.00,0.00,0.0,17,-23.604099,-46.836695
1785631695100,44.4,0.00,0.00,0.00,0.0,17,-23.604086,-46.836662
1785631695400,44.4,0.00,0.00,0.00,0.0,17,-23.604079,-46.836630
1785631695400,41.6,0.00,0.00,0.00,0.0,17,-23.604079,-46.836630
1785631695700,37.9,0.00,0.00,0.00,0.0,17,-23.604080,-46.836599
1785631696000,36.0,0.00,0.00,0.00,0.0,17,-23.604088,-46.836569
1785631696300,35.2,0.00,0.00,0.00,0.0,17,-23.604101,-46.836540
1785631696700,34.8,0.00,0.00,0.00,0.0,17,-23.604123,-46.836505
1785631697100,36.1,0.00,0.00,0.00,0.0,17,-23.604160,-46.836475
1785631697500,39.9,0.00,0.00,0.00,0.0,17,-23.604217,-46.836453
1785631697800,47.0,0.00,0.00,0.00,0.0,17,-23.604281,-46.836444
1785631698000,56.4,0.00,0.00,0.00,0.0,17,-23.604351,-46.836449
1785631698200,57.4,0.00,0.00,0.00,0.0,17,-23.604393,-46.836440
1785631698400,57.7,0.00,0.00,0.00,0.0,17,-23.604433,-46.836431
1785631698500,57.9,0.00,0.00,0.00,0.0,17,-23.604456,-46.836426
1785631698700,58.5,0.00,0.00,0.00,0.0,17,-23.604490,-46.836415
1785631698900,59.8,0.00,0.00,0.00,0.0,17,-23.604524,-46.836404
1785631699100,61.1,0.00,0.00,0.00,0.0,17,-23.604559,-46.836393
1785631699300,61.3,0.00,0.00,0.00,0.0,17,-23.604594,-46.836382
1785631699400,61.4,0.00,0.00,0.00,0.0,17,-23.604612,-46.836376
1785631699600,61.4,0.00,0.00,0.00,0.0,17,-23.604643,-46.836364
1785631699600,62.3,0.00,0.00,0.00,0.0,17,-23.604643,-46.836364
1785631699700,63.5,0.00,0.00,0.00,0.0,17,-23.604659,-46.836357
1785631699900,63.5,0.00,0.00,0.00,0.0,17,-23.604691,-46.836345
1785631699900,64.5,0.00,0.00,0.00,0.0,17,-23.604691,-46.836345
1785631700000,64.8,0.00,0.00,0.00,0.0,17,-23.604707,-46.836338
1785631700200,65.1,0.00,0.00,0.00,0.0,17,-23.604738,-46.836326
1785631700300,65.6,0.00,0.00,0.00,0.0,17,-23.604755,-46.836320
1785631700500,65.6,0.00,0.00,0.00,0.0,17,-23.604788,-46.836308
1785631700500,66.4,0.00,0.00,0.00,0.0,17,-23.604788,-46.836308
1785631700600,67.3,0.00,0.00,0.00,0.0,17,-23.604805,-46.836301
1785631700800,68.2,0.00,0.00,0.00,0.0,17,-23.604838,-46.836289
1785631700900,68.8,0.00,0.00,0.00,0.0,17,-23.604855,-46.836283
1785631701100,68.8,0.00,0.00,0.00,0.0,17,-23.604889,-46.836272
1785631701100,69.2,0.00,0.00,0.00,0.0,17,-23.604889,-46.836272
1785631701200,69.6,0.00,0.00,0.00,0.0,17,-23.604907,-46.836266
1785631701400,70.7,0.00,0.00,0.00,0.0,17,-23.604941,-46.836254
1785631701600,70.7,0.00,0.00,0.00,0.0,17,-23.604976,-46.836242
1785631701600,71.4,0.00,0.00,0.00,0.0,17,-23.604976,-46.836242
1785631701700,71.9,0.00,0.00,0.00,0.0,17,-23.604994,-46.836236
1785631701900,72.9,0.00,0.00,0.00,0.0,17,-23.605030,-46.836224
1785631702000,73.3,0.00,0.00,0.00,0.0,17,-23.605048,-46.836217
1785631702200,73.6,0.00,0.00,0.00,0.0,17,-23.605083,-46.836205
1785631702300,73.9,0.00,0.00,0.00,0.0,17,-23.605102,-46.836199
1785631702500,74.0,0.00,0.00,0.00,0.0,17,-23.605138,-46.836186
1785631702700,74.0,0.00,0.00,0.00,0.0,17,-23.605173,-46.836174
1785631702700,73.6,0.00,0.00,0.00,0.0,17,-23.605173,-46.836174
1785631702800,73.9,0.00,0.00,0.00,0.0,17,-23.605192,-46.836169
1785631703000,73.9,0.00,0.00,0.00,0.0,17,-23.605229,-46.836159
1785631703000,74.9,0.00,0.00,0.00,0.0,17,-23.605229,-46.836159
1785631703100,74.9,0.00,0.00,0.00,0.0,17,-23.605248,-46.836154
1785631703300,74.8,0.00,0.00,0.00,0.0,17,-23.605284,-46.836143
1785631703500,74.2,0.00,0.00,0.00,0.0,16,-23.605321,-46.836132
1785631703600,74.2,0.00,0.00,0.00,0.0,16,-23.605339,-46.836127
1785631703600,74.0,0.00,0.00,0.00,0.0,16,-23.605339,-46.836127
1785631703800,73.7,0.00,0.00,0.00,0.0,16,-23.605375,-46.836116
1785631703900,73.4,0.00,0.00,0.00,0.0,16,-23.605392,-46.836110
1785631704100,73.5,0.00,0.00,0.00,0.0,16,-23.605428,-46.836099
1785631704200,73.1,0.00,0.00,0.00,0.0,16,-23.605445,-46.836093
1785631704400,72.0,0.00,0.00,0.00,0.0,16,-23.605480,-46.836082
1785631704500,72.0,0.00,0.00,0.00,0.0,16,-23.605498,-46.836076
1785631704600,71.9,0.00,0.00,0.00,0.0,16,-23.605515,-46.836071
1785631704800,71.9,0.00,0.00,0.00,0.0,16,-23.605549,-46.836059
1785631704800,71.6,0.00,0.00,0.00,0.0,16,-23.605549,-46.836059
1785631704900,71.6,0.00,0.00,0.00,0.0,16,-23.605567,-46.836054
1785631704900,71.2,0.00,0.00,0.00,0.0,16,-23.605567,-46.836054
1785631705100,71.2,0.00,0.00,0.00,0.0,16,-23.605601,-46.836043
1785631705100,70.7,0.00,0.00,0.00,0.0,16,-23.605601,-46.836043
1785631705200,70.7,0.00,0.00,0.00,0.0,16,-23.605618,-46.836038
1785631705200,70.3,0.00,0.00,0.00,0.0,16,-23.605618,-46.836038
1785631705300,70.1,0.00,0.00,0.00,0.0,16,-23.605635,-46.836034
1785631705500,70.1,0.00,0.00,0.00,0.0,16,-23.605668,-46.836025
1785631705500,69.7,0.00,0.00,0.00,0.0,16,-23.605668,-46.836025
1785631705600,69.2,0.00,0.00,0.00,0.0,16,-23.605684,-46.836021
1785631705800,68.5,0.00,0.00,0.00,0.0,16,-23.605716,-46.836014
1785631705900,67.7,0.00,0.00,0.00,0.0,16,-23.605732,-46.836013
1785631706000,67.0,0.00,0.00,0.00,0.0,16,-23.605747,-46.836012
1785631706200,67.0,0.00,0.00,0.00,0.0,16,-23.605779,-46.836009
1785631706200,66.0,0.00,0.00,0.00,0.0,16,-23.605779,-46.836009
1785631706300,65.3,0.00,0.00,0.00,0.0,16,-23.605794,-46.836010
1785631706500,64.3,0.00,0.00,0.00,0.0,16,-23.605824,-46.836009
1785631706600,63.5,0.00,0.00,0.00,0.0,16,-23.605838,-46.836012
1785631706800,62.4,0.00,0.00,0.00,0.0,16,-23.605867,-46.836016
1785631706900,60.9,0.00,0.00,0.00,0.0,16,-23.605879,-46.836021
1785631707100,59.3,0.00,0.00,0.00,0.0,16,-23.605905,-46.836029
1785631707200,57.7,0.00,0.00,0.00,0.0,16,-23.605915,-46.836037
1785631707400,55.7,0.00,0.00,0.00,0.0,16,-23.605937,-46.836050
1785631707500,54.0,0.00,0.00,0.00,0.0,16,-23.605944,-46.836062
1785631707700,50.9,0.00,0.00,0.00,0.0,16,-23.605959,-46.836084
1785631707900,50.9,0.00,0.00,0.00,0.0,17,-23.605971,-46.836107
1785631707900,48.5,0.00,0.00,0.00,0.0,17,-23.605971,-46.836107
1785631708000,47.4,0.00,0.00,0.00,0.0,17,-23.605971,-46.836127
1785631708200,45.2,0.00,0.00,0.00,0.0,17,-23.605977,-46.836154
1785631708400,43.4,0.00,0.00,0.00,0.0,17,-23.605975,-46.836186
1785631708500,43.0,0.00,0.00,0.00,0.0,17,-23.605964,-46.836210
1785631708700,43.0,0.00,0.00,0.00,0.0,17,-23.605950,-46.836255
1785631708700,46.3,0.00,0.00,0.00,0.0,17,-23.605950,-46.836255
1785631708900,51.2,0.00,0.00,0.00,0.0,17,-23.605935,-46.836301
1785631709100,56.0,0.00,0.00,0.00,0.0,17,-23.605939,-46.836338
1785631709400,56.5,0.00,0.00,0.00,0.0,17,-23.605945,-46.836388
1785631709600,57.7,0.00,0.00,0.00,0.0,17,-23.605949,-46.836424
1785631709800,58.4,0.00,0.00,0.00,0.0,17,-23.605955,-46.836460
1785631710000,60.5,0.00,0.00,0.00,0.0,17,-23.605965,-46.836496
1785631710200,62.3,0.00,0.00,0.00,0.0,17,-23.605975,-46.836534
1785631710500,62.4,0.00,0.00,0.00,0.0,17,-23.605989,-46.836587
1785631710700,62.4,0.00,0.00,0.00,0.0,17,-23.605997,-46.836624
1785631710900,62.0,0.00,0.00,0.00,0.0,17,-23.606005,-46.836660
1785631711200,61.5,0.00,0.00,0.00,0.0,17,-23.606017,-46.836712
1785631711600,60.6,0.00,0.00,0.00,0.0,17,-23.606031,-46.836779
1785631711900,59.6,0.00,0.00,0.00,0.0,17,-23.606035,-46.836829
1785631712200,58.5,0.00,0.00,0.00,0.0,17,-23.606032,-46.836878
1785631712500,58.3,0.00,0.00,0.00,0.0,17,-23.606020,-46.836928
1785631712800,58.3,0.00,0.00,0.00,0.0,17,-23.605998,-46.836977
1785631712800,58.5,0.00,0.00,0.00,0.0,17,-23.605998,-46.836977
1785631713200,59.5,0.00,0.00,0.00,0.0,17,-23.605960,-46.837040
1785631713500,59.5,0.00,0.00,0.00,0.0,17,-23.605916,-46.837080
1785631713500,59.9,0.00,0.00,0.00,0.0,17,-23.605916,-46.837080
1785631713900,59.9,0.00,0.00,0.00,0.0,17,-23.605851,-46.837126
1785631713900,60.9,0.00,0.00,0.00,0.0,17,-23.605851,-46.837126
1785631714200,62.7,0.00,0.00,0.00,0.0,17,-23.605787,-46.837149
1785631714500,65.0,0.00,0.00,0.00,0.0,17,-23.605708,-46.837153
1785631714900,70.9,0.00,0.00,0.00,0.0,17,-23.605590,-46.837137
1785631715200,70.1,0.00,0.00,0.00,0.0,17,-23.605526,-46.837155
1785631715400,70.2,0.00,0.00,0.00,0.0,17,-23.605480,-46.837167
1785631715700,69.3,0.00,0.00,0.00,0.0,17,-23.605418,-46.837185
1785631715900,69.3,0.00,0.00,0.00,0.0,17,-23.605375,-46.837196
1785631715900,68.9,0.00,0.00,0.00,0.0,17,-23.605375,-46.837196
1785631716200,68.9,0.00,0.00,0.00,0.0,17,-23.605316,-46.837210
1785631716200,68.5,0.00,0.00,0.00,0.0,17,-23.605316,-46.837210
1785631716400,68.0,0.00,0.00,0.00,0.0,17,-23.605275,-46.837215
1785631716700,68.3,0.00,0.00,0.00,0.0,17,-23.605217,-46.837221
1785631716900,68.1,0.00,0.00,0.00,0.0,17,-23.605175,-46.837219
1785631717200,69.2,0.00,0.00,0.00,0.0,17,-23.605116,-46.837213
1785631717400,70.2,0.00,0.00,0.00,0.0,17,-23.605074,-46.837203
1785631717700,72.2,0.00,0.00,0.00,0.0,17,-23.605013,-46.837185
1785631718000,72.3,0.00,0.00,0.00,0.0,17,-23.604955,-46.837159
1785631718200,70.7,0.00,0.00,0.00,0.0,17,-23.604920,-46.837134
1785631718500,70.1,0.00,0.00,0.00,0.0,17,-23.604870,-46.837105
1785631718700,70.1,0.00,0.00,0.00,0.0,17,-23.604840,-46.837081
1785631718700,68.4,0.00,0.00,0.00,0.0,17,-23.604840,-46.837081
1785631719000,67.3,0.00,0.00,0.00,0.0,17,-23.604795,-46.837047
1785631719300,65.2,0.00,0.00,0.00,0.0,17,-23.604756,-46.837012
1785631719500,63.4,0.00,0.00,0.00,0.0,17,-23.604732,-46.836987
1785631719800,60.7,0.00,0.00,0.00,0.0,17,-23.604700,-46.836954
1785631720000,57.4,0.00,0.00,0.00,0.0,17,-23.604685,-46.836929
1785631720300,53.9,0.00,0.00,0.00,0.0,17,-23.604665,-46.836895
1785631720500,49.9,0.00,0.00,0.00,0.0,17,-23.604660,-46.836871
1785631720800,46.0,0.00,0.00,0.00,0.0,17,-23.604655,-46.836835
1785631721000,42.8,0.00,0.00,0.00,0.0,17,-23.604664,-46.836811
1785631721200,39.0,0.00,0.00,0.00,0.0,17,-23.604680,-46.836790
1785631721400,35.6,0.00,0.00,0.00,0.0,17,-23.604700,-46.836773
1785631721600,32.3,0.00,0.00,0.00,0.0,17,-23.604727,-46.836763
1785631721800,28.1,0.00,0.00,0.00,0.0,17,-23.604751,-46.836756
1785631721900,25.2,0.00,0.00,0.00,0.0,17,-23.604774,-46.836761
1785631722100,24.5,0.00,0.00,0.00,0.0,17,-23.604799,-46.836761
1785631722300,24.4,0.00,0.00,0.00,0.0,17,-23.604828,-46.836767
1785631722400,25.4,0.00,0.00,0.00,0.0,17,-23.604849,-46.836777
1785631722600,27.3,0.00,0.00,0.00,0.0,17,-23.604875,-46.836791
1785631722700,27.3,0.00,0.00,0.00,0.0,17,-23.604895,-46.836810
1785631722700,27.3,0.00,0.00,0.00,0.0,17,-23.604895,-46.836810
1785631722700,30.0,0.00,0.00,0.00,0.0,17,-23.604895,-46.836810
1785631722900,30.0,0.00,0.00,0.00,0.0,17,-23.604920,-46.836837
1785631722900,33.1,0.00,0.00,0.00,0.0,17,-23.604920,-46.836837
1785631723000,39.6,0.00,0.00,0.00,0.0,17,-23.604938,-46.836863
1785631723200,40.0,0.00,0.00,0.00,0.0,17,-23.604958,-46.836880
1785631723400,40.5,0.00,0.00,0.00,0.0,17,-23.604978,-46.836897
1785631723500,40.8,0.00,0.00,0.00,0.0,17,-23.604988,-46.836904
1785631723700,40.4,0.00,0.00,0.00,0.0,17,-23.605006,-46.836916
1785631723800,40.6,0.00,0.00,0.00,0.0,17,-23.605016,-46.836921
1785631724000,40.0,0.00,0.00,0.00,0.0,16,-23.605034,-46.836932
1785631724200,40.0,0.00,0.00,0.00,0.0,16,-23.605052,-46.836941
1785631724200,39.4,0.00,0.00,0.00,0.0,16,-23.605052,-46.836941
1785631724300,38.9,0.00,0.00,0.00,0.0,16,-23.605062,-46.836944
1785631724400,38.5,0.00,0.00,0.00,0.0,16,-23.605071,-46.836947
1785631724600,37.9,0.00,0.00,0.00,0.0,16,-23.605089,-46.836952
1785631724700,37.1,0.00,0.00,0.00,0.0,16,-23.605098,-46.836952
1785631724800,36.6,0.00,0.00,0.00,0.0,16,-23.605108,-46.836950
1785631725000,36.1,0.00,0.00,0.00,0.0,16,-23.605127,-46.836950
1785631725100,35.9,0.00,0.00,0.00,0.0,16,-23.605137,-46.836945
1785631725300,36.5,0.00,0.00,0.00,0.0,16,-23.605157,-46.836937
1785631725500,38.2,0.00,0.00,0.00,0.0,16,-23.605179,-46.836925
1785631725700,38.4,0.00,0.00,0.00,0.0,16,-23.605198,-46.836910
1785631725800,38.2,0.00,0.00,0.00,0.0,16,-23.605206,-46.836895
1785631726000,38.2,0.00,0.00,0.00,0.0,16,-23.605221,-46.836874
1785631726000,38.4,0.00,0.00,0.00,0.0,16,-23.605221,-46.836874
1785631726200,39.5,0.00,0.00,0.00,0.0,16,-23.605232,-46.836847
1785631726400,42.0,0.00,0.00,0.00,0.0,16,-23.605239,-46.836813
1785631726600,47.2,0.00,0.00,0.00,0.0,16,-23.605241,-46.836771
1785631726700,47.5,0.00,0.00,0.00,0.0,16,-23.605249,-46.836755
1785631726900,48.0,0.00,0.00,0.00,0.0,16,-23.605264,-46.836728
1785631727100,47.9,0.00,0.00,0.00,0.0,16,-23.605279,-46.836703
1785631727300,47.9,0.00,0.00,0.00,0.0,16,-23.605294,-46.836677
1785631727500,47.5,0.00,0.00,0.00,0.0,16,-23.605308,-46.836651
1785631727800,46.9,0.00,0.00,0.00,0.0,16,-23.605331,-46.836616
1785631728000,46.9,0.00,0.00,0.00,0.0,16,-23.605348,-46.836593
1785631728000,46.5,0.00,0.00,0.00,0.0,16,-23.605348,-46.836593
1785631728200,45.5,0.00,0.00,0.00,0.0,16,-23.605365,-46.836575
1785631728400,43.7,0.00,0.00,0.00,0.0,16,-23.605381,-46.836561
1785631728600,40.8,0.00,0.00,0.00,0.0,16,-23.605397,-46.836552
1785631728800,37.3,0.00,0.00,0.00,0.0,16,-23.605412,-46.836547
1785631728900,34.4,0.00,0.00,0.00,0.0,16,-23.605421,-46.836552
1785631729100,32.0,0.00,0.00,0.00,0.0,16,-23.605436,-46.836556
1785631729300,30.8,0.00,0.00,0.00,0.0,16,-23.605453,-46.836566
1785631729400,31.4,0.00,0.00,0.00,0.0,16,-23.605463,-46.836582
1785631729600,33.8,0.00,0.00,0.00,0.0,16,-23.605481,-46.836604
1785631729800,36.0,0.00,0.00,0.00,0.0,16,-23.605497,-46.836629
1785631729900,38.0,0.00,0.00,0.00,0.0,16,-23.605502,-46.836655
1785631730100,43.4,0.00,0.00,0.00,0.0,16,-23.605511,-46.836695
1785631730300,50.1,0.00,0.00,0.00,0.0,16,-23.605536,-46.836726
1785631730400,49.8,0.00,0.00,0.00,0.0,16,-23.605545,-46.836740
1785631730600,49.8,0.00,0.00,0.00,0.0,16,-23.605561,-46.836765
1785631730600,49.7,0.00,0.00,0.00,0.0,16,-23.605561,-46.836765
1785631730800,49.5,0.00,0.00,0.00,0.0,16,-23.605577,-46.836789
1785631730900,49.4,0.00,0.00,0.00,0.0,16,-23.605585,-46.836804
1785631731100,49.2,0.00,0.00,0.00,0.0,16,-23.605601,-46.836829
1785631731300,48.5,0.00,0.00,0.00,0.0,16,-23.605617,-46.836849
1785631731400,47.8,0.00,0.00,0.00,0.0,16,-23.605625,-46.836859
1785631731600,47.8,0.00,0.00,0.00,0.0,16,-23.605642,-46.836875
1785631731600,46.7,0.00,0.00,0.00,0.0,16,-23.605642,-46.836875
1785631731800,45.1,0.00,0.00,0.00,0.0,16,-23.605659,-46.836889
1785631731900,43.4,0.00,0.00,0.00,0.0,16,-23.605668,-46.836893
1785631732000,41.5,0.00,0.00,0.00,0.0,16,-23.605676,-46.836895
1785631732200,41.5,0.00,0.00,0.00,0.0,16,-23.605692,-46.836902
1785631732200,39.2,0.00,0.00,0.00,0.0,16,-23.605692,-46.836902
1785631732300,37.1,0.00,0.00,0.00,0.0,16,-23.605701,-46.836900
1785631732500,35.6,0.00,0.00,0.00,0.0,16,-23.605718,-46.836899
1785631732600,34.7,0.00,0.00,0.00,0.0,16,-23.605728,-46.836892
1785631732700,34.9,0.00,0.00,0.00,0.0,16,-23.605738,-46.836880
1785631732900,34.9,0.00,0.00,0.00,0.0,16,-23.605753,-46.836869
1785631732900,32.9,0.00,0.00,0.00,0.0,16,-23.605753,-46.836869
1785631733000,30.0,0.00,0.00,0.00,0.0,16,-23.605754,-46.836858
1785631733100,28.4,0.00,0.00,0.00,0.0,16,-23.605756,-46.836843
1785631733300,26.7,0.00,0.00,0.00,0.0,16,-23.605762,-46.836826
1785631733400,25.6,0.00,0.00,0.00,0.0,16,-23.605760,-46.836810
1785631733500,25.6,0.00,0.00,0.00,0.0,16,-23.605756,-46.836793
1785631733500,25.4,0.00,0.00,0.00,0.0,16,-23.605756,-46.836793
1785631733700,25.4,0.00,0.00,0.00,0.0,17,-23.605753,-46.836766
1785631733700,26.2,0.00,0.00,0.00,0.0,17,-23.605753,-46.836766
1785631733800,27.9,0.00,0.00,0.00,0.0,17,-23.605742,-46.836743
1785631734000,32.9,0.00,0.00,0.00,0.0,17,-23.605726,-46.836703
1785631734100,38.2,0.00,0.00,0.00,0.0,17,-23.605711,-46.836673
1785631734300,43.4,0.00,0.00,0.00,0.0,17,-23.605696,-46.836630
1785631734400,44.1,0.00,0.00,0.00,0.0,17,-23.605690,-46.836610
1785631734600,45.1,0.00,0.00,0.00,0.0,17,-23.605682,-46.836580
1785631734700,46.2,0.00,0.00,0.00,0.0,17,-23.605676,-46.836562
1785631734900,47.2,0.00,0.00,0.00,0.0,17,-23.605667,-46.836533
1785631735000,47.5,0.00,0.00,0.00,0.0,17,-23.605662,-46.836517
1785631735100,47.6,0.00,0.00,0.00,0.0,17,-23.605657,-46.836501
1785631735300,48.1,0.00,0.00,0.00,0.0,17,-23.605647,-46.836474
1785631735400,48.1,0.00,0.00,0.00,0.0,17,-23.605642,-46.836459
1785631735600,48.1,0.00,0.00,0.00,0.0,17,-23.605632,-46.836433
1785631735700,48.1,0.00,0.00,0.00,0.0,17,-23.605627,-46.836419
1785631735800,48.1,0.00,0.00,0.00,0.0,17,-23.605621,-46.836405
1785631736000,48.1,0.00,0.00,0.00,0.0,17,-23.605610,-46.836379
1785631736100,48.1,0.00,0.00,0.00,0.0,17,-23.605603,-46.836366
1785631736200,48.2,0.00,0.00,0.00,0.0,17,-23.605596,-46.836354
1785631736400,48.2,0.00,0.00,0.00,0.0,17,-23.605583,-46.836330
1785631736500,48.2,0.00,0.00,0.00,0.0,17,-23.605576,-46.836319
1785631736500,48.3,0.00,0.00,0.00,0.0,17,-23.605576,-46.836319
1785631736600,48.5,0.00,0.00,0.00,0.0,17,-23.605567,-46.836308
1785631736800,48.3,0.00,0.00,0.00,0.0,17,-23.605552,-46.836287
1785631736900,47.9,0.00,0.00,0.00,0.0,17,-23.605543,-46.836278
1785631737100,47.6,0.00,0.00,0.00,0.0,17,-23.605528,-46.836259
1785631737200,47.6,0.00,0.00,0.00,0.0,17,-23.605519,-46.836251
1785631737200,46.8,0.00,0.00,0.00,0.0,17,-23.605519,-46.836251
1785631737400,45.7,0.00,0.00,0.00,0.0,16,-23.605502,-46.836234
1785631737500,44.9,0.00,0.00,0.00,0.0,16,-23.605492,-46.836227
1785631737700,43.7,0.00,0.00,0.00,0.0,16,-23.605475,-46.836213
1785631737800,42.7,0.00,0.00,0.00,0.0,16,-23.605465,-46.836208
1785631737900,42.7,0.00,0.00,0.00,0.0,16,-23.605455,-46.836205
1785631737900,41.4,0.00,0.00,0.00,0.0,16,-23.605455,-46.836205
1785631738100,40.2,0.00,0.00,0.00,0.0,16,-23.605436,-46.836196
1785631738200,38.9,0.00,0.00,0.00,0.0,16,-23.605425,-46.836196
1785631738400,37.5,0.00,0.00,0.00,0.0,16,-23.605404,-46.836193
1785631738500,37.8,0.00,0.00,0.00,0.0,16,-23.605390,-46.836197
1785631738700,38.3,0.00,0.00,0.00,0.0,16,-23.605366,-46.836200
1785631738800,39.6,0.00,0.00,0.00,0.0,16,-23.605349,-46.836211
1785631739000,41.4,0.00,0.00,0.00,0.0,16,-23.605321,-46.836224
1785631739200,41.4,0.00,0.00,0.00,0.0,16,-23.605290,-46.836242
1785631739200,43.9,0.00,0.00,0.00,0.0,16,-23.605290,-46.836242
1785631739300,49.0,0.00,0.00,0.00,0.0,16,-23.605265,-46.836264
1785631739500,55.0,0.00,0.00,0.00,0.0,16,-23.605225,-46.836292
1785631739700,56.3,0.00,0.00,0.00,0.0,16,-23.605194,-46.836309
1785631739800,56.4,0.00,0.00,0.00,0.0,16,-23.605177,-46.836317
1785631740000,56.7,0.00,0.00,0.00,0.0,16,-23.605147,-46.836331
1785631740200,56.8,0.00,0.00,0.00,0.0,16,-23.605117,-46.836345
1785631740400,56.9,0.00,0.00,0.00,0.0,17,-23.605088,-46.836358
1785631740600,57.7,0.00,0.00,0.00,0.0,17,-23.605058,-46.836371
1785631740800,58.0,0.00,0.00,0.00,0.0,17,-23.605028,-46.836384
1785631741000,58.5,0.00,0.00,0.00,0.0,17,-23.604997,-46.836397
1785631741300,59.1,0.00,0.00,0.00,0.0,17,-23.604953,-46.836414
1785631741500,59.1,0.00,0.00,0.00,0.0,17,-23.604923,-46.836427
1785631741700,59.3,0.00,0.00,0.00,0.0,17,-23.604893,-46.836440
1785631741900,59.9,0.00,0.00,0.00,0.0,17,-23.604862,-46.836452
1785631742100,60.1,0.00,0.00,0.00,0.0,17,-23.604832,-46.836465
1785631742300,60.3,0.00,0.00,0.00,0.0,17,-23.604802,-46.836478
1785631742500,60.7,0.00,0.00,0.00,0.0,17,-23.604772,-46.836492
1785631742700,61.4,0.00,0.00,0.00,0.0,17,-23.604742,-46.836506
1785631742900,62.2,0.00,0.00,0.00,0.0,17,-23.604712,-46.836521
1785631743100,63.1,0.00,0.00,0.00,0.0,17,-23.604683,-46.836537
1785631743400,63.1,0.00,0.00,0.00,0.0,17,-23.604639,-46.836560
1785631743600,63.1,0.00,0.00,0.00,0.0,17,-23.604611,-46.836578
1785631743600,62.8,0.00,0.00,0.00,0.0,17,-23.604611,-46.836578
1785631743800,62.8,0.00,0.00,0.00,0.0,17,-23.604584,-46.836596
1785631743800,61.8,0.00,0.00,0.00,0.0,17,-23.604584,-46.836596
1785631744000,61.8,0.00,0.00,0.00,0.0,17,-23.604559,-46.836616
1785631744000,60.6,0.00,0.00,0.00,0.0,17,-23.604559,-46.836616
1785631744200,59.7,0.00,0.00,0.00,0.0,17,-23.604534,-46.836637
1785631744400,59.7,0.00,0.00,0.00,0.0,17,-23.604511,-46.836658
1785631744400,59.0,0.00,0.00,0.00,0.0,17,-23.604511,-46.836658
1785631744600,57.9,0.00,0.00,0.00,0.0,17,-23.604489,-46.836680
1785631744800,57.3,0.00,0.00,0.00,0.0,17,-23.604468,-46.836703
1785631745000,56.5,0.00,0.00,0.00,0.0,16,-23.604449,-46.836726
1785631745100,55.9,0.00,0.00,0.00,0.0,16,-23.604443,-46.836741
1785631745300,55.9,0.00,0.00,0.00,0.0,16,-23.604427,-46.836766
1785631745300,54.9,0.00,0.00,0.00,0.0,16,-23.604427,-46.836766
1785631745500,53.7,0.00,0.00,0.00,0.0,16,-23.604414,-46.836791
1785631745700,51.9,0.00,0.00,0.00,0.0,16,-23.604404,-46.836818
1785631745800,50.3,0.00,0.00,0.00,0.0,17,-23.604405,-46.836833
1785631746000,48.8,0.00,0.00,0.00,0.0,17,-23.604401,-46.836860
1785631746200,47.1,0.00,0.00,0.00,0.0,17,-23.604399,-46.836887
1785631746300,47.1,0.00,0.00,0.00,0.0,17,-23.604406,-46.836903
1785631746300,45.5,0.00,0.00,0.00,0.0,17,-23.604406,-46.836903
1785631746500,43.7,0.00,0.00,0.00,0.0,17,-23.604415,-46.836931
1785631746800,43.7,0.00,0.00,0.00,0.0,17,-23.604432,-46.836973
1785631746800,43.3,0.00,0.00,0.00,0.0,17,-23.604432,-46.836973
1785631747000,46.5,0.00,0.00,0.00,0.0,17,-23.604462,-46.837010
1785631747200,59.2,0.00,0.00,0.00,0.0,17,-23.604492,-46.837072
1785631747400,61.5,0.00,0.00,0.00,0.0,17,-23.604502,-46.837111
1785631747600,61.4,0.00,0.00,0.00,0.0,17,-23.604513,-46.837146
1785631747800,60.8,0.00,0.00,0.00,0.0,17,-23.604524,-46.837181
1785631747900,60.5,0.00,0.00,0.00,0.0,17,-23.604532,-46.837199
1785631748100,60.0,0.00,0.00,0.00,0.0,17,-23.604542,-46.837234
1785631748200,59.8,0.00,0.00,0.00,0.0,17,-23.604549,-46.837253
1785631748400,59.3,0.00,0.00,0.00,0.0,17,-23.604557,-46.837289
1785631748500,59.2,0.00,0.00,0.00,0.0,17,-23.604562,-46.837310
1785631748700,59.4,0.00,0.00,0.00,0.0,17,-23.604568,-46.837348
1785631748800,59.6,0.00,0.00,0.00,0.0,17,-23.604572,-46.837370
1785631749000,61.0,0.00,0.00,0.00,0.0,17,-23.604574,-46.837413
1785631749100,62.2,0.00,0.00,0.00,0.0,17,-23.604577,-46.837440
1785631749200,62.2,0.00,0.00,0.00,0.0,17,-23.604575,-46.837464
1785631749200,62.8,0.00,0.00,0.00,0.0,17,-23.604575,-46.837464
1785631749400,62.8,0.00,0.00,0.00,0.0,17,-23.604570,-46.837502
1785631749500,62.6,0.00,0.00,0.00,0.0,17,-23.604565,-46.837519
1785631749700,62.2,0.00,0.00,0.00,0.0,17,-23.604554,-46.837549
1785631749800,61.0,0.00,0.00,0.00,0.0,17,-23.604547,-46.837562
1785631750000,58.1,0.00,0.00,0.00,0.0,17,-23.604536,-46.837589
1785631750100,55.4,0.00,0.00,0.00,0.0,17,-23.604528,-46.837598
1785631750300,51.8,0.00,0.00,0.00,0.0,17,-23.604516,-46.837619
1785631750400,47.8,0.00,0.00,0.00,0.0,17,-23.604505,-46.837622
1785631750500,44.5,0.00,0.00,0.00,0.0,17,-23.604495,-46.837624
1785631750700,44.5,0.00,0.00,0.00,0.0,17,-23.604478,-46.837634
1785631750700,41.2,0.00,0.00,0.00,0.0,17,-23.604478,-46.837634
1785631750800,38.1,0.00,0.00,0.00,0.0,17,-23.604467,-46.837631
1785631751000,38.1,0.00,0.00,0.00,0.0,17,-23.604449,-46.837635
1785631751000,35.9,0.00,0.00,0.00,0.0,17,-23.604449,-46.837635
1785631751100,34.1,0.00,0.00,0.00,0.0,17,-23.604436,-46.837629
1785631751200,32.8,0.00,0.00,0.00,0.0,17,-23.604421,-46.837619
1785631751300,32.1,0.00,0.00,0.00,0.0,17,-23.604407,-46.837608
1785631751500,32.1,0.00,0.00,0.00,0.0,17,-23.604384,-46.837596
1785631751600,33.1,0.00,0.00,0.00,0.0,17,-23.604368,-46.837579
1785631751700,35.4,0.00,0.00,0.00,0.0,17,-23.604350,-46.837556
1785631751900,38.2,0.00,0.00,0.00,0.0,17,-23.604325,-46.837529
1785631752000,37.6,0.00,0.00,0.00,0.0,17,-23.604319,-46.837502
1785631752100,37.6,0.00,0.00,0.00,0.0,17,-23.604319,-46.837477
1785631752100,36.3,0.00,0.00,0.00,0.0,17,-23.604319,-46.837477
1785631752300,36.2,0.00,0.00,0.00,0.0,17,-23.604313,-46.837445
1785631752400,36.9,0.00,0.00,0.00,0.0,17,-23.604312,-46.837421
1785631752500,38.2,0.00,0.00,0.00,0.0,17,-23.604310,-46.837399
1785631752700,38.6,0.00,0.00,0.00,0.0,17,-23.604305,-46.837367
1785631752800,39.1,0.00,0.00,0.00,0.0,17,-23.604305,-46.837347
1785631752900,39.1,0.00,0.00,0.00,0.0,17,-23.604305,-46.837328
1785631752900,39.9,0.00,0.00,0.00,0.0,17,-23.604305,-46.837328
1785631753100,40.6,0.00,0.00,0.00,0.0,17,-23.604306,-46.837296
1785631753200,40.6,0.00,0.00,0.00,0.0,17,-23.604312,-46.837276
1785631753300,42.4,0.00,0.00,0.00,0.0,16,-23.604319,-46.837255
1785631753500,48.1,0.00,0.00,0.00,0.0,17,-23.604328,-46.837222
1785631753600,49.3,0.00,0.00,0.00,0.0,17,-23.604332,-46.837205
1785631753700,49.4,0.00,0.00,0.00,0.0,17,-23.604335,-46.837190
1785631753800,49.4,0.00,0.00,0.00,0.0,17,-23.604337,-46.837176
1785631754000,49.3,0.00,0.00,0.00,0.0,17,-23.604341,-46.837148
1785631754100,49.3,0.00,0.00,0.00,0.0,17,-23.604342,-46.837134
1785631754200,49.4,0.00,0.00,0.00,0.0,17,-23.604343,-46.837120
1785631754400,49.6,0.00,0.00,0.00,0.0,17,-23.604346,-46.837092
1785631754500,50.0,0.00,0.00,0.00,0.0,17,-23.604346,-46.837078
1785631754600,50.0,0.00,0.00,0.00,0.0,17,-23.604345,-46.837063
1785631754800,50.1,0.00,0.00,0.00,0.0,17,-23.604344,-46.837036
1785631754900,50.5,0.00,0.00,0.00,0.0,17,-23.604342,-46.837021
1785631755000,50.8,0.00,0.00,0.00,0.0,17,-23.604339,-46.837007
1785631755200,50.8,0.00,0.00,0.00,0.0,17,-23.604335,-46.836979
1785631755200,51.2,0.00,0.00,0.00,0.0,17,-23.604335,-46.836979
1785631755300,51.3,0.00,0.00,0.00,0.0,17,-23.604331,-46.836965
1785631755400,51.1,0.00,0.00,0.00,0.0,17,-23.604327,-46.836952
1785631755600,50.8,0.00,0.00,0.00,0.0,17,-23.604321,-46.836925
1785631755700,50.4,0.00,0.00,0.00,0.0,17,-23.604315,-46.836911
1785631755800,50.5,0.00,0.00,0.00,0.0,17,-23.604309,-46.836898
1785631756000,50.2,0.00,0.00,0.00,0.0,17,-23.604300,-46.836872
1785631756100,50.3,0.00,0.00,0.00,0.0,17,-23.604292,-46.836860
1785631756200,50.3,0.00,0.00,0.00,0.0,17,-23.604284,-46.836847
1785631756200,50.5,0.00,0.00,0.00,0.0,17,-23.604284,-46.836847
1785631756300,50.8,0.00,0.00,0.00,0.0,17,-23.604274,-46.836835
1785631756500,50.6,0.00,0.00,0.00,0.0,17,-23.604253,-46.836815
1785631756600,50.6,0.00,0.00,0.00,0.0,17,-23.604238,-46.836808
1785631756600,50.4,0.00,0.00,0.00,0.0,17,-23.604238,-46.836808
1785631756700,50.5,0.00,0.00,0.00,0.0,17,-23.604230,-46.836796
1785631756900,50.6,0.00,0.00,0.00,0.0,17,-23.604215,-46.836773
1785631757000,50.8,0.00,0.00,0.00,0.0,17,-23.604207,-46.836762
1785631757100,50.8,0.00,0.00,0.00,0.0,17,-23.604198,-46.836750
1785631757200,50.8,0.00,0.00,0.00,0.0,17,-23.604190,-46.836739
1785631757400,51.0,0.00,0.00,0.00,0.0,17,-23.604175,-46.836715
1785631757500,51.0,0.00,0.00,0.00,0.0,17,-23.604167,-46.836703
1785631757500,51.0,0.00,0.00,0.00,0.0,17,-23.604167,-46.836703
1785631757600,51.0,0.00,0.00,0.00,0.0,17,-23.604160,-46.836691
1785631757800,50.6,0.00,0.00,0.00,0.0,17,-23.604146,-46.836667
1785631757900,50.3,0.00,0.00,0.00,0.0,17,-23.604140,-46.836655
1785631758000,49.8,0.00,0.00,0.00,0.0,17,-23.604136,-46.836643
1785631758100,49.1,0.00,0.00,0.00,0.0,17,-23.604133,-46.836631
1785631758300,47.7,0.00,0.00,0.00,0.0,17,-23.604125,-46.836608
1785631758400,46.0,0.00,0.00,0.00,0.0,17,-23.604124,-46.836596
1785631758500,45.1,0.00,0.00,0.00,0.0,17,-23.604123,-46.836585
1785631758700,45.1,0.00,0.00,0.00,0.0,17,-23.604121,-46.836562
1785631758700,43.8,0.00,0.00,0.00,0.0,17,-23.604121,-46.836562
1785631758800,42.9,0.00,0.00,0.00,0.0,17,-23.604123,-46.836550
1785631758900,42.2,0.00,0.00,0.00,0.0,17,-23.604127,-46.836538
1785631759100,41.9,0.00,0.00,0.00,0.0,17,-23.604132,-46.836515
1785631759200,41.7,0.00,0.00,0.00,0.0,16,-23.604139,-46.836503
1785631759300,41.7,0.00,0.00,0.00,0.0,16,-23.604148,-46.836494
1785631759300,40.5,0.00,0.00,0.00,0.0,16,-23.604148,-46.836494
1785631759500,40.5,0.00,0.00,0.00,0.0,16,-23.604161,-46.836474
1785631759500,39.8,0.00,0.00,0.00,0.0,16,-23.604161,-46.836474
1785631759600,39.5,0.00,0.00,0.00,0.0,16,-23.604175,-46.836466
1785631759800,39.9,0.00,0.00,0.00,0.0,16,-23.604197,-46.836450
1785631759900,41.0,0.00,0.00,0.00,0.0,16,-23.604219,-46.836446
1785631760100,43.2,0.00,0.00,0.00,0.0,16,-23.604251,-46.836435
1785631760200,47.9,0.00,0.00,0.00,0.0,16,-23.604284,-46.836434
1785631760300,50.3,0.00,0.00,0.00,0.0,16,-23.604311,-46.836435
1785631760500,53.5,0.00,0.00,0.00,0.0,16,-23.604350,-46.836430
1785631760600,54.3,0.00,0.00,0.00,0.0,16,-23.604371,-46.836429
1785631760700,54.4,0.00,0.00,0.00,0.0,16,-23.604388,-46.836424
1785631760900,55.0,0.00,0.00,0.00,0.0,16,-23.604420,-46.836416
1785631761000,56.3,0.00,0.00,0.00,0.0,16,-23.604438,-46.836412
1785631761200,56.3,0.00,0.00,0.00,0.0,16,-23.604469,-46.836403
1785631761200,56.6,0.00,0.00,0.00,0.0,16,-23.604469,-46.836403
1785631761300,56.6,0.00,0.00,0.00,0.0,16,-23.604486,-46.836399
1785631761300,56.8,0.00,0.00,0.00,0.0,16,-23.604486,-46.836399
1785631761500,58.0,0.00,0.00,0.00,0.0,16,-23.604517,-46.836391
1785631761600,58.7,0.00,0.00,0.00,0.0,16,-23.604535,-46.836387
1785631761800,58.7,0.00,0.00,0.00,0.0,16,-23.604566,-46.836378
1785631761800,59.5,0.00,0.00,0.00,0.0,16,-23.604566,-46.836378
1785631761900,60.9,0.00,0.00,0.00,0.0,16,-23.604583,-46.836373
1785631762100,60.9,0.00,0.00,0.00,0.0,16,-23.604615,-46.836363
1785631762100,62.4,0.00,0.00,0.00,0.0,16,-23.604615,-46.836363
1785631762300,62.4,0.00,0.00,0.00,0.0,16,-23.604646,-46.836352
1785631762300,63.4,0.00,0.00,0.00,0.0,16,-23.604646,-46.836352
1785631762400,63.8,0.00,0.00,0.00,0.0,16,-23.604663,-46.836347
1785631762600,63.9,0.00,0.00,0.00,0.0,16,-23.604695,-46.836336
1785631762800,64.4,0.00,0.00,0.00,0.0,16,-23.604726,-46.836326
1785631762900,65.0,0.00,0.00,0.00,0.0,16,-23.604742,-46.836320
1785631763100,65.0,0.00,0.00,0.00,0.0,17,-23.604774,-46.836310
1785631763100,65.7,0.00,0.00,0.00,0.0,17,-23.604774,-46.836310
1785631763200,66.1,0.00,0.00,0.00,0.0,17,-23.604791,-46.836304
1785631763400,66.9,0.00,0.00,0.00,0.0,17,-23.604823,-46.836293
1785631763500,67.1,0.00,0.00,0.00,0.0,17,-23.604840,-46.836287
1785631763700,67.1,0.00,0.00,0.00,0.0,17,-23.604873,-46.836276
1785631763700,68.1,0.00,0.00,0.00,0.0,17,-23.604873,-46.836276
1785631763800,68.3,0.00,0.00,0.00,0.0,17,-23.604890,-46.836271
1785631764000,68.6,0.00,0.00,0.00,0.0,17,-23.604924,-46.836260
1785631764100,69.0,0.00,0.00,0.00,0.0,17,-23.604941,-46.836254
1785631764300,69.0,0.00,0.00,0.00,0.0,17,-23.604975,-46.836243
1785631764300,69.1,0.00,0.00,0.00,0.0,17,-23.604975,-46.836243
1785631764500,70.1,0.00,0.00,0.00,0.0,17,-23.605009,-46.836231
1785631764600,70.7,0.00,0.00,0.00,0.0,17,-23.605026,-46.836225
1785631764800,70.7,0.00,0.00,0.00,0.0,17,-23.605061,-46.836213
1785631764800,72.2,0.00,0.00,0.00,0.0,17,-23.605061,-46.836213
1785631765000,73.1,0.00,0.00,0.00,0.0,17,-23.605097,-46.836201
1785631765200,73.8,0.00,0.00,0.00,0.0,17,-23.605133,-46.836188
1785631765400,74.6,0.00,0.00,0.00,0.0,17,-23.605169,-46.836175
1785631765500,74.6,0.00,0.00,0.00,0.0,17,-23.605187,-46.836169
1785631765500,74.6,0.00,0.00,0.00,0.0,17,-23.605187,-46.836169
1785631765700,74.8,0.00,0.00,0.00,0.0,17,-23.605223,-46.836156
1785631765900,74.8,0.00,0.00,0.00,0.0,17,-23.605259,-46.836143
1785631765900,75.0,0.00,0.00,0.00,0.0,17,-23.605259,-46.836143
1785631766100,76.2,0.00,0.00,0.00,0.0,17,-23.605296,-46.836130
1785631766300,77.0,0.00,0.00,0.00,0.0,17,-23.605334,-46.836117
1785631766400,76.9,0.00,0.00,0.00,0.0,17,-23.605352,-46.836110
1785631766600,76.8,0.00,0.00,0.00,0.0,17,-23.605390,-46.836097
1785631766800,76.7,0.00,0.00,0.00,0.0,17,-23.605426,-46.836084
1785631767000,76.7,0.00,0.00,0.00,0.0,17,-23.605463,-46.836071
1785631767000,76.5,0.00,0.00,0.00,0.0,17,-23.605463,-46.836071
1785631767100,76.4,0.00,0.00,0.00,0.0,17,-23.605482,-46.836064
1785631767300,76.2,0.00,0.00,0.00,0.0,17,-23.605518,-46.836052
1785631767500,75.7,0.00,0.00,0.00,0.0,17,-23.605555,-46.836039
1785631767600,75.4,0.00,0.00,0.00,0.0,17,-23.605573,-46.836033
1785631767800,75.4,0.00,0.00,0.00,0.0,17,-23.605608,-46.836022
1785631767800,74.8,0.00,0.00,0.00,0.0,17,-23.605608,-46.836022
1785631768000,74.8,0.00,0.00,0.00,0.0,17,-23.605643,-46.836012
1785631768000,73.8,0.00,0.00,0.00,0.0,17,-23.605643,-46.836012
1785631768200,73.2,0.00,0.00,0.00,0.0,17,-23.605678,-46.836002
1785631768400,72.5,0.00,0.00,0.00,0.0,17,-23.605712,-46.835994
1785631768600,71.9,0.00,0.00,0.00,0.0,17,-23.605746,-46.835988
1785631768800,71.5,0.00,0.00,0.00,0.0,17,-23.605781,-46.835983
1785631769000,70.4,0.00,0.00,0.00,0.0,17,-23.605814,-46.835980
1785631769100,69.2,0.00,0.00,0.00,0.0,17,-23.605829,-46.835981
1785631769300,67.9,0.00,0.00,0.00,0.0,17,-23.605861,-46.835980
1785631769500,65.9,0.00,0.00,0.00,0.0,16,-23.605890,-46.835984
1785631769700,64.2,0.00,0.00,0.00,0.0,16,-23.605918,-46.835990
1785631769900,63.1,0.00,0.00,0.00,0.0,16,-23.605946,-46.835999
1785631770200,60.9,0.00,0.00,0.00,0.0,16,-23.605985,-46.836011
1785631770400,58.5,0.00,0.00,0.00,0.0,16,-23.606007,-46.836025
1785631770600,55.9,0.00,0.00,0.00,0.0,16,-23.606026,-46.836041
1785631770800,55.9,0.00,0.00,0.00,0.0,16,-23.606041,-46.836059
1785631770800,53.0,0.00,0.00,0.00,0.0,16,-23.606041,-46.836059
1785631771000,50.5,0.00,0.00,0.00,0.0,16,-23.606054,-46.836079
1785631771200,47.6,0.00,0.00,0.00,0.0,16,-23.606063,-46.836101
1785631771400,45.0,0.00,0.00,0.00,0.0,16,-23.606069,-46.836126
1785631771600,45.0,0.00,0.00,0.00,0.0,16,-23.606072,-46.836156
1785631771600,44.3,0.00,0.00,0.00,0.0,16,-23.606072,-46.836156
1785631771800,45.7,0.00,0.00,0.00,0.0,16,-23.606069,-46.836200
1785631772000,54.1,0.00,0.00,0.00,0.0,16,-23.606045,-46.836281
1785631772300,59.8,0.00,0.00,0.00,0.0,16,-23.606070,-46.836331
1785631772500,61.7,0.00,0.00,0.00,0.0,15,-23.606082,-46.836368
1785631772700,61.9,0.00,0.00,0.00,0.0,15,-23.606092,-46.836402
1785631773000,61.9,0.00,0.00,0.00,0.0,15,-23.606109,-46.836451
1785631773300,61.4,0.00,0.00,0.00,0.0,15,-23.606126,-46.836500
1785631773700,59.8,0.00,0.00,0.00,0.0,15,-23.606147,-46.836564
1785631774100,58.9,0.00,0.00,0.00,0.0,15,-23.606164,-46.836627
1785631774400,57.6,0.00,0.00,0.00,0.0,16,-23.606171,-46.836677
1785631774600,56.6,0.00,0.00,0.00,0.0,16,-23.606167,-46.836714
1785631774900,55.8,0.00,0.00,0.00,0.0,16,-23.606160,-46.836765
1785631775200,56.2,0.00,0.00,0.00,0.0,16,-23.606140,-46.836819
1785631775500,56.1,0.00,0.00,0.00,0.0,16,-23.606109,-46.836871
1785631775800,57.6,0.00,0.00,0.00,0.0,16,-23.606058,-46.836919
1785631776200,60.1,0.00,0.00,0.00,0.0,16,-23.605977,-46.836968
1785631776700,61.1,0.00,0.00,0.00,0.0,17,-23.605872,-46.837004
1785631777200,61.1,0.00,0.00,0.00,0.0,17,-23.605730,-46.837020
1785631777200,68.0,0.00,0.00,0.00,0.0,17,-23.605730,-46.837020
1785631777600,69.8,0.00,0.00,0.00,0.0,17,-23.605620,-46.837037
1785631777900,69.8,0.00,0.00,0.00,0.0,17,-23.605547,-46.837066
1785631778500,66.4,0.00,0.00,0.00,0.0,17,-23.605425,-46.837104
1785631779000,66.8,0.00,0.00,0.00,0.0,17,-23.605318,-46.837113
1785631779300,68.7,0.00,0.00,0.00,0.0,17,-23.605243,-46.837114
1785631779700,70.9,0.00,0.00,0.00,0.0,17,-23.605152,-46.837106
1785631780100,71.3,0.00,0.00,0.00,0.0,17,-23.605066,-46.837091
1785631780400,71.2,0.00,0.00,0.00,0.0,17,-23.605003,-46.837074
1785631780700,71.3,0.00,0.00,0.00,0.0,17,-23.604937,-46.837059
1785631781000,71.3,0.00,0.00,0.00,0.0,17,-23.604873,-46.837043
1785631781000,70.3,0.00,0.00,0.00,0.0,17,-23.604873,-46.837043
1785631781400,70.3,0.00,0.00,0.00,0.0,17,-23.604803,-46.837017
1785631781400,67.7,0.00,0.00,0.00,0.0,17,-23.604803,-46.837017
1785631781700,67.7,0.00,0.00,0.00,0.0,17,-23.604761,-46.836990
1785631781700,65.8,0.00,0.00,0.00,0.0,17,-23.604761,-46.836990
1785631782200,65.8,0.00,0.00,0.00,0.0,17,-23.604699,-46.836942
1785631782200,61.5,0.00,0.00,0.00,0.0,17,-23.604699,-46.836942
1785631782500,56.6,0.00,0.00,0.00,0.0,17,-23.604674,-46.836911
1785631782900,50.5,0.00,0.00,0.00,0.0,17,-23.604648,-46.836871
1785631783300,50.5,0.00,0.00,0.00,0.0,17,-23.604635,-46.836830
1785631783300,44.8,0.00,0.00,0.00,0.0,17,-23.604635,-46.836830
1785631783600,39.9,0.00,0.00,0.00,0.0,17,-23.604644,-46.836798
1785631784000,35.6,0.00,0.00,0.00,0.0,17,-23.604659,-46.836761
1785631784400,35.6,0.00,0.00,0.00,0.0,17,-23.604684,-46.836732
1785631784400,31.6,0.00,0.00,0.00,0.0,17,-23.604684,-46.836732
1785631784800,27.0,0.00,0.00,0.00,0.0,17,-23.604710,-46.836714
1785631785200,22.3,0.00,0.00,0.00,0.0,17,-23.604740,-46.836706
1785631785600,22.3,0.00,0.00,0.00,0.0,17,-23.604772,-46.836711
1785631785600,17.7,0.00,0.00,0.00,0.0,17,-23.604772,-46.836711
1785631786000,14.5,0.00,0.00,0.00,0.0,17,-23.604806,-46.836739
1785631786400,25.2,0.00,0.00,0.00,0.0,16,-23.604860,-46.836780
1785631786700,40.5,0.00,0.00,0.00,0.0,16,-23.604929,-46.836827
1785631787000,40.8,0.00,0.00,0.00,0.0,16,-23.604970,-46.836846
1785631787300,40.7,0.00,0.00,0.00,0.0,16,-23.605012,-46.836863
1785631787600,40.7,0.00,0.00,0.00,0.0,16,-23.605055,-46.836876
1785631787600,40.8,0.00,0.00,0.00,0.0,16,-23.605055,-46.836876
1785631787800,40.8,0.00,0.00,0.00,0.0,16,-23.605087,-46.836884
1785631787800,41.3,0.00,0.00,0.00,0.0,16,-23.605087,-46.836884
1785631788100,41.3,0.00,0.00,0.00,0.0,16,-23.605123,-46.836879
1785631788100,42.8,0.00,0.00,0.00,0.0,16,-23.605123,-46.836879
1785631788400,42.8,0.00,0.00,0.00,0.0,16,-23.605156,-46.836865
1785631788400,44.7,0.00,0.00,0.00,0.0,16,-23.605156,-46.836865
1785631788700,43.7,0.00,0.00,0.00,0.0,17,-23.605186,-46.836847
1785631789000,41.5,0.00,0.00,0.00,0.0,17,-23.605211,-46.836824
1785631789400,42.1,0.00,0.00,0.00,0.0,17,-23.605241,-46.836789
1785631789800,47.1,0.00,0.00,0.00,0.0,17,-23.605261,-46.836731
1785631790200,47.1,0.00,0.00,0.00,0.0,17,-23.605315,-46.836712
1785631790200,49.2,0.00,0.00,0.00,0.0,17,-23.605315,-46.836712
1785631790600,47.8,0.00,0.00,0.00,0.0,17,-23.605353,-46.836678
1785631791100,45.6,0.00,0.00,0.00,0.0,17,-23.605401,-46.836643
1785631791600,45.6,0.00,0.00,0.00,0.0,17,-23.605438,-46.836612
1785631791600,41.9,0.00,0.00,0.00,0.0,17,-23.605438,-46.836612
1785631791900,37.3,0.00,0.00,0.00,0.0,16,-23.605457,-46.836602
1785631792200,33.2,0.00,0.00,0.00,0.0,16,-23.605476,-46.836602
1785631792500,30.7,0.00,0.00,0.00,0.0,16,-23.605496,-46.836610
1785631792700,29.5,0.00,0.00,0.00,0.0,17,-23.605506,-46.836626
1785631793000,30.2,0.00,0.00,0.00,0.0,17,-23.605521,-46.836652
1785631793200,32.9,0.00,0.00,0.00,0.0,17,-23.605526,-46.836684
1785631793400,38.6,0.00,0.00,0.00,0.0,17,-23.605530,-46.836726
1785631793700,42.6,0.00,0.00,0.00,0.0,17,-23.605557,-46.836757
1785631793900,43.9,0.00,0.00,0.00,0.0,17,-23.605573,-46.836782
1785631794100,44.2,0.00,0.00,0.00,0.0,17,-23.605588,-46.836807
1785631794300,43.9,0.00,0.00,0.00,0.0,17,-23.605602,-46.836831
1785631794600,42.9,0.00,0.00,0.00,0.0,17,-23.605625,-46.836857
1785631794800,41.5,0.00,0.00,0.00,0.0,17,-23.605644,-46.836868
1785631795100,41.5,0.00,0.00,0.00,0.0,17,-23.605671,-46.836883
1785631795100,40.1,0.00,0.00,0.00,0.0,17,-23.605671,-46.836883
1785631795300,38.6,0.00,0.00,0.00,0.0,17,-23.605689,-46.836887
1785631795500,37.0,0.00,0.00,0.00,0.0,17,-23.605708,-46.836887
1785631795900,35.9,0.00,0.00,0.00,0.0,17,-23.605744,-46.836883
1785631796200,33.2,0.00,0.00,0.00,0.0,17,-23.605767,-46.836863
1785631796600,27.8,0.00,0.00,0.00,0.0,17,-23.605785,-46.836838
1785631796900,24.9,0.00,0.00,0.00,0.0,17,-23.605785,-46.836803
1785631797200,27.5,0.00,0.00,0.00,0.0,17,-23.605775,-46.836756
1785631797600,33.3,0.00,0.00,0.00,0.0,17,-23.605754,-46.836692
1785631797900,42.6,0.00,0.00,0.00,0.0,17,-23.605720,-46.836622
1785631798100,50.2,0.00,0.00,0.00,0.0,17,-23.605691,-46.836565
1785631798500,49.9,0.00,0.00,0.00,0.0,17,-23.605671,-46.836503
1785631798800,49.4,0.00,0.00,0.00,0.0,17,-23.605655,-46.836453
1785631799000,49.0,0.00,0.00,0.00,0.0,17,-23.605644,-46.836416
1785631799300,48.8,0.00,0.00,0.00,0.0,17,-23.605625,-46.836371
1785631799500,48.8,0.00,0.00,0.00,0.0,17,-23.605609,-46.836347
1785631799800,48.8,0.00,0.00,0.00,0.0,17,-23.605589,-46.836313
1785631799800,47.7,0.00,0.00,0.00,0.0,17,-23.605589,-46.836313
1785631800000,47.7,0.00,0.00,0.00,0.0,17,-23.605574,-46.836293
1785631800000,46.6,0.00,0.00,0.00,0.0,17,-23.605574,-46.836293
1785631800200,45.1,0.00,0.00,0.00,0.0,17,-23.605559,-46.836275
1785631800400,42.6,0.00,0.00,0.00,0.0,17,-23.605544,-46.836259
1785631800600,40.2,0.00,0.00,0.00,0.0,17,-23.605529,-46.836247
1785631800700,38.6,0.00,0.00,0.00,0.0,17,-23.605518,-46.836245
1785631800900,37.2,0.00,0.00,0.00,0.0,17,-23.605500,-46.836238
1785631801100,35.9,0.00,0.00,0.00,0.0,17,-23.605480,-46.836235
1785631801300,34.9,0.00,0.00,0.00,0.0,17,-23.605458,-46.836237
1785631801500,36.5,0.00,0.00,0.00,0.0,17,-23.605430,-46.836245
1785631801700,41.5,0.00,0.00,0.00,0.0,17,-23.605393,-46.836265
1785631801900,47.8,0.00,0.00,0.00,0.0,17,-23.605352,-46.836290
1785631802100,53.8,0.00,0.00,0.00,0.0,17,-23.605309,-46.836317
1785631802300,54.7,0.00,0.00,0.00,0.0,17,-23.605278,-46.836330
1785631802400,54.7,0.00,0.00,0.00,0.0,17,-23.605261,-46.836337
1785631802600,54.7,0.00,0.00,0.00,0.0,17,-23.605231,-46.836348
1785631802600,54.9,0.00,0.00,0.00,0.0,17,-23.605231,-46.836348
1785631802800,55.0,0.00,0.00,0.00,0.0,16,-23.605201,-46.836359
1785631803000,54.9,0.00,0.00,0.00,0.0,16,-23.605172,-46.836369
1785631803200,55.5,0.00,0.00,0.00,0.0,16,-23.605142,-46.836379
1785631803300,56.0,0.00,0.00,0.00,0.0,16,-23.605125,-46.836386
1785631803500,56.2,0.00,0.00,0.00,0.0,16,-23.605095,-46.836397
1785631803700,56.4,0.00,0.00,0.00,0.0,16,-23.605065,-46.836408
1785631803900,56.6,0.00,0.00,0.00,0.0,16,-23.605035,-46.836419
1785631804000,56.7,0.00,0.00,0.00,0.0,16,-23.605020,-46.836425
1785631804200,57.5,0.00,0.00,0.00,0.0,16,-23.604990,-46.836436
1785631804400,57.8,0.00,0.00,0.00,0.0,16,-23.604961,-46.836446
1785631804600,58.1,0.00,0.00,0.00,0.0,16,-23.604931,-46.836456
1785631804800,58.8,0.00,0.00,0.00,0.0,16,-23.604902,-46.836467
1785631804900,58.7,0.00,0.00,0.00,0.0,16,-23.604888,-46.836472
1785631805100,59.0,0.00,0.00,0.00,0.0,16,-23.604858,-46.836483
1785631805300,59.3,0.00,0.00,0.00,0.0,16,-23.604830,-46.836493
1785631805400,59.6,0.00,0.00,0.00,0.0,16,-23.604815,-46.836499
1785631805600,60.0,0.00,0.00,0.00,0.0,16,-23.604786,-46.836511
1785631805800,60.5,0.00,0.00,0.00,0.0,16,-23.604757,-46.836523
1785631805900,61.0,0.00,0.00,0.00,0.0,16,-23.604743,-46.836531
1785631806100,61.3,0.00,0.00,0.00,0.0,16,-23.604715,-46.836545
1785631806300,61.4,0.00,0.00,0.00,0.0,16,-23.604687,-46.836560
1785631806400,61.4,0.00,0.00,0.00,0.0,16,-23.604673,-46.836569
1785631806400,61.7,0.00,0.00,0.00,0.0,16,-23.604673,-46.836569
1785631806600,61.5,0.00,0.00,0.00,0.0,16,-23.604646,-46.836585
1785631806800,61.2,0.00,0.00,0.00,0.0,16,-23.604619,-46.836603
1785631807000,61.2,0.00,0.00,0.00,0.0,16,-23.604594,-46.836622
1785631807200,60.7,0.00,0.00,0.00,0.0,16,-23.604569,-46.836642
1785631807400,60.5,0.00,0.00,0.00,0.0,16,-23.604544,-46.836663
1785631807500,60.4,0.00,0.00,0.00,0.0,16,-23.604533,-46.836675
1785631807700,60.4,0.00,0.00,0.00,0.0,16,-23.604511,-46.836697
1785631807700,59.7,0.00,0.00,0.00,0.0,16,-23.604511,-46.836697
1785631807900,58.8,0.00,0.00,0.00,0.0,16,-23.604490,-46.836720
1785631808100,57.9,0.00,0.00,0.00,0.0,16,-23.604470,-46.836743
1785631808300,56.9,0.00,0.00,0.00,0.0,16,-23.604452,-46.836767
1785631808500,55.7,0.00,0.00,0.00,0.0,15,-23.604436,-46.836791
1785631808600,55.7,0.00,0.00,0.00,0.0,15,-23.604432,-46.836806
1785631808600,54.5,0.00,0.00,0.00,0.0,15,-23.604432,-46.836806
1785631808800,53.0,0.00,0.00,0.00,0.0,15,-23.604421,-46.836832
1785631809000,51.5,0.00,0.00,0.00,0.0,15,-23.604413,-46.836859
1785631809200,51.5,0.00,0.00,0.00,0.0,15,-23.604408,-46.836886
1785631809200,50.0,0.00,0.00,0.00,0.0,15,-23.604408,-46.836886
1785631809300,50.0,0.00,0.00,0.00,0.0,15,-23.604415,-46.836903
1785631809300,48.4,0.00,0.00,0.00,0.0,15,-23.604415,-46.836903
1785631809500,46.9,0.00,0.00,0.00,0.0,15,-23.604419,-46.836933
1785631809700,45.5,0.00,0.00,0.00,0.0,15,-23.604431,-46.836963
1785631809900,45.2,0.00,0.00,0.00,0.0,15,-23.604454,-46.836995
1785631810000,50.0,0.00,0.00,0.00,0.0,15,-23.604494,-46.837025
1785631810200,62.1,0.00,0.00,0.00,0.0,15,-23.604540,-46.837088
1785631810300,62.1,0.00,0.00,0.00,0.0,15,-23.604551,-46.837114
1785631810300,63.7,0.00,0.00,0.00,0.0,15,-23.604551,-46.837114
1785631810500,63.7,0.00,0.00,0.00,0.0,15,-23.604571,-46.837151
1785631810700,63.6,0.00,0.00,0.00,0.0,15,-23.604590,-46.837189
1785631810800,63.3,0.00,0.00,0.00,0.0,15,-23.604605,-46.837210
1785631811000,62.8,0.00,0.00,0.00,0.0,15,-23.604624,-46.837250
1785631811100,62.8,0.00,0.00,0.00,0.0,15,-23.604641,-46.837274
1785631811300,62.5,0.00,0.00,0.00,0.0,15,-23.604662,-46.837317
1785631811500,62.5,0.00,0.00,0.00,0.0,15,-23.604672,-46.837359
1785631811500,62.2,0.00,0.00,0.00,0.0,15,-23.604672,-46.837359
1785631811800,61.9,0.00,0.00,0.00,0.0,15,-23.604677,-46.837412
1785631812200,61.1,0.00,0.00,0.00,0.0,15,-23.604680,-46.837478
1785631812500,59.8,0.00,0.00,0.00,0.0,16,-23.604674,-46.837526
1785631812800,57.0,0.00,0.00,0.00,0.0,17,-23.604660,-46.837569
1785631813100,57.0,0.00,0.00,0.00,0.0,17,-23.604640,-46.837605
1785631813100,54.2,0.00,0.00,0.00,0.0,17,-23.604640,-46.837605
1785631813300,51.9,0.00,0.00,0.00,0.0,17,-23.604615,-46.837622
1785631813500,47.9,0.00,0.00,0.00,0.0,17,-23.604588,-46.837631
1785631813700,45.0,0.00,0.00,0.00,0.0,17,-23.604560,-46.837637
1785631813900,42.9,0.00,0.00,0.00,0.0,17,-23.604531,-46.837639
1785631814100,41.5,0.00,0.00,0.00,0.0,17,-23.604499,-46.837636
1785631814300,41.1,0.00,0.00,0.00,0.0,17,-23.604465,-46.837627
1785631814500,41.2,0.00,0.00,0.00,0.0,17,-23.604429,-46.837612
1785631814700,42.4,0.00,0.00,0.00,0.0,17,-23.604392,-46.837591
1785631814900,44.3,0.00,0.00,0.00,0.0,17,-23.604354,-46.837564
1785631815000,45.1,0.00,0.00,0.00,0.0,17,-23.604334,-46.837539
1785631815200,43.6,0.00,0.00,0.00,0.0,17,-23.604309,-46.837514
1785631815400,41.7,0.00,0.00,0.00,0.0,17,-23.604289,-46.837488
1785631815500,40.4,0.00,0.00,0.00,0.0,17,-23.604283,-46.837459
1785631815700,39.7,0.00,0.00,0.00,0.0,17,-23.604270,-46.837424
1785631815900,39.2,0.00,0.00,0.00,0.0,17,-23.604261,-46.837392
1785631816000,36.9,0.00,0.00,0.00,0.0,17,-23.604265,-46.837371
1785631816200,36.4,0.00,0.00,0.00,0.0,17,-23.604266,-46.837336
1785631816400,37.3,0.00,0.00,0.00,0.0,17,-23.604277,-46.837300
1785631816600,42.4,0.00,0.00,0.00,0.0,17,-23.604299,-46.837258
1785631816700,50.2,0.00,0.00,0.00,0.0,17,-23.604319,-46.837227
1785631816900,50.2,0.00,0.00,0.00,0.0,17,-23.604328,-46.837193
1785631817100,49.9,0.00,0.00,0.00,0.0,17,-23.604334,-46.837162
1785631817300,50.0,0.00,0.00,0.00,0.0,17,-23.604337,-46.837133
1785631817500,50.0,0.00,0.00,0.00,0.0,17,-23.604340,-46.837104
1785631817700,50.3,0.00,0.00,0.00,0.0,16,-23.604340,-46.837076
1785631817900,50.3,0.00,0.00,0.00,0.0,16,-23.604338,-46.837047
1785631817900,50.9,0.00,0.00,0.00,0.0,16,-23.604338,-46.837047
1785631818100,51.1,0.00,0.00,0.00,0.0,16,-23.604334,-46.837018
1785631818300,51.6,0.00,0.00,0.00,0.0,16,-23.604328,-46.836990
1785631818400,51.3,0.00,0.00,0.00,0.0,16,-23.604323,-46.836977
1785631818600,51.3,0.00,0.00,0.00,0.0,16,-23.604315,-46.836950
1785631818700,51.3,0.00,0.00,0.00,0.0,16,-23.604308,-46.836937
1785631818700,50.8,0.00,0.00,0.00,0.0,16,-23.604308,-46.836937
1785631818900,49.9,0.00,0.00,0.00,0.0,16,-23.604296,-46.836912
1785631819000,50.0,0.00,0.00,0.00,0.0,16,-23.604287,-46.836901
1785631819100,50.0,0.00,0.00,0.00,0.0,16,-23.604277,-46.836890
1785631819100,50.1,0.00,0.00,0.00,0.0,16,-23.604277,-46.836890
1785631819300,50.1,0.00,0.00,0.00,0.0,16,-23.604262,-46.836866
1785631819400,50.4,0.00,0.00,0.00,0.0,16,-23.604251,-46.836857
1785631819500,50.4,0.00,0.00,0.00,0.0,16,-23.604241,-46.836847
1785631819700,52.0,0.00,0.00,0.00,0.0,16,-23.604220,-46.836826
1785631819800,51.7,0.00,0.00,0.00,0.0,16,-23.604209,-46.836816
1785631819900,51.7,0.00,0.00,0.00,0.0,16,-23.604200,-46.836805
1785631820100,51.7,0.00,0.00,0.00,0.0,16,-23.604183,-46.836783
1785631820100,51.7,0.00,0.00,0.00,0.0,16,-23.604183,-46.836783
1785631820200,51.5,0.00,0.00,0.00,0.0,16,-23.604175,-46.836772
1785631820400,51.6,0.00,0.00,0.00,0.0,16,-23.604159,-46.836749
1785631820500,51.5,0.00,0.00,0.00,0.0,16,-23.604151,-46.836737
1785631820600,51.5,0.00,0.00,0.00,0.0,16,-23.604143,-46.836725
1785631820600,51.2,0.00,0.00,0.00,0.0,16,-23.604143,-46.836725
1785631820800,50.8,0.00,0.00,0.00,0.0,16,-23.604130,-46.836702
1785631820900,50.4,0.00,0.00,0.00,0.0,16,-23.604125,-46.836690
1785631821100,49.6,0.00,0.00,0.00,0.0,16,-23.604114,-46.836666
1785631821200,48.7,0.00,0.00,0.00,0.0,16,-23.604111,-46.836654
1785631821300,47.7,0.00,0.00,0.00,0.0,16,-23.604108,-46.836642
1785631821400,46.5,0.00,0.00,0.00,0.0,16,-23.604106,-46.836631
1785631821600,45.4,0.00,0.00,0.00,0.0,16,-23.604100,-46.836607
1785631821700,44.3,0.00,0.00,0.00,0.0,16,-23.604100,-46.836596
1785631821800,43.2,0.00,0.00,0.00,0.0,16,-23.604101,-46.836585
1785631821900,42.1,0.00,0.00,0.00,0.0,16,-23.604104,-46.836574
1785631822000,41.2,0.00,0.00,0.00,0.0,16,-23.604107,-46.836562
1785631822200,40.3,0.00,0.00,0.00,0.0,16,-23.604111,-46.836540
1785631822300,39.8,0.00,0.00,0.00,0.0,16,-23.604118,-46.836530
1785631822400,39.7,0.00,0.00,0.00,0.0,16,-23.604126,-46.836519
1785631822500,39.9,0.00,0.00,0.00,0.0,16,-23.604137,-46.836508
1785631822700,39.4,0.00,0.00,0.00,0.0,16,-23.604151,-46.836489
1785631822800,39.7,0.00,0.00,0.00,0.0,16,-23.604165,-46.836481
1785631823000,39.7,0.00,0.00,0.00,0.0,16,-23.604195,-46.836464
1785631823000,42.1,0.00,0.00,0.00,0.0,16,-23.604195,-46.836464
1785631823100,43.2,0.00,0.00,0.00,0.0,16,-23.604217,-46.836459
1785631823300,44.9,0.00,0.00,0.00,0.0,16,-23.604248,-46.836447
1785631823400,46.2,0.00,0.00,0.00,0.0,16,-23.604272,-46.836447
1785631823500,48.7,0.00,0.00,0.00,0.0,16,-23.604296,-46.836445
1785631823600,50.8,0.00,0.00,0.00,0.0,16,-23.604322,-46.836446
1785631823800,54.0,0.00,0.00,0.00,0.0,16,-23.604358,-46.836438
1785631823900,55.4,0.00,0.00,0.00,0.0,16,-23.604379,-46.836434
1785631824000,55.4,0.00,0.00,0.00,0.0,16,-23.604398,-46.836430
1785631824000,55.8,0.00,0.00,0.00,0.0,16,-23.604398,-46.836430
1785631824200,56.4,0.00,0.00,0.00,0.0,16,-23.604430,-46.836421
1785631824300,56.7,0.00,0.00,0.00,0.0,16,-23.604448,-46.836416
1785631824400,56.9,0.00,0.00,0.00,0.0,16,-23.604466,-46.836412
1785631824500,57.2,0.00,0.00,0.00,0.0,16,-23.604483,-46.836408
1785631824700,57.8,0.00,0.00,0.00,0.0,16,-23.604513,-46.836398
1785631824800,57.8,0.00,0.00,0.00,0.0,16,-23.604530,-46.836394
1785631824800,58.2,0.00,0.00,0.00,0.0,16,-23.604530,-46.836394
1785631824900,59.2,0.00,0.00,0.00,0.0,16,-23.604547,-46.836389
1785631825100,60.9,0.00,0.00,0.00,0.0,16,-23.604578,-46.836379
1785631825200,61.7,0.00,0.00,0.00,0.0,16,-23.604594,-46.836374
1785631825300,62.4,0.00,0.00,0.00,0.0,16,-23.604610,-46.836369
1785631825500,63.4,0.00,0.00,0.00,0.0,16,-23.604642,-46.836358
1785631825600,63.4,0.00,0.00,0.00,0.0,16,-23.604658,-46.836353
1785631825600,64.4,0.00,0.00,0.00,0.0,16,-23.604658,-46.836353
1785631825700,64.5,0.00,0.00,0.00,0.0,16,-23.604674,-46.836347
1785631825900,64.8,0.00,0.00,0.00,0.0,16,-23.604706,-46.836336
1785631826000,64.8,0.00,0.00,0.00,0.0,16,-23.604722,-46.836331
1785631826000,64.9,0.00,0.00,0.00,0.0,16,-23.604722,-46.836331
1785631826100,65.0,0.00,0.00,0.00,0.0,16,-23.604738,-46.836325
1785631826300,65.5,0.00,0.00,0.00,0.0,16,-23.604770,-46.836314
1785631826400,65.6,0.00,0.00,0.00,0.0,16,-23.604786,-46.836307
1785631826500,66.4,0.00,0.00,0.00,0.0,16,-23.604803,-46.836301
1785631826700,66.7,0.00,0.00,0.00,0.0,16,-23.604834,-46.836290
1785631826800,67.1,0.00,0.00,0.00,0.0,16,-23.604851,-46.836284
1785631826900,67.1,0.00,0.00,0.00,0.0,16,-23.604868,-46.836278
1785631826900,67.3,0.00,0.00,0.00,0.0,16,-23.604868,-46.836278
1785631827100,68.0,0.00,0.00,0.00,0.0,16,-23.604900,-46.836266
1785631827200,68.0,0.00,0.00,0.00,0.0,16,-23.604917,-46.836259
1785631827200,68.6,0.00,0.00,0.00,0.0,16,-23.604917,-46.836259
1785631827400,68.6,0.00,0.00,0.00,0.0,16,-23.604951,-46.836247
1785631827400,69.6,0.00,0.00,0.00,0.0,16,-23.604951,-46.836247
1785631827500,70.5,0.00,0.00,0.00,0.0,16,-23.604968,-46.836240
1785631827700,71.7,0.00,0.00,0.00,0.0,16,-23.605003,-46.836228
1785631827900,72.1,0.00,0.00,0.00,0.0,16,-23.605038,-46.836216
1785631828000,72.2,0.00,0.00,0.00,0.0,16,-23.605055,-46.836210
1785631828200,72.4,0.00,0.00,0.00,0.0,16,-23.605090,-46.836197
1785631828400,73.3,0.00,0.00,0.00,0.0,16,-23.605126,-46.836184
1785631828500,73.6,0.00,0.00,0.00,0.0,16,-23.605144,-46.836178
1785631828700,73.6,0.00,0.00,0.00,0.0,16,-23.605180,-46.836165
1785631828700,74.3,0.00,0.00,0.00,0.0,16,-23.605180,-46.836165
1785631828800,74.4,0.00,0.00,0.00,0.0,16,-23.605198,-46.836159
1785631829000,75.0,0.00,0.00,0.00,0.0,16,-23.605234,-46.836146
1785631829100,75.3,0.00,0.00,0.00,0.0,16,-23.605253,-46.836139
1785631829300,75.3,0.00,0.00,0.00,0.0,16,-23.605289,-46.836126
1785631829500,75.6,0.00,0.00,0.00,0.0,16,-23.605325,-46.836113
1785631829600,75.5,0.00,0.00,0.00,0.0,16,-23.605344,-46.836107
1785631829800,75.6,0.00,0.00,0.00,0.0,16,-23.605380,-46.836093
1785631829900,75.4,0.00,0.00,0.00,0.0,16,-23.605398,-46.836087
1785631830100,75.4,0.00,0.00,0.00,0.0,16,-23.605434,-46.836074
1785631830100,74.7,0.00,0.00,0.00,0.0,16,-23.605434,-46.836074
1785631830200,74.0,0.00,0.00,0.00,0.0,16,-23.605452,-46.836067
1785631830400,74.2,0.00,0.00,0.00,0.0,16,-23.605487,-46.836055
1785631830500,74.1,0.00,0.00,0.00,0.0,16,-23.605505,-46.836048
1785631830700,74.1,0.00,0.00,0.00,0.0,16,-23.605541,-46.836036
1785631830700,73.9,0.00,0.00,0.00,0.0,16,-23.605541,-46.836036
1785631830800,73.6,0.00,0.00,0.00,0.0,17,-23.605559,-46.836030
1785631830900,73.3,0.00,0.00,0.00,0.0,17,-23.605576,-46.836024
1785631831100,72.9,0.00,0.00,0.00,0.0,17,-23.605611,-46.836013
1785631831200,72.5,0.00,0.00,0.00,0.0,17,-23.605629,-46.836008
1785631831400,72.0,0.00,0.00,0.00,0.0,17,-23.605663,-46.835997
1785631831500,71.2,0.00,0.00,0.00,0.0,17,-23.605679,-46.835994
1785631831600,70.4,0.00,0.00,0.00,0.0,17,-23.605695,-46.835991
1785631831800,69.9,0.00,0.00,0.00,0.0,17,-23.605729,-46.835984
1785631831900,69.1,0.00,0.00,0.00,0.0,17,-23.605745,-46.835982
1785631832000,68.1,0.00,0.00,0.00,0.0,17,-23.605760,-46.835980
1785631832200,67.1,0.00,0.00,0.00,0.0,17,-23.605792,-46.835977
1785631832300,67.1,0.00,0.00,0.00,0.0,17,-23.605807,-46.835977
1785631832300,66.3,0.00,0.00,0.00,0.0,17,-23.605807,-46.835977
1785631832400,65.3,0.00,0.00,0.00,0.0,17,-23.605821,-46.835979
1785631832600,65.3,0.00,0.00,0.00,0.0,17,-23.605851,-46.835979
1785631832600,64.0,0.00,0.00,0.00,0.0,17,-23.605851,-46.835979
1785631832700,62.8,0.00,0.00,0.00,0.0,17,-23.605864,-46.835983
1785631832800,61.5,0.00,0.00,0.00,0.0,17,-23.605877,-46.835987
1785631833000,61.5,0.00,0.00,0.00,0.0,17,-23.605903,-46.835994
1785631833000,59.7,0.00,0.00,0.00,0.0,17,-23.605903,-46.835994
1785631833100,57.8,0.00,0.00,0.00,0.0,17,-23.605913,-46.836001
1785631833200,55.9,0.00,0.00,0.00,0.0,17,-23.605921,-46.836010
1785631833400,53.7,0.00,0.00,0.00,0.0,17,-23.605942,-46.836024
1785631833500,51.8,0.00,0.00,0.00,0.0,17,-23.605946,-46.836039
1785631833600,49.1,0.00,0.00,0.00,0.0,17,-23.605947,-46.836056
1785631833800,49.1,0.00,0.00,0.00,0.0,17,-23.605961,-46.836076
1785631833800,47.1,0.00,0.00,0.00,0.0,17,-23.605961,-46.836076
1785631833900,45.0,0.00,0.00,0.00,0.0,17,-23.605961,-46.836092
1785631834000,44.0,0.00,0.00,0.00,0.0,17,-23.605960,-46.836109
1785631834200,42.5,0.00,0.00,0.00,0.0,17,-23.605964,-46.836136
1785631834300,42.3,0.00,0.00,0.00,0.0,17,-23.605956,-46.836160
1785631834400,43.7,0.00,0.00,0.00,0.0,17,-23.605940,-46.836192
1785631834500,47.8,0.00,0.00,0.00,0.0,17,-23.605923,-46.836227
1785631834700,52.4,0.00,0.00,0.00,0.0,17,-23.605912,-46.836273
1785631834800,53.6,0.00,0.00,0.00,0.0,17,-23.605912,-46.836292
1785631834900,53.6,0.00,0.00,0.00,0.0,17,-23.605912,-46.836311
1785631835000,53.6,0.00,0.00,0.00,0.0,17,-23.605911,-46.836329
1785631835200,53.8,0.00,0.00,0.00,0.0,17,-23.605914,-46.836362
1785631835300,53.8,0.00,0.00,0.00,0.0,17,-23.605915,-46.836380
1785631835400,54.1,0.00,0.00,0.00,0.0,17,-23.605915,-46.836399
1785631835500,54.3,0.00,0.00,0.00,0.0,17,-23.605917,-46.836418
1785631835700,54.9,0.00,0.00,0.00,0.0,17,-23.605922,-46.836450
1785631835800,55.9,0.00,0.00,0.00,0.0,17,-23.605926,-46.836469
1785631835900,57.7,0.00,0.00,0.00,0.0,17,-23.605931,-46.836489
1785631836000,59.0,0.00,0.00,0.00,0.0,17,-23.605935,-46.836509
1785631836100,60.7,0.00,0.00,0.00,0.0,17,-23.605939,-46.836530
1785631836300,61.0,0.00,0.00,0.00,0.0,17,-23.605948,-46.836565
1785631836400,62.2,0.00,0.00,0.00,0.0,17,-23.605951,-46.836586
1785631836500,62.7,0.00,0.00,0.00,0.0,17,-23.605955,-46.836606
1785631836600,62.9,0.00,0.00,0.00,0.0,17,-23.605958,-46.836626
1785631836700,63.0,0.00,0.00,0.00,0.0,17,-23.605961,-46.836645
1785631836900,62.7,0.00,0.00,0.00,0.0,17,-23.605969,-46.836681
1785631837000,62.4,0.00,0.00,0.00,0.0,17,-23.605971,-46.836700
1785631837100,62.3,0.00,0.00,0.00,0.0,17,-23.605973,-46.836719
1785631837200,62.2,0.00,0.00,0.00,0.0,17,-23.605974,-46.836739
1785631837400,62.0,0.00,0.00,0.00,0.0,17,-23.605980,-46.836774
1785631837500,62.0,0.00,0.00,0.00,0.0,17,-23.605980,-46.836793
1785631837600,61.1,0.00,0.00,0.00,0.0,17,-23.605980,-46.836811
1785631837800,61.1,0.00,0.00,0.00,0.0,17,-23.605982,-46.836845
1785631837800,60.1,0.00,0.00,0.00,0.0,17,-23.605982,-46.836845
1785631837900,59.4,0.00,0.00,0.00,0.0,17,-23.605980,-46.836863
1785631838000,59.4,0.00,0.00,0.00,0.0,16,-23.605976,-46.836880
1785631838000,59.1,0.00,0.00,0.00,0.0,16,-23.605976,-46.836880
1785631838100,59.0,0.00,0.00,0.00,0.0,16,-23.605972,-46.836898
1785631838300,59.0,0.00,0.00,0.00,0.0,16,-23.605966,-46.836931
1785631838400,59.0,0.00,0.00,0.00,0.0,16,-23.605958,-46.836949
1785631838400,59.2,0.00,0.00,0.00,0.0,16,-23.605958,-46.836949
1785631838500,59.2,0.00,0.00,0.00,0.0,16,-23.605949,-46.836966
1785631838500,59.4,0.00,0.00,0.00,0.0,16,-23.605949,-46.836966
1785631838700,60.0,0.00,0.00,0.00,0.0,16,-23.605934,-46.836999
1785631838800,60.0,0.00,0.00,0.00,0.0,16,-23.605920,-46.837015
1785631838800,60.2,0.00,0.00,0.00,0.0,16,-23.605920,-46.837015
1785631839000,61.4,0.00,0.00,0.00,0.0,16,-23.605894,-46.837046
1785631839100,62.4,0.00,0.00,0.00,0.0,16,-23.605873,-46.837060
1785631839300,64.6,0.00,0.00,0.00,0.0,16,-23.605837,-46.837086
1785631839400,65.3,0.00,0.00,0.00,0.0,16,-23.605813,-46.837097
1785631839500,65.3,0.00,0.00,0.00,0.0,16,-23.605787,-46.837103
1785631839500,65.4,0.00,0.00,0.00,0.0,16,-23.605787,-46.837103
1785631839700,64.4,0.00,0.00,0.00,0.0,16,-23.605745,-46.837115
1785631839800,64.4,0.00,0.00,0.00,0.0,16,-23.605717,-46.837118
1785631839800,65.0,0.00,0.00,0.00,0.0,16,-23.605717,-46.837118
1785631839900,65.1,0.00,0.00,0.00,0.0,16,-23.605689,-46.837120
1785631840100,64.9,0.00,0.00,0.00,0.0,16,-23.605650,-46.837133
1785631840200,64.6,0.00,0.00,0.00,0.0,16,-23.605624,-46.837134
1785631840300,65.5,0.00,0.00,0.00,0.0,16,-23.605594,-46.837131
1785631840500,65.5,0.00,0.00,0.00,0.0,16,-23.605548,-46.837131
1785631840500,66.4,0.00,0.00,0.00,0.0,16,-23.605548,-46.837131
1785631840600,66.6,0.00,0.00,0.00,0.0,16,-23.605526,-46.837136
1785631840700,66.8,0.00,0.00,0.00,0.0,16,-23.605505,-46.837142
1785631840900,66.8,0.00,0.00,0.00,0.0,16,-23.605469,-46.837153
1785631840900,67.0,0.00,0.00,0.00,0.0,16,-23.605469,-46.837153
1785631841000,67.0,0.00,0.00,0.00,0.0,17,-23.605448,-46.837159
1785631841200,67.9,0.00,0.00,0.00,0.0,17,-23.605411,-46.837169
1785631841300,67.9,0.00,0.00,0.00,0.0,17,-23.605391,-46.837175
1785631841300,67.9,0.00,0.00,0.00,0.0,17,-23.605391,-46.837175
1785631841500,67.8,0.00,0.00,0.00,0.0,17,-23.605354,-46.837186
1785631841600,67.9,0.00,0.00,0.00,0.0,17,-23.605333,-46.837192
1785631841700,67.9,0.00,0.00,0.00,0.0,17,-23.605314,-46.837198
1785631841700,68.1,0.00,0.00,0.00,0.0,17,-23.605314,-46.837198
1785631841900,68.0,0.00,0.00,0.00,0.0,17,-23.605278,-46.837207
1785631842000,68.0,0.00,0.00,0.00,0.0,17,-23.605259,-46.837211
1785631842200,67.9,0.00,0.00,0.00,0.0,17,-23.605224,-46.837218
1785631842300,67.8,0.00,0.00,0.00,0.0,17,-23.605206,-46.837221
1785631842500,67.8,0.00,0.00,0.00,0.0,17,-23.605171,-46.837226
1785631842500,67.8,0.00,0.00,0.00,0.0,17,-23.605171,-46.837226
1785631842600,67.7,0.00,0.00,0.00,0.0,17,-23.605154,-46.837226
1785631842800,67.5,0.00,0.00,0.00,0.0,17,-23.605119,-46.837228
1785631842900,67.5,0.00,0.00,0.00,0.0,17,-23.605102,-46.837227
1785631842900,67.2,0.00,0.00,0.00,0.0,17,-23.605102,-46.837227
1785631843100,67.2,0.00,0.00,0.00,0.0,17,-23.605068,-46.837226
1785631843200,67.1,0.00,0.00,0.00,0.0,17,-23.605051,-46.837222
1785631843400,67.2,0.00,0.00,0.00,0.0,17,-23.605017,-46.837215
1785631843600,67.6,0.00,0.00,0.00,0.0,17,-23.604983,-46.837206
1785631843800,68.1,0.00,0.00,0.00,0.0,17,-23.604949,-46.837192
1785631844000,68.1,0.00,0.00,0.00,0.0,17,-23.604916,-46.837174
1785631844000,68.9,0.00,0.00,0.00,0.0,17,-23.604916,-46.837174
1785631844100,68.6,0.00,0.00,0.00,0.0,17,-23.604902,-46.837159
1785631844300,68.5,0.00,0.00,0.00,0.0,17,-23.604872,-46.837134
1785631844600,68.5,0.00,0.00,0.00,0.0,17,-23.604829,-46.837102
1785631844600,67.4,0.00,0.00,0.00,0.0,17,-23.604829,-46.837102
1785631844800,66.4,0.00,0.00,0.00,0.0,17,-23.604802,-46.837078
1785631845000,66.0,0.00,0.00,0.00,0.0,17,-23.604775,-46.837054
1785631845200,65.3,0.00,0.00,0.00,0.0,17,-23.604750,-46.837030
1785631845300,64.7,0.00,0.00,0.00,0.0,17,-23.604739,-46.837015
1785631845500,63.5,0.00,0.00,0.00,0.0,17,-23.604716,-46.836991
1785631845700,61.6,0.00,0.00,0.00,0.0,17,-23.604696,-46.836967
1785631845800,59.7,0.00,0.00,0.00,0.0,17,-23.604689,-46.836953
1785631846000,57.2,0.00,0.00,0.00,0.0,17,-23.604675,-46.836928
1785631846200,54.9,0.00,0.00,0.00,0.0,17,-23.604664,-46.836902
1785631846300,52.5,0.00,0.00,0.00,0.0,17,-23.604664,-46.836888
1785631846500,50.4,0.00,0.00,0.00,0.0,17,-23.604659,-46.836862
1785631846700,48.4,0.00,0.00,0.00,0.0,17,-23.604657,-46.836836
1785631846800,45.4,0.00,0.00,0.00,0.0,17,-23.604664,-46.836824
1785631847000,42.5,0.00,0.00,0.00,0.0,17,-23.604672,-46.836802
1785631847100,42.5,0.00,0.00,0.00,0.0,17,-23.604686,-46.836791
1785631847100,40.4,0.00,0.00,0.00,0.0,17,-23.604686,-46.836791
1785631847300,37.2,0.00,0.00,0.00,0.0,17,-23.604699,-46.836775
1785631847400,35.2,0.00,0.00,0.00,0.0,17,-23.604711,-46.836769
1785631847600,32.0,0.00,0.00,0.00,0.0,17,-23.604728,-46.836757
1785631847700,30.0,0.00,0.00,0.00,0.0,17,-23.604742,-46.836754
1785631847900,28.1,0.00,0.00,0.00,0.0,17,-23.604757,-46.836745
1785631848000,26.3,0.00,0.00,0.00,0.0,17,-23.604771,-46.836744
1785631848200,24.8,0.00,0.00,0.00,0.0,17,-23.604787,-46.836739
1785631848300,24.8,0.00,0.00,0.00,0.0,17,-23.604799,-46.836742
1785631848300,23.5,0.00,0.00,0.00,0.0,17,-23.604799,-46.836742
1785631848500,23.5,0.00,0.00,0.00,0.0,17,-23.604816,-46.836742
1785631848500,22.0,0.00,0.00,0.00,0.0,17,-23.604816,-46.836742
1785631848600,20.9,0.00,0.00,0.00,0.0,17,-23.604828,-46.836750
1785631848800,19.9,0.00,0.00,0.00,0.0,17,-23.604845,-46.836757
1785631848900,20.2,0.00,0.00,0.00,0.0,17,-23.604859,-46.836772
1785631849100,22.0,0.00,0.00,0.00,0.0,17,-23.604877,-46.836794
1785631849200,29.0,0.00,0.00,0.00,0.0,17,-23.604898,-46.836819
1785631849400,29.0,0.00,0.00,0.00,0.0,17,-23.604924,-46.836845
1785631849400,34.6,0.00,0.00,0.00,0.0,17,-23.604924,-46.836845
1785631849600,39.2,0.00,0.00,0.00,0.0,17,-23.604950,-46.836870
1785631849700,39.2,0.00,0.00,0.00,0.0,17,-23.604965,-46.836884
1785631849700,40.4,0.00,0.00,0.00,0.0,17,-23.604965,-46.836884
1785631849900,40.4,0.00,0.00,0.00,0.0,17,-23.604989,-46.836901
1785631849900,40.5,0.00,0.00,0.00,0.0,17,-23.604989,-46.836901
1785631850100,40.2,0.00,0.00,0.00,0.0,17,-23.605013,-46.836917
1785631850300,40.1,0.00,0.00,0.00,0.0,17,-23.605038,-46.836932
1785631850500,40.0,0.00,0.00,0.00,0.0,17,-23.605059,-46.836943
1785631850700,40.0,0.00,0.00,0.00,0.0,17,-23.605080,-46.836951
1785631850700,39.9,0.00,0.00,0.00,0.0,17,-23.605080,-46.836951
1785631850900,39.4,0.00,0.00,0.00,0.0,17,-23.605100,-46.836954
1785631851100,39.0,0.00,0.00,0.00,0.0,17,-23.605120,-46.836955
1785631851300,38.7,0.00,0.00,0.00,0.0,17,-23.605140,-46.836951
1785631851500,39.5,0.00,0.00,0.00,0.0,16,-23.605162,-46.836942
1785631851700,41.4,0.00,0.00,0.00,0.0,16,-23.605184,-46.836924
1785631851800,41.5,0.00,0.00,0.00,0.0,16,-23.605191,-46.836906
1785631852000,41.5,0.00,0.00,0.00,0.0,16,-23.605205,-46.836880
1785631852000,41.6,0.00,0.00,0.00,0.0,16,-23.605205,-46.836880
1785631852200,41.7,0.00,0.00,0.00,0.0,16,-23.605213,-46.836849
1785631852400,44.3,0.00,0.00,0.00,0.0,16,-23.605215,-46.836810
1785631852600,49.2,0.00,0.00,0.00,0.0,16,-23.605214,-46.836765
1785631852700,51.5,0.00,0.00,0.00,0.0,16,-23.605216,-46.836740
1785631852900,51.5,0.00,0.00,0.00,0.0,16,-23.605227,-46.836708
1785631852900,51.7,0.00,0.00,0.00,0.0,16,-23.605227,-46.836708
1785631853100,51.7,0.00,0.00,0.00,0.0,16,-23.605239,-46.836678
1785631853100,51.2,0.00,0.00,0.00,0.0,16,-23.605239,-46.836678
1785631853300,51.2,0.00,0.00,0.00,0.0,16,-23.605252,-46.836649
1785631853500,50.8,0.00,0.00,0.00,0.0,16,-23.605266,-46.836623
1785631853700,50.2,0.00,0.00,0.00,0.0,16,-23.605280,-46.836599
1785631853800,50.2,0.00,0.00,0.00,0.0,16,-23.605288,-46.836588
1785631853800,49.7,0.00,0.00,0.00,0.0,16,-23.605288,-46.836588
1785631854000,49.0,0.00,0.00,0.00,0.0,16,-23.605301,-46.836565
1785631854200,47.9,0.00,0.00,0.00,0.0,16,-23.605314,-46.836545
1785631854400,46.1,0.00,0.00,0.00,0.0,16,-23.605327,-46.836525
1785631854600,43.8,0.00,0.00,0.00,0.0,16,-23.605339,-46.836509
1785631854800,41.0,0.00,0.00,0.00,0.0,16,-23.605352,-46.836494
1785631855000,37.7,0.00,0.00,0.00,0.0,16,-23.605364,-46.836484
1785631855200,33.8,0.00,0.00,0.00,0.0,16,-23.605376,-46.836478
1785631855400,30.6,0.00,0.00,0.00,0.0,16,-23.605389,-46.836475
1785631855600,27.6,0.00,0.00,0.00,0.0,16,-23.605401,-46.836477
1785631855800,25.1,0.00,0.00,0.00,0.0,16,-23.605414,-46.836485
1785631856000,23.8,0.00,0.00,0.00,0.0,16,-23.605427,-46.836497
1785631856200,23.4,0.00,0.00,0.00,0.0,16,-23.605439,-46.836522
1785631856300,24.8,0.00,0.00,0.00,0.0,16,-23.605445,-46.836547
1785631856500,28.2,0.00,0.00,0.00,0.0,16,-23.605454,-46.836582
1785631856700,45.6,0.00,0.00,0.00,0.0,16,-23.605497,-46.836648
1785631856900,46.2,0.00,0.00,0.00,0.0,16,-23.605516,-46.836675
1785631857000,46.6,0.00,0.00,0.00,0.0,16,-23.605527,-46.836692
1785631857200,46.7,0.00,0.00,0.00,0.0,16,-23.605545,-46.836717
1785631857400,46.7,0.00,0.00,0.00,0.0,16,-23.605563,-46.836743
1785631857500,46.2,0.00,0.00,0.00,0.0,16,-23.605572,-46.836759
1785631857700,45.5,0.00,0.00,0.00,0.0,16,-23.605590,-46.836784
1785631857900,44.5,0.00,0.00,0.00,0.0,16,-23.605608,-46.836806
1785631858000,44.5,0.00,0.00,0.00,0.0,16,-23.605621,-46.836819
1785631858000,43.8,0.00,0.00,0.00,0.0,16,-23.605621,-46.836819
1785631858200,43.3,0.00,0.00,0.00,0.0,16,-23.605643,-46.836835
1785631858400,42.4,0.00,0.00,0.00,0.0,16,-23.605664,-46.836847
1785631858600,40.7,0.00,0.00,0.00,0.0,16,-23.605682,-46.836854
1785631858800,38.4,0.00,0.00,0.00,0.0,16,-23.605700,-46.836856
1785631859000,36.8,0.00,0.00,0.00,0.0,16,-23.605718,-46.836855
1785631859300,36.4,0.00,0.00,0.00,0.0,16,-23.605747,-46.836850
1785631859500,34.5,0.00,0.00,0.00,0.0,16,-23.605764,-46.836838
1785631859900,30.2,0.00,0.00,0.00,0.0,16,-23.605790,-46.836823
1785631860400,20.8,0.00,0.00,0.00,0.0,16,-23.605793,-46.836779
1785631860800,24.1,0.00,0.00,0.00,0.0,16,-23.605784,-46.836728
1785631861100,31.9,0.00,0.00,0.00,0.0,16,-23.605760,-46.836667
1785631861500,47.7,0.00,0.00,0.00,0.0,16,-23.605695,-46.836562
1785631861900,47.7,0.00,0.00,0.00,0.0,16,-23.605665,-46.836501
1785631862300,47.5,0.00,0.00,0.00,0.0,16,-23.605634,-46.836444
1785631862800,48.0,0.00,0.00,0.00,0.0,16,-23.605592,-46.836378
1785631863200,47.0,0.00,0.00,0.00,0.0,16,-23.605552,-46.836331
1785631863700,44.2,0.00,0.00,0.00,0.0,16,-23.605503,-46.836292
1785631864200,42.8,0.00,0.00,0.00,0.0,16,-23.605453,-46.836262
1785631864700,40.6,0.00,0.00,0.00,0.0,16,-23.605399,-46.836250
1785631865300,40.1,0.00,0.00,0.00,0.0,16,-23.605329,-46.836262
1785631865900,53.0,0.00,0.00,0.00,0.0,16,-23.605225,-46.836322
1785631866300,56.8,0.00,0.00,0.00,0.0,17,-23.605154,-46.836361
1785631866700,56.8,0.00,0.00,0.00,0.0,17,-23.605090,-46.836391
1785631866700,58.1,0.00,0.00,0.00,0.0,17,-23.605090,-46.836391
1785631867100,58.1,0.00,0.00,0.00,0.0,17,-23.605026,-46.836422
1785631867500,59.3,0.00,0.00,0.00,0.0,16,-23.604962,-46.836449
1785631867800,59.4,0.00,0.00,0.00,0.0,16,-23.604914,-46.836469
1785631868100,59.7,0.00,0.00,0.00,0.0,16,-23.604869,-46.836485
1785631868400,59.7,0.00,0.00,0.00,0.0,16,-23.604824,-46.836501
1785631868400,61.0,0.00,0.00,0.00,0.0,16,-23.604824,-46.836501
1785631868700,61.4,0.00,0.00,0.00,0.0,16,-23.604780,-46.836518
1785631869000,62.0,0.00,0.00,0.00,0.0,16,-23.604737,-46.836537
1785631869300,62.9,0.00,0.00,0.00,0.0,16,-23.604693,-46.836558
1785631869500,62.9,0.00,0.00,0.00,0.0,16,-23.604666,-46.836575
1785631869500,62.8,0.00,0.00,0.00,0.0,16,-23.604666,-46.836575
1785631869800,62.8,0.00,0.00,0.00,0.0,16,-23.604624,-46.836600
1785631869800,62.9,0.00,0.00,0.00,0.0,16,-23.604624,-46.836600
1785631870000,62.9,0.00,0.00,0.00,0.0,16,-23.604598,-46.836619
1785631870000,62.0,0.00,0.00,0.00,0.0,16,-23.604598,-46.836619
1785631870300,60.1,0.00,0.00,0.00,0.0,16,-23.604561,-46.836647
1785631870500,59.1,0.00,0.00,0.00,0.0,16,-23.604539,-46.836669
1785631870700,58.5,0.00,0.00,0.00,0.0,16,-23.604518,-46.836692
1785631870900,58.4,0.00,0.00,0.00,0.0,16,-23.604497,-46.836715
1785631871200,57.7,0.00,0.00,0.00,0.0,16,-23.604467,-46.836749
1785631871400,57.7,0.00,0.00,0.00,0.0,16,-23.604449,-46.836774
1785631871400,56.5,0.00,0.00,0.00,0.0,16,-23.604449,-46.836774
1785631871700,56.5,0.00,0.00,0.00,0.0,16,-23.604425,-46.836810
1785631871700,54.9,0.00,0.00,0.00,0.0,16,-23.604425,-46.836810
1785631871900,54.9,0.00,0.00,0.00,0.0,16,-23.604414,-46.836837
1785631871900,53.2,0.00,0.00,0.00,0.0,16,-23.604414,-46.836837
1785631872200,51.6,0.00,0.00,0.00,0.0,16,-23.604398,-46.836876
1785631872500,49.4,0.00,0.00,0.00,0.0,16,-23.604389,-46.836915
1785631872700,46.4,0.00,0.00,0.00,0.0,16,-23.604397,-46.836943
1785631873000,44.0,0.00,0.00,0.00,0.0,16,-23.604421,-46.836986
1785631873300,52.8,0.00,0.00,0.00,0.0,16,-23.604467,-46.837049
1785631873600,59.1,0.00,0.00,0.00,0.0,16,-23.604497,-46.837111
1785631874000,57.4,0.00,0.00,0.00,0.0,16,-23.604513,-46.837175
1785631874300,54.6,0.00,0.00,0.00,0.0,16,-23.604526,-46.837220
1785631874600,53.4,0.00,0.00,0.00,0.0,16,-23.604538,-46.837268
1785631874900,52.6,0.00,0.00,0.00,0.0,16,-23.604547,-46.837316
1785631875200,53.3,0.00,0.00,0.00,0.0,16,-23.604557,-46.837368
1785631875400,54.8,0.00,0.00,0.00,0.0,16,-23.604568,-46.837412
1785631875800,56.2,0.00,0.00,0.00,0.0,16,-23.604553,-46.837483
1785631876200,53.8,0.00,0.00,0.00,0.0,17,-23.604532,-46.837536
1785631876600,49.5,0.00,0.00,0.00,0.0,17,-23.604511,-46.837581
1785631877000,42.5,0.00,0.00,0.00,0.0,17,-23.604483,-46.837609
1785631877300,36.4,0.00,0.00,0.00,0.0,17,-23.604456,-46.837617
1785631877700,36.4,0.00,0.00,0.00,0.0,17,-23.604421,-46.837617
1785631877700,30.7,0.00,0.00,0.00,0.0,17,-23.604421,-46.837617
1785631878100,27.1,0.00,0.00,0.00,0.0,17,-23.604380,-46.837592
1785631878600,23.7,0.00,0.00,0.00,0.0,17,-23.604344,-46.837545
1785631879000,22.0,0.00,0.00,0.00,0.0,17,-23.604345,-46.837485
1785631879400,27.6,0.00,0.00,0.00,0.0,17,-23.604359,-46.837413
1785631879800,37.5,0.00,0.00,0.00,0.0,17,-23.604375,-46.837333
1785631880100,49.9,0.00,0.00,0.00,0.0,17,-23.604377,-46.837251
1785631880400,49.2,0.00,0.00,0.00,0.0,17,-23.604365,-46.837192
1785631880700,48.8,0.00,0.00,0.00,0.0,17,-23.604352,-46.837139
1785631881000,48.5,0.00,0.00,0.00,0.0,17,-23.604340,-46.837088
1785631881200,48.7,0.00,0.00,0.00,0.0,17,-23.604331,-46.837055
1785631881400,48.9,0.00,0.00,0.00,0.0,17,-23.604323,-46.837025
1785631881700,48.7,0.00,0.00,0.00,0.0,17,-23.604315,-46.836984
1785631881900,49.0,0.00,0.00,0.00,0.0,17,-23.604308,-46.836956
1785631882200,47.9,0.00,0.00,0.00,0.0,17,-23.604299,-46.836918
1785631882500,46.3,0.00,0.00,0.00,0.0,17,-23.604288,-46.836882
1785631882700,46.3,0.00,0.00,0.00,0.0,17,-23.604278,-46.836860
1785631882700,45.9,0.00,0.00,0.00,0.0,17,-23.604278,-46.836860
1785631883000,46.6,0.00,0.00,0.00,0.0,17,-23.604255,-46.836829
1785631883300,49.3,0.00,0.00,0.00,0.0,17,-23.604226,-46.836798
1785631883600,49.3,0.00,0.00,0.00,0.0,17,-23.604205,-46.836765
1785631883900,48.9,0.00,0.00,0.00,0.0,17,-23.604184,-46.836731
1785631884300,48.7,0.00,0.00,0.00,0.0,17,-23.604157,-46.836686
1785631884600,47.8,0.00,0.00,0.00,0.0,17,-23.604143,-46.836650
1785631884900,47.8,0.00,0.00,0.00,0.0,17,-23.604136,-46.836614
1785631884900,46.0,0.00,0.00,0.00,0.0,17,-23.604136,-46.836614
1785631885200,43.1,0.00,0.00,0.00,0.0,17,-23.604136,-46.836579
1785631885500,41.4,0.00,0.00,0.00,0.0,17,-23.604145,-46.836544
1785631885800,40.5,0.00,0.00,0.00,0.0,17,-23.604161,-46.836512
1785631886000,40.1,0.00,0.00,0.00,0.0,17,-23.604184,-46.836495
1785631886300,41.9,0.00,0.00,0.00,0.0,17,-23.604222,-46.836472
1785631886500,43.8,0.00,0.00,0.00,0.0,17,-23.604258,-46.836463
1785631886800,48.7,0.00,0.00,0.00,0.0,17,-23.604311,-46.836455
1785631887000,52.2,0.00,0.00,0.00,0.0,17,-23.604354,-46.836452
1785631887200,54.1,0.00,0.00,0.00,0.0,17,-23.604387,-46.836444
1785631887500,56.9,0.00,0.00,0.00,0.0,17,-23.604433,-46.836431
1785631887700,57.3,0.00,0.00,0.00,0.0,17,-23.604464,-46.836423
1785631887900,57.7,0.00,0.00,0.00,0.0,17,-23.604495,-46.836415
1785631888100,58.2,0.00,0.00,0.00,0.0,17,-23.604524,-46.836406
1785631888300,59.7,0.00,0.00,0.00,0.0,17,-23.604553,-46.836396
1785631888500,60.5,0.00,0.00,0.00,0.0,17,-23.604582,-46.836386
1785631888700,61.7,0.00,0.00,0.00,0.0,17,-23.604613,-46.836376
1785631889000,63.5,0.00,0.00,0.00,0.0,16,-23.604658,-46.836360
1785631889200,63.8,0.00,0.00,0.00,0.0,16,-23.604689,-46.836349
1785631889400,64.0,0.00,0.00,0.00,0.0,16,-23.604720,-46.836338
1785631889600,65.1,0.00,0.00,0.00,0.0,16,-23.604752,-46.836327
1785631889800,65.1,0.00,0.00,0.00,0.0,16,-23.604784,-46.836315
1785631889800,66.2,0.00,0.00,0.00,0.0,16,-23.604784,-46.836315
1785631890100,67.5,0.00,0.00,0.00,0.0,16,-23.604832,-46.836298
1785631890300,68.8,0.00,0.00,0.00,0.0,16,-23.604866,-46.836286
1785631890500,69.1,0.00,0.00,0.00,0.0,16,-23.604899,-46.836274
1785631890800,70.5,0.00,0.00,0.00,0.0,16,-23.604950,-46.836256
1785631891000,71.0,0.00,0.00,0.00,0.0,16,-23.604984,-46.836244
1785631891300,71.7,0.00,0.00,0.00,0.0,16,-23.605035,-46.836225
1785631891500,72.3,0.00,0.00,0.00,0.0,16,-23.605070,-46.836212
1785631891800,72.4,0.00,0.00,0.00,0.0,16,-23.605122,-46.836193
1785631892200,73.9,0.00,0.00,0.00,0.0,16,-23.605192,-46.836167
1785631892600,76.4,0.00,0.00,0.00,0.0,15,-23.605265,-46.836141
1785631892900,76.5,0.00,0.00,0.00,0.0,15,-23.605320,-46.836121
1785631893200,76.9,0.00,0.00,0.00,0.0,16,-23.605375,-46.836101
1785631893500,76.6,0.00,0.00,0.00,0.0,16,-23.605430,-46.836081
1785631893800,76.6,0.00,0.00,0.00,0.0,16,-23.605485,-46.836061
1785631893800,76.4,0.00,0.00,0.00,0.0,16,-23.605485,-46.836061
1785631894100,75.9,0.00,0.00,0.00,0.0,16,-23.605539,-46.836043
1785631894500,74.6,0.00,0.00,0.00,0.0,16,-23.605612,-46.836020
1785631894900,72.6,0.00,0.00,0.00,0.0,16,-23.605682,-46.836004
1785631895300,70.9,0.00,0.00,0.00,0.0,16,-23.605750,-46.835997
1785631895600,67.4,0.00,0.00,0.00,0.0,16,-23.605795,-46.836001
1785631895900,64.4,0.00,0.00,0.00,0.0,16,-23.605837,-46.836013
1785631896100,62.2,0.00,0.00,0.00,0.0,16,-23.605860,-46.836030
1785631896300,60.0,0.00,0.00,0.00,0.0,16,-23.605880,-46.836051
1785631896600,57.2,0.00,0.00,0.00,0.0,16,-23.605909,-46.836080
1785631896800,55.4,0.00,0.00,0.00,0.0,16,-23.605922,-46.836107
1785631897100,53.4,0.00,0.00,0.00,0.0,16,-23.605946,-46.836141
1785631897300,50.9,0.00,0.00,0.00,0.0,16,-23.605953,-46.836171
1785631897500,48.7,0.00,0.00,0.00,0.0,16,-23.605955,-46.836203
1785631897700,46.9,0.00,0.00,0.00,0.0,16,-23.605950,-46.836240
1785631897900,48.5,0.00,0.00,0.00,0.0,16,-23.605934,-46.836289
1785631898100,48.5,0.00,0.00,0.00,0.0,16,-23.605912,-46.836346
1785631898100,54.4,0.00,0.00,0.00,0.0,16,-23.605912,-46.836346
1785631898400,56.7,0.00,0.00,0.00,0.0,16,-23.605916,-46.836397
1785631898600,56.7,0.00,0.00,0.00,0.0,16,-23.605916,-46.836434
1785631898800,57.9,0.00,0.00,0.00,0.0,16,-23.605917,-46.836473
1785631899100,59.1,0.00,0.00,0.00,0.0,16,-23.605922,-46.836528
1785631899300,61.9,0.00,0.00,0.00,0.0,16,-23.605930,-46.836568
1785631899500,64.3,0.00,0.00,0.00,0.0,16,-23.605936,-46.836609
1785631899700,64.3,0.00,0.00,0.00,0.0,16,-23.605943,-46.836647
1785631899700,64.2,0.00,0.00,0.00,0.0,16,-23.605943,-46.836647
1785631899900,64.2,0.00,0.00,0.00,0.0,16,-23.605950,-46.836684
1785631899900,64.2,0.00,0.00,0.00,0.0,16,-23.605950,-46.836684
1785631900100,64.1,0.00,0.00,0.00,0.0,16,-23.605958,-46.836721
1785631900300,64.0,0.00,0.00,0.00,0.0,16,-23.605964,-46.836756
1785631900500,64.0,0.00,0.00,0.00,0.0,16,-23.605971,-46.836791
1785631900500,63.5,0.00,0.00,0.00,0.0,16,-23.605971,-46.836791
1785631900700,62.7,0.00,0.00,0.00,0.0,16,-23.605975,-46.836824
1785631900800,62.7,0.00,0.00,0.00,0.0,16,-23.605975,-46.836840
1785631900800,61.3,0.00,0.00,0.00,0.0,16,-23.605975,-46.836840
1785631901000,58.4,0.00,0.00,0.00,0.0,16,-23.605978,-46.836870
1785631901200,55.5,0.00,0.00,0.00,0.0,16,-23.605982,-46.836897
1785631901400,52.0,0.00,0.00,0.00,0.0,16,-23.605983,-46.836921
1785631901600,49.6,0.00,0.00,0.00,0.0,16,-23.605981,-46.836944
1785631901700,47.1,0.00,0.00,0.00,0.0,16,-23.605978,-46.836951
1785631901900,44.7,0.00,0.00,0.00,0.0,16,-23.605975,-46.836971
1785631902100,42.5,0.00,0.00,0.00,0.0,16,-23.605970,-46.836988
1785631902200,40.5,0.00,0.00,0.00,0.0,16,-23.605965,-46.836993
1785631902400,38.1,0.00,0.00,0.00,0.0,16,-23.605958,-46.837007
1785631902500,38.1,0.00,0.00,0.00,0.0,16,-23.605951,-46.837009
1785631902500,35.4,0.00,0.00,0.00,0.0,16,-23.605951,-46.837009
1785631902700,32.4,0.00,0.00,0.00,0.0,16,-23.605943,-46.837018
1785631902800,29.6,0.00,0.00,0.00,0.0,16,-23.605935,-46.837016
1785631903000,26.0,0.00,0.00,0.00,0.0,16,-23.605925,-46.837019
1785631903100,22.5,0.00,0.00,0.00,0.0,16,-23.605916,-46.837013
1785631903300,18.5,0.00,0.00,0.00,0.0,16,-23.605903,-46.837007
1785631903400,15.1,0.00,0.00,0.00,0.0,16,-23.605896,-46.836997
1785631903500,15.1,0.00,0.00,0.00,0.0,16,-23.605887,-46.836983
1785631903500,11.9,0.00,0.00,0.00,0.0,16,-23.605887,-46.836983
1785631903700,8.9,0.00,0.00,0.00,0.0,16,-23.605885,-46.836981
1785631903800,7.0,0.00,0.00,0.00,0.0,15,-23.605885,-46.836979
1785631904000,6.6,0.00,0.00,0.00,0.0,15,-23.605880,-46.836976
1785631904100,6.8,0.00,0.00,0.00,0.0,15,-23.605875,-46.836973
1785631904300,0.0,0.00,0.00,0.00,0.0,15,-23.605872,-46.836969
1785631904400,0.0,0.00,0.00,0.00,0.0,15,-23.605869,-46.836965
1785631904500,0.0,0.00,0.00,0.00,0.0,15,-23.605866,-46.836961
1785631904500,0.0,0.00,0.00,0.00,0.0,15,-23.605866,-46.836961
1785631904600,0.0,0.00,0.00,0.00,0.0,15,-23.605863,-46.836957
1785631904700,0.0,0.00,0.00,0.00,0.0,15,-23.605860,-46.836954
1785631904700,0.0,0.00,0.00,0.00,0.0,15,-23.605860,-46.836954
1785631904800,0.0,0.00,0.00,0.00,0.0,15,-23.605857,-46.836951
1785631905000,0.0,0.00,0.00,0.00,0.0,15,-23.605854,-46.836949
1785631905100,0.0,0.00,0.00,0.00,0.0,15,-23.605852,-46.836947
1785631905100,0.0,0.00,0.00,0.00,0.0,15,-23.605852,-46.836947
1785631905200,0.0,0.00,0.00,0.00,0.0,15,-23.605850,-46.836945
1785631905300,0.0,0.00,0.00,0.00,0.0,15,-23.605848,-46.836943
1785631905300,0.0,0.00,0.00,0.00,0.0,15,-23.605848,-46.836943
1785631905400,0.0,0.00,0.00,0.00,0.0,15,-23.605846,-46.836941
1785631905600,0.0,0.00,0.00,0.00,0.0,15,-23.605845,-46.836940
1785631905600,0.0,0.00,0.00,0.00,0.0,15,-23.605845,-46.836940
1785631905700,0.0,0.00,0.00,0.00,0.0,15,-23.605843,-46.836939
1785631905700,0.0,0.00,0.00,0.00,0.0,15,-23.605843,-46.836939
1785631905800,0.0,0.00,0.00,0.00,0.0,15,-23.605842,-46.836937
1785631905900,0.0,0.00,0.00,0.00,0.0,15,-23.605840,-46.836936
1785631906100,0.0,0.00,0.00,0.00,0.0,15,-23.605839,-46.836934
1785631906200,0.0,0.00,0.00,0.00,0.0,15,-23.605837,-46.836933
1785631906300,0.0,0.00,0.00,0.00,0.0,16,-23.605836,-46.836933
1785631906400,0.0,0.00,0.00,0.00,0.0,16,-23.605836,-46.836932
1785631906600,0.0,0.00,0.00,0.00,0.0,16,-23.605835,-46.836931
1785631906700,0.0,0.00,0.00,0.00,0.0,16,-23.605834,-46.836931
1785631906800,0.0,0.00,0.00,0.00,0.0,16,-23.605834,-46.836931
1785631906800,0.0,0.00,0.00,0.00,0.0,16,-23.605834,-46.836931
1785631906900,0.0,0.00,0.00,0.00,0.0,16,-23.605833,-46.836931
1785631907000,0.0,0.00,0.00,0.00,0.0,16,-23.605833,-46.836931
1785631907200,0.0,0.00,0.00,0.00,0.0,16,-23.605832,-46.836931
1785631907200,0.0,0.00,0.00,0.00,0.0,16,-23.605832,-46.836931
1785631907300,0.0,0.00,0.00,0.00,0.0,16,-23.605832,-46.836931
1785631907400,0.0,0.00,0.00,0.00,0.0,16,-23.605832,-46.836931
1785631907500,0.0,0.00,0.00,0.00,0.0,16,-23.605831,-46.836931
1785631907500,0.0,0.00,0.00,0.00,0.0,16,-23.605831,-46.836931
1785631907700,0.0,0.00,0.00,0.00,0.0,16,-23.605831,-46.836931
1785631907800,0.0,0.00,0.00,0.00,0.0,16,-23.605830,-46.836931
1785631907800,0.0,0.00,0.00,0.00,0.0,16,-23.605830,-46.836931
1785631908000,0.0,0.00,0.00,0.00,0.0,16,-23.605830,-46.836931
1785631908100,0.0,0.00,0.00,0.00,0.0,16,-23.605829,-46.836932
1785631908300,0.0,0.00,0.00,0.00,0.0,16,-23.605829,-46.836932
1785631908400,0.0,0.00,0.00,0.00,0.0,16,-23.605829,-46.836932
1785631908600,0.0,0.00,0.00,0.00,0.0,16,-23.605829,-46.836933
1785631908700,0.0,0.00,0.00,0.00,0.0,16,-23.605828,-46.836933
1785631908900,5.4,0.00,0.00,0.00,0.0,16,-23.605827,-46.836936
1785631909200,6.1,0.00,0.00,0.00,0.0,16,-23.605826,-46.836941
1785631909400,6.5,0.00,0.00,0.00,0.0,16,-23.605824,-46.836945
1785631909600,7.0,0.00,0.00,0.00,0.0,16,-23.605822,-46.836948
1785631909800,7.6,0.00,0.00,0.00,0.0,16,-23.605819,-46.836952
1785631910000,9.0,0.00,0.00,0.00,0.0,16,-23.605816,-46.836956
1785631910100,9.2,0.00,0.00,0.00,0.0,16,-23.605814,-46.836958
1785631910300,9.5,0.00,0.00,0.00,0.0,16,-23.605811,-46.836962
1785631910500,9.5,0.00,0.00,0.00,0.0,16,-23.605806,-46.836965
1785631910500,9.9,0.00,0.00,0.00,0.0,16,-23.605806,-46.836965
1785631910700,11.1,0.00,0.00,0.00,0.0,16,-23.605801,-46.836969
1785631910900,11.6,0.00,0.00,0.00,0.0,16,-23.605796,-46.836972
1785631911100,12.1,0.00,0.00,0.00,0.0,16,-23.605791,-46.836976
1785631911300,13.4,0.00,0.00,0.00,0.0,17,-23.605784,-46.836979
1785631911500,14.6,0.00,0.00,0.00,0.0,17,-23.605777,-46.836982
1785631911700,16.0,0.00,0.00,0.00,0.0,17,-23.605768,-46.836986
1785631911900,17.2,0.00,0.00,0.00,0.0,17,-23.605760,-46.836990
1785631912100,17.2,0.00,0.00,0.00,0.0,17,-23.605751,-46.836995
1785631912100,18.1,0.00,0.00,0.00,0.0,17,-23.605751,-46.836995
1785631912300,18.1,0.00,0.00,0.00,0.0,17,-23.605742,-46.836999
1785631912300,19.1,0.00,0.00,0.00,0.0,17,-23.605742,-46.836999
1785631912500,21.1,0.00,0.00,0.00,0.0,17,-23.605731,-46.837004
1785631912700,22.6,0.00,0.00,0.00,0.0,17,-23.605719,-46.837009
1785631912900,22.6,0.00,0.00,0.00,0.0,17,-23.605708,-46.837014
1785631912900,23.9,0.00,0.00,0.00,0.0,17,-23.605708,-46.837014
1785631913000,23.9,0.00,0.00,0.00,0.0,17,-23.605701,-46.837017
1785631913000,25.1,0.00,0.00,0.00,0.0,17,-23.605701,-46.837017
1785631913200,25.6,0.00,0.00,0.00,0.0,17,-23.605688,-46.837022
1785631913300,25.6,0.00,0.00,0.00,0.0,17,-23.605682,-46.837025
1785631913300,25.9,0.00,0.00,0.00,0.0,17,-23.605682,-46.837025
1785631913500,26.6,0.00,0.00,0.00,0.0,17,-23.605669,-46.837031
1785631913700,27.8,0.00,0.00,0.00,0.0,17,-23.605656,-46.837036
1785631913800,27.8,0.00,0.00,0.00,0.0,17,-23.605648,-46.837039
1785631913800,28.4,0.00,0.00,0.00,0.0,17,-23.605648,-46.837039
1785631914000,29.2,0.00,0.00,0.00,0.0,17,-23.605634,-46.837045
1785631914100,29.2,0.00,0.00,0.00,0.0,17,-23.605626,-46.837048
1785631914100,29.8,0.00,0.00,0.00,0.0,17,-23.605626,-46.837048
1785631914300,29.8,0.00,0.00,0.00,0.0,17,-23.605611,-46.837055
1785631914300,31.4,0.00,0.00,0.00,0.0,17,-23.605611,-46.837055
1785631914500,32.1,0.00,0.00,0.00,0.0,17,-23.605596,-46.837061
1785631914600,32.7,0.00,0.00,0.00,0.0,17,-23.605587,-46.837064
1785631914800,33.8,0.00,0.00,0.00,0.0,17,-23.605571,-46.837071
1785631914900,34.2,0.00,0.00,0.00,0.0,17,-23.605563,-46.837074
1785631915100,35.2,0.00,0.00,0.00,0.0,17,-23.605546,-46.837080
1785631915300,35.9,0.00,0.00,0.00,0.0,17,-23.605528,-46.837086
1785631915400,36.5,0.00,0.00,0.00,0.0,17,-23.605519,-46.837090
1785631915600,36.5,0.00,0.00,0.00,0.0,17,-23.605501,-46.837097
1785631915600,37.1,0.00,0.00,0.00,0.0,17,-23.605501,-46.837097
1785631915700,37.1,0.00,0.00,0.00,0.0,17,-23.605491,-46.837100
1785631915700,37.7,0.00,0.00,0.00,0.0,17,-23.605491,-46.837100
1785631915900,37.7,0.00,0.00,0.00,0.0,17,-23.605473,-46.837107
1785631915900,38.0,0.00,0.00,0.00,0.0,17,-23.605473,-46.837107
1785631916000,38.8,0.00,0.00,0.00,0.0,17,-23.605463,-46.837111
1785631916200,39.7,0.00,0.00,0.00,0.0,17,-23.605444,-46.837119
1785631916400,40.4,0.00,0.00,0.00,0.0,17,-23.605425,-46.837127
1785631916500,41.1,0.00,0.00,0.00,0.0,17,-23.605414,-46.837131
1785631916600,41.5,0.00,0.00,0.00,0.0,17,-23.605404,-46.837135
1785631916800,42.2,0.00,0.00,0.00,0.0,17,-23.605384,-46.837143
1785631916900,42.8,0.00,0.00,0.00,0.0,17,-23.605373,-46.837147
1785631917100,44.0,0.00,0.00,0.00,0.0,17,-23.605352,-46.837155
1785631917200,44.0,0.00,0.00,0.00,0.0,17,-23.605341,-46.837160
1785631917200,44.6,0.00,0.00,0.00,0.0,17,-23.605341,-46.837160
1785631917400,45.1,0.00,0.00,0.00,0.0,17,-23.605319,-46.837168
1785631917500,45.2,0.00,0.00,0.00,0.0,17,-23.605308,-46.837172
1785631917600,45.3,0.00,0.00,0.00,0.0,17,-23.605297,-46.837176
1785631917800,45.3,0.00,0.00,0.00,0.0,17,-23.605275,-46.837184
1785631917800,45.9,0.00,0.00,0.00,0.0,17,-23.605275,-46.837184
1785631917900,46.7,0.00,0.00,0.00,0.0,17,-23.605263,-46.837188
1785631918100,46.7,0.00,0.00,0.00,0.0,17,-23.605241,-46.837196
1785631918200,46.7,0.00,0.00,0.00,0.0,17,-23.605230,-46.837200
1785631918300,46.7,0.00,0.00,0.00,0.0,17,-23.605218,-46.837203
1785631918400,46.7,0.00,0.00,0.00,0.0,17,-23.605207,-46.837207
1785631918600,46.2,0.00,0.00,0.00,0.0,17,-23.605184,-46.837214
1785631918700,45.9,0.00,0.00,0.00,0.0,17,-23.605173,-46.837217
1785631918800,45.7,0.00,0.00,0.00,0.0,17,-23.605162,-46.837219
1785631918900,45.5,0.00,0.00,0.00,0.0,17,-23.605150,-46.837221
1785631919000,45.3,0.00,0.00,0.00,0.0,17,-23.605139,-46.837224
1785631919200,45.0,0.00,0.00,0.00,0.0,17,-23.605116,-46.837227
1785631919300,44.5,0.00,0.00,0.00,0.0,17,-23.605105,-46.837227
1785631919400,44.3,0.00,0.00,0.00,0.0,17,-23.605094,-46.837227
1785631919500,44.1,0.00,0.00,0.00,0.0,17,-23.605082,-46.837226
1785631919700,43.6,0.00,0.00,0.00,0.0,17,-23.605060,-46.837225
1785631919800,43.3,0.00,0.00,0.00,0.0,17,-23.605049,-46.837221
1785631919900,43.3,0.00,0.00,0.00,0.0,17,-23.605038,-46.837217
1785631920000,43.5,0.00,0.00,0.00,0.0,17,-23.605026,-46.837212
1785631920200,43.9,0.00,0.00,0.00,0.0,17,-23.605004,-46.837202
1785631920300,44.8,0.00,0.00,0.00,0.0,17,-23.604992,-46.837193
1785631920400,46.4,0.00,0.00,0.00,0.0,17,-23.604979,-46.837182
1785631920500,49.1,0.00,0.00,0.00,0.0,17,-23.604964,-46.837170
1785631920600,52.0,0.00,0.00,0.00,0.0,17,-23.604948,-46.837156
1785631920800,53.2,0.00,0.00,0.00,0.0,17,-23.604923,-46.837136
1785631920900,53.6,0.00,0.00,0.00,0.0,17,-23.604910,-46.837127
1785631921000,53.9,0.00,0.00,0.00,0.0,17,-23.604897,-46.837117
1785631921100,54.0,0.00,0.00,0.00,0.0,17,-23.604885,-46.837108
1785631921300,54.3,0.00,0.00,0.00,0.0,17,-23.604860,-46.837092
1785631921400,54.3,0.00,0.00,0.00,0.0,17,-23.604848,-46.837083
1785631921400,54.7,0.00,0.00,0.00,0.0,17,-23.604848,-46.837083
1785631921500,54.8,0.00,0.00,0.00,0.0,17,-23.604836,-46.837073
1785631921700,54.8,0.00,0.00,0.00,0.0,17,-23.604812,-46.837055
1785631921700,55.0,0.00,0.00,0.00,0.0,17,-23.604812,-46.837055
1785631921800,55.0,0.00,0.00,0.00,0.0,17,-23.604800,-46.837046
1785631922000,54.6,0.00,0.00,0.00,0.0,17,-23.604777,-46.837028
1785631922100,54.4,0.00,0.00,0.00,0.0,17,-23.604766,-46.837018
1785631922200,54.0,0.00,0.00,0.00,0.0,17,-23.604755,-46.837009
1785631922400,54.0,0.00,0.00,0.00,0.0,17,-23.604733,-46.836990
1785631922400,53.8,0.00,0.00,0.00,0.0,17,-23.604733,-46.836990
1785631922500,53.2,0.00,0.00,0.00,0.0,17,-23.604723,-46.836980
1785631922600,52.4,0.00,0.00,0.00,0.0,17,-23.604713,-46.836970
1785631922800,51.2,0.00,0.00,0.00,0.0,17,-23.604695,-46.836952
1785631922900,49.9,0.00,0.00,0.00,0.0,17,-23.604688,-46.836943
1785631923100,48.3,0.00,0.00,0.00,0.0,17,-23.604672,-46.836924
1785631923200,46.8,0.00,0.00,0.00,0.0,17,-23.604667,-46.836913
1785631923300,45.3,0.00,0.00,0.00,0.0,17,-23.604664,-46.836903
1785631923500,43.3,0.00,0.00,0.00,0.0,17,-23.604655,-46.836883
1785631923600,41.2,0.00,0.00,0.00,0.0,17,-23.604654,-46.836873
1785631923800,39.0,0.00,0.00,0.00,0.0,17,-23.604651,-46.836853
1785631924000,35.6,0.00,0.00,0.00,0.0,17,-23.604652,-46.836836
1785631924200,32.0,0.00,0.00,0.00,0.0,17,-23.604659,-46.836820
1785631924300,29.2,0.00,0.00,0.00,0.0,17,-23.604678,-46.836814
1785631924500,27.5,0.00,0.00,0.00,0.0,17,-23.604696,-46.836802
1785631924700,27.5,0.00,0.00,0.00,0.0,17,-23.604712,-46.836794
1785631924700,25.5,0.00,0.00,0.00,0.0,17,-23.604712,-46.836794
1785631924900,24.4,0.00,0.00,0.00,0.0,17,-23.604731,-46.836788
1785631925100,23.0,0.00,0.00,0.00,0.0,17,-23.604748,-46.836785
1785631925200,21.6,0.00,0.00,0.00,0.0,17,-23.604761,-46.836787
1785631925400,20.8,0.00,0.00,0.00,0.0,17,-23.604780,-46.836787
1785631925600,20.4,0.00,0.00,0.00,0.0,17,-23.604800,-46.836791
1785631925700,21.0,0.00,0.00,0.00,0.0,17,-23.604816,-46.836800
1785631925900,23.4,0.00,0.00,0.00,0.0,17,-23.604840,-46.836816
1785631926000,30.0,0.00,0.00,0.00,0.0,17,-23.604865,-46.836845
1785631926200,38.4,0.00,0.00,0.00,0.0,17,-23.604900,-46.836871
1785631926300,41.3,0.00,0.00,0.00,0.0,17,-23.604921,-46.836884
1785631926500,41.2,0.00,0.00,0.00,0.0,17,-23.604947,-46.836900
1785631926700,40.5,0.00,0.00,0.00,0.0,17,-23.604971,-46.836914
1785631926800,40.3,0.00,0.00,0.00,0.0,17,-23.604986,-46.836921
1785631927000,40.0,0.00,0.00,0.00,0.0,17,-23.605009,-46.836933
1785631927100,39.7,0.00,0.00,0.00,0.0,17,-23.605022,-46.836939
1785631927300,39.7,0.00,0.00,0.00,0.0,17,-23.605042,-46.836946
1785631927300,39.5,0.00,0.00,0.00,0.0,17,-23.605042,-46.836946
1785631927500,39.0,0.00,0.00,0.00,0.0,17,-23.605062,-46.836951
1785631927700,39.0,0.00,0.00,0.00,0.0,17,-23.605080,-46.836953
1785631927700,38.4,0.00,0.00,0.00,0.0,17,-23.605080,-46.836953
1785631927900,38.1,0.00,0.00,0.00,0.0,17,-23.605099,-46.836951
1785631928100,38.1,0.00,0.00,0.00,0.0,17,-23.605118,-46.836946
1785631928200,38.4,0.00,0.00,0.00,0.0,17,-23.605129,-46.836937
1785631928400,38.4,0.00,0.00,0.00,0.0,17,-23.605151,-46.836922
1785631928400,39.9,0.00,0.00,0.00,0.0,17,-23.605151,-46.836922
1785631928600,41.6,0.00,0.00,0.00,0.0,17,-23.605172,-46.836903
1785631928700,41.4,0.00,0.00,0.00,0.0,17,-23.605178,-46.836886
1785631928800,41.1,0.00,0.00,0.00,0.0,17,-23.605182,-46.836870
1785631929000,41.8,0.00,0.00,0.00,0.0,17,-23.605193,-46.836844
1785631929100,43.5,0.00,0.00,0.00,0.0,17,-23.605191,-46.836818
1785631929200,45.7,0.00,0.00,0.00,0.0,17,-23.605186,-46.836790
1785631929400,49.1,0.00,0.00,0.00,0.0,17,-23.605193,-46.836755
1785631929500,49.1,0.00,0.00,0.00,0.0,17,-23.605198,-46.836738
1785631929600,48.7,0.00,0.00,0.00,0.0,17,-23.605204,-46.836722
1785631929600,48.6,0.00,0.00,0.00,0.0,17,-23.605204,-46.836722
1785631929700,48.6,0.00,0.00,0.00,0.0,17,-23.605209,-46.836706
1785631929800,48.4,0.00,0.00,0.00,0.0,17,-23.605214,-46.836691
1785631930000,48.1,0.00,0.00,0.00,0.0,17,-23.605226,-46.836665
1785631930100,48.1,0.00,0.00,0.00,0.0,17,-23.605232,-46.836651
1785631930200,48.0,0.00,0.00,0.00,0.0,17,-23.605239,-46.836637
1785631930400,48.0,0.00,0.00,0.00,0.0,17,-23.605253,-46.836614
1785631930400,47.5,0.00,0.00,0.00,0.0,17,-23.605253,-46.836614
1785631930500,47.0,0.00,0.00,0.00,0.0,17,-23.605261,-46.836603
1785631930600,46.5,0.00,0.00,0.00,0.0,17,-23.605269,-46.836593
1785631930700,46.1,0.00,0.00,0.00,0.0,17,-23.605278,-46.836582
1785631930900,45.4,0.00,0.00,0.00,0.0,17,-23.605293,-46.836562
1785631931000,44.7,0.00,0.00,0.00,0.0,17,-23.605300,-46.836554
1785631931100,44.0,0.00,0.00,0.00,0.0,17,-23.605308,-46.836545
1785631931200,43.2,0.00,0.00,0.00,0.0,17,-23.605316,-46.836537
1785631931400,41.9,0.00,0.00,0.00,0.0,17,-23.605331,-46.836522
1785631931500,40.2,0.00,0.00,0.00,0.0,17,-23.605338,-46.836518
1785631931600,38.6,0.00,0.00,0.00,0.0,17,-23.605346,-46.836514
1785631931700,38.6,0.00,0.00,0.00,0.0,17,-23.605354,-46.836512
1785631931700,36.9,0.00,0.00,0.00,0.0,17,-23.605354,-46.836512
1785631931900,34.7,0.00,0.00,0.00,0.0,17,-23.605369,-46.836506
1785631932000,34.7,0.00,0.00,0.00,0.0,17,-23.605376,-46.836509
1785631932000,32.7,0.00,0.00,0.00,0.0,17,-23.605376,-46.836509
1785631932100,31.1,0.00,0.00,0.00,0.0,17,-23.605384,-46.836513
1785631932300,29.4,0.00,0.00,0.00,0.0,17,-23.605400,-46.836517
1785631932400,28.2,0.00,0.00,0.00,0.0,17,-23.605407,-46.836526
1785631932600,27.9,0.00,0.00,0.00,0.0,17,-23.605422,-46.836542
1785631932700,27.9,0.00,0.00,0.00,0.0,17,-23.605429,-46.836559
1785631932700,27.9,0.00,0.00,0.00,0.0,17,-23.605429,-46.836559
1785631932700,28.7,0.00,0.00,0.00,0.0,17,-23.605429,-46.836559
1785631932800,32.8,0.00,0.00,0.00,0.0,17,-23.605437,-46.836589
1785631933000,32.8,0.00,0.00,0.00,0.0,17,-23.605445,-46.836628
1785631933000,37.9,0.00,0.00,0.00,0.0,17,-23.605445,-46.836628
1785631933100,40.3,0.00,0.00,0.00,0.0,17,-23.605450,-46.836649
1785631933300,41.7,0.00,0.00,0.00,0.0,17,-23.605464,-46.836675
1785631933400,42.6,0.00,0.00,0.00,0.0,17,-23.605473,-46.836690
1785631933500,42.9,0.00,0.00,0.00,0.0,17,-23.605481,-46.836705
1785631933700,42.9,0.00,0.00,0.00,0.0,17,-23.605495,-46.836729
1785631933700,43.8,0.00,0.00,0.00,0.0,17,-23.605495,-46.836729
1785631933800,44.1,0.00,0.00,0.00,0.0,17,-23.605503,-46.836742
1785631933900,44.6,0.00,0.00,0.00,0.0,17,-23.605511,-46.836756
1785631934100,44.7,0.00,0.00,0.00,0.0,17,-23.605526,-46.836779
1785631934200,44.6,0.00,0.00,0.00,0.0,17,-23.605534,-46.836791
1785631934300,44.6,0.00,0.00,0.00,0.0,17,-23.605543,-46.836804
1785631934400,44.5,0.00,0.00,0.00,0.0,17,-23.605551,-46.836815
1785631934600,44.7,0.00,0.00,0.00,0.0,17,-23.605566,-46.836836
1785631934700,44.7,0.00,0.00,0.00,0.0,17,-23.605575,-46.836846
1785631934800,44.6,0.00,0.00,0.00,0.0,17,-23.605583,-46.836855
1785631935000,44.5,0.00,0.00,0.00,0.0,17,-23.605599,-46.836874
1785631935100,44.4,0.00,0.00,0.00,0.0,17,-23.605607,-46.836882
1785631935300,43.8,0.00,0.00,0.00,0.0,17,-23.605622,-46.836899
1785631935400,42.9,0.00,0.00,0.00,0.0,17,-23.605631,-46.836906
1785631935600,42.0,0.00,0.00,0.00,0.0,17,-23.605646,-46.836920
1785631935700,42.0,0.00,0.00,0.00,0.0,17,-23.605654,-46.836925
1785631935700,41.0,0.00,0.00,0.00,0.0,17,-23.605654,-46.836925
1785631935900,39.5,0.00,0.00,0.00,0.0,17,-23.605670,-46.836936
1785631936100,37.6,0.00,0.00,0.00,0.0,17,-23.605686,-46.836942
1785631936200,37.6,0.00,0.00,0.00,0.0,17,-23.605695,-46.836939
1785631936200,35.8,0.00,0.00,0.00,0.0,17,-23.605695,-46.836939
1785631936400,34.5,0.00,0.00,0.00,0.0,17,-23.605713,-46.836937
1785631936500,33.3,0.00,0.00,0.00,0.0,17,-23.605722,-46.836927
1785631936700,33.3,0.00,0.00,0.00,0.0,17,-23.605738,-46.836915
1785631936700,31.9,0.00,0.00,0.00,0.0,17,-23.605738,-46.836915
1785631936800,28.9,0.00,0.00,0.00,0.0,17,-23.605740,-46.836900
1785631937000,28.9,0.00,0.00,0.00,0.0,17,-23.605748,-46.836886
1785631937000,26.5,0.00,0.00,0.00,0.0,17,-23.605748,-46.836886
1785631937200,23.9,0.00,0.00,0.00,0.0,17,-23.605750,-46.836864
1785631937300,23.4,0.00,0.00,0.00,0.0,17,-23.605745,-46.836844
1785631937400,24.5,0.00,0.00,0.00,0.0,17,-23.605740,-46.836824
1785631937600,26.7,0.00,0.00,0.00,0.0,17,-23.605733,-46.836795
1785631937700,26.7,0.00,0.00,0.00,0.0,17,-23.605715,-46.836761
1785631937700,26.7,0.00,0.00,0.00,0.0,17,-23.605715,-46.836761
1785631937700,31.8,0.00,0.00,0.00,0.0,17,-23.605715,-46.836761
1785631937900,36.7,0.00,0.00,0.00,0.0,17,-23.605699,-46.836721
1785631938000,41.3,0.00,0.00,0.00,0.0,17,-23.605687,-46.836693
1785631938200,41.7,0.00,0.00,0.00,0.0,17,-23.605681,-46.836665
1785631938300,42.1,0.00,0.00,0.00,0.0,17,-23.605677,-46.836648
1785631938500,42.2,0.00,0.00,0.00,0.0,17,-23.605671,-46.836621
1785631938600,42.6,0.00,0.00,0.00,0.0,17,-23.605669,-46.836605
1785631938800,43.1,0.00,0.00,0.00,0.0,17,-23.605662,-46.836578
1785631938900,43.0,0.00,0.00,0.00,0.0,17,-23.605659,-46.836564
1785631939000,43.0,0.00,0.00,0.00,0.0,17,-23.605656,-46.836550
1785631939200,43.0,0.00,0.00,0.00,0.0,17,-23.605649,-46.836524
1785631939200,43.2,0.00,0.00,0.00,0.0,17,-23.605649,-46.836524
1785631939300,43.3,0.00,0.00,0.00,0.0,17,-23.605646,-46.836510
1785631939400,43.7,0.00,0.00,0.00,0.0,17,-23.605643,-46.836496
1785631939600,44.0,0.00,0.00,0.00,0.0,17,-23.605637,-46.836471
1785631939800,44.3,0.00,0.00,0.00,0.0,17,-23.605630,-46.836446
1785631939900,44.2,0.00,0.00,0.00,0.0,17,-23.605627,-46.836432
1785631940100,44.3,0.00,0.00,0.00,0.0,17,-23.605620,-46.836407
1785631940300,44.3,0.00,0.00,0.00,0.0,17,-23.605612,-46.836382
1785631940300,44.7,0.00,0.00,0.00,0.0,17,-23.605612,-46.836382
1785631940400,45.1,0.00,0.00,0.00,0.0,17,-23.605608,-46.836368
1785631940600,45.0,0.00,0.00,0.00,0.0,17,-23.605598,-46.836345
1785631940700,45.0,0.00,0.00,0.00,0.0,17,-23.605591,-46.836334
1785631940900,44.4,0.00,0.00,0.00,0.0,17,-23.605580,-46.836314
1785631941100,43.2,0.00,0.00,0.00,0.0,17,-23.605568,-46.836294
1785631941200,41.9,0.00,0.00,0.00,0.0,17,-23.605561,-46.836286
1785631941400,40.5,0.00,0.00,0.00,0.0,17,-23.605548,-46.836270
1785631941500,40.5,0.00,0.00,0.00,0.0,17,-23.605540,-46.836265
1785631941500,39.2,0.00,0.00,0.00,0.0,17,-23.605540,-46.836265
1785631941700,37.4,0.00,0.00,0.00,0.0,17,-23.605525,-46.836253
1785631941800,37.4,0.00,0.00,0.00,0.0,17,-23.605515,-46.836251
1785631941800,35.8,0.00,0.00,0.00,0.0,17,-23.605515,-46.836251
1785631942000,34.1,0.00,0.00,0.00,0.0,17,-23.605499,-46.836244
1785631942200,33.2,0.00,0.00,0.00,0.0,17,-23.605481,-46.836242
1785631942300,32.5,0.00,0.00,0.00,0.0,17,-23.605468,-46.836247
1785631942500,32.0,0.00,0.00,0.00,0.0,17,-23.605447,-46.836251
1785631942700,32.0,0.00,0.00,0.00,0.0,17,-23.605417,-46.836266
1785631942700,35.7,0.00,0.00,0.00,0.0,17,-23.605417,-46.836266
1785631942800,39.9,0.00,0.00,0.00,0.0,17,-23.605396,-46.836283
1785631943000,45.7,0.00,0.00,0.00,0.0,17,-23.605360,-46.836305
1785631943100,49.7,0.00,0.00,0.00,0.0,17,-23.605337,-46.836323
1785631943300,49.7,0.00,0.00,0.00,0.0,17,-23.605309,-46.836335
1785631943400,49.8,0.00,0.00,0.00,0.0,17,-23.605293,-46.836343
1785631943600,49.9,0.00,0.00,0.00,0.0,17,-23.605266,-46.836355
1785631943700,50.4,0.00,0.00,0.00,0.0,17,-23.605251,-46.836363
1785631943900,50.4,0.00,0.00,0.00,0.0,17,-23.605223,-46.836374
1785631943900,50.6,0.00,0.00,0.00,0.0,17,-23.605223,-46.836374
1785631944000,50.6,0.00,0.00,0.00,0.0,17,-23.605208,-46.836382
1785631944000,50.7,0.00,0.00,0.00,0.0,17,-23.605208,-46.836382
1785631944200,51.3,0.00,0.00,0.00,0.0,17,-23.605181,-46.836393
1785631944400,51.6,0.00,0.00,0.00,0.0,17,-23.605154,-46.836405
1785631944500,51.9,0.00,0.00,0.00,0.0,17,-23.605139,-46.836412
1785631944700,52.3,0.00,0.00,0.00,0.0,17,-23.605112,-46.836423
1785631944800,52.3,0.00,0.00,0.00,0.0,17,-23.605097,-46.836430
1785631944800,52.9,0.00,0.00,0.00,0.0,17,-23.605097,-46.836430
1785631945000,53.0,0.00,0.00,0.00,0.0,17,-23.605070,-46.836441
1785631945100,53.0,0.00,0.00,0.00,0.0,17,-23.605056,-46.836447
1785631945100,53.2,0.00,0.00,0.00,0.0,17,-23.605056,-46.836447
1785631945300,53.4,0.00,0.00,0.00,0.0,17,-23.605029,-46.836457
1785631945500,53.9,0.00,0.00,0.00,0.0,17,-23.605002,-46.836468
1785631945600,53.9,0.00,0.00,0.00,0.0,17,-23.604988,-46.836474
1785631945600,54.2,0.00,0.00,0.00,0.0,17,-23.604988,-46.836474
1785631945700,54.5,0.00,0.00,0.00,0.0,17,-23.604974,-46.836479
1785631945900,54.7,0.00,0.00,0.00,0.0,17,-23.604948,-46.836489
1785631946000,55.0,0.00,0.00,0.00,0.0,17,-23.604934,-46.836495
1785631946200,55.0,0.00,0.00,0.00,0.0,17,-23.604907,-46.836505
1785631946200,55.6,0.00,0.00,0.00,0.0,17,-23.604907,-46.836505
1785631946300,55.8,0.00,0.00,0.00,0.0,17,-23.604893,-46.836511
1785631946400,55.8,0.00,0.00,0.00,0.0,17,-23.604879,-46.836516
1785631946600,55.8,0.00,0.00,0.00,0.0,17,-23.604852,-46.836526
1785631946600,56.0,0.00,0.00,0.00,0.0,17,-23.604852,-46.836526
1785631946700,56.0,0.00,0.00,0.00,0.0,17,-23.604839,-46.836531
1785631946700,56.1,0.00,0.00,0.00,0.0,17,-23.604839,-46.836531
1785631946900,56.8,0.00,0.00,0.00,0.0,17,-23.604812,-46.836542
1785631947000,57.5,0.00,0.00,0.00,0.0,17,-23.604798,-46.836547
1785631947200,57.7,0.00,0.00,0.00,0.0,17,-23.604770,-46.836559
1785631947300,57.8,0.00,0.00,0.00,0.0,17,-23.604756,-46.836565
1785631947500,57.7,0.00,0.00,0.00,0.0,17,-23.604729,-46.836576
1785631947600,58.1,0.00,0.00,0.00,0.0,17,-23.604715,-46.836583
1785631947800,58.7,0.00,0.00,0.00,0.0,17,-23.604688,-46.836596
1785631947900,59.2,0.00,0.00,0.00,0.0,17,-23.604674,-46.836604
1785631948100,59.8,0.00,0.00,0.00,0.0,17,-23.604647,-46.836618
1785631948300,59.8,0.00,0.00,0.00,0.0,17,-23.604620,-46.836635
1785631948300,61.0,0.00,0.00,0.00,0.0,17,-23.604620,-46.836635
1785631948400,61.1,0.00,0.00,0.00,0.0,17,-23.604607,-46.836644
1785631948600,60.9,0.00,0.00,0.00,0.0,17,-23.604581,-46.836663
1785631948700,60.9,0.00,0.00,0.00,0.0,17,-23.604569,-46.836673
1785631948700,60.4,0.00,0.00,0.00,0.0,17,-23.604569,-46.836673
1785631948900,59.9,0.00,0.00,0.00,0.0,17,-23.604544,-46.836693
1785631949000,59.6,0.00,0.00,0.00,0.0,17,-23.604533,-46.836705
1785631949200,59.5,0.00,0.00,0.00,0.0,17,-23.604510,-46.836726
1785631949400,58.8,0.00,0.00,0.00,0.0,17,-23.604487,-46.836747
1785631949500,58.3,0.00,0.00,0.00,0.0,17,-23.604477,-46.836758
1785631949700,57.7,0.00,0.00,0.00,0.0,17,-23.604456,-46.836780
1785631949800,56.9,0.00,0.00,0.00,0.0,17,-23.604447,-46.836792
1785631950000,55.9,0.00,0.00,0.00,0.0,17,-23.604429,-46.836814
1785631950100,55.9,0.00,0.00,0.00,0.0,16,-23.604422,-46.836826
1785631950100,54.8,0.00,0.00,0.00,0.0,16,-23.604422,-46.836826
1785631950200,53.4,0.00,0.00,0.00,0.0,16,-23.604417,-46.836839
1785631950400,51.1,0.00,0.00,0.00,0.0,16,-23.604406,-46.836863
1785631950500,49.0,0.00,0.00,0.00,0.0,16,-23.604407,-46.836878
1785631950600,47.7,0.00,0.00,0.00,0.0,16,-23.604409,-46.836893
1785631950800,45.9,0.00,0.00,0.00,0.0,16,-23.604408,-46.836920
1785631950900,45.9,0.00,0.00,0.00,0.0,16,-23.604416,-46.836937
1785631950900,45.0,0.00,0.00,0.00,0.0,16,-23.604416,-46.836937
1785631951000,44.4,0.00,0.00,0.00,0.0,16,-23.604427,-46.836954
1785631951200,44.8,0.00,0.00,0.00,0.0,16,-23.604440,-46.836985
1785631951300,45.8,0.00,0.00,0.00,0.0,16,-23.604457,-46.837004
1785631951400,47.6,0.00,0.00,0.00,0.0,16,-23.604477,-46.837023
1785631951600,51.4,0.00,0.00,0.00,0.0,16,-23.604509,-46.837058
1785631951700,51.4,0.00,0.00,0.00,0.0,16,-23.604561,-46.837094
1785631951700,63.2,0.00,0.00,0.00,0.0,16,-23.604561,-46.837094
1785631951800,63.2,0.00,0.00,0.00,0.0,16,-23.604576,-46.837113
1785631952000,63.2,0.00,0.00,0.00,0.0,16,-23.604599,-46.837147
1785631952100,63.3,0.00,0.00,0.00,0.0,16,-23.604614,-46.837166
1785631952300,63.4,0.00,0.00,0.00,0.0,16,-23.604637,-46.837200
1785631952400,63.2,0.00,0.00,0.00,0.0,16,-23.604651,-46.837220
1785631952600,62.9,0.00,0.00,0.00,0.0,16,-23.604672,-46.837255
1785631952700,62.9,0.00,0.00,0.00,0.0,16,-23.604684,-46.837276
1785631952700,62.8,0.00,0.00,0.00,0.0,16,-23.604684,-46.837276
1785631952900,62.6,0.00,0.00,0.00,0.0,16,-23.604702,-46.837315
1785631953000,62.1,0.00,0.00,0.00,0.0,16,-23.604708,-46.837336
1785631953200,60.5,0.00,0.00,0.00,0.0,16,-23.604717,-46.837366
1785631953300,60.5,0.00,0.00,0.00,0.0,16,-23.604719,-46.837381
1785631953300,59.3,0.00,0.00,0.00,0.0,16,-23.604719,-46.837381
1785631953500,57.9,0.00,0.00,0.00,0.0,16,-23.604725,-46.837411
1785631953600,56.7,0.00,0.00,0.00,0.0,16,-23.604724,-46.837426
1785631953800,55.1,0.00,0.00,0.00,0.0,16,-23.604725,-46.837455
1785631953900,55.1,0.00,0.00,0.00,0.0,16,-23.604719,-46.837469
1785631953900,53.6,0.00,0.00,0.00,0.0,16,-23.604719,-46.837469
1785631954000,52.5,0.00,0.00,0.00,0.0,16,-23.604709,-46.837483
1785631954200,50.7,0.00,0.00,0.00,0.0,16,-23.604696,-46.837508
1785631954300,49.7,0.00,0.00,0.00,0.0,16,-23.604671,-46.837517
1785631954500,50.2,0.00,0.00,0.00,0.0,16,-23.604644,-46.837538
1785631954600,50.6,0.00,0.00,0.00,0.0,16,-23.604616,-46.837541
1785631954800,50.6,0.00,0.00,0.00,0.0,16,-23.604585,-46.837552
1785631954800,49.7,0.00,0.00,0.00,0.0,16,-23.604585,-46.837552
1785631954900,49.7,0.00,0.00,0.00,0.0,17,-23.604564,-46.837556
1785631955100,49.7,0.00,0.00,0.00,0.0,17,-23.604537,-46.837570
1785631955100,49.2,0.00,0.00,0.00,0.0,17,-23.604537,-46.837570
1785631955200,48.6,0.00,0.00,0.00,0.0,17,-23.604516,-46.837572
1785631955400,48.6,0.00,0.00,0.00,0.0,17,-23.604488,-46.837582
1785631955400,48.4,0.00,0.00,0.00,0.0,17,-23.604488,-46.837582
1785631955500,48.3,0.00,0.00,0.00,0.0,17,-23.604467,-46.837582
1785631955700,48.4,0.00,0.00,0.00,0.0,17,-23.604437,-46.837586
1785631955900,48.2,0.00,0.00,0.00,0.0,17,-23.604408,-46.837588
1785631956000,48.2,0.00,0.00,0.00,0.0,17,-23.604389,-46.837581
1785631956000,48.3,0.00,0.00,0.00,0.0,17,-23.604389,-46.837581
1785631956200,48.3,0.00,0.00,0.00,0.0,17,-23.604356,-46.837572
1785631956200,48.8,0.00,0.00,0.00,0.0,17,-23.604356,-46.837572
1785631956400,49.8,0.00,0.00,0.00,0.0,17,-23.604323,-46.837557
1785631956500,48.5,0.00,0.00,0.00,0.0,17,-23.604308,-46.837540
1785631956700,46.8,0.00,0.00,0.00,0.0,17,-23.604284,-46.837524
1785631956900,44.2,0.00,0.00,0.00,0.0,17,-23.604263,-46.837507
1785631957100,42.4,0.00,0.00,0.00,0.0,17,-23.604243,-46.837490
1785631957300,42.4,0.00,0.00,0.00,0.0,17,-23.604228,-46.837469
1785631957300,40.5,0.00,0.00,0.00,0.0,17,-23.604228,-46.837469
1785631957500,39.3,0.00,0.00,0.00,0.0,17,-23.604215,-46.837449
1785631957600,39.3,0.00,0.00,0.00,0.0,17,-23.604213,-46.837435
1785631957600,38.2,0.00,0.00,0.00,0.0,17,-23.604213,-46.837435
1785631957800,36.9,0.00,0.00,0.00,0.0,17,-23.604205,-46.837414
1785631958000,35.7,0.00,0.00,0.00,0.0,17,-23.604201,-46.837392
1785631958100,34.7,0.00,0.00,0.00,0.0,17,-23.604208,-46.837374
1785631958300,34.1,0.00,0.00,0.00,0.0,17,-23.604217,-46.837344
1785631958500,41.5,0.00,0.00,0.00,0.0,17,-23.604255,-46.837291
1785631958600,45.9,0.00,0.00,0.00,0.0,17,-23.604271,-46.837263
1785631958800,46.6,0.00,0.00,0.00,0.0,17,-23.604279,-46.837232
1785631959000,46.7,0.00,0.00,0.00,0.0,17,-23.604286,-46.837201
1785631959100,46.8,0.00,0.00,0.00,0.0,17,-23.604292,-46.837183
1785631959300,46.9,0.00,0.00,0.00,0.0,17,-23.604298,-46.837151
1785631959500,47.1,0.00,0.00,0.00,0.0,17,-23.604302,-46.837120
1785631959600,47.4,0.00,0.00,0.00,0.0,17,-23.604306,-46.837102
1785631959800,47.9,0.00,0.00,0.00,0.0,17,-23.604308,-46.837070
1785631959900,48.6,0.00,0.00,0.00,0.0,17,-23.604309,-46.837050
1785631960100,49.1,0.00,0.00,0.00,0.0,17,-23.604309,-46.837018
1785631960200,49.1,0.00,0.00,0.00,0.0,17,-23.604308,-46.837000
1785631960400,49.4,0.00,0.00,0.00,0.0,17,-23.604305,-46.836970
1785631960600,49.4,0.00,0.00,0.00,0.0,17,-23.604299,-46.836940
1785631960700,49.3,0.00,0.00,0.00,0.0,17,-23.604294,-46.836925
1785631960900,49.1,0.00,0.00,0.00,0.0,17,-23.604285,-46.836899
1785631961100,48.5,0.00,0.00,0.00,0.0,17,-23.604274,-46.836873
1785631961300,48.1,0.00,0.00,0.00,0.0,17,-23.604263,-46.836849
1785631961500,47.7,0.00,0.00,0.00,0.0,17,-23.604249,-46.836826
1785631961700,47.3,0.00,0.00,0.00,0.0,17,-23.604229,-46.836808
1785631961900,47.3,0.00,0.00,0.00,0.0,17,-23.604204,-46.836793
1785631961900,48.3,0.00,0.00,0.00,0.0,17,-23.604204,-46.836793
1785631962100,49.1,0.00,0.00,0.00,0.0,17,-23.604188,-46.836772
1785631962300,49.1,0.00,0.00,0.00,0.0,17,-23.604171,-46.836752
1785631962300,48.7,0.00,0.00,0.00,0.0,17,-23.604171,-46.836752
1785631962500,48.2,0.00,0.00,0.00,0.0,17,-23.604155,-46.836732
1785631962700,47.6,0.00,0.00,0.00,0.0,17,-23.604140,-46.836712
1785631962900,47.6,0.00,0.00,0.00,0.0,17,-23.604126,-46.836692
1785631962900,46.8,0.00,0.00,0.00,0.0,17,-23.604126,-46.836692
1785631963100,45.5,0.00,0.00,0.00,0.0,17,-23.604114,-46.836672
1785631963400,43.2,0.00,0.00,0.00,0.0,17,-23.604099,-46.836643
1785631963600,40.7,0.00,0.00,0.00,0.0,17,-23.604093,-46.836624
1785631963800,40.7,0.00,0.00,0.00,0.0,17,-23.604089,-46.836605
1785631963800,38.4,0.00,0.00,0.00,0.0,17,-23.604089,-46.836605
1785631964000,36.1,0.00,0.00,0.00,0.0,17,-23.604088,-46.836588
1785631964200,34.1,0.00,0.00,0.00,0.0,17,-23.604089,-46.836570
1785631964300,33.0,0.00,0.00,0.00,0.0,17,-23.604096,-46.836562
1785631964500,31.9,0.00,0.00,0.00,0.0,17,-23.604103,-46.836545
1785631964700,31.3,0.00,0.00,0.00,0.0,17,-23.604114,-46.836528
1785631964800,31.9,0.00,0.00,0.00,0.0,17,-23.604126,-46.836520
1785631965000,31.4,0.00,0.00,0.00,0.0,17,-23.604140,-46.836505
1785631965200,32.3,0.00,0.00,0.00,0.0,17,-23.604158,-46.836491
1785631965300,33.2,0.00,0.00,0.00,0.0,17,-23.604175,-46.836486
1785631965500,36.4,0.00,0.00,0.00,0.0,17,-23.604208,-46.836477
1785631965700,36.4,0.00,0.00,0.00,0.0,17,-23.604247,-46.836470
1785631965700,40.6,0.00,0.00,0.00,0.0,17,-23.604247,-46.836470
1785631965800,43.2,0.00,0.00,0.00,0.0,17,-23.604272,-46.836470
1785631966000,43.2,0.00,0.00,0.00,0.0,17,-23.604309,-46.836466
1785631966000,46.3,0.00,0.00,0.00,0.0,17,-23.604309,-46.836466
1785631966100,49.6,0.00,0.00,0.00,0.0,17,-23.604334,-46.836462
1785631966300,51.0,0.00,0.00,0.00,0.0,17,-23.604366,-46.836455
1785631966500,51.6,0.00,0.00,0.00,0.0,17,-23.604395,-46.836447
1785631966700,51.8,0.00,0.00,0.00,0.0,17,-23.604423,-46.836438
1785631966800,51.9,0.00,0.00,0.00,0.0,17,-23.604439,-46.836433
1785631967000,52.5,0.00,0.00,0.00,0.0,17,-23.604467,-46.836425
1785631967200,53.0,0.00,0.00,0.00,0.0,17,-23.604495,-46.836416
1785631967400,53.0,0.00,0.00,0.00,0.0,17,-23.604523,-46.836407
1785631967400,54.4,0.00,0.00,0.00,0.0,17,-23.604523,-46.836407
1785631967600,55.1,0.00,0.00,0.00,0.0,17,-23.604550,-46.836397
1785631967800,55.7,0.00,0.00,0.00,0.0,17,-23.604578,-46.836388
1785631968000,56.0,0.00,0.00,0.00,0.0,17,-23.604605,-46.836378
1785631968200,56.4,0.00,0.00,0.00,0.0,17,-23.604633,-46.836368
1785631968400,57.6,0.00,0.00,0.00,0.0,17,-23.604661,-46.836358
1785631968700,57.6,0.00,0.00,0.00,0.0,17,-23.604705,-46.836343
1785631968700,60.0,0.00,0.00,0.00,0.0,17,-23.604705,-46.836343
1785631968800,60.5,0.00,0.00,0.00,0.0,17,-23.604720,-46.836337
1785631969000,62.4,0.00,0.00,0.00,0.0,17,-23.604751,-46.836326
1785631969200,63.6,0.00,0.00,0.00,0.0,17,-23.604782,-46.836315
1785631969400,64.6,0.00,0.00,0.00,0.0,17,-23.604813,-46.836303
1785631969700,66.6,0.00,0.00,0.00,0.0,17,-23.604861,-46.836286
1785631969900,67.0,0.00,0.00,0.00,0.0,17,-23.604894,-46.836275
1785631970100,67.3,0.00,0.00,0.00,0.0,17,-23.604926,-46.836264
1785631970200,67.4,0.00,0.00,0.00,0.0,17,-23.604943,-46.836258
1785631970400,68.0,0.00,0.00,0.00,0.0,17,-23.604975,-46.836246
1785631970600,68.8,0.00,0.00,0.00,0.0,17,-23.605009,-46.836235
1785631970800,69.8,0.00,0.00,0.00,0.0,17,-23.605043,-46.836223
1785631971000,69.8,0.00,0.00,0.00,0.0,17,-23.605077,-46.836211
1785631971000,70.6,0.00,0.00,0.00,0.0,17,-23.605077,-46.836211
1785631971200,71.0,0.00,0.00,0.00,0.0,17,-23.605111,-46.836199
1785631971300,71.3,0.00,0.00,0.00,0.0,17,-23.605128,-46.836193
1785631971500,71.8,0.00,0.00,0.00,0.0,17,-23.605163,-46.836181
1785631971800,72.9,0.00,0.00,0.00,0.0,17,-23.605215,-46.836162
1785631972100,74.2,0.00,0.00,0.00,0.0,17,-23.605268,-46.836142
1785631972300,74.5,0.00,0.00,0.00,0.0,16,-23.605304,-46.836129
1785631972600,75.2,0.00,0.00,0.00,0.0,16,-23.605358,-46.836110
1785631972800,75.2,0.00,0.00,0.00,0.0,16,-23.605394,-46.836097
1785631973000,75.1,0.00,0.00,0.00,0.0,16,-23.605431,-46.836084
1785631973300,75.0,0.00,0.00,0.00,0.0,16,-23.605484,-46.836065
1785631973500,75.1,0.00,0.00,0.00,0.0,16,-23.605521,-46.836052
1785631973700,75.1,0.00,0.00,0.00,0.0,16,-23.605557,-46.836040
1785631973700,74.9,0.00,0.00,0.00,0.0,16,-23.605557,-46.836040
1785631973900,74.8,0.00,0.00,0.00,0.0,16,-23.605593,-46.836028
1785631974100,74.8,0.00,0.00,0.00,0.0,16,-23.605629,-46.836018
1785631974100,74.6,0.00,0.00,0.00,0.0,16,-23.605629,-46.836018
1785631974200,74.2,0.00,0.00,0.00,0.0,16,-23.605647,-46.836013
1785631974400,73.2,0.00,0.00,0.00,0.0,17,-23.605682,-46.836005
1785631974600,72.1,0.00,0.00,0.00,0.0,17,-23.605716,-46.835998
1785631974800,72.1,0.00,0.00,0.00,0.0,17,-23.605750,-46.835994
1785631974800,70.8,0.00,0.00,0.00,0.0,17,-23.605750,-46.835994
1785631975000,68.8,0.00,0.00,0.00,0.0,17,-23.605782,-46.835991
1785631975100,66.9,0.00,0.00,0.00,0.0,17,-23.605796,-46.835993
1785631975300,65.0,0.00,0.00,0.00,0.0,17,-23.605826,-46.835995
1785631975500,65.0,0.00,0.00,0.00,0.0,17,-23.605854,-46.835999
1785631975500,63.5,0.00,0.00,0.00,0.0,17,-23.605854,-46.835999
1785631975700,61.9,0.00,0.00,0.00,0.0,17,-23.605881,-46.836007
1785631975800,60.2,0.00,0.00,0.00,0.0,17,-23.605891,-46.836017
1785631976000,58.0,0.00,0.00,0.00,0.0,17,-23.605914,-46.836030
1785631976200,55.7,0.00,0.00,0.00,0.0,17,-23.605935,-46.836045
1785631976400,53.3,0.00,0.00,0.00,0.0,17,-23.605953,-46.836062
1785631976600,53.3,0.00,0.00,0.00,0.0,17,-23.605963,-46.836087
1785631976600,50.0,0.00,0.00,0.00,0.0,17,-23.605963,-46.836087
1785631976700,48.1,0.00,0.00,0.00,0.0,17,-23.605963,-46.836106
1785631976900,48.1,0.00,0.00,0.00,0.0,17,-23.605971,-46.836133
1785631976900,46.9,0.00,0.00,0.00,0.0,17,-23.605971,-46.836133
1785631977100,46.9,0.00,0.00,0.00,0.0,17,-23.605975,-46.836163
1785631977100,45.4,0.00,0.00,0.00,0.0,17,-23.605975,-46.836163
1785631977300,45.3,0.00,0.00,0.00,0.0,17,-23.605975,-46.836198
1785631977500,47.3,0.00,0.00,0.00,0.0,17,-23.605965,-46.836247
1785631977700,54.2,0.00,0.00,0.00,0.0,17,-23.605943,-46.836314
1785631977900,61.3,0.00,0.00,0.00,0.0,17,-23.605962,-46.836356
1785631978100,61.3,0.00,0.00,0.00,0.0,17,-23.605970,-46.836394
1785631978100,61.4,0.00,0.00,0.00,0.0,17,-23.605970,-46.836394
1785631978300,61.4,0.00,0.00,0.00,0.0,17,-23.605977,-46.836431
1785631978300,61.4,0.00,0.00,0.00,0.0,17,-23.605977,-46.836431
1785631978500,61.4,0.00,0.00,0.00,0.0,17,-23.605985,-46.836469
1785631978500,62.1,0.00,0.00,0.00,0.0,17,-23.605985,-46.836469
1785631978700,62.1,0.00,0.00,0.00,0.0,17,-23.605992,-46.836508
1785631978700,63.8,0.00,0.00,0.00,0.0,17,-23.605992,-46.836508
1785631978800,63.9,0.00,0.00,0.00,0.0,17,-23.605992,-46.836531
1785631979000,63.9,0.00,0.00,0.00,0.0,17,-23.606000,-46.836569
1785631979200,64.1,0.00,0.00,0.00,0.0,17,-23.606008,-46.836606
1785631979400,64.2,0.00,0.00,0.00,0.0,17,-23.606015,-46.836644
1785631979600,64.0,0.00,0.00,0.00,0.0,17,-23.606022,-46.836681
1785631979800,63.2,0.00,0.00,0.00,0.0,17,-23.606027,-46.836718
1785631980000,63.2,0.00,0.00,0.00,0.0,17,-23.606032,-46.836754
1785631980000,62.7,0.00,0.00,0.00,0.0,17,-23.606032,-46.836754
1785631980200,62.2,0.00,0.00,0.00,0.0,17,-23.606036,-46.836790
1785631980400,61.8,0.00,0.00,0.00,0.0,17,-23.606037,-46.836826
1785631980500,60.6,0.00,0.00,0.00,0.0,17,-23.606032,-46.836845
1785631980700,59.4,0.00,0.00,0.00,0.0,17,-23.606029,-46.836880
1785631980900,58.5,0.00,0.00,0.00,0.0,17,-23.606023,-46.836914
1785631981000,58.4,0.00,0.00,0.00,0.0,17,-23.606014,-46.836932
1785631981100,58.3,0.00,0.00,0.00,0.0,17,-23.606003,-46.836951
1785631981300,58.7,0.00,0.00,0.00,0.0,17,-23.605989,-46.836984
1785631981500,57.0,0.00,0.00,0.00,0.0,17,-23.605974,-46.837012
1785631981600,57.0,0.00,0.00,0.00,0.0,17,-23.605955,-46.837025
1785631981600,56.3,0.00,0.00,0.00,0.0,17,-23.605955,-46.837025
1785631981700,56.3,0.00,0.00,0.00,0.0,17,-23.605936,-46.837037
1785631981700,55.7,0.00,0.00,0.00,0.0,17,-23.605936,-46.837037
1785631981900,56.0,0.00,0.00,0.00,0.0,17,-23.605908,-46.837062
1785631982100,56.7,0.00,0.00,0.00,0.0,17,-23.605871,-46.837082
1785631982200,59.2,0.00,0.00,0.00,0.0,17,-23.605835,-46.837086
1785631982400,60.9,0.00,0.00,0.00,0.0,17,-23.605789,-46.837099
1785631982500,62.6,0.00,0.00,0.00,0.0,17,-23.605756,-46.837101
1785631982700,65.3,0.00,0.00,0.00,0.0,17,-23.605705,-46.837107
1785631982800,67.7,0.00,0.00,0.00,0.0,17,-23.605666,-46.837101
1785631983000,68.8,0.00,0.00,0.00,0.0,17,-23.605623,-46.837111
1785631983100,69.3,0.00,0.00,0.00,0.0,17,-23.605599,-46.837117
1785631983300,69.6,0.00,0.00,0.00,0.0,17,-23.605559,-46.837130
1785631983400,69.7,0.00,0.00,0.00,0.0,17,-23.605537,-46.837138
1785631983600,69.8,0.00,0.00,0.00,0.0,17,-23.605498,-46.837151
1785631983800,69.8,0.00,0.00,0.00,0.0,17,-23.605460,-46.837165
1785631983800,70.0,0.00,0.00,0.00,0.0,17,-23.605460,-46.837165
1785631983900,70.1,0.00,0.00,0.00,0.0,17,-23.605439,-46.837172
1785631984100,70.2,0.00,0.00,0.00,0.0,17,-23.605401,-46.837185
1785631984300,69.9,0.00,0.00,0.00,0.0,17,-23.605363,-46.837197
1785631984400,69.7,0.00,0.00,0.00,0.0,17,-23.605343,-46.837203
1785631984600,69.7,0.00,0.00,0.00,0.0,17,-23.605306,-46.837213
1785631984600,69.2,0.00,0.00,0.00,0.0,17,-23.605306,-46.837213
1785631984800,68.7,0.00,0.00,0.00,0.0,17,-23.605269,-46.837223
1785631985000,68.4,0.00,0.00,0.00,0.0,17,-23.605233,-46.837230
1785631985200,68.1,0.00,0.00,0.00,0.0,17,-23.605196,-46.837236
1785631985400,68.0,0.00,0.00,0.00,0.0,16,-23.605159,-46.837240
1785631985600,68.2,0.00,0.00,0.00,0.0,16,-23.605123,-46.837241
1785631985800,68.2,0.00,0.00,0.00,0.0,16,-23.605086,-46.837239
1785631985800,68.1,0.00,0.00,0.00,0.0,16,-23.605086,-46.837239
1785631986000,67.9,0.00,0.00,0.00,0.0,16,-23.605050,-46.837233
1785631986200,68.2,0.00,0.00,0.00,0.0,16,-23.605014,-46.837222
1785631986400,68.3,0.00,0.00,0.00,0.0,16,-23.604979,-46.837206
1785631986500,68.3,0.00,0.00,0.00,0.0,16,-23.604961,-46.837190
1785631986500,68.8,0.00,0.00,0.00,0.0,16,-23.604961,-46.837190
1785631986700,69.7,0.00,0.00,0.00,0.0,16,-23.604926,-46.837167
1785631986900,70.5,0.00,0.00,0.00,0.0,16,-23.604893,-46.837142
1785631987100,69.3,0.00,0.00,0.00,0.0,16,-23.604865,-46.837115
1785631987200,68.2,0.00,0.00,0.00,0.0,16,-23.604853,-46.837097
1785631987400,67.7,0.00,0.00,0.00,0.0,16,-23.604824,-46.837073
1785631987600,67.0,0.00,0.00,0.00,0.0,16,-23.604796,-46.837049
1785631987800,67.0,0.00,0.00,0.00,0.0,16,-23.604771,-46.837025
1785631987800,65.9,0.00,0.00,0.00,0.0,16,-23.604771,-46.837025
1785631988000,64.7,0.00,0.00,0.00,0.0,16,-23.604746,-46.837002
1785631988200,63.3,0.00,0.00,0.00,0.0,16,-23.604723,-46.836979
1785631988400,61.6,0.00,0.00,0.00,0.0,16,-23.604702,-46.836956
1785631988600,59.3,0.00,0.00,0.00,0.0,16,-23.604684,-46.836933
1785631988800,56.7,0.00,0.00,0.00,0.0,16,-23.604668,-46.836911
1785631989000,54.0,0.00,0.00,0.00,0.0,16,-23.604655,-46.836889
1785631989200,50.6,0.00,0.00,0.00,0.0,16,-23.604645,-46.836868
1785631989300,47.4,0.00,0.00,0.00,0.0,16,-23.604646,-46.836858
1785631989500,47.4,0.00,0.00,0.00,0.0,16,-23.604644,-46.836836
1785631989500,44.5,0.00,0.00,0.00,0.0,16,-23.604644,-46.836836
1785631989700,42.0,0.00,0.00,0.00,0.0,16,-23.604648,-46.836815
1785631989800,38.7,0.00,0.00,0.00,0.0,16,-23.604658,-46.836807
1785631990000,35.5,0.00,0.00,0.00,0.0,16,-23.604671,-46.836790
1785631990200,33.2,0.00,0.00,0.00,0.0,16,-23.604686,-46.836774
1785631990400,31.1,0.00,0.00,0.00,0.0,16,-23.604705,-46.836762
1785631990600,28.7,0.00,0.00,0.00,0.0,16,-23.604721,-46.836752
1785631990800,25.5,0.00,0.00,0.00,0.0,16,-23.604743,-46.836746
1785631990900,25.5,0.00,0.00,0.00,0.0,16,-23.604758,-46.836748
1785631990900,23.4,0.00,0.00,0.00,0.0,16,-23.604758,-46.836748
1785631991100,22.0,0.00,0.00,0.00,0.0,16,-23.604778,-46.836746
1785631991300,20.8,0.00,0.00,0.00,0.0,16,-23.604796,-46.836747
1785631991500,20.8,0.00,0.00,0.00,0.0,16,-23.604815,-46.836753
1785631991500,19.6,0.00,0.00,0.00,0.0,16,-23.604815,-46.836753
1785631991600,18.9,0.00,0.00,0.00,0.0,16,-23.604831,-46.836767
1785631991800,24.5,0.00,0.00,0.00,0.0,16,-23.604862,-46.836792
1785631992000,24.5,0.00,0.00,0.00,0.0,16,-23.604910,-46.836836
1785631992000,38.0,0.00,0.00,0.00,0.0,16,-23.604910,-46.836836
1785631992200,36.1,0.00,0.00,0.00,0.0,16,-23.604929,-46.836844
1785631992400,36.1,0.00,0.00,0.00,0.0,16,-23.604951,-46.836856
1785631992400,35.9,0.00,0.00,0.00,0.0,16,-23.604951,-46.836856
1785631992500,35.5,0.00,0.00,0.00,0.0,16,-23.604965,-46.836863
1785631992700,35.2,0.00,0.00,0.00,0.0,16,-23.604987,-46.836874
1785631992900,34.8,0.00,0.00,0.00,0.0,16,-23.605008,-46.836883
1785631993100,34.8,0.00,0.00,0.00,0.0,16,-23.605028,-46.836891
1785631993100,34.5,0.00,0.00,0.00,0.0,16,-23.605028,-46.836891
1785631993300,34.5,0.00,0.00,0.00,0.0,16,-23.605052,-46.836900
1785631993300,34.6,0.00,0.00,0.00,0.0,16,-23.605052,-46.836900
1785631993500,34.6,0.00,0.00,0.00,0.0,16,-23.605072,-46.836902
1785631993500,34.4,0.00,0.00,0.00,0.0,16,-23.605072,-46.836902
1785631993700,34.6,0.00,0.00,0.00,0.0,16,-23.605091,-46.836898
1785631993900,35.3,0.00,0.00,0.00,0.0,16,-23.605110,-46.836890
1785631994100,37.4,0.00,0.00,0.00,0.0,16,-23.605130,-46.836876
1785631994300,37.4,0.00,0.00,0.00,0.0,16,-23.605148,-46.836855
1785631994300,39.3,0.00,0.00,0.00,0.0,16,-23.605148,-46.836855
1785631994500,39.3,0.00,0.00,0.00,0.0,16,-23.605161,-46.836831
1785631994500,39.9,0.00,0.00,0.00,0.0,16,-23.605161,-46.836831
1785631994600,39.9,0.00,0.00,0.00,0.0,16,-23.605160,-46.836808
1785631994600,40.4,0.00,0.00,0.00,0.0,16,-23.605160,-46.836808
1785631994800,40.4,0.00,0.00,0.00,0.0,16,-23.605166,-46.836777
1785631994800,42.7,0.00,0.00,0.00,0.0,16,-23.605166,-46.836777
1785631995000,47.0,0.00,0.00,0.00,0.0,16,-23.605170,-46.836740
1785631995300,48.0,0.00,0.00,0.00,0.0,16,-23.605191,-46.836704
1785631995500,48.2,0.00,0.00,0.00,0.0,16,-23.605206,-46.836681
1785631995700,48.0,0.00,0.00,0.00,0.0,16,-23.605223,-46.836658
1785631995900,48.2,0.00,0.00,0.00,0.0,16,-23.605241,-46.836638
1785631996100,48.1,0.00,0.00,0.00,0.0,16,-23.605259,-46.836617
1785631996300,47.5,0.00,0.00,0.00,0.0,16,-23.605279,-46.836598
1785631996500,47.2,0.00,0.00,0.00,0.0,16,-23.605298,-46.836580
1785631996700,47.2,0.00,0.00,0.00,0.0,16,-23.605317,-46.836562
1785631996700,46.4,0.00,0.00,0.00,0.0,16,-23.605317,-46.836562
1785631996900,45.3,0.00,0.00,0.00,0.0,16,-23.605335,-46.836547
1785631997100,43.7,0.00,0.00,0.00,0.0,16,-23.605353,-46.836535
1785631997300,41.5,0.00,0.00,0.00,0.0,16,-23.605370,-46.836526
1785631997400,39.5,0.00,0.00,0.00,0.0,16,-23.605379,-46.836526
1785631997600,37.7,0.00,0.00,0.00,0.0,16,-23.605397,-46.836523
1785631997800,36.6,0.00,0.00,0.00,0.0,16,-23.605416,-46.836523
1785631998000,36.0,0.00,0.00,0.00,0.0,16,-23.605436,-46.836529
1785631998100,35.7,0.00,0.00,0.00,0.0,16,-23.605448,-46.836540
1785631998300,36.2,0.00,0.00,0.00,0.0,16,-23.605469,-46.836555
1785631998500,36.7,0.00,0.00,0.00,0.0,16,-23.605488,-46.836576
1785631998700,36.7,0.00,0.00,0.00,0.0,16,-23.605503,-46.836605
1785631998700,37.9,0.00,0.00,0.00,0.0,16,-23.605503,-46.836605
1785631998900,41.6,0.00,0.00,0.00,0.0,16,-23.605512,-46.836648
1785631999100,47.9,0.00,0.00,0.00,0.0,16,-23.605536,-46.836678
1785631999200,48.2,0.00,0.00,0.00,0.0,16,-23.605546,-46.836691
1785631999400,48.0,0.00,0.00,0.00,0.0,16,-23.605564,-46.836714
1785631999600,47.7,0.00,0.00,0.00,0.0,16,-23.605583,-46.836735
1785631999700,47.3,0.00,0.00,0.00,0.0,16,-23.605591,-46.836749
1785631999900,47.0,0.00,0.00,0.00,0.0,16,-23.605609,-46.836771
1785632000100,46.8,0.00,0.00,0.00,0.0,16,-23.605627,-46.836793
1785632000200,46.3,0.00,0.00,0.00,0.0,16,-23.605636,-46.836805
1785632000400,46.1,0.00,0.00,0.00,0.0,16,-23.605655,-46.836826
1785632000600,45.4,0.00,0.00,0.00,0.0,16,-23.605674,-46.836842
1785632000800,43.7,0.00,0.00,0.00,0.0,16,-23.605692,-46.836852
1785632000900,42.3,0.00,0.00,0.00,0.0,16,-23.605702,-46.836854
1785632001100,40.7,0.00,0.00,0.00,0.0,16,-23.605720,-46.836859
1785632001300,39.3,0.00,0.00,0.00,0.0,16,-23.605738,-46.836861
1785632001500,38.2,0.00,0.00,0.00,0.0,16,-23.605757,-46.836857
1785632001700,37.2,0.00,0.00,0.00,0.0,16,-23.605775,-46.836848
1785632001900,34.4,0.00,0.00,0.00,0.0,16,-23.605788,-46.836838
1785632002100,34.4,0.00,0.00,0.00,0.0,16,-23.605798,-46.836826
1785632002100,31.2,0.00,0.00,0.00,0.0,16,-23.605798,-46.836826
1785632002300,28.3,0.00,0.00,0.00,0.0,16,-23.605804,-46.836809
1785632002500,26.2,0.00,0.00,0.00,0.0,17,-23.605805,-46.836788
1785632002800,25.7,0.00,0.00,0.00,0.0,17,-23.605802,-46.836750
1785632003000,25.7,0.00,0.00,0.00,0.0,17,-23.605783,-46.836706
1785632003000,29.2,0.00,0.00,0.00,0.0,17,-23.605783,-46.836706
1785632003200,33.5,0.00,0.00,0.00,0.0,17,-23.605767,-46.836666
1785632003400,33.5,0.00,0.00,0.00,0.0,17,-23.605753,-46.836627
1785632003400,36.8,0.00,0.00,0.00,0.0,17,-23.605753,-46.836627
1785632003500,39.5,0.00,0.00,0.00,0.0,17,-23.605740,-46.836601
1785632003800,42.1,0.00,0.00,0.00,0.0,17,-23.605722,-46.836551
1785632004000,45.2,0.00,0.00,0.00,0.0,17,-23.605704,-46.836513
1785632004200,45.2,0.00,0.00,0.00,0.0,17,-23.605687,-46.836479
1785632004200,46.5,0.00,0.00,0.00,0.0,17,-23.605687,-46.836479
1785632004400,46.7,0.00,0.00,0.00,0.0,16,-23.605671,-46.836448
1785632004600,46.9,0.00,0.00,0.00,0.0,16,-23.605655,-46.836419
1785632004700,47.1,0.00,0.00,0.00,0.0,16,-23.605641,-46.836401
1785632004900,47.1,0.00,0.00,0.00,0.0,16,-23.605621,-46.836375
1785632004900,47.1,0.00,0.00,0.00,0.0,16,-23.605621,-46.836375
1785632005100,47.4,0.00,0.00,0.00,0.0,16,-23.605601,-46.836351
1785632005300,47.4,0.00,0.00,0.00,0.0,16,-23.605581,-46.836330
1785632005300,47.3,0.00,0.00,0.00,0.0,16,-23.605581,-46.836330
1785632005500,46.9,0.00,0.00,0.00,0.0,16,-23.605562,-46.836312
1785632005600,46.5,0.00,0.00,0.00,0.0,16,-23.605550,-46.836304
1785632005800,46.5,0.00,0.00,0.00,0.0,16,-23.605531,-46.836289
1785632005800,45.6,0.00,0.00,0.00,0.0,16,-23.605531,-46.836289
1785632006000,44.4,0.00,0.00,0.00,0.0,16,-23.605512,-46.836275
1785632006200,43.0,0.00,0.00,0.00,0.0,16,-23.605492,-46.836264
1785632006400,41.8,0.00,0.00,0.00,0.0,16,-23.605471,-46.836255
1785632006600,41.8,0.00,0.00,0.00,0.0,16,-23.605449,-46.836250
1785632006600,40.6,0.00,0.00,0.00,0.0,16,-23.605449,-46.836250
1785632006700,40.1,0.00,0.00,0.00,0.0,16,-23.605435,-46.836253
1785632006900,39.7,0.00,0.00,0.00,0.0,16,-23.605410,-46.836256
1785632007000,39.9,0.00,0.00,0.00,0.0,16,-23.605393,-46.836264
1785632007200,40.8,0.00,0.00,0.00,0.0,16,-23.605365,-46.836275
1785632007300,43.7,0.00,0.00,0.00,0.0,16,-23.605343,-46.836291
1785632007500,47.4,0.00,0.00,0.00,0.0,16,-23.605310,-46.836307
1785632007600,47.4,0.00,0.00,0.00,0.0,16,-23.605280,-46.836330
1785632007600,54.0,0.00,0.00,0.00,0.0,16,-23.605280,-46.836330
1785632007800,56.4,0.00,0.00,0.00,0.0,16,-23.605246,-46.836347
1785632008000,57.1,0.00,0.00,0.00,0.0,16,-23.605215,-46.836361
1785632008100,57.0,0.00,0.00,0.00,0.0,16,-23.605197,-46.836370
1785632008300,57.1,0.00,0.00,0.00,0.0,16,-23.605166,-46.836383
1785632008500,57.1,0.00,0.00,0.00,0.0,16,-23.605135,-46.836396
1785632008500,57.4,0.00,0.00,0.00,0.0,16,-23.605135,-46.836396
1785632008600,57.4,0.00,0.00,0.00,0.0,16,-23.605118,-46.836403
1785632008800,57.5,0.00,0.00,0.00,0.0,16,-23.605088,-46.836414
1785632009000,58.0,0.00,0.00,0.00,0.0,16,-23.605058,-46.836425
1785632009100,58.0,0.00,0.00,0.00,0.0,16,-23.605043,-46.836431
1785632009300,58.3,0.00,0.00,0.00,0.0,16,-23.605013,-46.836441
1785632009500,58.3,0.00,0.00,0.00,0.0,16,-23.604984,-46.836451
1785632009500,58.4,0.00,0.00,0.00,0.0,16,-23.604984,-46.836451
1785632009700,58.7,0.00,0.00,0.00,0.0,16,-23.604955,-46.836461
1785632009800,58.8,0.00,0.00,0.00,0.0,16,-23.604940,-46.836466
1785632010000,59.1,0.00,0.00,0.00,0.0,16,-23.604911,-46.836476
1785632010200,59.7,0.00,0.00,0.00,0.0,16,-23.604882,-46.836486
1785632010400,59.8,0.00,0.00,0.00,0.0,16,-23.604853,-46.836496
1785632010600,59.8,0.00,0.00,0.00,0.0,16,-23.604824,-46.836506
1785632010600,60.1,0.00,0.00,0.00,0.0,16,-23.604824,-46.836506
1785632010800,60.3,0.00,0.00,0.00,0.0,16,-23.604795,-46.836517
1785632010900,60.7,0.00,0.00,0.00,0.0,16,-23.604780,-46.836523
1785632011100,60.7,0.00,0.00,0.00,0.0,16,-23.604751,-46.836535
1785632011100,61.2,0.00,0.00,0.00,0.0,16,-23.604751,-46.836535
1785632011300,61.9,0.00,0.00,0.00,0.0,16,-23.604721,-46.836548
1785632011500,63.0,0.00,0.00,0.00,0.0,16,-23.604692,-46.836563
1785632011700,63.0,0.00,0.00,0.00,0.0,16,-23.604664,-46.836579
1785632011700,63.7,0.00,0.00,0.00,0.0,16,-23.604664,-46.836579
1785632011900,63.7,0.00,0.00,0.00,0.0,16,-23.604636,-46.836596
1785632012000,63.7,0.00,0.00,0.00,0.0,16,-23.604623,-46.836607
1785632012000,62.5,0.00,0.00,0.00,0.0,16,-23.604623,-46.836607
1785632012200,62.5,0.00,0.00,0.00,0.0,16,-23.604597,-46.836625
1785632012200,61.7,0.00,0.00,0.00,0.0,16,-23.604597,-46.836625
1785632012400,61.2,0.00,0.00,0.00,0.0,16,-23.604572,-46.836644
1785632012600,60.9,0.00,0.00,0.00,0.0,16,-23.604547,-46.836664
1785632012900,60.6,0.00,0.00,0.00,0.0,16,-23.604511,-46.836694
1785632013100,59.6,0.00,0.00,0.00,0.0,16,-23.604489,-46.836716
1785632013300,59.6,0.00,0.00,0.00,0.0,16,-23.604468,-46.836738
1785632013300,59.1,0.00,0.00,0.00,0.0,16,-23.604468,-46.836738
1785632013500,58.1,0.00,0.00,0.00,0.0,16,-23.604448,-46.836761
1785632013700,57.0,0.00,0.00,0.00,0.0,16,-23.604429,-46.836784
1785632013900,55.8,0.00,0.00,0.00,0.0,15,-23.604413,-46.836808
1785632014200,54.2,0.00,0.00,0.00,0.0,16,-23.604389,-46.836843
1785632014400,52.7,0.00,0.00,0.00,0.0,16,-23.604377,-46.836867
1785632014700,50.3,0.00,0.00,0.00,0.0,16,-23.604362,-46.836903
1785632015000,50.3,0.00,0.00,0.00,0.0,16,-23.604355,-46.836938
1785632015000,47.0,0.00,0.00,0.00,0.0,16,-23.604355,-46.836938
1785632015200,47.0,0.00,0.00,0.00,0.0,16,-23.604363,-46.836964
1785632015200,44.2,0.00,0.00,0.00,0.0,16,-23.604363,-46.836964
1785632015500,45.2,0.00,0.00,0.00,0.0,15,-23.604395,-46.837015
1785632015700,52.4,0.00,0.00,0.00,0.0,15,-23.604419,-46.837063
1785632016000,52.4,0.00,0.00,0.00,0.0,15,-23.604430,-46.837130
1785632016000,60.7,0.00,0.00,0.00,0.0,15,-23.604430,-46.837130
1785632016200,60.3,0.00,0.00,0.00,0.0,15,-23.604434,-46.837163
1785632016400,59.9,0.00,0.00,0.00,0.0,15,-23.604440,-46.837197
1785632016600,59.9,0.00,0.00,0.00,0.0,15,-23.604444,-46.837231
1785632016600,59.6,0.00,0.00,0.00,0.0,15,-23.604444,-46.837231
1785632016900,59.4,0.00,0.00,0.00,0.0,15,-23.604449,-46.837282
1785632017100,59.7,0.00,0.00,0.00,0.0,15,-23.604457,-46.837319
1785632017300,59.7,0.00,0.00,0.00,0.0,15,-23.604461,-46.837355
1785632017300,59.2,0.00,0.00,0.00,0.0,15,-23.604461,-46.837355
1785632017500,59.1,0.00,0.00,0.00,0.0,15,-23.604463,-46.837391
1785632017700,59.1,0.00,0.00,0.00,0.0,15,-23.604464,-46.837427
1785632017700,58.9,0.00,0.00,0.00,0.0,15,-23.604464,-46.837427
1785632017900,59.3,0.00,0.00,0.00,0.0,16,-23.604468,-46.837465
1785632018000,59.6,0.00,0.00,0.00,0.0,16,-23.604478,-46.837489
1785632018200,59.6,0.00,0.00,0.00,0.0,16,-23.604479,-46.837521
1785632018200,59.8,0.00,0.00,0.00,0.0,16,-23.604479,-46.837521
1785632018300,59.3,0.00,0.00,0.00,0.0,16,-23.604477,-46.837533
1785632018400,58.1,0.00,0.00,0.00,0.0,16,-23.604471,-46.837543
1785632018600,56.4,0.00,0.00,0.00,0.0,16,-23.604458,-46.837568
1785632018700,54.9,0.00,0.00,0.00,0.0,16,-23.604451,-46.837578
1785632018900,52.7,0.00,0.00,0.00,0.0,16,-23.604436,-46.837599
1785632019000,50.2,0.00,0.00,0.00,0.0,16,-23.604426,-46.837604
1785632019200,47.4,0.00,0.00,0.00,0.0,16,-23.604409,-46.837618
1785632019300,47.4,0.00,0.00,0.00,0.0,16,-23.604398,-46.837617
1785632019300,44.4,0.00,0.00,0.00,0.0,16,-23.604398,-46.837617
1785632019500,41.0,0.00,0.00,0.00,0.0,16,-23.604380,-46.837622
1785632019700,38.0,0.00,0.00,0.00,0.0,16,-23.604360,-46.837620
1785632019800,36.0,0.00,0.00,0.00,0.0,16,-23.604348,-46.837610
1785632020000,35.0,0.00,0.00,0.00,0.0,16,-23.604326,-46.837598
1785632020100,34.9,0.00,0.00,0.00,0.0,16,-23.604312,-46.837580
1785632020300,34.9,0.00,0.00,0.00,0.0,16,-23.604293,-46.837561
1785632020300,34.5,0.00,0.00,0.00,0.0,16,-23.604293,-46.837561
1785632020500,29.0,0.00,0.00,0.00,0.0,16,-23.604290,-46.837534
1785632020600,29.0,0.00,0.00,0.00,0.0,16,-23.604298,-46.837507
1785632020600,26.6,0.00,0.00,0.00,0.0,16,-23.604298,-46.837507
1785632020800,27.7,0.00,0.00,0.00,0.0,16,-23.604309,-46.837466
1785632020900,27.7,0.00,0.00,0.00,0.0,16,-23.604322,-46.837434
1785632020900,32.0,0.00,0.00,0.00,0.0,16,-23.604322,-46.837434
1785632021100,35.7,0.00,0.00,0.00,0.0,16,-23.604332,-46.837397
1785632021300,39.3,0.00,0.00,0.00,0.0,16,-23.604343,-46.837358
1785632021400,43.6,0.00,0.00,0.00,0.0,16,-23.604355,-46.837331
1785632021600,46.1,0.00,0.00,0.00,0.0,17,-23.604362,-46.837298
1785632021800,46.6,0.00,0.00,0.00,0.0,17,-23.604365,-46.837268
1785632022000,46.3,0.00,0.00,0.00,0.0,17,-23.604367,-46.837238
1785632022200,45.9,0.00,0.00,0.00,0.0,17,-23.604370,-46.837209
1785632022400,45.6,0.00,0.00,0.00,0.0,17,-23.604371,-46.837181
1785632022600,45.4,0.00,0.00,0.00,0.0,17,-23.604372,-46.837153
1785632022800,45.4,0.00,0.00,0.00,0.0,17,-23.604374,-46.837126
1785632023000,45.5,0.00,0.00,0.00,0.0,17,-23.604373,-46.837099
1785632023200,46.0,0.00,0.00,0.00,0.0,17,-23.604371,-46.837072
1785632023500,46.8,0.00,0.00,0.00,0.0,17,-23.604367,-46.837031
1785632023700,47.8,0.00,0.00,0.00,0.0,17,-23.604358,-46.837003
1785632023900,47.8,0.00,0.00,0.00,0.0,17,-23.604347,-46.836976
1785632024100,46.9,0.00,0.00,0.00,0.0,17,-23.604334,-46.836951
1785632024300,46.4,0.00,0.00,0.00,0.0,17,-23.604319,-46.836927
1785632024500,46.7,0.00,0.00,0.00,0.0,17,-23.604304,-46.836903
1785632024700,47.2,0.00,0.00,0.00,0.0,17,-23.604286,-46.836880
1785632024900,47.2,0.00,0.00,0.00,0.0,17,-23.604260,-46.836859
1785632024900,48.9,0.00,0.00,0.00,0.0,17,-23.604260,-46.836859
1785632025000,52.1,0.00,0.00,0.00,0.0,17,-23.604243,-46.836847
1785632025200,52.0,0.00,0.00,0.00,0.0,17,-23.604223,-46.836822
1785632025400,52.0,0.00,0.00,0.00,0.0,17,-23.604206,-46.836798
1785632025400,51.9,0.00,0.00,0.00,0.0,17,-23.604206,-46.836798
1785632025600,51.9,0.00,0.00,0.00,0.0,17,-23.604188,-46.836773
1785632025600,51.9,0.00,0.00,0.00,0.0,17,-23.604188,-46.836773
1785632025800,52.2,0.00,0.00,0.00,0.0,17,-23.604173,-46.836748
1785632026000,52.2,0.00,0.00,0.00,0.0,17,-23.604159,-46.836722
1785632026000,52.2,0.00,0.00,0.00,0.0,17,-23.604159,-46.836722
1785632026200,51.9,0.00,0.00,0.00,0.0,17,-23.604147,-46.836695
1785632026400,51.2,0.00,0.00,0.00,0.0,17,-23.604136,-46.836670
1785632026600,50.4,0.00,0.00,0.00,0.0,17,-23.604128,-46.836644
1785632026800,49.4,0.00,0.00,0.00,0.0,17,-23.604122,-46.836619
1785632026900,48.0,0.00,0.00,0.00,0.0,17,-23.604122,-46.836607
1785632027200,46.2,0.00,0.00,0.00,0.0,17,-23.604118,-46.836570
1785632027300,45.2,0.00,0.00,0.00,0.0,17,-23.604122,-46.836557
1785632027500,44.1,0.00,0.00,0.00,0.0,17,-23.604126,-46.836534
1785632027700,44.1,0.00,0.00,0.00,0.0,17,-23.604133,-46.836511
1785632027700,42.6,0.00,0.00,0.00,0.0,17,-23.604133,-46.836511
1785632028000,42.6,0.00,0.00,0.00,0.0,17,-23.604145,-46.836479
1785632028000,41.0,0.00,0.00,0.00,0.0,17,-23.604145,-46.836479
1785632028200,40.1,0.00,0.00,0.00,0.0,17,-23.604162,-46.836461
1785632028300,40.0,0.00,0.00,0.00,0.0,17,-23.604182,-46.836455
1785632028500,40.6,0.00,0.00,0.00,0.0,17,-23.604212,-46.836443
1785632028700,42.4,0.00,0.00,0.00,0.0,17,-23.604247,-46.836435
1785632028900,47.7,0.00,0.00,0.00,0.0,17,-23.604295,-46.836432
1785632029100,47.7,0.00,0.00,0.00,0.0,17,-23.604339,-46.836430
1785632029100,51.4,0.00,0.00,0.00,0.0,17,-23.604339,-46.836430
1785632029300,54.7,0.00,0.00,0.00,0.0,17,-23.604383,-46.836430
1785632029500,57.1,0.00,0.00,0.00,0.0,17,-23.604419,-46.836423
1785632029700,57.1,0.00,0.00,0.00,0.0,17,-23.604455,-46.836415
1785632029700,58.2,0.00,0.00,0.00,0.0,17,-23.604455,-46.836415
1785632029900,59.4,0.00,0.00,0.00,0.0,17,-23.604490,-46.836407
1785632030100,59.9,0.00,0.00,0.00,0.0,17,-23.604523,-46.836398
1785632030300,61.2,0.00,0.00,0.00,0.0,17,-23.604557,-46.836389
1785632030500,61.6,0.00,0.00,0.00,0.0,17,-23.604592,-46.836380
1785632030800,62.9,0.00,0.00,0.00,0.0,17,-23.604640,-46.836365
1785632031000,63.4,0.00,0.00,0.00,0.0,17,-23.604673,-46.836355
1785632031300,63.9,0.00,0.00,0.00,0.0,17,-23.604721,-46.836340
1785632031500,64.4,0.00,0.00,0.00,0.0,17,-23.604755,-46.836329
1785632031700,65.1,0.00,0.00,0.00,0.0,17,-23.604788,-46.836318
1785632031900,65.9,0.00,0.00,0.00,0.0,17,-23.604821,-46.836307
1785632032000,66.1,0.00,0.00,0.00,0.0,17,-23.604838,-46.836302
1785632032200,66.7,0.00,0.00,0.00,0.0,17,-23.604872,-46.836290
1785632032400,67.0,0.00,0.00,0.00,0.0,17,-23.604905,-46.836279
1785632032500,67.7,0.00,0.00,0.00,0.0,17,-23.604923,-46.836273
1785632032700,68.7,0.00,0.00,0.00,0.0,17,-23.604956,-46.836262
1785632032900,70.3,0.00,0.00,0.00,0.0,17,-23.604991,-46.836250
1785632033000,70.3,0.00,0.00,0.00,0.0,17,-23.605009,-46.836244
1785632033000,71.1,0.00,0.00,0.00,0.0,17,-23.605009,-46.836244
1785632033200,72.0,0.00,0.00,0.00,0.0,17,-23.605043,-46.836231
1785632033300,72.5,0.00,0.00,0.00,0.0,17,-23.605062,-46.836225
1785632033400,72.5,0.00,0.00,0.00,0.0,17,-23.605079,-46.836219
1785632033400,72.5,0.00,0.00,0.00,0.0,17,-23.605079,-46.836219
1785632033600,73.2,0.00,0.00,0.00,0.0,17,-23.605115,-46.836206
1785632033700,73.3,0.00,0.00,0.00,0.0,17,-23.605133,-46.836200
1785632033900,74.5,0.00,0.00,0.00,0.0,17,-23.605169,-46.836187
1785632034000,74.7,0.00,0.00,0.00,0.0,17,-23.605187,-46.836180
1785632034100,74.7,0.00,0.00,0.00,0.0,17,-23.605206,-46.836174
1785632034300,75.1,0.00,0.00,0.00,0.0,17,-23.605242,-46.836161
1785632034400,75.1,0.00,0.00,0.00,0.0,17,-23.605261,-46.836154
1785632034400,75.2,0.00,0.00,0.00,0.0,17,-23.605261,-46.836154
1785632034600,75.2,0.00,0.00,0.00,0.0,17,-23.605298,-46.836141
1785632034600,76.0,0.00,0.00,0.00,0.0,17,-23.605298,-46.836141
1785632034700,75.9,0.00,0.00,0.00,0.0,17,-23.605316,-46.836135
1785632034900,75.9,0.00,0.00,0.00,0.0,17,-23.605353,-46.836122
1785632035000,76.3,0.00,0.00,0.00,0.0,17,-23.605372,-46.836115
1785632035100,76.3,0.00,0.00,0.00,0.0,17,-23.605390,-46.836109
1785632035100,76.2,0.00,0.00,0.00,0.0,17,-23.605390,-46.836109
1785632035300,76.2,0.00,0.00,0.00,0.0,17,-23.605427,-46.836095
1785632035400,76.1,0.00,0.00,0.00,0.0,17,-23.605445,-46.836088
1785632035600,76.1,0.00,0.00,0.00,0.0,17,-23.605481,-46.836075
1785632035600,75.8,0.00,0.00,0.00,0.0,17,-23.605481,-46.836075
1785632035700,75.7,0.00,0.00,0.00,0.0,17,-23.605499,-46.836068
1785632035900,75.5,0.00,0.00,0.00,0.0,17,-23.605535,-46.836055
1785632036000,75.2,0.00,0.00,0.00,0.0,17,-23.605553,-46.836048
1785632036200,74.8,0.00,0.00,0.00,0.0,17,-23.605588,-46.836036
1785632036300,74.7,0.00,0.00,0.00,0.0,17,-23.605606,-46.836030
1785632036500,74.3,0.00,0.00,0.00,0.0,17,-23.605642,-46.836020
1785632036600,73.8,0.00,0.00,0.00,0.0,17,-23.605659,-46.836016
1785632036800,73.3,0.00,0.00,0.00,0.0,17,-23.605694,-46.836007
1785632036900,72.6,0.00,0.00,0.00,0.0,17,-23.605711,-46.836004
1785632037100,72.0,0.00,0.00,0.00,0.0,17,-23.605745,-46.835998
1785632037200,71.3,0.00,0.00,0.00,0.0,17,-23.605762,-46.835996
1785632037400,70.9,0.00,0.00,0.00,0.0,17,-23.605796,-46.835992
1785632037500,70.0,0.00,0.00,0.00,0.0,17,-23.605812,-46.835993
1785632037700,69.3,0.00,0.00,0.00,0.0,17,-23.605845,-46.835991
1785632037800,69.0,0.00,0.00,0.00,0.0,17,-23.605860,-46.835994
1785632038000,69.0,0.00,0.00,0.00,0.0,17,-23.605892,-46.835996
1785632038000,68.1,0.00,0.00,0.00,0.0,17,-23.605892,-46.835996
1785632038100,67.1,0.00,0.00,0.00,0.0,17,-23.605907,-46.835999
1785632038300,66.0,0.00,0.00,0.00,0.0,17,-23.605937,-46.836004
1785632038500,64.5,0.00,0.00,0.00,0.0,17,-23.605966,-46.836010
1785632038600,62.0,0.00,0.00,0.00,0.0,17,-23.605975,-46.836020
1785632038800,59.8,0.00,0.00,0.00,0.0,17,-23.605999,-46.836031
1785632039000,57.9,0.00,0.00,0.00,0.0,17,-23.606021,-46.836043
1785632039200,55.3,0.00,0.00,0.00,0.0,17,-23.606041,-46.836056
1785632039300,52.6,0.00,0.00,0.00,0.0,17,-23.606045,-46.836069
1785632039500,47.3,0.00,0.00,0.00,0.0,16,-23.606053,-46.836090
1785632039700,43.8,0.00,0.00,0.00,0.0,16,-23.606057,-46.836114
1785632039900,43.8,0.00,0.00,0.00,0.0,17,-23.606058,-46.836143
1785632039900,40.9,0.00,0.00,0.00,0.0,17,-23.606058,-46.836143
1785632040100,41.3,0.00,0.00,0.00,0.0,17,-23.606056,-46.836179
1785632040300,44.6,0.00,0.00,0.00,0.0,16,-23.606050,-46.836224
1785632040400,52.2,0.00,0.00,0.00,0.0,16,-23.606026,-46.836279
1785632040600,52.2,0.00,0.00,0.00,0.0,16,-23.606038,-46.836311
1785632040600,55.7,0.00,0.00,0.00,0.0,16,-23.606038,-46.836311
1785632040800,56.6,0.00,0.00,0.00,0.0,16,-23.606049,-46.836343
1785632040900,58.2,0.00,0.00,0.00,0.0,16,-23.606053,-46.836362
1785632041000,60.9,0.00,0.00,0.00,0.0,16,-23.606059,-46.836383
1785632041200,61.5,0.00,0.00,0.00,0.0,16,-23.606070,-46.836417
1785632041300,61.8,0.00,0.00,0.00,0.0,16,-23.606073,-46.836437
1785632041400,61.8,0.00,0.00,0.00,0.0,16,-23.606076,-46.836457
1785632041400,61.5,0.00,0.00,0.00,0.0,16,-23.606076,-46.836457
1785632041600,61.5,0.00,0.00,0.00,0.0,16,-23.606086,-46.836492
1785632041700,61.7,0.00,0.00,0.00,0.0,16,-23.606088,-46.836513
1785632041800,61.4,0.00,0.00,0.00,0.0,16,-23.606089,-46.836534
1785632042000,60.9,0.00,0.00,0.00,0.0,16,-23.606096,-46.836571
1785632042100,60.9,0.00,0.00,0.00,0.0,16,-23.606096,-46.836593
1785632042300,60.7,0.00,0.00,0.00,0.0,16,-23.606102,-46.836630
1785632042400,60.5,0.00,0.00,0.00,0.0,16,-23.606100,-46.836653
1785632042600,60.2,0.00,0.00,0.00,0.0,17,-23.606102,-46.836691
1785632042700,59.8,0.00,0.00,0.00,0.0,17,-23.606099,-46.836713
1785632042900,58.5,0.00,0.00,0.00,0.0,17,-23.606099,-46.836750
1785632043000,57.6,0.00,0.00,0.00,0.0,17,-23.606091,-46.836774
1785632043200,56.2,0.00,0.00,0.00,0.0,17,-23.606086,-46.836810
1785632043300,55.3,0.00,0.00,0.00,0.0,17,-23.606077,-46.836831
1785632043500,54.7,0.00,0.00,0.00,0.0,17,-23.606067,-46.836866
1785632043600,54.4,0.00,0.00,0.00,0.0,17,-23.606054,-46.836886
1785632043800,54.1,0.00,0.00,0.00,0.0,17,-23.606040,-46.836920
1785632043900,53.7,0.00,0.00,0.00,0.0,17,-23.606022,-46.836939
1785632044100,53.8,0.00,0.00,0.00,0.0,17,-23.606000,-46.836970
1785632044200,54.0,0.00,0.00,0.00,0.0,17,-23.605980,-46.836985
1785632044400,54.0,0.00,0.00,0.00,0.0,17,-23.605951,-46.837012
1785632044400,54.3,0.00,0.00,0.00,0.0,17,-23.605951,-46.837012
1785632044500,54.3,0.00,0.00,0.00,0.0,17,-23.605918,-46.837020
1785632044500,54.1,0.00,0.00,0.00,0.0,17,-23.605918,-46.837020
1785632044700,54.1,0.00,0.00,0.00,0.0,17,-23.605867,-46.837034
1785632044700,55.9,0.00,0.00,0.00,0.0,17,-23.605867,-46.837034
1785632044800,59.4,0.00,0.00,0.00,0.0,17,-23.605816,-46.837030
1785632045000,64.1,0.00,0.00,0.00,0.0,17,-23.605753,-46.837035
1785632045100,67.7,0.00,0.00,0.00,0.0,17,-23.605711,-46.837034
1785632045300,67.7,0.00,0.00,0.00,0.0,17,-23.605665,-46.837046
1785632045500,67.7,0.00,0.00,0.00,0.0,17,-23.605624,-46.837062
1785632045600,68.0,0.00,0.00,0.00,0.0,17,-23.605598,-46.837072
1785632045800,68.4,0.00,0.00,0.00,0.0,17,-23.605557,-46.837088
1785632045900,68.6,0.00,0.00,0.00,0.0,17,-23.605533,-46.837097
1785632046200,69.0,0.00,0.00,0.00,0.0,17,-23.605477,-46.837120
1785632046400,69.4,0.00,0.00,0.00,0.0,17,-23.605438,-46.837136
1785632046500,69.4,0.00,0.00,0.00,0.0,17,-23.605416,-46.837145
1785632046500,69.7,0.00,0.00,0.00,0.0,17,-23.605416,-46.837145
1785632046700,69.7,0.00,0.00,0.00,0.0,17,-23.605377,-46.837160
1785632046700,69.4,0.00,0.00,0.00,0.0,17,-23.605377,-46.837160
1785632046900,69.1,0.00,0.00,0.00,0.0,17,-23.605339,-46.837175
1785632047100,68.9,0.00,0.00,0.00,0.0,17,-23.605301,-46.837188
1785632047300,68.9,0.00,0.00,0.00,0.0,17,-23.605264,-46.837200
1785632047300,68.7,0.00,0.00,0.00,0.0,17,-23.605264,-46.837200
1785632047500,68.6,0.00,0.00,0.00,0.0,17,-23.605225,-46.837210
1785632047600,68.6,0.00,0.00,0.00,0.0,17,-23.605204,-46.837213
1785632047800,68.5,0.00,0.00,0.00,0.0,17,-23.605166,-46.837218
1785632048000,68.2,0.00,0.00,0.00,0.0,17,-23.605129,-46.837222
1785632048100,68.2,0.00,0.00,0.00,0.0,17,-23.605109,-46.837221
1785632048300,68.2,0.00,0.00,0.00,0.0,17,-23.605073,-46.837220
1785632048300,68.2,0.00,0.00,0.00,0.0,17,-23.605073,-46.837220
1785632048400,68.3,0.00,0.00,0.00,0.0,17,-23.605053,-46.837214
1785632048600,68.5,0.00,0.00,0.00,0.0,17,-23.605017,-46.837206
1785632048700,69.1,0.00,0.00,0.00,0.0,17,-23.604998,-46.837196
1785632048900,69.7,0.00,0.00,0.00,0.0,17,-23.604962,-46.837182
1785632049000,70.3,0.00,0.00,0.00,0.0,17,-23.604943,-46.837170
1785632049200,70.9,0.00,0.00,0.00,0.0,17,-23.604908,-46.837150
1785632049400,71.6,0.00,0.00,0.00,0.0,17,-23.604875,-46.837128
1785632049500,71.6,0.00,0.00,0.00,0.0,17,-23.604861,-46.837111
1785632049500,71.0,0.00,0.00,0.00,0.0,17,-23.604861,-46.837111
1785632049700,69.4,0.00,0.00,0.00,0.0,17,-23.604831,-46.837088
1785632049800,68.3,0.00,0.00,0.00,0.0,17,-23.604817,-46.837073
1785632050000,67.1,0.00,0.00,0.00,0.0,17,-23.604790,-46.837049
1785632050200,65.9,0.00,0.00,0.00,0.0,17,-23.604764,-46.837026
1785632050300,64.8,0.00,0.00,0.00,0.0,17,-23.604753,-46.837013
1785632050500,64.8,0.00,0.00,0.00,0.0,17,-23.604729,-46.836990
1785632050500,64.1,0.00,0.00,0.00,0.0,17,-23.604729,-46.836990
1785632050700,62.5,0.00,0.00,0.00,0.0,17,-23.604706,-46.836968
1785632050800,61.0,0.00,0.00,0.00,0.0,17,-23.604698,-46.836956
1785632051000,61.0,0.00,0.00,0.00,0.0,17,-23.604679,-46.836933
1785632051000,59.0,0.00,0.00,0.00,0.0,17,-23.604679,-46.836933
1785632051200,59.0,0.00,0.00,0.00,0.0,17,-23.604663,-46.836910
1785632051200,56.8,0.00,0.00,0.00,0.0,17,-23.604663,-46.836910
1785632051400,54.4,0.00,0.00,0.00,0.0,17,-23.604650,-46.836886
1785632051500,51.9,0.00,0.00,0.00,0.0,17,-23.604649,-46.836872
1785632051700,48.4,0.00,0.00,0.00,0.0,17,-23.604643,-46.836850
1785632051900,45.4,0.00,0.00,0.00,0.0,17,-23.604642,-46.836827
1785632052100,45.4,0.00,0.00,0.00,0.0,17,-23.604647,-46.836804
1785632052100,42.9,0.00,0.00,0.00,0.0,17,-23.604647,-46.836804
1785632052200,39.6,0.00,0.00,0.00,0.0,17,-23.604658,-46.836794
1785632052400,35.1,0.00,0.00,0.00,0.0,17,-23.604677,-46.836777
1785632052600,35.1,0.00,0.00,0.00,0.0,17,-23.604695,-46.836765
1785632052600,31.5,0.00,0.00,0.00,0.0,17,-23.604695,-46.836765
1785632052800,27.3,0.00,0.00,0.00,0.0,17,-23.604714,-46.836757
1785632053000,23.5,0.00,0.00,0.00,0.0,17,-23.604735,-46.836755
1785632053100,21.8,0.00,0.00,0.00,0.0,17,-23.604755,-46.836761
1785632053300,21.6,0.00,0.00,0.00,0.0,17,-23.604779,-46.836763
1785632053400,21.9,0.00,0.00,0.00,0.0,17,-23.604798,-46.836770
1785632053600,22.6,0.00,0.00,0.00,0.0,17,-23.604822,-46.836776
1785632053800,22.6,0.00,0.00,0.00,0.0,17,-23.604850,-46.836788
1785632053800,24.5,0.00,0.00,0.00,0.0,17,-23.604850,-46.836788
1785632054000,24.5,0.00,0.00,0.00,0.0,17,-23.604875,-46.836805
1785632054000,27.1,0.00,0.00,0.00,0.0,17,-23.604875,-46.836805
1785632054200,31.8,0.00,0.00,0.00,0.0,17,-23.604902,-46.836832
1785632054400,42.9,0.00,0.00,0.00,0.0,17,-23.604941,-46.836866
1785632054600,42.7,0.00,0.00,0.00,0.0,17,-23.604967,-46.836882
1785632054700,42.6,0.00,0.00,0.00,0.0,17,-23.604982,-46.836891
1785632054900,42.5,0.00,0.00,0.00,0.0,17,-23.605006,-46.836906
1785632055100,41.9,0.00,0.00,0.00,0.0,17,-23.605029,-46.836918
1785632055300,41.4,0.00,0.00,0.00,0.0,17,-23.605050,-46.836928
1785632055400,40.7,0.00,0.00,0.00,0.0,17,-23.605061,-46.836932
1785632055600,40.7,0.00,0.00,0.00,0.0,17,-23.605080,-46.836939
1785632055600,39.9,0.00,0.00,0.00,0.0,17,-23.605080,-46.836939
1785632055800,39.1,0.00,0.00,0.00,0.0,17,-23.605099,-46.836943
1785632056000,38.3,0.00,0.00,0.00,0.0,17,-23.605118,-46.836944
1785632056100,37.9,0.00,0.00,0.00,0.0,17,-23.605128,-46.836939
1785632056300,37.9,0.00,0.00,0.00,0.0,17,-23.605148,-46.836934
1785632056500,37.9,0.00,0.00,0.00,0.0,17,-23.605170,-46.836925
1785632056500,39.4,0.00,0.00,0.00,0.0,17,-23.605170,-46.836925
1785632056600,40.1,0.00,0.00,0.00,0.0,17,-23.605180,-46.836913
1785632056800,38.8,0.00,0.00,0.00,0.0,17,-23.605197,-46.836900
1785632057000,36.7,0.00,0.00,0.00,0.0,17,-23.605211,-46.836886
1785632057200,36.7,0.00,0.00,0.00,0.0,17,-23.605221,-46.836868
1785632057200,35.4,0.00,0.00,0.00,0.0,17,-23.605221,-46.836868
1785632057300,35.5,0.00,0.00,0.00,0.0,17,-23.605221,-46.836849
1785632057500,37.2,0.00,0.00,0.00,0.0,17,-23.605224,-46.836821
1785632057700,42.4,0.00,0.00,0.00,0.0,17,-23.605221,-46.836779
1785632057900,47.3,0.00,0.00,0.00,0.0,17,-23.605236,-46.836754
1785632058100,47.5,0.00,0.00,0.00,0.0,17,-23.605247,-46.836728
1785632058300,47.5,0.00,0.00,0.00,0.0,17,-23.605259,-46.836702
1785632058300,47.6,0.00,0.00,0.00,0.0,17,-23.605259,-46.836702
1785632058500,47.3,0.00,0.00,0.00,0.0,17,-23.605271,-46.836676
1785632058700,47.3,0.00,0.00,0.00,0.0,17,-23.605283,-46.836651
1785632058700,47.0,0.00,0.00,0.00,0.0,17,-23.605283,-46.836651
1785632058800,47.0,0.00,0.00,0.00,0.0,17,-23.605288,-46.836636
1785632059000,47.0,0.00,0.00,0.00,0.0,17,-23.605301,-46.836613
1785632059000,46.5,0.00,0.00,0.00,0.0,17,-23.605301,-46.836613
1785632059200,46.5,0.00,0.00,0.00,0.0,17,-23.605316,-46.836593
1785632059200,45.6,0.00,0.00,0.00,0.0,17,-23.605316,-46.836593
1785632059400,44.6,0.00,0.00,0.00,0.0,17,-23.605333,-46.836576
1785632059500,43.6,0.00,0.00,0.00,0.0,17,-23.605342,-46.836570
1785632059600,42.8,0.00,0.00,0.00,0.0,17,-23.605350,-46.836564
1785632059800,41.5,0.00,0.00,0.00,0.0,17,-23.605365,-46.836550
1785632059900,39.9,0.00,0.00,0.00,0.0,17,-23.605373,-46.836546
1785632060000,39.9,0.00,0.00,0.00,0.0,17,-23.605379,-46.836543
1785632060000,38.1,0.00,0.00,0.00,0.0,17,-23.605379,-46.836543
1785632060200,35.5,0.00,0.00,0.00,0.0,16,-23.605391,-46.836535
1785632060300,32.9,0.00,0.00,0.00,0.0,16,-23.605397,-46.836535
1785632060400,30.4,0.00,0.00,0.00,0.0,16,-23.605401,-46.836536
1785632060600,27.9,0.00,0.00,0.00,0.0,16,-23.605412,-46.836535
1785632060700,25.5,0.00,0.00,0.00,0.0,16,-23.605416,-46.836539
1785632060800,23.5,0.00,0.00,0.00,0.0,16,-23.605420,-46.836546
1785632060900,23.5,0.00,0.00,0.00,0.0,16,-23.605424,-46.836554
1785632060900,21.9,0.00,0.00,0.00,0.0,16,-23.605424,-46.836554
1785632061100,20.6,0.00,0.00,0.00,0.0,16,-23.605433,-46.836565
1785632061200,20.1,0.00,0.00,0.00,0.0,16,-23.605436,-46.836579
1785632061300,21.1,0.00,0.00,0.00,0.0,16,-23.605438,-46.836595
1785632061400,21.1,0.00,0.00,0.00,0.0,16,-23.605440,-46.836620
1785632061400,24.3,0.00,0.00,0.00,0.0,16,-23.605440,-46.836620
1785632061600,33.4,0.00,0.00,0.00,0.0,16,-23.605459,-46.836659
1785632061700,42.1,0.00,0.00,0.00,0.0,16,-23.605479,-46.836691
1785632061800,44.4,0.00,0.00,0.00,0.0,16,-23.605491,-46.836709
1785632061900,45.8,0.00,0.00,0.00,0.0,16,-23.605501,-46.836726
1785632062100,46.4,0.00,0.00,0.00,0.0,16,-23.605517,-46.836750
1785632062200,46.2,0.00,0.00,0.00,0.0,16,-23.605526,-46.836765
1785632062400,45.6,0.00,0.00,0.00,0.0,17,-23.605542,-46.836787
1785632062500,44.9,0.00,0.00,0.00,0.0,17,-23.605552,-46.836800
1785632062700,44.6,0.00,0.00,0.00,0.0,17,-23.605569,-46.836821
1785632062800,44.2,0.00,0.00,0.00,0.0,17,-23.605579,-46.836832
1785632063000,43.7,0.00,0.00,0.00,0.0,17,-23.605597,-46.836850
1785632063100,43.3,0.00,0.00,0.00,0.0,17,-23.605607,-46.836858
1785632063300,42.6,0.00,0.00,0.00,0.0,17,-23.605626,-46.836872
1785632063500,41.7,0.00,0.00,0.00,0.0,17,-23.605645,-46.836882
1785632063600,40.7,0.00,0.00,0.00,0.0,17,-23.605656,-46.836883
1785632063800,39.4,0.00,0.00,0.00,0.0,17,-23.605675,-46.836886
1785632063900,38.3,0.00,0.00,0.00,0.0,17,-23.605686,-46.836882
1785632064000,37.5,0.00,0.00,0.00,0.0,17,-23.605697,-46.836875
1785632064200,37.5,0.00,0.00,0.00,0.0,17,-23.605718,-46.836865
1785632064200,37.5,0.00,0.00,0.00,0.0,17,-23.605718,-46.836865
1785632064300,37.3,0.00,0.00,0.00,0.0,17,-23.605728,-46.836852
1785632064400,37.3,0.00,0.00,0.00,0.0,17,-23.605734,-46.836841
1785632064400,35.6,0.00,0.00,0.00,0.0,17,-23.605734,-46.836841
1785632064600,32.7,0.00,0.00,0.00,0.0,17,-23.605746,-46.836829
1785632064700,30.6,0.00,0.00,0.00,0.0,17,-23.605749,-46.836817
1785632064900,28.6,0.00,0.00,0.00,0.0,17,-23.605757,-46.836800
1785632065000,28.6,0.00,0.00,0.00,0.0,17,-23.605757,-46.836785
1785632065000,27.4,0.00,0.00,0.00,0.0,17,-23.605757,-46.836785
1785632065100,26.8,0.00,0.00,0.00,0.0,17,-23.605755,-46.836769
1785632065300,26.6,0.00,0.00,0.00,0.0,17,-23.605753,-46.836743
1785632065400,28.3,0.00,0.00,0.00,0.0,17,-23.605745,-46.836718
1785632065600,30.4,0.00,0.00,0.00,0.0,17,-23.605738,-46.836688
1785632065700,33.6,0.00,0.00,0.00,0.0,17,-23.605728,-46.836664
1785632065800,33.6,0.00,0.00,0.00,0.0,17,-23.605718,-46.836640
1785632065800,36.9,0.00,0.00,0.00,0.0,17,-23.605718,-46.836640
1785632066000,41.6,0.00,0.00,0.00,0.0,17,-23.605703,-46.836601
1785632066100,46.5,0.00,0.00,0.00,0.0,17,-23.605688,-46.836573
1785632066300,48.7,0.00,0.00,0.00,0.0,17,-23.605675,-46.836537
1785632066400,49.3,0.00,0.00,0.00,0.0,17,-23.605669,-46.836519
1785632066600,49.7,0.00,0.00,0.00,0.0,17,-23.605659,-46.836489
1785632066700,49.5,0.00,0.00,0.00,0.0,17,-23.605654,-46.836473
1785632066800,49.7,0.00,0.00,0.00,0.0,17,-23.605649,-46.836457
1785632067000,49.8,0.00,0.00,0.00,0.0,17,-23.605638,-46.836428
1785632067100,49.6,0.00,0.00,0.00,0.0,17,-23.605632,-46.836412
1785632067300,49.8,0.00,0.00,0.00,0.0,17,-23.605621,-46.836385
1785632067400,49.9,0.00,0.00,0.00,0.0,17,-23.605614,-46.836370
1785632067600,49.9,0.00,0.00,0.00,0.0,17,-23.605601,-46.836345
1785632067700,49.4,0.00,0.00,0.00,0.0,17,-23.605592,-46.836334
1785632067900,49.2,0.00,0.00,0.00,0.0,17,-23.605577,-46.836312
1785632068000,48.9,0.00,0.00,0.00,0.0,17,-23.605568,-46.836303
1785632068200,48.3,0.00,0.00,0.00,0.0,17,-23.605551,-46.836283
1785632068300,47.8,0.00,0.00,0.00,0.0,17,-23.605540,-46.836276
1785632068500,46.5,0.00,0.00,0.00,0.0,17,-23.605522,-46.836260
1785632068600,45.7,0.00,0.00,0.00,0.0,17,-23.605511,-46.836255
1785632068800,44.2,0.00,0.00,0.00,0.0,17,-23.605490,-46.836244
1785632068900,43.0,0.00,0.00,0.00,0.0,17,-23.605478,-46.836243
1785632069100,41.7,0.00,0.00,0.00,0.0,17,-23.605456,-46.836238
1785632069200,40.5,0.00,0.00,0.00,0.0,17,-23.605442,-46.836241
1785632069400,39.5,0.00,0.00,0.00,0.0,17,-23.605419,-46.836243
1785632069500,39.4,0.00,0.00,0.00,0.0,17,-23.605404,-46.836252
1785632069700,39.4,0.00,0.00,0.00,0.0,17,-23.605376,-46.836263
1785632069700,40.3,0.00,0.00,0.00,0.0,17,-23.605376,-46.836263
1785632070000,44.4,0.00,0.00,0.00,0.0,17,-23.605334,-46.836281
1785632070200,44.4,0.00,0.00,0.00,0.0,17,-23.605296,-46.836304
1785632070200,51.5,0.00,0.00,0.00,0.0,17,-23.605296,-46.836304
1785632070500,55.8,0.00,0.00,0.00,0.0,17,-23.605247,-46.836329
1785632070700,55.8,0.00,0.00,0.00,0.0,17,-23.605213,-46.836347
1785632070700,58.1,0.00,0.00,0.00,0.0,17,-23.605213,-46.836347
1785632070900,58.2,0.00,0.00,0.00,0.0,17,-23.605182,-46.836361
1785632071100,58.2,0.00,0.00,0.00,0.0,17,-23.605151,-46.836375
1785632071300,58.2,0.00,0.00,0.00,0.0,17,-23.605119,-46.836390
1785632071500,58.4,0.00,0.00,0.00,0.0,17,-23.605087,-46.836404
1785632071700,58.4,0.00,0.00,0.00,0.0,17,-23.605056,-46.836418
1785632071700,58.8,0.00,0.00,0.00,0.0,17,-23.605056,-46.836418
1785632071900,58.8,0.00,0.00,0.00,0.0,17,-23.605025,-46.836430
1785632071900,59.0,0.00,0.00,0.00,0.0,17,-23.605025,-46.836430
1785632072100,59.0,0.00,0.00,0.00,0.0,17,-23.604995,-46.836441
1785632072100,59.4,0.00,0.00,0.00,0.0,17,-23.604995,-46.836441
1785632072300,60.0,0.00,0.00,0.00,0.0,17,-23.604965,-46.836452
1785632072500,60.3,0.00,0.00,0.00,0.0,17,-23.604935,-46.836462
1785632072700,60.3,0.00,0.00,0.00,0.0,17,-23.604906,-46.836472
1785632072700,60.4,0.00,0.00,0.00,0.0,17,-23.604906,-46.836472
1785632072900,60.8,0.00,0.00,0.00,0.0,17,-23.604876,-46.836483
1785632073100,61.4,0.00,0.00,0.00,0.0,17,-23.604846,-46.836494
1785632073400,61.4,0.00,0.00,0.00,0.0,17,-23.604802,-46.836510
1785632073400,62.0,0.00,0.00,0.00,0.0,17,-23.604802,-46.836510
1785632073600,62.7,0.00,0.00,0.00,0.0,17,-23.604772,-46.836522
1785632073800,63.5,0.00,0.00,0.00,0.0,17,-23.604742,-46.836535
1785632074000,63.6,0.00,0.00,0.00,0.0,17,-23.604712,-46.836550
1785632074200,64.1,0.00,0.00,0.00,0.0,17,-23.604683,-46.836565
1785632074400,64.4,0.00,0.00,0.00,0.0,17,-23.604655,-46.836583
1785632074500,64.2,0.00,0.00,0.00,0.0,17,-23.604642,-46.836593
1785632074700,64.1,0.00,0.00,0.00,0.0,16,-23.604615,-46.836613
1785632074900,64.1,0.00,0.00,0.00,0.0,16,-23.604589,-46.836633
1785632074900,63.1,0.00,0.00,0.00,0.0,16,-23.604589,-46.836633
1785632075100,62.2,0.00,0.00,0.00,0.0,16,-23.604564,-46.836654
1785632075400,61.4,0.00,0.00,0.00,0.0,16,-23.604527,-46.836685
1785632075600,61.2,0.00,0.00,0.00,0.0,16,-23.604504,-46.836707
1785632075800,61.2,0.00,0.00,0.00,0.0,16,-23.604482,-46.836731
1785632075800,60.7,0.00,0.00,0.00,0.0,16,-23.604482,-46.836731
1785632076000,60.0,0.00,0.00,0.00,0.0,16,-23.604462,-46.836755
1785632076200,60.0,0.00,0.00,0.00,0.0,16,-23.604442,-46.836780
1785632076200,59.3,0.00,0.00,0.00,0.0,16,-23.604442,-46.836780
1785632076500,57.8,0.00,0.00,0.00,0.0,16,-23.604414,-46.836815
1785632076700,56.3,0.00,0.00,0.00,0.0,16,-23.604399,-46.836841
1785632077000,54.2,0.00,0.00,0.00,0.0,16,-23.604377,-46.836877
1785632077200,51.6,0.00,0.00,0.00,0.0,16,-23.604368,-46.836902
1785632077400,48.8,0.00,0.00,0.00,0.0,16,-23.604363,-46.836926
1785632077600,48.8,0.00,0.00,0.00,0.0,16,-23.604364,-46.836952
1785632077600,46.3,0.00,0.00,0.00,0.0,16,-23.604364,-46.836952
1785632077800,43.9,0.00,0.00,0.00,0.0,16,-23.604371,-46.836978
1785632077900,43.7,0.00,0.00,0.00,0.0,16,-23.604392,-46.836998
1785632078200,47.1,0.00,0.00,0.00,0.0,16,-23.604420,-46.837048
1785632078400,47.1,0.00,0.00,0.00,0.0,16,-23.604450,-46.837114
1785632078400,61.1,0.00,0.00,0.00,0.0,16,-23.604450,-46.837114
1785632078600,60.6,0.00,0.00,0.00,0.0,16,-23.604452,-46.837147
1785632078700,60.6,0.00,0.00,0.00,0.0,16,-23.604457,-46.837165
1785632078700,60.5,0.00,0.00,0.00,0.0,16,-23.604457,-46.837165
1785632078900,60.5,0.00,0.00,0.00,0.0,16,-23.604464,-46.837200
1785632079100,59.9,0.00,0.00,0.00,0.0,16,-23.604470,-46.837235
1785632079300,59.7,0.00,0.00,0.00,0.0,16,-23.604475,-46.837269
1785632079500,59.5,0.00,0.00,0.00,0.0,16,-23.604481,-46.837303
1785632079600,59.0,0.00,0.00,0.00,0.0,16,-23.604488,-46.837323
1785632079800,58.6,0.00,0.00,0.00,0.0,16,-23.604493,-46.837358
1785632080000,58.4,0.00,0.00,0.00,0.0,16,-23.604498,-46.837393
1785632080100,58.0,0.00,0.00,0.00,0.0,16,-23.604505,-46.837412
1785632080400,57.9,0.00,0.00,0.00,0.0,16,-23.604511,-46.837464
1785632080500,57.9,0.00,0.00,0.00,0.0,16,-23.604517,-46.837480
1785632080500,57.7,0.00,0.00,0.00,0.0,16,-23.604517,-46.837480
1785632080600,56.9,0.00,0.00,0.00,0.0,16,-23.604518,-46.837492
1785632080700,55.8,0.00,0.00,0.00,0.0,16,-23.604518,-46.837502
1785632080900,55.8,0.00,0.00,0.00,0.0,17,-23.604508,-46.837527
1785632080900,55.3,0.00,0.00,0.00,0.0,17,-23.604508,-46.837527
1785632081000,54.4,0.00,0.00,0.00,0.0,17,-23.604500,-46.837537
1785632081200,52.7,0.00,0.00,0.00,0.0,17,-23.604486,-46.837557
1785632081300,52.7,0.00,0.00,0.00,0.0,17,-23.604474,-46.837560
1785632081300,50.2,0.00,0.00,0.00,0.0,17,-23.604474,-46.837560
1785632081400,48.2,0.00,0.00,0.00,0.0,17,-23.604464,-46.837564
1785632081500,46.7,0.00,0.00,0.00,0.0,17,-23.604452,-46.837567
1785632081700,46.7,0.00,0.00,0.00,0.0,17,-23.604433,-46.837578
1785632081700,45.2,0.00,0.00,0.00,0.0,17,-23.604433,-46.837578
1785632081800,43.6,0.00,0.00,0.00,0.0,17,-23.604419,-46.837576
1785632081900,42.2,0.00,0.00,0.00,0.0,17,-23.604405,-46.837574
1785632082100,41.1,0.00,0.00,0.00,0.0,17,-23.604383,-46.837577
1785632082200,40.3,0.00,0.00,0.00,0.0,17,-23.604368,-46.837571
1785632082300,39.8,0.00,0.00,0.00,0.0,17,-23.604354,-46.837564
1785632082500,39.7,0.00,0.00,0.00,0.0,17,-23.604327,-46.837552
1785632082600,40.2,0.00,0.00,0.00,0.0,17,-23.604311,-46.837538
1785632082700,41.5,0.00,0.00,0.00,0.0,17,-23.604295,-46.837520
1785632082900,41.5,0.00,0.00,0.00,0.0,17,-23.604275,-46.837505
1785632082900,40.5,0.00,0.00,0.00,0.0,17,-23.604275,-46.837505
1785632083000,38.3,0.00,0.00,0.00,0.0,17,-23.604267,-46.837493
1785632083100,36.6,0.00,0.00,0.00,0.0,17,-23.604260,-46.837481
1785632083200,35.1,0.00,0.00,0.00,0.0,17,-23.604256,-46.837468
1785632083400,34.4,0.00,0.00,0.00,0.0,17,-23.604244,-46.837449
1785632083500,33.6,0.00,0.00,0.00,0.0,17,-23.604242,-46.837435
1785632083600,33.1,0.00,0.00,0.00,0.0,17,-23.604243,-46.837417
1785632083700,32.7,0.00,0.00,0.00,0.0,17,-23.604244,-46.837403
1785632083800,32.5,0.00,0.00,0.00,0.0,17,-23.604244,-46.837390
1785632084000,32.6,0.00,0.00,0.00,0.0,17,-23.604240,-46.837369
1785632084100,32.9,0.00,0.00,0.00,0.0,17,-23.604242,-46.837355
1785632084200,33.1,0.00,0.00,0.00,0.0,17,-23.604246,-46.837341
1785632084300,33.4,0.00,0.00,0.00,0.0,17,-23.604249,-46.837327
1785632084400,34.1,0.00,0.00,0.00,0.0,17,-23.604254,-46.837313
1785632084600,35.4,0.00,0.00,0.00,0.0,17,-23.604263,-46.837286
1785632084700,38.4,0.00,0.00,0.00,0.0,17,-23.604277,-46.837266
1785632084800,44.0,0.00,0.00,0.00,0.0,17,-23.604293,-46.837242
1785632084900,44.8,0.00,0.00,0.00,0.0,17,-23.604299,-46.837226
1785632085100,44.8,0.00,0.00,0.00,0.0,17,-23.604305,-46.837199
1785632085200,44.9,0.00,0.00,0.00,0.0,17,-23.604309,-46.837185
1785632085300,44.6,0.00,0.00,0.00,0.0,17,-23.604314,-46.837170
1785632085400,44.6,0.00,0.00,0.00,0.0,17,-23.604318,-46.837155
1785632085400,44.6,0.00,0.00,0.00,0.0,17,-23.604318,-46.837155
1785632085600,44.7,0.00,0.00,0.00,0.0,17,-23.604322,-46.837128
1785632085700,44.8,0.00,0.00,0.00,0.0,17,-23.604324,-46.837114
1785632085900,44.9,0.00,0.00,0.00,0.0,17,-23.604327,-46.837087
1785632086000,45.3,0.00,0.00,0.00,0.0,17,-23.604328,-46.837072
1785632086200,45.6,0.00,0.00,0.00,0.0,17,-23.604328,-46.837045
1785632086400,46.3,0.00,0.00,0.00,0.0,17,-23.604327,-46.837019
1785632086500,46.3,0.00,0.00,0.00,0.0,17,-23.604325,-46.837005
1785632086700,45.5,0.00,0.00,0.00,0.0,17,-23.604321,-46.836981
1785632086900,45.5,0.00,0.00,0.00,0.0,17,-23.604316,-46.836956
1785632087000,45.5,0.00,0.00,0.00,0.0,17,-23.604311,-46.836943
1785632087000,45.5,0.00,0.00,0.00,0.0,17,-23.604311,-46.836943
1785632087200,45.5,0.00,0.00,0.00,0.0,17,-23.604302,-46.836920
1785632087200,44.9,0.00,0.00,0.00,0.0,17,-23.604302,-46.836920
1785632087300,44.9,0.00,0.00,0.00,0.0,17,-23.604295,-46.836908
1785632087500,45.2,0.00,0.00,0.00,0.0,17,-23.604283,-46.836885
1785632087600,45.2,0.00,0.00,0.00,0.0,17,-23.604271,-46.836875
1785632087600,45.7,0.00,0.00,0.00,0.0,17,-23.604271,-46.836875
1785632087800,45.8,0.00,0.00,0.00,0.0,17,-23.604254,-46.836854
1785632087900,46.9,0.00,0.00,0.00,0.0,17,-23.604240,-46.836844
1785632088100,49.6,0.00,0.00,0.00,0.0,17,-23.604212,-46.836827
1785632088300,50.4,0.00,0.00,0.00,0.0,17,-23.604195,-46.836804
1785632088400,50.9,0.00,0.00,0.00,0.0,17,-23.604185,-46.836793
1785632088600,50.9,0.00,0.00,0.00,0.0,17,-23.604167,-46.836771
1785632088700,50.9,0.00,0.00,0.00,0.0,17,-23.604158,-46.836760
1785632088900,51.1,0.00,0.00,0.00,0.0,17,-23.604141,-46.836737
1785632089000,51.1,0.00,0.00,0.00,0.0,17,-23.604133,-46.836726
1785632089200,50.9,0.00,0.00,0.00,0.0,17,-23.604118,-46.836702
1785632089300,50.7,0.00,0.00,0.00,0.0,17,-23.604112,-46.836690
1785632089500,50.1,0.00,0.00,0.00,0.0,17,-23.604100,-46.836666
1785632089600,49.4,0.00,0.00,0.00,0.0,17,-23.604096,-46.836654
1785632089700,48.2,0.00,0.00,0.00,0.0,17,-23.604093,-46.836642
1785632089900,47.3,0.00,0.00,0.00,0.0,17,-23.604084,-46.836619
1785632090000,47.3,0.00,0.00,0.00,0.0,17,-23.604082,-46.836607
1785632090000,46.4,0.00,0.00,0.00,0.0,17,-23.604082,-46.836607
1785632090200,45.0,0.00,0.00,0.00,0.0,17,-23.604076,-46.836585
1785632090300,43.9,0.00,0.00,0.00,0.0,17,-23.604077,-46.836573
1785632090400,42.9,0.00,0.00,0.00,0.0,17,-23.604078,-46.836562
1785632090600,41.9,0.00,0.00,0.00,0.0,17,-23.604080,-46.836539
1785632090700,41.9,0.00,0.00,0.00,0.0,17,-23.604086,-46.836528
1785632090700,41.2,0.00,0.00,0.00,0.0,17,-23.604086,-46.836528
1785632090900,39.4,0.00,0.00,0.00,0.0,17,-23.604092,-46.836508
1785632091000,38.4,0.00,0.00,0.00,0.0,17,-23.604101,-46.836499
1785632091100,37.6,0.00,0.00,0.00,0.0,17,-23.604112,-46.836490
1785632091300,37.8,0.00,0.00,0.00,0.0,17,-23.604134,-46.836473
1785632091400,38.3,0.00,0.00,0.00,0.0,17,-23.604152,-46.836467
1785632091600,39.5,0.00,0.00,0.00,0.0,17,-23.604178,-46.836453
1785632091700,39.5,0.00,0.00,0.00,0.0,17,-23.604201,-46.836448
1785632091700,41.7,0.00,0.00,0.00,0.0,17,-23.604201,-46.836448
1785632091800,43.7,0.00,0.00,0.00,0.0,17,-23.604224,-46.836445
1785632092000,46.3,0.00,0.00,0.00,0.0,17,-23.604258,-46.836436
1785632092100,48.4,0.00,0.00,0.00,0.0,17,-23.604283,-46.836435
1785632092200,51.6,0.00,0.00,0.00,0.0,17,-23.604314,-46.836439
1785632092400,54.1,0.00,0.00,0.00,0.0,17,-23.604352,-46.836435
1785632092500,54.4,0.00,0.00,0.00,0.0,17,-23.604371,-46.836431
1785632092600,55.2,0.00,0.00,0.00,0.0,17,-23.604392,-46.836428
1785632092700,55.2,0.00,0.00,0.00,0.0,17,-23.604411,-46.836424
1785632092900,55.7,0.00,0.00,0.00,0.0,17,-23.604442,-46.836414
1785632093000,56.2,0.00,0.00,0.00,0.0,17,-23.604460,-46.836410
1785632093100,56.3,0.00,0.00,0.00,0.0,17,-23.604478,-46.836406
1785632093200,56.5,0.00,0.00,0.00,0.0,17,-23.604495,-46.836402
1785632093400,57.0,0.00,0.00,0.00,0.0,17,-23.604526,-46.836393
1785632093500,57.0,0.00,0.00,0.00,0.0,17,-23.604543,-46.836389
1785632093500,57.8,0.00,0.00,0.00,0.0,17,-23.604543,-46.836389
1785632093600,58.1,0.00,0.00,0.00,0.0,17,-23.604560,-46.836385
1785632093700,58.4,0.00,0.00,0.00,0.0,17,-23.604577,-46.836380
1785632093900,59.1,0.00,0.00,0.00,0.0,17,-23.604607,-46.836371
1785632094000,59.4,0.00,0.00,0.00,0.0,17,-23.604623,-46.836366
1785632094100,59.4,0.00,0.00,0.00,0.0,17,-23.604639,-46.836361
1785632094100,60.0,0.00,0.00,0.00,0.0,17,-23.604639,-46.836361
1785632094300,61.1,0.00,0.00,0.00,0.0,17,-23.604670,-46.836351
1785632094400,62.3,0.00,0.00,0.00,0.0,17,-23.604687,-46.836346
1785632094600,64.0,0.00,0.00,0.00,0.0,17,-23.604719,-46.836336
1785632094800,64.3,0.00,0.00,0.00,0.0,17,-23.604750,-46.836326
1785632094900,64.6,0.00,0.00,0.00,0.0,16,-23.604767,-46.836320
1785632095000,65.0,0.00,0.00,0.00,0.0,16,-23.604783,-46.836315
1785632095100,65.2,0.00,0.00,0.00,0.0,16,-23.604799,-46.836309
1785632095300,65.8,0.00,0.00,0.00,0.0,16,-23.604831,-46.836299
1785632095400,66.1,0.00,0.00,0.00,0.0,16,-23.604847,-46.836293
1785632095500,66.3,0.00,0.00,0.00,0.0,16,-23.604864,-46.836288
1785632095600,66.3,0.00,0.00,0.00,0.0,16,-23.604881,-46.836282
1785632095600,66.5,0.00,0.00,0.00,0.0,16,-23.604881,-46.836282
1785632095800,67.1,0.00,0.00,0.00,0.0,16,-23.604914,-46.836272
1785632095900,68.1,0.00,0.00,0.00,0.0,16,-23.604931,-46.836266
1785632096000,68.6,0.00,0.00,0.00,0.0,16,-23.604948,-46.836260
1785632096100,68.9,0.00,0.00,0.00,0.0,16,-23.604966,-46.836255
1785632096300,70.1,0.00,0.00,0.00,0.0,16,-23.605000,-46.836243
1785632096400,70.8,0.00,0.00,0.00,0.0,16,-23.605018,-46.836237
1785632096500,71.1,0.00,0.00,0.00,0.0,16,-23.605035,-46.836231
1785632096700,71.5,0.00,0.00,0.00,0.0,16,-23.605070,-46.836219
1785632096800,71.8,0.00,0.00,0.00,0.0,16,-23.605088,-46.836213
1785632096900,72.2,0.00,0.00,0.00,0.0,16,-23.605106,-46.836207
1785632097000,72.5,0.00,0.00,0.00,0.0,16,-23.605124,-46.836201
1785632097100,72.6,0.00,0.00,0.00,0.0,16,-23.605142,-46.836194
1785632097300,72.9,0.00,0.00,0.00,0.0,16,-23.605177,-46.836182
1785632097400,73.3,0.00,0.00,0.00,0.0,16,-23.605196,-46.836176
1785632097500,73.7,0.00,0.00,0.00,0.0,16,-23.605214,-46.836169
1785632097600,74.0,0.00,0.00,0.00,0.0,16,-23.605232,-46.836163
1785632097700,74.1,0.00,0.00,0.00,0.0,16,-23.605251,-46.836157
1785632097900,75.2,0.00,0.00,0.00,0.0,16,-23.605287,-46.836143
1785632098000,75.2,0.00,0.00,0.00,0.0,16,-23.605306,-46.836137
1785632098100,75.5,0.00,0.00,0.00,0.0,16,-23.605324,-46.836131
1785632098200,75.8,0.00,0.00,0.00,0.0,16,-23.605343,-46.836124
1785632098300,75.9,0.00,0.00,0.00,0.0,16,-23.605361,-46.836118
1785632098400,76.1,0.00,0.00,0.00,0.0,16,-23.605380,-46.836112
1785632098600,75.9,0.00,0.00,0.00,0.0,16,-23.605417,-46.836099
1785632098700,75.9,0.00,0.00,0.00,0.0,16,-23.605435,-46.836092
1785632098800,75.9,0.00,0.00,0.00,0.0,16,-23.605453,-46.836086
1785632098900,75.7,0.00,0.00,0.00,0.0,16,-23.605472,-46.836079
1785632099100,75.5,0.00,0.00,0.00,0.0,16,-23.605508,-46.836067
1785632099200,75.4,0.00,0.00,0.00,0.0,16,-23.605526,-46.836061
1785632099300,75.3,0.00,0.00,0.00,0.0,16,-23.605545,-46.836055
1785632099400,75.1,0.00,0.00,0.00,0.0,16,-23.605563,-46.836049
1785632099500,74.7,0.00,0.00,0.00,0.0,16,-23.605581,-46.836043
1785632099700,74.2,0.00,0.00,0.00,0.0,16,-23.605617,-46.836031
1785632099800,74.2,0.00,0.00,0.00,0.0,16,-23.605634,-46.836026
1785632099800,73.6,0.00,0.00,0.00,0.0,16,-23.605634,-46.836026
1785632099900,73.0,0.00,0.00,0.00,0.0,16,-23.605652,-46.836022
1785632100100,72.1,0.00,0.00,0.00,0.0,16,-23.605686,-46.836012
1785632100200,71.2,0.00,0.00,0.00,0.0,15,-23.605702,-46.836009
1785632100300,70.2,0.00,0.00,0.00,0.0,15,-23.605718,-46.836006
1785632100400,69.3,0.00,0.00,0.00,0.0,15,-23.605734,-46.836003
1785632100600,69.3,0.00,0.00,0.00,0.0,15,-23.605766,-46.835997
1785632100600,68.6,0.00,0.00,0.00,0.0,15,-23.605766,-46.835997
1785632100700,67.8,0.00,0.00,0.00,0.0,15,-23.605781,-46.835996
1785632100800,67.1,0.00,0.00,0.00,0.0,15,-23.605796,-46.835995
1785632101000,66.4,0.00,0.00,0.00,0.0,16,-23.605828,-46.835992
1785632101100,65.6,0.00,0.00,0.00,0.0,16,-23.605842,-46.835993
1785632101200,64.8,0.00,0.00,0.00,0.0,16,-23.605857,-46.835994
1785632101400,64.3,0.00,0.00,0.00,0.0,16,-23.605887,-46.835997
1785632101500,63.4,0.00,0.00,0.00,0.0,16,-23.605900,-46.836000
1785632101600,62.2,0.00,0.00,0.00,0.0,16,-23.605913,-46.836005
1785632101800,60.9,0.00,0.00,0.00,0.0,16,-23.605940,-46.836015
1785632101900,59.5,0.00,0.00,0.00,0.0,16,-23.605950,-46.836024
1785632102100,56.7,0.00,0.00,0.00,0.0,16,-23.605972,-46.836035
1785632102200,54.4,0.00,0.00,0.00,0.0,16,-23.605979,-46.836045
1785632102400,51.7,0.00,0.00,0.00,0.0,16,-23.605997,-46.836060
1785632102600,48.5,0.00,0.00,0.00,0.0,16,-23.606011,-46.836078
1785632102700,45.3,0.00,0.00,0.00,0.0,16,-23.606008,-46.836098
1785632102900,42.2,0.00,0.00,0.00,0.0,16,-23.606014,-46.836122
1785632103100,42.1,0.00,0.00,0.00,0.0,16,-23.606020,-46.836148
1785632103200,42.2,0.00,0.00,0.00,0.0,16,-23.606015,-46.836171
1785632103400,42.2,0.00,0.00,0.00,0.0,16,-23.606012,-46.836209
1785632103400,43.9,0.00,0.00,0.00,0.0,16,-23.606012,-46.836209
1785632103500,45.8,0.00,0.00,0.00,0.0,16,-23.606003,-46.836237
1785632103700,45.8,0.00,0.00,0.00,0.0,16,-23.605993,-46.836284
1785632103700,48.7,0.00,0.00,0.00,0.0,16,-23.605993,-46.836284
1785632103900,49.1,0.00,0.00,0.00,0.0,16,-23.606001,-46.836311
1785632104000,50.1,0.00,0.00,0.00,0.0,16,-23.606004,-46.836328
1785632104200,50.1,0.00,0.00,0.00,0.0,16,-23.606013,-46.836356
1785632104200,50.6,0.00,0.00,0.00,0.0,16,-23.606013,-46.836356
1785632104300,51.4,0.00,0.00,0.00,0.0,16,-23.606017,-46.836372
1785632104500,52.2,0.00,0.00,0.00,0.0,16,-23.606026,-46.836402
1785632104600,53.1,0.00,0.00,0.00,0.0,16,-23.606029,-46.836419
1785632104800,54.2,0.00,0.00,0.00,0.0,16,-23.606039,-46.836450
1785632104900,55.1,0.00,0.00,0.00,0.0,16,-23.606042,-46.836468
1785632105100,55.1,0.00,0.00,0.00,0.0,16,-23.606051,-46.836500
1785632105100,55.8,0.00,0.00,0.00,0.0,16,-23.606051,-46.836500
1785632105300,56.6,0.00,0.00,0.00,0.0,16,-23.606057,-46.836535
1785632105400,56.6,0.00,0.00,0.00,0.0,16,-23.606059,-46.836554
1785632105400,56.8,0.00,0.00,0.00,0.0,16,-23.606059,-46.836554
1785632105600,56.6,0.00,0.00,0.00,0.0,16,-23.606066,-46.836587
1785632105800,56.2,0.00,0.00,0.00,0.0,16,-23.606071,-46.836620
1785632105900,56.2,0.00,0.00,0.00,0.0,16,-23.606071,-46.836638
1785632105900,55.9,0.00,0.00,0.00,0.0,16,-23.606071,-46.836638
1785632106100,55.7,0.00,0.00,0.00,0.0,16,-23.606074,-46.836672
1785632106200,55.7,0.00,0.00,0.00,0.0,16,-23.606072,-46.836690
1785632106400,54.4,0.00,0.00,0.00,0.0,16,-23.606071,-46.836723
1785632106600,53.1,0.00,0.00,0.00,0.0,16,-23.606069,-46.836754
1785632106700,51.9,0.00,0.00,0.00,0.0,16,-23.606063,-46.836771
1785632106900,51.9,0.00,0.00,0.00,0.0,16,-23.606055,-46.836801
1785632106900,50.6,0.00,0.00,0.00,0.0,16,-23.606055,-46.836801
1785632107100,50.6,0.00,0.00,0.00,0.0,16,-23.606046,-46.836832
1785632107200,51.2,0.00,0.00,0.00,0.0,16,-23.606033,-46.836852
1785632107400,51.6,0.00,0.00,0.00,0.0,16,-23.606016,-46.836882
1785632107500,52.1,0.00,0.00,0.00,0.0,16,-23.606001,-46.836899
1785632107700,52.1,0.00,0.00,0.00,0.0,16,-23.605978,-46.836928
1785632107700,52.9,0.00,0.00,0.00,0.0,16,-23.605978,-46.836928
1785632107900,52.9,0.00,0.00,0.00,0.0,16,-23.605947,-46.836957
1785632107900,54.3,0.00,0.00,0.00,0.0,16,-23.605947,-46.836957
1785632108000,54.3,0.00,0.00,0.00,0.0,16,-23.605916,-46.836966
1785632108000,55.2,0.00,0.00,0.00,0.0,16,-23.605916,-46.836966
1785632108200,56.7,0.00,0.00,0.00,0.0,16,-23.605868,-46.836981
1785632108300,59.5,0.00,0.00,0.00,0.0,16,-23.605826,-46.836983
1785632108500,66.2,0.00,0.00,0.00,0.0,16,-23.605758,-46.836984
1785632108600,67.4,0.00,0.00,0.00,0.0,16,-23.605722,-46.836986
1785632108800,68.9,0.00,0.00,0.00,0.0,17,-23.605679,-46.837002
1785632108900,69.4,0.00,0.00,0.00,0.0,17,-23.605653,-46.837012
1785632109100,69.4,0.00,0.00,0.00,0.0,17,-23.605613,-46.837030
1785632109200,69.5,0.00,0.00,0.00,0.0,17,-23.605590,-46.837041
1785632109400,69.8,0.00,0.00,0.00,0.0,17,-23.605550,-46.837058
1785632109500,69.7,0.00,0.00,0.00,0.0,17,-23.605526,-46.837070
1785632109700,70.0,0.00,0.00,0.00,0.0,17,-23.605487,-46.837087
1785632109800,70.0,0.00,0.00,0.00,0.0,17,-23.605464,-46.837098
1785632110000,69.9,0.00,0.00,0.00,0.0,17,-23.605425,-46.837115
1785632110100,69.7,0.00,0.00,0.00,0.0,17,-23.605403,-46.837126
1785632110300,69.7,0.00,0.00,0.00,0.0,17,-23.605364,-46.837142
1785632110300,69.5,0.00,0.00,0.00,0.0,17,-23.605364,-46.837142
1785632110500,69.5,0.00,0.00,0.00,0.0,17,-23.605325,-46.837158
1785632110500,69.1,0.00,0.00,0.00,0.0,17,-23.605325,-46.837158
1785632110700,68.7,0.00,0.00,0.00,0.0,17,-23.605286,-46.837172
1785632110900,68.7,0.00,0.00,0.00,0.0,17,-23.605246,-46.837184
1785632110900,68.4,0.00,0.00,0.00,0.0,17,-23.605246,-46.837184
1785632111000,68.1,0.00,0.00,0.00,0.0,16,-23.605224,-46.837192
1785632111200,68.1,0.00,0.00,0.00,0.0,17,-23.605186,-46.837201
1785632111200,67.6,0.00,0.00,0.00,0.0,17,-23.605186,-46.837201
1785632111400,67.6,0.00,0.00,0.00,0.0,17,-23.605147,-46.837208
1785632111500,67.7,0.00,0.00,0.00,0.0,17,-23.605125,-46.837211
1785632111700,67.7,0.00,0.00,0.00,0.0,17,-23.605087,-46.837214
1785632111800,67.7,0.00,0.00,0.00,0.0,17,-23.605063,-46.837212
1785632111800,68.2,0.00,0.00,0.00,0.0,17,-23.605063,-46.837212
1785632111900,68.5,0.00,0.00,0.00,0.0,17,-23.605042,-46.837208
1785632112100,68.9,0.00,0.00,0.00,0.0,17,-23.605004,-46.837201
1785632112200,69.3,0.00,0.00,0.00,0.0,17,-23.604985,-46.837193
1785632112400,69.3,0.00,0.00,0.00,0.0,17,-23.604947,-46.837181
1785632112400,70.2,0.00,0.00,0.00,0.0,17,-23.604947,-46.837181
1785632112500,70.2,0.00,0.00,0.00,0.0,17,-23.604927,-46.837167
1785632112500,71.5,0.00,0.00,0.00,0.0,17,-23.604927,-46.837167
1785632112600,72.8,0.00,0.00,0.00,0.0,17,-23.604906,-46.837150
1785632112800,71.0,0.00,0.00,0.00,0.0,17,-23.604875,-46.837127
1785632112900,71.0,0.00,0.00,0.00,0.0,17,-23.604862,-46.837111
1785632112900,69.2,0.00,0.00,0.00,0.0,17,-23.604862,-46.837111
1785632113100,67.6,0.00,0.00,0.00,0.0,17,-23.604832,-46.837088
1785632113200,66.3,0.00,0.00,0.00,0.0,17,-23.604819,-46.837073
1785632113400,65.3,0.00,0.00,0.00,0.0,17,-23.604791,-46.837051
1785632113500,65.3,0.00,0.00,0.00,0.0,17,-23.604779,-46.837038
1785632113500,64.5,0.00,0.00,0.00,0.0,17,-23.604779,-46.837038
1785632113700,63.3,0.00,0.00,0.00,0.0,17,-23.604754,-46.837018
1785632113800,62.4,0.00,0.00,0.00,0.0,17,-23.604742,-46.837007
1785632114000,60.8,0.00,0.00,0.00,0.0,17,-23.604719,-46.836985
1785632114100,59.1,0.00,0.00,0.00,0.0,17,-23.604710,-46.836974
1785632114300,57.4,0.00,0.00,0.00,0.0,17,-23.604691,-46.836953
1785632114400,55.9,0.00,0.00,0.00,0.0,17,-23.604684,-46.836942
1785632114500,54.4,0.00,0.00,0.00,0.0,17,-23.604678,-46.836930
1785632114700,52.7,0.00,0.00,0.00,0.0,17,-23.604663,-46.836908
1785632114900,50.5,0.00,0.00,0.00,0.0,17,-23.604651,-46.836887
1785632115000,50.5,0.00,0.00,0.00,0.0,17,-23.604650,-46.836875
1785632115000,48.3,0.00,0.00,0.00,0.0,17,-23.604650,-46.836875
1785632115200,45.4,0.00,0.00,0.00,0.0,17,-23.604644,-46.836855
1785632115300,45.4,0.00,0.00,0.00,0.0,17,-23.604647,-46.836845
1785632115300,42.4,0.00,0.00,0.00,0.0,17,-23.604647,-46.836845
1785632115500,39.7,0.00,0.00,0.00,0.0,17,-23.604650,-46.836826
1785632115600,37.0,0.00,0.00,0.00,0.0,17,-23.604662,-46.836816
1785632115800,34.0,0.00,0.00,0.00,0.0,17,-23.604677,-46.836799
1785632116000,30.9,0.00,0.00,0.00,0.0,17,-23.604695,-46.836786
1785632116100,30.9,0.00,0.00,0.00,0.0,17,-23.604713,-46.836783
1785632116100,29.4,0.00,0.00,0.00,0.0,17,-23.604713,-46.836783
1785632116300,27.8,0.00,0.00,0.00,0.0,17,-23.604731,-46.836774
1785632116400,27.8,0.00,0.00,0.00,0.0,17,-23.604747,-46.836774
1785632116400,26.5,0.00,0.00,0.00,0.0,17,-23.604747,-46.836774
1785632116600,26.5,0.00,0.00,0.00,0.0,17,-23.604765,-46.836768
1785632116600,25.5,0.00,0.00,0.00,0.0,17,-23.604765,-46.836768
1785632116700,25.5,0.00,0.00,0.00,0.0,17,-23.604782,-46.836768
1785632116700,25.0,0.00,0.00,0.00,0.0,17,-23.604782,-46.836768
1785632116900,25.0,0.00,0.00,0.00,0.0,17,-23.604802,-46.836767
1785632116900,24.5,0.00,0.00,0.00,0.0,17,-23.604802,-46.836767
1785632117000,24.4,0.00,0.00,0.00,0.0,17,-23.604818,-46.836770
1785632117200,24.4,0.00,0.00,0.00,0.0,17,-23.604838,-46.836773
1785632117300,25.0,0.00,0.00,0.00,0.0,17,-23.604852,-46.836781
1785632117500,25.7,0.00,0.00,0.00,0.0,17,-23.604873,-46.836791
1785632117600,27.5,0.00,0.00,0.00,0.0,17,-23.604888,-46.836805
1785632117800,33.4,0.00,0.00,0.00,0.0,17,-23.604917,-46.836830
1785632117900,41.9,0.00,0.00,0.00,0.0,17,-23.604943,-46.836856
1785632118100,41.9,0.00,0.00,0.00,0.0,17,-23.604965,-46.836871
1785632118100,41.4,0.00,0.00,0.00,0.0,17,-23.604965,-46.836871
1785632118300,41.4,0.00,0.00,0.00,0.0,17,-23.604986,-46.836884
1785632118300,41.0,0.00,0.00,0.00,0.0,17,-23.604986,-46.836884
1785632118500,40.4,0.00,0.00,0.00,0.0,17,-23.605007,-46.836894
1785632118600,39.9,0.00,0.00,0.00,0.0,17,-23.605019,-46.836900
1785632118800,39.5,0.00,0.00,0.00,0.0,17,-23.605041,-46.836908
1785632119000,39.2,0.00,0.00,0.00,0.0,17,-23.605061,-46.836915
1785632119100,39.0,0.00,0.00,0.00,0.0,17,-23.605073,-46.836916
1785632119300,39.0,0.00,0.00,0.00,0.0,17,-23.605092,-46.836918
1785632119300,38.6,0.00,0.00,0.00,0.0,17,-23.605092,-46.836918
1785632119500,38.3,0.00,0.00,0.00,0.0,17,-23.605112,-46.836916
1785632119700,38.3,0.00,0.00,0.00,0.0,17,-23.605131,-46.836908
1785632119900,39.2,0.00,0.00,0.00,0.0,17,-23.605151,-46.836894
1785632120100,40.0,0.00,0.00,0.00,0.0,17,-23.605167,-46.836872
1785632120300,38.6,0.00,0.00,0.00,0.0,17,-23.605178,-46.836850
1785632120500,39.5,0.00,0.00,0.00,0.0,17,-23.605183,-46.836820
1785632120700,42.9,0.00,0.00,0.00,0.0,17,-23.605181,-46.836781
1785632120900,46.5,0.00,0.00,0.00,0.0,17,-23.605182,-46.836742
1785632121100,48.8,0.00,0.00,0.00,0.0,17,-23.605192,-46.836712
1785632121300,49.0,0.00,0.00,0.00,0.0,17,-23.605202,-46.836684
1785632121500,49.4,0.00,0.00,0.00,0.0,17,-23.605213,-46.836657
1785632121600,49.4,0.00,0.00,0.00,0.0,17,-23.605219,-46.836644
1785632121800,49.6,0.00,0.00,0.00,0.0,17,-23.605231,-46.836618
1785632122100,49.6,0.00,0.00,0.00,0.0,17,-23.605251,-46.836582
1785632122100,49.8,0.00,0.00,0.00,0.0,17,-23.605251,-46.836582
1785632122300,48.7,0.00,0.00,0.00,0.0,17,-23.605265,-46.836559
1785632122500,48.7,0.00,0.00,0.00,0.0,17,-23.605279,-46.836538
1785632122500,47.7,0.00,0.00,0.00,0.0,17,-23.605279,-46.836538
1785632122700,47.7,0.00,0.00,0.00,0.0,17,-23.605293,-46.836518
1785632122700,46.1,0.00,0.00,0.00,0.0,17,-23.605293,-46.836518
1785632122900,44.2,0.00,0.00,0.00,0.0,17,-23.605307,-46.836501
1785632123100,42.0,0.00,0.00,0.00,0.0,17,-23.605321,-46.836486
1785632123400,39.2,0.00,0.00,0.00,0.0,17,-23.605342,-46.836466
1785632123600,35.6,0.00,0.00,0.00,0.0,17,-23.605356,-46.836460
1785632123800,32.5,0.00,0.00,0.00,0.0,16,-23.605369,-46.836457
1785632124000,29.4,0.00,0.00,0.00,0.0,16,-23.605383,-46.836458
1785632124200,26.9,0.00,0.00,0.00,0.0,16,-23.605397,-46.836465
1785632124400,25.1,0.00,0.00,0.00,0.0,16,-23.605410,-46.836478
1785632124600,24.6,0.00,0.00,0.00,0.0,16,-23.605423,-46.836498
1785632124800,26.5,0.00,0.00,0.00,0.0,16,-23.605435,-46.836531
1785632124900,30.8,0.00,0.00,0.00,0.0,16,-23.605442,-46.836564
1785632125100,38.5,0.00,0.00,0.00,0.0,16,-23.605456,-46.836615
1785632125300,38.5,0.00,0.00,0.00,0.0,16,-23.605490,-46.836664
1785632125300,47.4,0.00,0.00,0.00,0.0,16,-23.605490,-46.836664
1785632125400,47.4,0.00,0.00,0.00,0.0,16,-23.605498,-46.836683
1785632125600,47.1,0.00,0.00,0.00,0.0,16,-23.605513,-46.836713
1785632125700,46.8,0.00,0.00,0.00,0.0,16,-23.605521,-46.836732
1785632125900,46.3,0.00,0.00,0.00,0.0,16,-23.605537,-46.836759
1785632126000,45.8,0.00,0.00,0.00,0.0,16,-23.605547,-46.836775
1785632126200,45.1,0.00,0.00,0.00,0.0,16,-23.605564,-46.836800
1785632126400,44.3,0.00,0.00,0.00,0.0,16,-23.605583,-46.836822
1785632126600,44.3,0.00,0.00,0.00,0.0,16,-23.605603,-46.836843
1785632126600,43.7,0.00,0.00,0.00,0.0,16,-23.605603,-46.836843
1785632126700,43.2,0.00,0.00,0.00,0.0,16,-23.605615,-46.836854
1785632126900,42.8,0.00,0.00,0.00,0.0,16,-23.605634,-46.836871
1785632127100,41.8,0.00,0.00,0.00,0.0,16,-23.605651,-46.836883
1785632127300,40.0,0.00,0.00,0.00,0.0,16,-23.605667,-46.836891
1785632127500,40.0,0.00,0.00,0.00,0.0,16,-23.605683,-46.836894
1785632127500,37.9,0.00,0.00,0.00,0.0,16,-23.605683,-46.836894
1785632127700,36.2,0.00,0.00,0.00,0.0,17,-23.605700,-46.836894
1785632128000,34.7,0.00,0.00,0.00,0.0,17,-23.605727,-46.836891
1785632128200,33.5,0.00,0.00,0.00,0.0,17,-23.605745,-46.836878
1785632128400,29.8,0.00,0.00,0.00,0.0,17,-23.605754,-46.836865
1785632128700,29.8,0.00,0.00,0.00,0.0,17,-23.605767,-46.836846
1785632128700,26.3,0.00,0.00,0.00,0.0,17,-23.605767,-46.836846
1785632128900,26.3,0.00,0.00,0.00,0.0,17,-23.605768,-46.836822
1785632128900,23.8,0.00,0.00,0.00,0.0,17,-23.605768,-46.836822
1785632129200,22.7,0.00,0.00,0.00,0.0,17,-23.605766,-46.836787
1785632129400,28.7,0.00,0.00,0.00,0.0,17,-23.605729,-46.836730
1785632129600,38.5,0.00,0.00,0.00,0.0,17,-23.605700,-46.836678
1785632129800,43.5,0.00,0.00,0.00,0.0,17,-23.605678,-46.836634
1785632130000,45.8,0.00,0.00,0.00,0.0,17,-23.605663,-46.836598
1785632130200,46.6,0.00,0.00,0.00,0.0,17,-23.605651,-46.836566
1785632130400,47.1,0.00,0.00,0.00,0.0,17,-23.605639,-46.836535
1785632130600,47.3,0.00,0.00,0.00,0.0,17,-23.605627,-46.836506
1785632130700,47.4,0.00,0.00,0.00,0.0,17,-23.605621,-46.836488
1785632130900,47.5,0.00,0.00,0.00,0.0,17,-23.605610,-46.836461
1785632131100,47.5,0.00,0.00,0.00,0.0,17,-23.605598,-46.836433
1785632131300,47.6,0.00,0.00,0.00,0.0,17,-23.605586,-46.836407
1785632131500,47.9,0.00,0.00,0.00,0.0,17,-23.605573,-46.836381
1785632131700,48.0,0.00,0.00,0.00,0.0,17,-23.605560,-46.836356
1785632131800,48.4,0.00,0.00,0.00,0.0,17,-23.605553,-46.836340
1785632132000,47.8,0.00,0.00,0.00,0.0,17,-23.605539,-46.836317
1785632132200,46.8,0.00,0.00,0.00,0.0,17,-23.605522,-46.836298
1785632132400,45.7,0.00,0.00,0.00,0.0,17,-23.605507,-46.836280
1785632132600,44.7,0.00,0.00,0.00,0.0,17,-23.605491,-46.836263
1785632132800,43.3,0.00,0.00,0.00,0.0,17,-23.605475,-46.836248
