epoch,utc,lat,lng,alt_m,speed2d_ms,speed3d_ms,fix,dop,payload
1784771938375,2026-07-23T01:58:58.375Z,-23.6056676,-46.8360563,828.515,15.450,15.820,3,149,0
1784771938427,2026-07-23T01:58:58.427Z,-23.6056750,-46.8360573,828.546,15.190,15.460,3,149,0
1784771938479,2026-07-23T01:58:58.479Z,-23.6056824,-46.8360585,828.563,14.971,15.200,3,149,0
1784771938531,2026-07-23T01:58:58.531Z,-23.6056895,-46.8360597,828.574,14.721,14.980,3,149,0
1784771938583,2026-07-23T01:58:58.583Z,-23.6056963,-46.8360610,828.558,14.442,14.730,3,149,0
1784771938635,2026-07-23T01:58:58.635Z,-23.6057029,-46.8360623,828.486,14.219,14.450,3,149,0
1784771938687,2026-07-23T01:58:58.687Z,-23.6057094,-46.8360635,828.397,13.946,14.230,3,149,0
1784771938739,2026-07-23T01:58:58.739Z,-23.6057155,-46.8360651,828.319,13.573,13.960,3,149,0
1784771938791,2026-07-23T01:58:58.791Z,-23.6057218,-46.8360674,828.253,13.501,13.590,3,149,0
1784771938843,2026-07-23T01:58:58.843Z,-23.6057283,-46.8360700,828.243,13.570,13.510,3,149,0
1784771938896,2026-07-23T01:58:58.896Z,-23.6057347,-46.8360735,828.191,13.703,13.580,3,149,0
1784771938948,2026-07-23T01:58:58.948Z,-23.6057408,-46.8360772,828.180,13.666,13.720,3,149,0
1784771939000,2026-07-23T01:58:59.000Z,-23.6057468,-46.8360811,828.149,13.721,13.680,3,149,0
1784771939052,2026-07-23T01:58:59.052Z,-23.6057528,-46.8360853,828.089,13.869,13.730,3,149,0
1784771939104,2026-07-23T01:58:59.104Z,-23.6057586,-46.8360899,828.045,13.986,13.880,3,149,0
1784771939156,2026-07-23T01:58:59.156Z,-23.6057641,-46.8360944,828.039,13.906,14.000,3,149,0
1784771939208,2026-07-23T01:58:59.208Z,-23.6057695,-46.8360996,828.055,13.946,13.920,3,149,0
1784771939260,2026-07-23T01:58:59.260Z,-23.6057750,-46.8361048,827.944,14.209,13.960,3,149,0
1784771939312,2026-07-23T01:58:59.312Z,-23.6057805,-46.8361102,827.887,14.428,14.220,3,149,0
1784771939365,2026-07-23T01:58:59.365Z,-23.6057857,-46.8361156,827.876,14.392,14.440,3,132,1
1784771939423,2026-07-23T01:58:59.423Z,-23.6057904,-46.8361216,827.799,14.521,14.410,3,132,1
1784771939481,2026-07-23T01:58:59.481Z,-23.6057955,-46.8361275,827.800,14.620,14.540,3,132,1
1784771939539,2026-07-23T01:58:59.539Z,-23.6058003,-46.8361330,827.818,14.439,14.630,3,132,1
1784771939597,2026-07-23T01:58:59.597Z,-23.6058044,-46.8361390,827.848,14.173,14.450,3,132,1
1784771939655,2026-07-23T01:58:59.655Z,-23.6058084,-46.8361453,827.790,14.195,14.190,3,132,1
1784771939713,2026-07-23T01:58:59.713Z,-23.6058122,-46.8361518,827.700,14.265,14.210,3,132,1
1784771939771,2026-07-23T01:58:59.771Z,-23.6058154,-46.8361588,827.727,14.171,14.280,3,132,1
1784771939829,2026-07-23T01:58:59.829Z,-23.6058172,-46.8361661,827.748,13.849,14.180,3,132,1
1784771939887,2026-07-23T01:58:59.887Z,-23.6058201,-46.8361741,827.786,14.172,13.860,3,132,1
1784771939945,2026-07-23T01:58:59.945Z,-23.6058225,-46.8361815,827.676,14.289,14.180,3,132,1
1784771940003,2026-07-23T01:59:00.003Z,-23.6058249,-46.8361890,827.629,14.320,14.300,3,132,1
1784771940061,2026-07-23T01:59:00.061Z,-23.6058270,-46.8361966,827.599,14.365,14.330,3,132,1
1784771940119,2026-07-23T01:59:00.119Z,-23.6058288,-46.8362044,827.513,14.500,14.380,3,132,1
1784771940177,2026-07-23T01:59:00.177Z,-23.6058304,-46.8362124,827.443,14.658,14.510,3,132,1
1784771940235,2026-07-23T01:59:00.235Z,-23.6058317,-46.8362204,827.347,14.808,14.670,3,132,1
1784771940293,2026-07-23T01:59:00.293Z,-23.6058328,-46.8362285,827.256,14.907,14.820,3,132,1
1784771940351,2026-07-23T01:59:00.351Z,-23.6058331,-46.8362360,827.144,14.761,14.920,3,132,1
1784771940410,2026-07-23T01:59:00.410Z,-23.6058335,-46.8362440,827.054,14.847,14.780,3,132,2
1784771940468,2026-07-23T01:59:00.468Z,-23.6058338,-46.8362524,826.950,15.071,14.860,3,132,2
1784771940526,2026-07-23T01:59:00.526Z,-23.6058340,-46.8362610,826.871,15.304,15.090,3,132,2
1784771940584,2026-07-23T01:59:00.584Z,-23.6058343,-46.8362694,826.784,15.437,15.320,3,132,2
1784771940642,2026-07-23T01:59:00.642Z,-23.6058345,-46.8362782,826.657,15.726,15.460,3,132,2
1784771940701,2026-07-23T01:59:00.701Z,-23.6058347,-46.8362868,826.546,15.907,15.750,3,132,2
1784771940759,2026-07-23T01:59:00.759Z,-23.6058348,-46.8362954,826.420,16.031,15.930,3,132,2
1784771940817,2026-07-23T01:59:00.817Z,-23.6058346,-46.8363040,826.359,15.981,16.050,3,132,2
1784771940875,2026-07-23T01:59:00.875Z,-23.6058345,-46.8363128,826.335,16.077,16.000,3,132,2
1784771940934,2026-07-23T01:59:00.934Z,-23.6058344,-46.8363216,826.307,16.117,16.100,3,132,2
1784771940992,2026-07-23T01:59:00.992Z,-23.6058345,-46.8363305,826.318,16.182,16.140,3,132,2
1784771941050,2026-07-23T01:59:01.050Z,-23.6058345,-46.8363387,826.187,16.032,16.200,3,132,2
1784771941108,2026-07-23T01:59:01.108Z,-23.6058346,-46.8363472,826.093,16.025,16.050,3,132,2
1784771941167,2026-07-23T01:59:01.167Z,-23.6058347,-46.8363558,826.023,16.057,16.050,3,132,2
1784771941225,2026-07-23T01:59:01.225Z,-23.6058348,-46.8363644,825.960,16.053,16.080,3,132,2
1784771941283,2026-07-23T01:59:01.283Z,-23.6058352,-46.8363732,825.939,16.126,16.080,3,132,2
1784771941341,2026-07-23T01:59:01.341Z,-23.6058356,-46.8363819,825.836,16.193,16.150,3,132,2
1784771941400,2026-07-23T01:59:01.400Z,-23.6058361,-46.8363906,825.784,16.221,16.220,3,132,3
1784771941449,2026-07-23T01:59:01.449Z,-23.6058368,-46.8363994,825.713,16.320,16.250,3,132,3
1784771941498,2026-07-23T01:59:01.498Z,-23.6058377,-46.8364082,825.626,16.406,16.350,3,132,3
1784771941547,2026-07-23T01:59:01.547Z,-23.6058389,-46.8364168,825.456,16.539,16.430,3,132,3
1784771941596,2026-07-23T01:59:01.596Z,-23.6058404,-46.8364256,825.301,16.699,16.570,3,132,3
1784771941646,2026-07-23T01:59:01.646Z,-23.6058424,-46.8364344,825.159,16.847,16.730,3,132,3
1784771941695,2026-07-23T01:59:01.695Z,-23.6058445,-46.8364434,825.051,17.014,16.880,3,132,3
1784771941744,2026-07-23T01:59:01.744Z,-23.6058465,-46.8364522,824.997,16.936,17.050,3,132,3
1784771941793,2026-07-23T01:59:01.793Z,-23.6058487,-46.8364605,824.814,16.858,16.970,3,132,3
1784771941842,2026-07-23T01:59:01.842Z,-23.6058513,-46.8364689,824.664,16.835,16.900,3,132,3
1784771941892,2026-07-23T01:59:01.892Z,-23.6058543,-46.8364774,824.548,16.947,16.880,3,132,3
1784771941941,2026-07-23T01:59:01.941Z,-23.6058574,-46.8364861,824.482,17.095,16.990,3,132,3
1784771941990,2026-07-23T01:59:01.990Z,-23.6058605,-46.8364945,824.455,16.939,17.140,3,132,3
1784771942039,2026-07-23T01:59:02.039Z,-23.6058638,-46.8365025,824.324,16.798,16.980,3,132,3
1784771942088,2026-07-23T01:59:02.088Z,-23.6058679,-46.8365107,824.243,17.009,16.840,3,132,3
1784771942138,2026-07-23T01:59:02.138Z,-23.6058721,-46.8365191,824.245,17.194,17.050,3,132,3
1784771942187,2026-07-23T01:59:02.187Z,-23.6058763,-46.8365272,824.169,17.257,17.230,3,132,3
1784771942236,2026-07-23T01:59:02.236Z,-23.6058809,-46.8365354,824.116,17.460,17.300,3,132,3
1784771942285,2026-07-23T01:59:02.285Z,-23.6058854,-46.8365435,824.059,17.492,17.500,3,132,3
1784771942335,2026-07-23T01:59:02.335Z,-23.6058898,-46.8365514,823.940,17.465,17.530,3,127,4
1784771942393,2026-07-23T01:59:02.393Z,-23.6058941,-46.8365595,823.812,17.594,17.510,3,127,4
1784771942451,2026-07-23T01:59:02.451Z,-23.6058982,-46.8365678,823.739,17.610,17.640,3,127,4
1784771942509,2026-07-23T01:59:02.509Z,-23.6059023,-46.8365760,823.624,17.603,17.650,3,127,4
1784771942567,2026-07-23T01:59:02.567Z,-23.6059064,-46.8365842,823.510,17.640,17.650,3,127,4
1784771942625,2026-07-23T01:59:02.625Z,-23.6059104,-46.8365928,823.400,17.804,17.680,3,127,4
1784771942683,2026-07-23T01:59:02.683Z,-23.6059143,-46.8366013,823.272,17.841,17.850,3,127,4
1784771942741,2026-07-23T01:59:02.741Z,-23.6059181,-46.8366101,823.197,17.923,17.890,3,127,4
1784771942799,2026-07-23T01:59:02.799Z,-23.6059217,-46.8366190,823.171,17.890,17.970,3,127,4
1784771942857,2026-07-23T01:59:02.857Z,-23.6059250,-46.8366278,823.091,17.841,17.930,3,127,4
1784771942915,2026-07-23T01:59:02.915Z,-23.6059280,-46.8366368,822.956,17.908,17.890,3,127,4
1784771942973,2026-07-23T01:59:02.973Z,-23.6059304,-46.8366463,822.842,17.999,17.950,3,127,4
1784771943031,2026-07-23T01:59:03.031Z,-23.6059327,-46.8366557,822.675,18.151,18.050,3,127,4
1784771943089,2026-07-23T01:59:03.089Z,-23.6059350,-46.8366653,822.613,18.216,18.200,3,127,4
1784771943147,2026-07-23T01:59:03.147Z,-23.6059372,-46.8366748,822.560,18.119,18.270,3,127,4
1784771943205,2026-07-23T01:59:03.205Z,-23.6059390,-46.8366843,822.397,18.182,18.170,3,127,4
1784771943263,2026-07-23T01:59:03.263Z,-23.6059403,-46.8366938,822.198,18.173,18.230,3,127,4
1784771943321,2026-07-23T01:59:03.321Z,-23.6059413,-46.8367033,822.064,18.081,18.230,3,127,4
1784771943380,2026-07-23T01:59:03.380Z,-23.6059421,-46.8367129,821.961,18.018,18.140,3,136,5
1784771943435,2026-07-23T01:59:03.435Z,-23.6059430,-46.8367225,821.859,17.975,18.080,3,136,5
1784771943490,2026-07-23T01:59:03.490Z,-23.6059436,-46.8367324,821.691,18.238,18.040,3,136,5
1784771943545,2026-07-23T01:59:03.545Z,-23.6059439,-46.8367425,821.606,18.325,18.300,3,136,5
1784771943600,2026-07-23T01:59:03.600Z,-23.6059439,-46.8367520,821.497,18.102,18.390,3,136,5
1784771943655,2026-07-23T01:59:03.655Z,-23.6059434,-46.8367618,821.349,18.133,18.170,3,136,5
1784771943710,2026-07-23T01:59:03.710Z,-23.6059427,-46.8367720,821.229,18.350,18.200,3,136,5
1784771943765,2026-07-23T01:59:03.765Z,-23.6059421,-46.8367816,821.066,18.273,18.420,3,136,5
1784771943820,2026-07-23T01:59:03.820Z,-23.6059408,-46.8367915,820.911,18.348,18.350,3,136,5
1784771943875,2026-07-23T01:59:03.875Z,-23.6059392,-46.8368013,820.738,18.417,18.430,3,136,5
1784771943930,2026-07-23T01:59:03.930Z,-23.6059373,-46.8368109,820.592,18.402,18.500,3,136,5
1784771943985,2026-07-23T01:59:03.985Z,-23.6059350,-46.8368206,820.514,18.396,18.490,3,136,5
1784771944040,2026-07-23T01:59:04.040Z,-23.6059325,-46.8368303,820.400,18.478,18.480,3,136,5
1784771944095,2026-07-23T01:59:04.095Z,-23.6059301,-46.8368398,820.308,18.431,18.560,3,136,5
1784771944150,2026-07-23T01:59:04.150Z,-23.6059275,-46.8368494,820.252,18.412,18.510,3,136,5
1784771944205,2026-07-23T01:59:04.205Z,-23.6059247,-46.8368589,820.203,18.404,18.490,3,136,5
1784771944260,2026-07-23T01:59:04.260Z,-23.6059214,-46.8368687,820.177,18.566,18.480,3,136,5
1784771944315,2026-07-23T01:59:04.315Z,-23.6059181,-46.8368779,820.076,18.473,18.640,3,136,5
1784771944370,2026-07-23T01:59:04.370Z,-23.6059143,-46.8368872,819.940,18.615,18.550,3,136,6
1784771944419,2026-07-23T01:59:04.419Z,-23.6059101,-46.8368963,819.828,18.717,18.690,3,136,6
1784771944469,2026-07-23T01:59:04.469Z,-23.6059056,-46.8369051,819.722,18.680,18.800,3,136,6
1784771944518,2026-07-23T01:59:04.518Z,-23.6059006,-46.8369137,819.612,18.735,18.760,3,136,6
1784771944568,2026-07-23T01:59:04.568Z,-23.6058955,-46.8369221,819.533,18.702,18.820,3,136,6
1784771944617,2026-07-23T01:59:04.617Z,-23.6058901,-46.8369305,819.437,18.812,18.780,3,136,6
1784771944667,2026-07-23T01:59:04.667Z,-23.6058845,-46.8369384,819.439,18.689,18.890,3,136,6
1784771944716,2026-07-23T01:59:04.716Z,-23.6058780,-46.8369460,819.508,18.737,18.770,3,136,6
1784771944766,2026-07-23T01:59:04.766Z,-23.6058715,-46.8369537,819.608,18.790,18.810,3,136,6
1784771944815,2026-07-23T01:59:04.815Z,-23.6058651,-46.8369609,819.652,18.616,18.850,3,136,6
1784771944865,2026-07-23T01:59:04.865Z,-23.6058585,-46.8369677,819.660,18.498,18.680,3,136,6
1784771944914,2026-07-23T01:59:04.914Z,-23.6058515,-46.8369745,819.617,18.619,18.560,3,136,6
1784771944964,2026-07-23T01:59:04.964Z,-23.6058448,-46.8369814,819.654,18.594,18.670,3,136,6
1784771945013,2026-07-23T01:59:05.013Z,-23.6058380,-46.8369883,819.736,18.530,18.650,3,136,6
1784771945063,2026-07-23T01:59:05.063Z,-23.6058308,-46.8369952,819.777,18.683,18.580,3,136,6
1784771945112,2026-07-23T01:59:05.112Z,-23.6058237,-46.8370020,819.807,18.771,18.730,3,136,6
1784771945162,2026-07-23T01:59:05.162Z,-23.6058162,-46.8370086,819.814,18.950,18.810,3,136,6
1784771945211,2026-07-23T01:59:05.211Z,-23.6058086,-46.8370146,819.851,18.900,18.990,3,136,6
1784771945261,2026-07-23T01:59:05.261Z,-23.6058008,-46.8370201,819.848,18.745,18.930,3,136,6
1784771945310,2026-07-23T01:59:05.310Z,-23.6057927,-46.8370254,819.858,18.766,18.780,3,136,6
1784771945360,2026-07-23T01:59:05.360Z,-23.6057847,-46.8370306,819.871,18.755,18.800,3,136,7
1784771945425,2026-07-23T01:59:05.425Z,-23.6057692,-46.8370417,819.774,18.671,18.780,3,136,7
1784771945490,2026-07-23T01:59:05.490Z,-23.6057614,-46.8370470,819.739,18.614,18.700,3,136,7
1784771945555,2026-07-23T01:59:05.555Z,-23.6057536,-46.8370518,819.766,18.361,18.640,3,136,7
1784771945621,2026-07-23T01:59:05.621Z,-23.6057457,-46.8370566,819.816,18.241,18.390,3,136,7
1784771945686,2026-07-23T01:59:05.686Z,-23.6057377,-46.8370612,819.855,18.198,18.260,3,136,7
1784771945751,2026-07-23T01:59:05.751Z,-23.6057297,-46.8370657,819.890,18.118,18.220,3,136,7
1784771945817,2026-07-23T01:59:05.817Z,-23.6057216,-46.8370702,819.883,18.166,18.140,3,136,7
1784771945882,2026-07-23T01:59:05.882Z,-23.6057135,-46.8370745,819.864,18.165,18.180,3,136,7
1784771945947,2026-07-23T01:59:05.947Z,-23.6057056,-46.8370791,819.910,18.087,18.180,3,136,7
1784771946013,2026-07-23T01:59:06.013Z,-23.6056979,-46.8370836,819.947,17.873,18.100,3,136,7
1784771946078,2026-07-23T01:59:06.078Z,-23.6056900,-46.8370880,820.013,17.791,17.890,3,136,7
1784771946143,2026-07-23T01:59:06.143Z,-23.6056820,-46.8370919,820.022,17.750,17.800,3,136,7
1784771946209,2026-07-23T01:59:06.209Z,-23.6056738,-46.8370956,820.073,17.700,17.760,3,136,7
1784771946274,2026-07-23T01:59:06.274Z,-23.6056657,-46.8370990,820.085,17.598,17.710,3,136,7
1784771946339,2026-07-23T01:59:06.339Z,-23.6056577,-46.8371025,820.169,17.451,17.610,3,136,7
1784771946405,2026-07-23T01:59:06.405Z,-23.6056496,-46.8371058,820.198,17.419,17.460,3,136,8
1784771946466,2026-07-23T01:59:06.466Z,-23.6056412,-46.8371091,820.204,17.587,17.430,3,136,8
1784771946528,2026-07-23T01:59:06.528Z,-23.6056249,-46.8371160,820.172,17.662,17.590,3,136,8
1784771946590,2026-07-23T01:59:06.590Z,-23.6056165,-46.8371192,820.162,17.728,17.670,3,136,8
1784771946652,2026-07-23T01:59:06.652Z,-23.6056080,-46.8371225,820.188,17.880,17.730,3,136,8
1784771946714,2026-07-23T01:59:06.714Z,-23.6055995,-46.8371257,820.223,17.910,17.880,3,136,8
1784771946776,2026-07-23T01:59:06.776Z,-23.6055907,-46.8371285,820.298,18.041,17.910,3,136,8
1784771946838,2026-07-23T01:59:06.838Z,-23.6055821,-46.8371314,820.357,18.077,18.040,3,136,8
1784771946900,2026-07-23T01:59:06.900Z,-23.6055733,-46.8371345,820.406,18.166,18.080,3,136,8
1784771946961,2026-07-23T01:59:06.961Z,-23.6055646,-46.8371378,820.459,18.343,18.170,3,136,8
1784771947023,2026-07-23T01:59:07.023Z,-23.6055559,-46.8371409,820.566,18.246,18.340,3,136,8
1784771947085,2026-07-23T01:59:07.085Z,-23.6055475,-46.8371440,820.705,18.031,18.250,3,136,8
1784771947147,2026-07-23T01:59:07.147Z,-23.6055390,-46.8371468,820.757,17.945,18.030,3,136,8
1784771947209,2026-07-23T01:59:07.209Z,-23.6055305,-46.8371496,820.737,17.939,17.950,3,136,8
1784771947271,2026-07-23T01:59:07.271Z,-23.6055221,-46.8371523,820.725,17.810,17.940,3,136,8
1784771947333,2026-07-23T01:59:07.333Z,-23.6055137,-46.8371548,820.738,17.810,17.810,3,136,8
1784771947395,2026-07-23T01:59:07.395Z,-23.6055055,-46.8371576,820.725,17.627,17.810,3,136,9
1784771947447,2026-07-23T01:59:07.447Z,-23.6054972,-46.8371604,820.727,17.572,17.630,3,136,9
1784771947499,2026-07-23T01:59:07.499Z,-23.6054885,-46.8371637,820.807,17.810,17.570,3,136,9
1784771947551,2026-07-23T01:59:07.551Z,-23.6054800,-46.8371666,820.911,17.802,17.810,3,136,9
1784771947603,2026-07-23T01:59:07.603Z,-23.6054713,-46.8371698,820.983,17.981,17.800,3,136,9
1784771947655,2026-07-23T01:59:07.655Z,-23.6054623,-46.8371730,821.022,18.276,17.980,3,136,9
1784771947707,2026-07-23T01:59:07.707Z,-23.6054533,-46.8371762,821.047,18.575,18.280,3,136,9
1784771947759,2026-07-23T01:59:07.759Z,-23.6054443,-46.8371797,821.122,18.768,18.580,3,136,9
1784771947811,2026-07-23T01:59:07.811Z,-23.6054356,-46.8371829,821.168,18.670,18.770,3,136,9
1784771947863,2026-07-23T01:59:07.863Z,-23.6054269,-46.8371858,821.190,18.530,18.670,3,136,9
1784771947916,2026-07-23T01:59:07.916Z,-23.6054182,-46.8371884,821.192,18.436,18.530,3,136,9
1784771947968,2026-07-23T01:59:07.968Z,-23.6054095,-46.8371909,821.191,18.391,18.440,3,136,9
1784771948020,2026-07-23T01:59:08.020Z,-23.6054008,-46.8371933,821.214,18.325,18.390,3,136,9
1784771948072,2026-07-23T01:59:08.072Z,-23.6053921,-46.8371960,821.301,18.223,18.330,3,136,9
1784771948124,2026-07-23T01:59:08.124Z,-23.6053834,-46.8371986,821.367,18.209,18.220,3,136,9
1784771948176,2026-07-23T01:59:08.176Z,-23.6053744,-46.8372009,821.403,18.318,18.210,3,136,9
1784771948228,2026-07-23T01:59:08.228Z,-23.6053654,-46.8372034,821.455,18.435,18.320,3,136,9
1784771948280,2026-07-23T01:59:08.280Z,-23.6053565,-46.8372058,821.476,18.506,18.440,3,136,9
1784771948332,2026-07-23T01:59:08.332Z,-23.6053476,-46.8372078,821.484,18.487,18.510,3,136,9
1784771948385,2026-07-23T01:59:08.385Z,-23.6053387,-46.8372101,821.521,18.485,18.490,3,140,10
1784771948437,2026-07-23T01:59:08.437Z,-23.6053296,-46.8372123,821.553,18.562,18.490,3,140,10
1784771948489,2026-07-23T01:59:08.489Z,-23.6053206,-46.8372144,821.606,18.602,18.560,3,140,10
1784771948541,2026-07-23T01:59:08.541Z,-23.6053116,-46.8372164,821.631,18.596,18.600,3,140,10
1784771948593,2026-07-23T01:59:08.593Z,-23.6053027,-46.8372184,821.677,18.592,18.600,3,140,10
1784771948645,2026-07-23T01:59:08.645Z,-23.6052938,-46.8372202,821.757,18.519,18.590,3,140,10
1784771948697,2026-07-23T01:59:08.697Z,-23.6052849,-46.8372219,821.789,18.521,18.520,3,140,10
1784771948749,2026-07-23T01:59:08.749Z,-23.6052760,-46.8372236,821.844,18.493,18.520,3,140,10
1784771948801,2026-07-23T01:59:08.801Z,-23.6052669,-46.8372250,821.885,18.541,18.500,3,140,10
1784771948853,2026-07-23T01:59:08.853Z,-23.6052579,-46.8372262,821.944,18.560,18.540,3,140,10
1784771948906,2026-07-23T01:59:08.906Z,-23.6052487,-46.8372272,821.990,18.595,18.560,3,140,10
1784771948958,2026-07-23T01:59:08.958Z,-23.6052394,-46.8372279,822.022,18.680,18.600,3,140,10
1784771949010,2026-07-23T01:59:09.010Z,-23.6052302,-46.8372284,822.053,18.684,18.680,3,140,10
1784771949062,2026-07-23T01:59:09.062Z,-23.6052210,-46.8372288,822.093,18.643,18.690,3,140,10
1784771949114,2026-07-23T01:59:09.114Z,-23.6052117,-46.8372289,822.151,18.647,18.650,3,140,10
1784771949166,2026-07-23T01:59:09.166Z,-23.6052026,-46.8372288,822.176,18.559,18.650,3,140,10
1784771949218,2026-07-23T01:59:09.218Z,-23.6051934,-46.8372283,822.208,18.518,18.560,3,140,10
1784771949270,2026-07-23T01:59:09.270Z,-23.6051843,-46.8372277,822.234,18.522,18.520,3,140,10
1784771949322,2026-07-23T01:59:09.322Z,-23.6051751,-46.8372269,822.263,18.527,18.530,3,140,10
1784771949375,2026-07-23T01:59:09.375Z,-23.6051659,-46.8372259,822.300,18.526,18.530,3,127,11
1784771949430,2026-07-23T01:59:09.430Z,-23.6051568,-46.8372245,822.322,18.552,18.530,3,127,11
1784771949485,2026-07-23T01:59:09.485Z,-23.6051477,-46.8372233,822.334,18.525,18.560,3,127,11
1784771949540,2026-07-23T01:59:09.540Z,-23.6051387,-46.8372216,822.373,18.488,18.530,3,127,11
1784771949595,2026-07-23T01:59:09.595Z,-23.6051297,-46.8372195,822.386,18.496,18.490,3,127,11
1784771949650,2026-07-23T01:59:09.650Z,-23.6051208,-46.8372174,822.439,18.422,18.500,3,127,11
1784771949705,2026-07-23T01:59:09.705Z,-23.6051119,-46.8372154,822.482,18.329,18.430,3,127,11
1784771949760,2026-07-23T01:59:09.760Z,-23.6051031,-46.8372131,822.513,18.286,18.330,3,127,11
1784771949815,2026-07-23T01:59:09.815Z,-23.6050945,-46.8372107,822.550,18.162,18.290,3,127,11
1784771949870,2026-07-23T01:59:09.870Z,-23.6050856,-46.8372081,822.584,18.214,18.170,3,127,11
1784771949925,2026-07-23T01:59:09.925Z,-23.6050767,-46.8372055,822.652,18.266,18.220,3,127,11
1784771949980,2026-07-23T01:59:09.980Z,-23.6050680,-46.8372026,822.709,18.254,18.270,3,127,11
1784771950035,2026-07-23T01:59:10.035Z,-23.6050592,-46.8371993,822.747,18.346,18.260,3,127,11
1784771950090,2026-07-23T01:59:10.090Z,-23.6050506,-46.8371956,822.764,18.421,18.350,3,127,11
1784771950145,2026-07-23T01:59:10.145Z,-23.6050420,-46.8371917,822.762,18.472,18.430,3,127,11
1784771950200,2026-07-23T01:59:10.200Z,-23.6050335,-46.8371878,822.808,18.464,18.480,3,127,11
1784771950255,2026-07-23T01:59:10.255Z,-23.6050251,-46.8371839,822.885,18.389,18.470,3,127,11
1784771950310,2026-07-23T01:59:10.310Z,-23.6050164,-46.8371798,822.993,18.523,18.400,3,127,11
1784771950365,2026-07-23T01:59:10.365Z,-23.6050080,-46.8371759,823.024,18.439,18.530,3,127,12
1784771950423,2026-07-23T01:59:10.423Z,-23.6049996,-46.8371717,823.048,18.487,18.450,3,127,12
1784771950481,2026-07-23T01:59:10.481Z,-23.6049913,-46.8371675,823.080,18.504,18.500,3,127,12
1784771950539,2026-07-23T01:59:10.539Z,-23.6049830,-46.8371633,823.123,18.480,18.510,3,127,12
1784771950597,2026-07-23T01:59:10.597Z,-23.6049747,-46.8371591,823.181,18.384,18.490,3,127,12
1784771950655,2026-07-23T01:59:10.655Z,-23.6049664,-46.8371546,823.237,18.467,18.390,3,127,12
1784771950713,2026-07-23T01:59:10.713Z,-23.6049582,-46.8371500,823.282,18.475,18.480,3,127,12
1784771950771,2026-07-23T01:59:10.771Z,-23.6049500,-46.8371453,823.315,18.519,18.490,3,127,12
1784771950829,2026-07-23T01:59:10.829Z,-23.6049419,-46.8371407,823.343,18.454,18.530,3,127,12
1784771950887,2026-07-23T01:59:10.887Z,-23.6049339,-46.8371360,823.382,18.388,18.460,3,127,12
1784771950945,2026-07-23T01:59:10.945Z,-23.6049258,-46.8371311,823.446,18.432,18.400,3,127,12
1784771951003,2026-07-23T01:59:11.003Z,-23.6049177,-46.8371262,823.508,18.480,18.440,3,127,12
1784771951061,2026-07-23T01:59:11.061Z,-23.6049098,-46.8371211,823.565,18.475,18.490,3,127,12
1784771951119,2026-07-23T01:59:11.119Z,-23.6049019,-46.8371159,823.613,18.468,18.490,3,127,12
1784771951177,2026-07-23T01:59:11.177Z,-23.6048942,-46.8371107,823.661,18.404,18.480,3,127,12
1784771951235,2026-07-23T01:59:11.235Z,-23.6048864,-46.8371054,823.725,18.412,18.420,3,127,12
1784771951293,2026-07-23T01:59:11.293Z,-23.6048787,-46.8371000,823.775,18.392,18.430,3,127,12
1784771951351,2026-07-23T01:59:11.351Z,-23.6048712,-46.8370945,823.812,18.300,18.410,3,127,12
1784771951410,2026-07-23T01:59:11.410Z,-23.6048638,-46.8370889,823.855,18.237,18.310,3,141,13
1784771951461,2026-07-23T01:59:11.461Z,-23.6048564,-46.8370833,823.938,18.196,18.250,3,141,13
1784771951513,2026-07-23T01:59:11.513Z,-23.6048494,-46.8370776,823.997,17.966,18.210,3,141,13
1784771951565,2026-07-23T01:59:11.565Z,-23.6048427,-46.8370718,824.060,17.775,17.980,3,141,13
1784771951617,2026-07-23T01:59:11.617Z,-23.6048362,-46.8370658,824.103,17.546,17.790,3,141,13
1784771951669,2026-07-23T01:59:11.669Z,-23.6048299,-46.8370600,824.149,17.206,17.560,3,141,13
1784771951721,2026-07-23T01:59:11.721Z,-23.6048240,-46.8370542,824.181,16.850,17.230,3,141,13
1784771951773,2026-07-23T01:59:11.773Z,-23.6048182,-46.8370484,824.274,16.503,16.870,3,141,13
1784771951825,2026-07-23T01:59:11.825Z,-23.6048126,-46.8370424,824.368,16.319,16.520,3,141,13
1784771951877,2026-07-23T01:59:11.877Z,-23.6048071,-46.8370364,824.508,16.042,16.340,3,141,13
1784771951929,2026-07-23T01:59:11.929Z,-23.6048021,-46.8370304,824.604,15.642,16.070,3,141,13
1784771951981,2026-07-23T01:59:11.981Z,-23.6047975,-46.8370245,824.657,15.225,15.670,3,141,13
1784771952033,2026-07-23T01:59:12.033Z,-23.6047930,-46.8370182,824.744,14.989,15.250,3,141,13
1784771952085,2026-07-23T01:59:12.085Z,-23.6047889,-46.8370122,824.804,14.583,15.020,3,141,13
1784771952137,2026-07-23T01:59:12.137Z,-23.6047850,-46.8370061,824.893,14.233,14.610,3,141,13
1784771952189,2026-07-23T01:59:12.189Z,-23.6047815,-46.8370002,824.984,13.779,14.270,3,141,13
1784771952241,2026-07-23T01:59:12.241Z,-23.6047781,-46.8369943,825.041,13.429,13.820,3,141,13
1784771952293,2026-07-23T01:59:12.293Z,-23.6047752,-46.8369883,825.060,13.083,13.470,3,141,13
1784771952345,2026-07-23T01:59:12.345Z,-23.6047723,-46.8369824,825.105,12.827,13.120,3,128,14
1784771952403,2026-07-23T01:59:12.403Z,-23.6047697,-46.8369764,825.209,12.594,12.860,3,128,14
1784771952461,2026-07-23T01:59:12.461Z,-23.6047674,-46.8369707,825.325,12.188,12.640,3,128,14
1784771952519,2026-07-23T01:59:12.519Z,-23.6047654,-46.8369648,825.450,11.990,12.230,3,128,14
1784771952577,2026-07-23T01:59:12.577Z,-23.6047635,-46.8369588,825.582,11.874,12.040,3,128,14
1784771952635,2026-07-23T01:59:12.635Z,-23.6047618,-46.8369527,825.690,11.850,11.930,3,128,14
1784771952693,2026-07-23T01:59:12.693Z,-23.6047605,-46.8369464,825.774,11.876,11.910,3,128,14
1784771952751,2026-07-23T01:59:12.751Z,-23.6047597,-46.8369401,825.772,11.736,11.930,3,128,14
1784771952809,2026-07-23T01:59:12.809Z,-23.6047591,-46.8369340,825.781,11.483,11.790,3,128,14
1784771952867,2026-07-23T01:59:12.867Z,-23.6047586,-46.8369280,825.829,11.314,11.540,3,128,14
1784771952925,2026-07-23T01:59:12.925Z,-23.6047583,-46.8369220,825.903,11.223,11.370,3,128,14
1784771952983,2026-07-23T01:59:12.983Z,-23.6047581,-46.8369160,825.968,11.185,11.280,3,128,14
1784771953041,2026-07-23T01:59:13.041Z,-23.6047582,-46.8369098,826.000,11.242,11.240,3,128,14
1784771953099,2026-07-23T01:59:13.099Z,-23.6047586,-46.8369033,826.102,11.475,11.300,3,128,14
1784771953157,2026-07-23T01:59:13.157Z,-23.6047593,-46.8368969,826.206,11.589,11.530,3,128,14
1784771953215,2026-07-23T01:59:13.215Z,-23.6047604,-46.8368910,826.308,11.462,11.650,3,128,14
1784771953273,2026-07-23T01:59:13.273Z,-23.6047619,-46.8368850,826.343,11.490,11.520,3,128,14
1784771953331,2026-07-23T01:59:13.331Z,-23.6047636,-46.8368790,826.363,11.460,11.550,3,128,14
1784771953390,2026-07-23T01:59:13.390Z,-23.6047654,-46.8368735,826.461,11.292,11.510,3,137,15
1784771953442,2026-07-23T01:59:13.442Z,-23.6047674,-46.8368684,826.600,11.047,11.350,3,137,15
1784771953494,2026-07-23T01:59:13.494Z,-23.6047698,-46.8368629,826.663,11.101,11.110,3,137,15
1784771953546,2026-07-23T01:59:13.546Z,-23.6047726,-46.8368575,826.655,11.162,11.160,3,137,15
1784771953598,2026-07-23T01:59:13.598Z,-23.6047759,-46.8368523,826.650,11.237,11.220,3,137,15
1784771953650,2026-07-23T01:59:13.650Z,-23.6047794,-46.8368475,826.702,11.250,11.290,3,137,15
1784771953702,2026-07-23T01:59:13.702Z,-23.6047828,-46.8368431,826.764,11.098,11.300,3,137,15
1784771953754,2026-07-23T01:59:13.754Z,-23.6047865,-46.8368388,826.772,11.031,11.150,3,137,15
1784771953806,2026-07-23T01:59:13.806Z,-23.6047906,-46.8368344,826.750,11.164,11.080,3,137,15
1784771953858,2026-07-23T01:59:13.858Z,-23.6047947,-46.8368305,826.769,11.068,11.210,3,137,15
1784771953911,2026-07-23T01:59:13.911Z,-23.6047987,-46.8368274,826.844,10.707,11.110,3,137,15
1784771953963,2026-07-23T01:59:13.963Z,-23.6048030,-46.8368242,826.888,10.663,10.750,3,137,15
1784771954015,2026-07-23T01:59:14.015Z,-23.6048070,-46.8368205,826.876,10.557,10.710,3,137,15
1784771954067,2026-07-23T01:59:14.067Z,-23.6048112,-46.8368173,826.850,10.407,10.600,3,137,15
1784771954119,2026-07-23T01:59:14.119Z,-23.6048155,-46.8368144,826.841,10.253,10.440,3,137,15
1784771954171,2026-07-23T01:59:14.171Z,-23.6048207,-46.8368131,826.746,10.134,10.290,3,137,15
1784771954223,2026-07-23T01:59:14.223Z,-23.6048252,-46.8368109,826.801,10.062,10.160,3,137,15
1784771954275,2026-07-23T01:59:14.275Z,-23.6048295,-46.8368084,826.836,9.946,10.090,3,137,15
1784771954327,2026-07-23T01:59:14.327Z,-23.6048346,-46.8368066,826.823,10.243,9.970,3,137,15
1784771954380,2026-07-23T01:59:14.380Z,-23.6048401,-46.8368056,826.889,10.533,10.270,3,137,16
1784771954435,2026-07-23T01:59:14.435Z,-23.6048456,-46.8368048,826.916,10.792,10.560,3,137,16
1784771954490,2026-07-23T01:59:14.490Z,-23.6048510,-46.8368042,826.859,10.849,10.820,3,137,16
1784771954545,2026-07-23T01:59:14.545Z,-23.6048561,-46.8368035,826.858,10.655,10.870,3,137,16
1784771954600,2026-07-23T01:59:14.600Z,-23.6048611,-46.8368030,826.873,10.518,10.670,3,137,16
1784771954655,2026-07-23T01:59:14.655Z,-23.6048663,-46.8368026,826.853,10.549,10.540,3,137,16
1784771954710,2026-07-23T01:59:14.710Z,-23.6048717,-46.8368028,826.853,10.663,10.560,3,137,16
1784771954765,2026-07-23T01:59:14.765Z,-23.6048769,-46.8368032,826.859,10.665,10.680,3,137,16
1784771954820,2026-07-23T01:59:14.820Z,-23.6048824,-46.8368042,826.885,10.804,10.680,3,137,16
1784771954875,2026-07-23T01:59:14.875Z,-23.6048876,-46.8368054,826.933,10.818,10.820,3,137,16
1784771954930,2026-07-23T01:59:14.930Z,-23.6048930,-46.8368070,826.935,10.891,10.830,3,137,16
1784771954985,2026-07-23T01:59:14.985Z,-23.6048981,-46.8368090,826.910,10.840,10.900,3,137,16
1784771955040,2026-07-23T01:59:15.040Z,-23.6049029,-46.8368112,826.927,10.663,10.850,3,137,16
1784771955095,2026-07-23T01:59:15.095Z,-23.6049077,-46.8368138,826.935,10.677,10.670,3,137,16
1784771955150,2026-07-23T01:59:15.150Z,-23.6049124,-46.8368164,826.933,10.540,10.690,3,137,16
1784771955205,2026-07-23T01:59:15.205Z,-23.6049168,-46.8368191,826.889,10.389,10.550,3,137,16
1784771955260,2026-07-23T01:59:15.260Z,-23.6049209,-46.8368222,826.837,10.219,10.400,3,137,16
1784771955315,2026-07-23T01:59:15.315Z,-23.6049249,-46.8368260,826.778,10.251,10.230,3,137,16
1784771955370,2026-07-23T01:59:15.370Z,-23.6049289,-46.8368296,826.743,10.260,10.260,3,142,17
1784771955428,2026-07-23T01:59:15.428Z,-23.6049327,-46.8368330,826.722,10.181,10.260,3,142,17
1784771955486,2026-07-23T01:59:15.486Z,-23.6049364,-46.8368364,826.709,10.092,10.180,3,142,17
1784771955544,2026-07-23T01:59:15.544Z,-23.6049401,-46.8368400,826.660,10.081,10.100,3,142,17
1784771955602,2026-07-23T01:59:15.602Z,-23.6049439,-46.8368434,826.610,10.079,10.080,3,142,17
1784771955660,2026-07-23T01:59:15.660Z,-23.6049478,-46.8368470,826.568,10.153,10.080,3,142,17
1784771955718,2026-07-23T01:59:15.718Z,-23.6049517,-46.8368507,826.526,10.271,10.150,3,142,17
1784771955776,2026-07-23T01:59:15.776Z,-23.6049557,-46.8368543,826.450,10.376,10.270,3,142,17
1784771955834,2026-07-23T01:59:15.834Z,-23.6049596,-46.8368581,826.398,10.491,10.380,3,142,17
1784771955892,2026-07-23T01:59:15.892Z,-23.6049631,-46.8368619,826.331,10.375,10.490,3,142,17
1784771955950,2026-07-23T01:59:15.950Z,-23.6049663,-46.8368656,826.253,10.174,10.380,3,142,17
1784771956008,2026-07-23T01:59:16.008Z,-23.6049696,-46.8368692,826.250,9.957,10.170,3,142,17
1784771956066,2026-07-23T01:59:16.066Z,-23.6049730,-46.8368729,826.248,9.865,9.960,3,142,17
1784771956124,2026-07-23T01:59:16.124Z,-23.6049763,-46.8368766,826.197,9.774,9.870,3,142,17
1784771956182,2026-07-23T01:59:16.182Z,-23.6049798,-46.8368802,826.100,9.854,9.770,3,142,17
1784771956240,2026-07-23T01:59:16.240Z,-23.6049833,-46.8368840,826.032,9.961,9.860,3,142,17
1784771956298,2026-07-23T01:59:16.298Z,-23.6049870,-46.8368878,825.964,10.066,9.960,3,142,17
1784771956356,2026-07-23T01:59:16.356Z,-23.6049905,-46.8368917,825.922,10.143,10.070,3,142,17
1784771956415,2026-07-23T01:59:16.415Z,-23.6049942,-46.8368955,825.882,10.191,10.150,3,128,18
1784771956466,2026-07-23T01:59:16.466Z,-23.6049980,-46.8368992,825.857,10.250,10.190,3,128,18
1784771956518,2026-07-23T01:59:16.518Z,-23.6050021,-46.8369030,825.838,10.428,10.250,3,128,18
1784771956570,2026-07-23T01:59:16.570Z,-23.6050064,-46.8369065,825.808,10.506,10.430,3,128,18
1784771956622,2026-07-23T01:59:16.622Z,-23.6050107,-46.8369097,825.756,10.485,10.510,3,128,18
1784771956674,2026-07-23T01:59:16.674Z,-23.6050148,-46.8369125,825.703,10.327,10.490,3,128,18
1784771956726,2026-07-23T01:59:16.726Z,-23.6050191,-46.8369152,825.661,10.205,10.330,3,128,18
1784771956778,2026-07-23T01:59:16.778Z,-23.6050234,-46.8369175,825.659,10.023,10.210,3,128,18
1784771956830,2026-07-23T01:59:16.830Z,-23.6050278,-46.8369197,825.651,9.872,10.030,3,128,18
1784771956882,2026-07-23T01:59:16.882Z,-23.6050325,-46.8369215,825.648,9.884,9.880,3,128,18
1784771956934,2026-07-23T01:59:16.934Z,-23.6050372,-46.8369230,825.655,9.834,9.890,3,128,18
1784771956986,2026-07-23T01:59:16.986Z,-23.6050419,-46.8369242,825.668,9.786,9.840,3,128,18
1784771957038,2026-07-23T01:59:17.038Z,-23.6050467,-46.8369253,825.627,9.804,9.790,3,128,18
1784771957090,2026-07-23T01:59:17.090Z,-23.6050514,-46.8369263,825.625,9.720,9.810,3,128,18
1784771957142,2026-07-23T01:59:17.142Z,-23.6050560,-46.8369270,825.695,9.623,9.720,3,128,18
1784771957194,2026-07-23T01:59:17.194Z,-23.6050608,-46.8369271,825.669,9.614,9.630,3,128,18
1784771957246,2026-07-23T01:59:17.246Z,-23.6050655,-46.8369271,825.630,9.566,9.620,3,128,18
1784771957298,2026-07-23T01:59:17.298Z,-23.6050701,-46.8369269,825.584,9.465,9.570,3,128,18
1784771957350,2026-07-23T01:59:17.350Z,-23.6050744,-46.8369263,825.518,9.213,9.470,3,137,19
1784771957415,2026-07-23T01:59:17.415Z,-23.6050790,-46.8369258,825.480,9.221,9.220,3,137,19
1784771957480,2026-07-23T01:59:17.480Z,-23.6050884,-46.8369254,825.455,9.341,9.230,3,137,19
1784771957545,2026-07-23T01:59:17.545Z,-23.6050932,-46.8369245,825.431,9.417,9.350,3,137,19
1784771957611,2026-07-23T01:59:17.611Z,-23.6050980,-46.8369221,825.446,9.472,9.420,3,137,19
1784771957676,2026-07-23T01:59:17.676Z,-23.6051032,-46.8369198,825.457,9.807,9.480,3,137,19
1784771957741,2026-07-23T01:59:17.741Z,-23.6051081,-46.8369176,825.476,9.928,9.810,3,137,19
1784771957807,2026-07-23T01:59:17.807Z,-23.6051126,-46.8369153,825.515,9.882,9.930,3,137,19
1784771957872,2026-07-23T01:59:17.872Z,-23.6051168,-46.8369126,825.574,9.770,9.880,3,137,19
1784771957937,2026-07-23T01:59:17.937Z,-23.6051209,-46.8369103,825.635,9.684,9.770,3,137,19
1784771958003,2026-07-23T01:59:18.003Z,-23.6051257,-46.8369076,825.668,9.882,9.690,3,137,19
1784771958068,2026-07-23T01:59:18.068Z,-23.6051301,-46.8369043,825.738,9.974,9.880,3,137,19
1784771958133,2026-07-23T01:59:18.133Z,-23.6051340,-46.8369004,825.780,10.022,9.970,3,137,19
1784771958199,2026-07-23T01:59:18.199Z,-23.6051378,-46.8368960,825.777,10.131,10.020,3,137,19
1784771958264,2026-07-23T01:59:18.264Z,-23.6051417,-46.8368916,825.734,10.302,10.130,3,137,19
1784771958329,2026-07-23T01:59:18.329Z,-23.6051454,-46.8368868,825.705,10.456,10.300,3,137,19
1784771958395,2026-07-23T01:59:18.395Z,-23.6051482,-46.8368823,825.745,10.310,10.460,3,128,20
1784771958444,2026-07-23T01:59:18.444Z,-23.6051511,-46.8368777,825.755,10.258,10.310,3,128,20
1784771958494,2026-07-23T01:59:18.494Z,-23.6051538,-46.8368719,825.683,10.513,10.260,3,128,20
1784771958543,2026-07-23T01:59:18.543Z,-23.6051564,-46.8368662,825.655,10.745,10.510,3,128,20
1784771958593,2026-07-23T01:59:18.593Z,-23.6051586,-46.8368606,825.628,10.803,10.750,3,128,20
1784771958642,2026-07-23T01:59:18.642Z,-23.6051609,-46.8368548,825.606,10.982,10.800,3,128,20
1784771958692,2026-07-23T01:59:18.692Z,-23.6051633,-46.8368489,825.568,11.264,10.980,3,128,20
1784771958741,2026-07-23T01:59:18.741Z,-23.6051659,-46.8368432,825.557,11.457,11.260,3,128,20
1784771958791,2026-07-23T01:59:18.791Z,-23.6051686,-46.8368374,825.548,11.644,11.460,3,128,20
1784771958840,2026-07-23T01:59:18.840Z,-23.6051713,-46.8368322,825.582,11.571,11.650,3,128,20
1784771958890,2026-07-23T01:59:18.890Z,-23.6051740,-46.8368267,825.619,11.631,11.570,3,128,20
1784771958939,2026-07-23T01:59:18.939Z,-23.6051764,-46.8368211,825.671,11.639,11.630,3,128,20
1784771958989,2026-07-23T01:59:18.989Z,-23.6051786,-46.8368155,825.691,11.546,11.640,3,128,20
1784771959038,2026-07-23T01:59:19.038Z,-23.6051807,-46.8368094,825.644,11.611,11.550,3,128,20
1784771959088,2026-07-23T01:59:19.088Z,-23.6051829,-46.8368034,825.608,11.725,11.610,3,128,20
1784771959137,2026-07-23T01:59:19.137Z,-23.6051849,-46.8367976,825.631,11.718,11.730,3,128,20
1784771959187,2026-07-23T01:59:19.187Z,-23.6051870,-46.8367917,825.662,11.754,11.720,3,128,20
1784771959236,2026-07-23T01:59:19.236Z,-23.6051893,-46.8367860,825.652,11.756,11.750,3,128,20
1784771959286,2026-07-23T01:59:19.286Z,-23.6051917,-46.8367800,825.651,11.897,11.760,3,128,20
1784771959335,2026-07-23T01:59:19.335Z,-23.6051943,-46.8367742,825.674,11.910,11.900,3,128,20
1784771959385,2026-07-23T01:59:19.385Z,-23.6051971,-46.8367681,825.655,12.204,11.910,3,128,21
1784771959440,2026-07-23T01:59:19.440Z,-23.6051999,-46.8367621,825.648,12.323,12.200,3,128,21
1784771959495,2026-07-23T01:59:19.495Z,-23.6052026,-46.8367561,825.652,12.426,12.320,3,128,21
1784771959550,2026-07-23T01:59:19.550Z,-23.6052053,-46.8367499,825.645,12.515,12.430,3,128,21
1784771959605,2026-07-23T01:59:19.605Z,-23.6052082,-46.8367437,825.641,12.622,12.520,3,128,21
1784771959660,2026-07-23T01:59:19.660Z,-23.6052110,-46.8367374,825.581,12.762,12.620,3,128,21
1784771959715,2026-07-23T01:59:19.715Z,-23.6052139,-46.8367311,825.530,12.851,12.760,3,128,21
1784771959770,2026-07-23T01:59:19.770Z,-23.6052167,-46.8367248,825.527,12.924,12.850,3,128,21
1784771959825,2026-07-23T01:59:19.825Z,-23.6052195,-46.8367186,825.539,12.881,12.920,3,128,21
1784771959880,2026-07-23T01:59:19.880Z,-23.6052225,-46.8367125,825.498,12.936,12.880,3,128,21
1784771959935,2026-07-23T01:59:19.935Z,-23.6052256,-46.8367062,825.474,13.055,12.940,3,128,21
1784771959990,2026-07-23T01:59:19.990Z,-23.6052287,-46.8366999,825.467,13.154,13.060,3,128,21
1784771960045,2026-07-23T01:59:20.045Z,-23.6052319,-46.8366938,825.475,13.166,13.160,3,128,21
1784771960100,2026-07-23T01:59:20.100Z,-23.6052353,-46.8366876,825.457,13.306,13.170,3,128,21
1784771960155,2026-07-23T01:59:20.155Z,-23.6052389,-46.8366813,825.437,13.430,13.310,3,128,21
1784771960210,2026-07-23T01:59:20.210Z,-23.6052426,-46.8366756,825.467,13.348,13.430,3,128,21
1784771960265,2026-07-23T01:59:20.265Z,-23.6052464,-46.8366701,825.475,13.167,13.350,3,128,21
1784771960320,2026-07-23T01:59:20.320Z,-23.6052504,-46.8366645,825.511,13.139,13.170,3,128,21
1784771960375,2026-07-23T01:59:20.375Z,-23.6052545,-46.8366593,825.529,13.042,13.140,3,128,22
1784771960433,2026-07-23T01:59:20.433Z,-23.6052586,-46.8366543,825.557,12.903,13.040,3,128,22
1784771960491,2026-07-23T01:59:20.491Z,-23.6052631,-46.8366492,825.495,12.977,12.900,3,128,22
1784771960549,2026-07-23T01:59:20.549Z,-23.6052677,-46.8366442,825.468,13.015,12.980,3,128,22
1784771960607,2026-07-23T01:59:20.607Z,-23.6052725,-46.8366397,825.425,12.948,13.020,3,128,22
1784771960665,2026-07-23T01:59:20.665Z,-23.6052774,-46.8366353,825.411,12.940,12.950,3,128,22
1784771960723,2026-07-23T01:59:20.723Z,-23.6052823,-46.8366311,825.378,12.837,12.940,3,128,22
1784771960781,2026-07-23T01:59:20.781Z,-23.6052875,-46.8366271,825.351,12.847,12.840,3,128,22
1784771960839,2026-07-23T01:59:20.839Z,-23.6052927,-46.8366239,825.468,12.646,12.850,3,128,22
1784771960897,2026-07-23T01:59:20.897Z,-23.6052982,-46.8366209,825.438,12.589,12.650,3,128,22
1784771960955,2026-07-23T01:59:20.955Z,-23.6053041,-46.8366184,825.389,12.665,12.590,3,128,22
1784771961013,2026-07-23T01:59:21.013Z,-23.6053098,-46.8366165,825.322,12.427,12.670,3,128,22
1784771961071,2026-07-23T01:59:21.071Z,-23.6053155,-46.8366147,825.282,12.294,12.430,3,128,22
1784771961129,2026-07-23T01:59:21.129Z,-23.6053211,-46.8366127,825.212,12.196,12.300,3,128,22
1784771961187,2026-07-23T01:59:21.187Z,-23.6053269,-46.8366110,825.140,12.162,12.200,3,128,22
1784771961245,2026-07-23T01:59:21.245Z,-23.6053327,-46.8366100,825.097,11.995,12.160,3,128,22
1784771961303,2026-07-23T01:59:21.303Z,-23.6053385,-46.8366093,825.102,11.941,12.000,3,128,22
1784771961361,2026-07-23T01:59:21.361Z,-23.6053444,-46.8366090,825.065,11.879,11.940,3,128,22
1784771961420,2026-07-23T01:59:21.420Z,-23.6053504,-46.8366089,825.000,11.913,11.880,3,142,23
1784771961471,2026-07-23T01:59:21.471Z,-23.6053564,-46.8366092,824.951,11.901,11.920,3,142,23
1784771961523,2026-07-23T01:59:21.523Z,-23.6053625,-46.8366099,824.812,12.047,11.910,3,142,23
1784771961575,2026-07-23T01:59:21.575Z,-23.6053687,-46.8366110,824.808,12.164,12.050,3,142,23
1784771961627,2026-07-23T01:59:21.627Z,-23.6053744,-46.8366121,824.820,11.910,12.170,3,142,23
1784771961679,2026-07-23T01:59:21.679Z,-23.6053802,-46.8366133,824.791,11.893,11.910,3,142,23
1784771961731,2026-07-23T01:59:21.731Z,-23.6053861,-46.8366147,824.770,11.964,11.900,3,142,23
1784771961783,2026-07-23T01:59:21.783Z,-23.6053919,-46.8366164,824.759,11.961,11.970,3,142,23
1784771961835,2026-07-23T01:59:21.835Z,-23.6053973,-46.8366183,824.751,11.752,11.960,3,142,23
1784771961887,2026-07-23T01:59:21.887Z,-23.6054029,-46.8366201,824.724,11.685,11.760,3,142,23
1784771961939,2026-07-23T01:59:21.939Z,-23.6054084,-46.8366223,824.649,11.743,11.690,3,142,23
1784771961991,2026-07-23T01:59:21.991Z,-23.6054138,-46.8366246,824.564,11.701,11.750,3,142,23
1784771962043,2026-07-23T01:59:22.043Z,-23.6054191,-46.8366274,824.502,11.689,11.710,3,142,23
1784771962095,2026-07-23T01:59:22.095Z,-23.6054240,-46.8366306,824.475,11.579,11.700,3,142,23
1784771962147,2026-07-23T01:59:22.147Z,-23.6054289,-46.8366340,824.391,11.551,11.590,3,142,23
1784771962199,2026-07-23T01:59:22.199Z,-23.6054337,-46.8366380,824.298,11.631,11.560,3,142,23
1784771962251,2026-07-23T01:59:22.251Z,-23.6054381,-46.8366439,824.095,11.984,11.640,3,142,23
1784771962303,2026-07-23T01:59:22.303Z,-23.6054423,-46.8366489,824.013,12.005,12.000,3,142,23
1784771962355,2026-07-23T01:59:22.355Z,-23.6054462,-46.8366541,823.861,12.024,12.020,3,142,24
1784771962413,2026-07-23T01:59:22.413Z,-23.6054497,-46.8366602,823.716,12.227,12.040,3,142,24
1784771962471,2026-07-23T01:59:22.471Z,-23.6054531,-46.8366663,823.642,12.426,12.250,3,142,24
1784771962529,2026-07-23T01:59:22.529Z,-23.6054562,-46.8366726,823.562,12.586,12.450,3,142,24
1784771962587,2026-07-23T01:59:22.587Z,-23.6054594,-46.8366792,823.506,12.863,12.610,3,142,24
1784771962645,2026-07-23T01:59:22.645Z,-23.6054620,-46.8366857,823.416,12.854,12.880,3,142,24
1784771962703,2026-07-23T01:59:22.703Z,-23.6054646,-46.8366922,823.319,12.877,12.880,3,142,24
1784771962761,2026-07-23T01:59:22.761Z,-23.6054670,-46.8366987,823.202,12.911,12.900,3,142,24
1784771962819,2026-07-23T01:59:22.819Z,-23.6054693,-46.8367055,823.118,13.027,12.940,3,142,24
1784771962877,2026-07-23T01:59:22.877Z,-23.6054716,-46.8367124,823.053,13.235,13.060,3,142,24
1784771962935,2026-07-23T01:59:22.935Z,-23.6054741,-46.8367191,822.975,13.283,13.260,3,142,24
1784771962993,2026-07-23T01:59:22.993Z,-23.6054765,-46.8367259,822.918,13.388,13.310,3,142,24
1784771963051,2026-07-23T01:59:23.051Z,-23.6054789,-46.8367326,822.888,13.365,13.420,3,142,24
1784771963109,2026-07-23T01:59:23.109Z,-23.6054813,-46.8367394,822.819,13.423,13.400,3,142,24
1784771963167,2026-07-23T01:59:23.167Z,-23.6054838,-46.8367462,822.723,13.550,13.450,3,142,24
1784771963225,2026-07-23T01:59:23.225Z,-23.6054862,-46.8367531,822.681,13.582,13.580,3,142,24
1784771963283,2026-07-23T01:59:23.283Z,-23.6054887,-46.8367600,822.633,13.693,13.610,3,142,24
1784771963341,2026-07-23T01:59:23.341Z,-23.6054913,-46.8367668,822.564,13.739,13.720,3,142,24
1784771963400,2026-07-23T01:59:23.400Z,-23.6054943,-46.8367735,822.491,13.791,13.770,3,128,25
1784771963452,2026-07-23T01:59:23.452Z,-23.6054974,-46.8367800,822.416,13.796,13.820,3,128,25
1784771963504,2026-07-23T01:59:23.504Z,-23.6055008,-46.8367866,822.367,13.882,13.830,3,128,25
1784771963556,2026-07-23T01:59:23.556Z,-23.6055045,-46.8367930,822.328,13.961,13.910,3,128,25
1784771963608,2026-07-23T01:59:23.608Z,-23.6055082,-46.8367993,822.359,14.023,13.990,3,128,25
1784771963660,2026-07-23T01:59:23.660Z,-23.6055123,-46.8368052,822.311,14.025,14.050,3,128,25
1784771963712,2026-07-23T01:59:23.712Z,-23.6055168,-46.8368110,822.302,13.975,14.050,3,128,25
1784771963764,2026-07-23T01:59:23.764Z,-23.6055216,-46.8368166,822.276,14.101,14.000,3,128,25
1784771963816,2026-07-23T01:59:23.816Z,-23.6055269,-46.8368222,822.237,14.372,14.130,3,128,25
1784771963868,2026-07-23T01:59:23.868Z,-23.6055321,-46.8368277,822.217,14.511,14.400,3,128,25
1784771963921,2026-07-23T01:59:23.921Z,-23.6055374,-46.8368327,822.211,14.371,14.530,3,128,25
1784771963973,2026-07-23T01:59:23.973Z,-23.6055430,-46.8368372,822.107,14.233,14.390,3,128,25
1784771964025,2026-07-23T01:59:24.025Z,-23.6055489,-46.8368418,822.117,14.384,14.260,3,128,25
1784771964077,2026-07-23T01:59:24.077Z,-23.6055548,-46.8368460,822.123,14.355,14.410,3,128,25
1784771964129,2026-07-23T01:59:24.129Z,-23.6055607,-46.8368500,822.083,14.269,14.370,3,128,25
1784771964181,2026-07-23T01:59:24.181Z,-23.6055670,-46.8368537,822.050,14.246,14.290,3,128,25
1784771964233,2026-07-23T01:59:24.233Z,-23.6055733,-46.8368571,822.078,14.232,14.270,3,128,25
1784771964285,2026-07-23T01:59:24.285Z,-23.6055798,-46.8368601,822.088,14.254,14.250,3,128,25
1784771964337,2026-07-23T01:59:24.337Z,-23.6055864,-46.8368628,822.094,14.184,14.270,3,128,25
1784771964390,2026-07-23T01:59:24.390Z,-23.6055931,-46.8368651,822.051,14.169,14.200,3,128,26
1784771964448,2026-07-23T01:59:24.448Z,-23.6055997,-46.8368674,822.035,14.082,14.180,3,128,26
1784771964506,2026-07-23T01:59:24.506Z,-23.6056068,-46.8368688,821.942,14.081,14.100,3,128,26
1784771964564,2026-07-23T01:59:24.564Z,-23.6056138,-46.8368702,821.876,14.078,14.100,3,128,26
1784771964622,2026-07-23T01:59:24.622Z,-23.6056207,-46.8368714,821.825,14.035,14.090,3,128,26
1784771964681,2026-07-23T01:59:24.681Z,-23.6056281,-46.8368717,821.721,14.193,14.050,3,128,26
1784771964739,2026-07-23T01:59:24.739Z,-23.6056356,-46.8368720,821.669,14.371,14.210,3,128,26
1784771964797,2026-07-23T01:59:24.797Z,-23.6056426,-46.8368721,821.593,14.196,14.390,3,128,26
1784771964855,2026-07-23T01:59:24.855Z,-23.6056494,-46.8368725,821.518,13.992,14.220,3,128,26
1784771964914,2026-07-23T01:59:24.914Z,-23.6056560,-46.8368729,821.501,13.814,14.010,3,128,26
1784771964972,2026-07-23T01:59:24.972Z,-23.6056628,-46.8368730,821.513,13.774,13.830,3,128,26
1784771965030,2026-07-23T01:59:25.030Z,-23.6056694,-46.8368729,821.609,13.680,13.790,3,128,26
1784771965088,2026-07-23T01:59:25.088Z,-23.6056756,-46.8368725,821.679,13.350,13.700,3,128,26
1784771965147,2026-07-23T01:59:25.147Z,-23.6056813,-46.8368719,821.756,12.832,13.360,3,128,26
1784771965205,2026-07-23T01:59:25.205Z,-23.6056871,-46.8368709,821.851,12.530,12.840,3,128,26
1784771965263,2026-07-23T01:59:25.263Z,-23.6056932,-46.8368700,821.914,12.549,12.540,3,128,26
1784771965321,2026-07-23T01:59:25.321Z,-23.6056995,-46.8368687,821.927,12.617,12.560,3,128,26
1784771965380,2026-07-23T01:59:25.380Z,-23.6057055,-46.8368668,821.899,12.552,12.620,3,128,27
1784771965429,2026-07-23T01:59:25.429Z,-23.6057110,-46.8368650,821.875,12.296,12.560,3,128,27
1784771965479,2026-07-23T01:59:25.479Z,-23.6057165,-46.8368616,821.857,12.199,12.300,3,128,27
1784771965528,2026-07-23T01:59:25.528Z,-23.6057220,-46.8368589,821.895,12.208,12.210,3,128,27
1784771965578,2026-07-23T01:59:25.578Z,-23.6057260,-46.8368550,822.007,11.750,12.210,3,128,27
1784771965627,2026-07-23T01:59:25.627Z,-23.6057301,-46.8368508,822.089,11.546,11.750,3,128,27
1784771965677,2026-07-23T01:59:25.677Z,-23.6057343,-46.8368466,822.167,11.479,11.550,3,128,27
1784771965726,2026-07-23T01:59:25.726Z,-23.6057383,-46.8368421,822.205,11.401,11.480,3,128,27
1784771965776,2026-07-23T01:59:25.776Z,-23.6057414,-46.8368376,822.308,11.029,11.400,3,128,27
1784771965825,2026-07-23T01:59:25.825Z,-23.6057447,-46.8368330,822.303,10.864,11.030,3,128,27
1784771965875,2026-07-23T01:59:25.875Z,-23.6057481,-46.8368281,822.287,10.931,10.870,3,128,27
1784771965924,2026-07-23T01:59:25.924Z,-23.6057514,-46.8368224,822.279,11.270,10.930,3,128,27
1784771965974,2026-07-23T01:59:25.974Z,-23.6057544,-46.8368170,822.264,11.283,11.270,3,128,27
1784771966023,2026-07-23T01:59:26.023Z,-23.6057570,-46.8368120,822.253,11.051,11.280,3,128,27
1784771966073,2026-07-23T01:59:26.073Z,-23.6057598,-46.8368064,822.161,11.086,11.050,3,128,27
1784771966122,2026-07-23T01:59:26.122Z,-23.6057620,-46.8368010,822.156,10.997,11.090,3,128,27
1784771966172,2026-07-23T01:59:26.172Z,-23.6057641,-46.8367950,822.149,11.137,11.000,3,128,27
1784771966221,2026-07-23T01:59:26.221Z,-23.6057661,-46.8367892,822.178,11.235,11.140,3,128,27
1784771966271,2026-07-23T01:59:26.271Z,-23.6057678,-46.8367831,822.198,11.320,11.240,3,128,27
1784771966320,2026-07-23T01:59:26.320Z,-23.6057692,-46.8367769,822.232,11.393,11.320,3,128,27
1784771966370,2026-07-23T01:59:26.370Z,-23.6057709,-46.8367710,822.235,11.387,11.390,3,128,28
1784771966431,2026-07-23T01:59:26.431Z,-23.6057723,-46.8367649,822.256,11.461,11.390,3,128,28
1784771966492,2026-07-23T01:59:26.492Z,-23.6057733,-46.8367585,822.358,11.602,11.460,3,128,28
1784771966554,2026-07-23T01:59:26.554Z,-23.6057744,-46.8367524,822.365,11.541,11.600,3,128,28
1784771966615,2026-07-23T01:59:26.615Z,-23.6057756,-46.8367460,822.387,11.703,11.540,3,128,28
1784771966677,2026-07-23T01:59:26.677Z,-23.6057766,-46.8367397,822.504,11.824,11.700,3,128,28
1784771966738,2026-07-23T01:59:26.738Z,-23.6057774,-46.8367334,822.608,11.858,11.820,3,128,28
1784771966800,2026-07-23T01:59:26.800Z,-23.6057780,-46.8367268,822.665,11.983,11.860,3,128,28
1784771966861,2026-07-23T01:59:26.861Z,-23.6057782,-46.8367204,822.766,11.953,11.980,3,128,28
1784771966923,2026-07-23T01:59:26.923Z,-23.6057782,-46.8367140,822.826,11.863,11.950,3,128,28
1784771966984,2026-07-23T01:59:26.984Z,-23.6057779,-46.8367075,822.881,11.884,11.860,3,128,28
1784771967046,2026-07-23T01:59:27.046Z,-23.6057772,-46.8367012,822.947,11.816,11.890,3,128,28
1784771967107,2026-07-23T01:59:27.107Z,-23.6057764,-46.8366951,823.005,11.594,11.820,3,128,28
1784771967169,2026-07-23T01:59:27.169Z,-23.6057754,-46.8366888,823.091,11.695,11.600,3,128,28
1784771967230,2026-07-23T01:59:27.230Z,-23.6057741,-46.8366824,823.166,11.782,11.700,3,128,28
1784771967292,2026-07-23T01:59:27.292Z,-23.6057728,-46.8366759,823.180,11.930,11.790,3,128,28
1784771967353,2026-07-23T01:59:27.353Z,-23.6057713,-46.8366695,823.198,11.970,11.930,3,128,28
1784771967415,2026-07-23T01:59:27.415Z,-23.6057697,-46.8366631,823.241,12.030,11.970,3,127,29
1784771967464,2026-07-23T01:59:27.464Z,-23.6057677,-46.8366566,823.352,12.215,12.040,3,127,29
1784771967513,2026-07-23T01:59:27.513Z,-23.6057655,-46.8366500,823.398,12.426,12.220,3,127,29
1784771967562,2026-07-23T01:59:27.562Z,-23.6057632,-46.8366433,823.467,12.734,12.430,3,127,29
1784771967611,2026-07-23T01:59:27.611Z,-23.6057608,-46.8366366,823.489,12.893,12.740,3,127,29
1784771967661,2026-07-23T01:59:27.661Z,-23.6057584,-46.8366299,823.584,13.041,12.900,3,127,29
1784771967710,2026-07-23T01:59:27.710Z,-23.6057563,-46.8366236,823.622,12.831,13.050,3,127,29
1784771967759,2026-07-23T01:59:27.759Z,-23.6057540,-46.8366172,823.725,12.842,12.840,3,127,29
1784771967808,2026-07-23T01:59:27.808Z,-23.6057516,-46.8366111,823.884,12.686,12.850,3,127,29
1784771967857,2026-07-23T01:59:27.857Z,-23.6057494,-46.8366049,823.963,12.555,12.700,3,127,29
1784771967907,2026-07-23T01:59:27.907Z,-23.6057473,-46.8365988,823.972,12.398,12.570,3,127,29
1784771967956,2026-07-23T01:59:27.956Z,-23.6057451,-46.8365926,823.967,12.347,12.410,3,127,29
1784771968005,2026-07-23T01:59:28.005Z,-23.6057429,-46.8365866,824.037,12.206,12.360,3,127,29
1784771968054,2026-07-23T01:59:28.054Z,-23.6057407,-46.8365807,824.114,12.074,12.220,3,127,29
1784771968103,2026-07-23T01:59:28.103Z,-23.6057386,-46.8365746,824.170,12.085,12.090,3,127,29
1784771968153,2026-07-23T01:59:28.153Z,-23.6057363,-46.8365681,824.133,12.260,12.100,3,127,29
1784771968202,2026-07-23T01:59:28.202Z,-23.6057341,-46.8365618,824.187,12.359,12.280,3,127,29
1784771968251,2026-07-23T01:59:28.251Z,-23.6057317,-46.8365555,824.209,12.448,12.380,3,127,29
1784771968300,2026-07-23T01:59:28.300Z,-23.6057292,-46.8365492,824.296,12.564,12.460,3,127,29
1784771968350,2026-07-23T01:59:28.350Z,-23.6057267,-46.8365430,824.366,12.637,12.580,3,127,30
1784771968411,2026-07-23T01:59:28.411Z,-23.6057240,-46.8365367,824.451,12.700,12.660,3,127,30
1784771968472,2026-07-23T01:59:28.472Z,-23.6057211,-46.8365304,824.514,12.881,12.720,3,127,30
1784771968534,2026-07-23T01:59:28.534Z,-23.6057182,-46.8365241,824.606,12.960,12.900,3,127,30
1784771968595,2026-07-23T01:59:28.595Z,-23.6057152,-46.8365180,824.671,12.946,12.980,3,127,30
1784771968657,2026-07-23T01:59:28.657Z,-23.6057124,-46.8365118,824.702,12.886,12.970,3,127,30
1784771968718,2026-07-23T01:59:28.718Z,-23.6057095,-46.8365056,824.746,12.886,12.910,3,127,30
1784771968780,2026-07-23T01:59:28.780Z,-23.6057064,-46.8364993,824.782,13.021,12.910,3,127,30
1784771968841,2026-07-23T01:59:28.841Z,-23.6057033,-46.8364933,824.849,12.957,13.040,3,127,30
1784771968903,2026-07-23T01:59:28.903Z,-23.6057000,-46.8364875,824.929,12.914,12.980,3,127,30
1784771968964,2026-07-23T01:59:28.964Z,-23.6056966,-46.8364815,824.968,12.929,12.940,3,127,30
1784771969026,2026-07-23T01:59:29.026Z,-23.6056932,-46.8364757,825.008,12.918,12.950,3,127,30
1784771969087,2026-07-23T01:59:29.087Z,-23.6056897,-46.8364698,825.069,12.963,12.940,3,127,30
1784771969149,2026-07-23T01:59:29.149Z,-23.6056860,-46.8364637,825.133,13.169,12.990,3,127,30
1784771969210,2026-07-23T01:59:29.210Z,-23.6056824,-46.8364577,825.214,13.206,13.190,3,127,30
1784771969272,2026-07-23T01:59:29.272Z,-23.6056789,-46.8364519,825.308,13.139,13.230,3,127,30
1784771969333,2026-07-23T01:59:29.333Z,-23.6056753,-46.8364463,825.387,13.051,13.170,3,127,30
1784771969395,2026-07-23T01:59:29.395Z,-23.6056716,-46.8364402,825.398,13.156,13.080,3,127,31
1784771969453,2026-07-23T01:59:29.453Z,-23.6056679,-46.8364344,825.479,13.158,13.180,3,127,31
1784771969511,2026-07-23T01:59:29.511Z,-23.6056599,-46.8364230,825.564,13.323,13.190,3,127,31
1784771969569,2026-07-23T01:59:29.569Z,-23.6056558,-46.8364174,825.597,13.281,13.350,3,127,31
1784771969627,2026-07-23T01:59:29.627Z,-23.6056516,-46.8364118,825.647,13.328,13.310,3,127,31
1784771969686,2026-07-23T01:59:29.686Z,-23.6056473,-46.8364063,825.705,13.339,13.360,3,127,31
1784771969744,2026-07-23T01:59:29.744Z,-23.6056428,-46.8364012,825.808,13.263,13.370,3,127,31
1784771969802,2026-07-23T01:59:29.802Z,-23.6056381,-46.8363960,825.859,13.365,13.290,3,127,31
1784771969860,2026-07-23T01:59:29.860Z,-23.6056334,-46.8363908,825.873,13.448,13.400,3,127,31
1784771969919,2026-07-23T01:59:29.919Z,-23.6056285,-46.8363861,825.937,13.358,13.480,3,127,31
1784771969977,2026-07-23T01:59:29.977Z,-23.6056235,-46.8363815,826.032,13.295,13.390,3,127,31
1784771970035,2026-07-23T01:59:30.035Z,-23.6056184,-46.8363769,826.113,13.305,13.330,3,127,31
1784771970093,2026-07-23T01:59:30.093Z,-23.6056133,-46.8363723,826.157,13.395,13.340,3,127,31
1784771970152,2026-07-23T01:59:30.152Z,-23.6056080,-46.8363679,826.194,13.396,13.430,3,127,31
1784771970210,2026-07-23T01:59:30.210Z,-23.6056026,-46.8363637,826.265,13.439,13.430,3,127,31
1784771970268,2026-07-23T01:59:30.268Z,-23.6055969,-46.8363598,826.335,13.485,13.470,3,127,31
1784771970326,2026-07-23T01:59:30.326Z,-23.6055913,-46.8363560,826.392,13.426,13.520,3,127,31
1784771970385,2026-07-23T01:59:30.385Z,-23.6055853,-46.8363525,826.436,13.476,13.460,3,127,32
1784771970440,2026-07-23T01:59:30.440Z,-23.6055792,-46.8363490,826.472,13.606,13.510,3,127,32
1784771970495,2026-07-23T01:59:30.495Z,-23.6055669,-46.8363425,826.550,13.795,13.640,3,127,32
1784771970550,2026-07-23T01:59:30.550Z,-23.6055607,-46.8363398,826.577,13.697,13.820,3,127,32
1784771970605,2026-07-23T01:59:30.605Z,-23.6055543,-46.8363373,826.601,13.670,13.730,3,127,32
1784771970660,2026-07-23T01:59:30.660Z,-23.6055478,-46.8363349,826.617,13.749,13.700,3,127,32
1784771970715,2026-07-23T01:59:30.715Z,-23.6055411,-46.8363329,826.659,13.836,13.770,3,127,32
1784771970770,2026-07-23T01:59:30.770Z,-23.6055345,-46.8363313,826.725,13.734,13.860,3,127,32
1784771970825,2026-07-23T01:59:30.825Z,-23.6055278,-46.8363297,826.713,13.784,13.760,3,127,32
1784771970880,2026-07-23T01:59:30.880Z,-23.6055210,-46.8363283,826.738,13.861,13.810,3,127,32
1784771970935,2026-07-23T01:59:30.935Z,-23.6055142,-46.8363271,826.764,13.887,13.890,3,127,32
1784771970990,2026-07-23T01:59:30.990Z,-23.6055075,-46.8363262,826.802,13.754,13.910,3,127,32
1784771971045,2026-07-23T01:59:31.045Z,-23.6055008,-46.8363255,826.856,13.744,13.780,3,127,32
1784771971100,2026-07-23T01:59:31.100Z,-23.6054938,-46.8363247,826.897,13.869,13.770,3,127,32
1784771971155,2026-07-23T01:59:31.155Z,-23.6054869,-46.8363242,826.937,13.843,13.890,3,127,32
1784771971210,2026-07-23T01:59:31.210Z,-23.6054799,-46.8363240,826.994,13.948,13.870,3,127,32
1784771971265,2026-07-23T01:59:31.265Z,-23.6054729,-46.8363239,827.072,13.957,13.970,3,127,32
1784771971320,2026-07-23T01:59:31.320Z,-23.6054661,-46.8363240,827.113,13.839,13.980,3,127,32
1784771971375,2026-07-23T01:59:31.375Z,-23.6054591,-46.8363241,827.173,13.891,13.860,3,127,33
1784771971436,2026-07-23T01:59:31.436Z,-23.6054453,-46.8363243,827.250,13.935,13.910,3,127,33
1784771971498,2026-07-23T01:59:31.498Z,-23.6054384,-46.8363251,827.310,13.923,13.960,3,127,33
1784771971560,2026-07-23T01:59:31.560Z,-23.6054316,-46.8363261,827.331,13.845,13.950,3,127,33
1784771971622,2026-07-23T01:59:31.622Z,-23.6054248,-46.8363270,827.326,13.867,13.870,3,127,33
1784771971684,2026-07-23T01:59:31.684Z,-23.6054177,-46.8363284,827.362,14.010,13.890,3,127,33
1784771971746,2026-07-23T01:59:31.746Z,-23.6054107,-46.8363300,827.394,14.088,14.030,3,127,33
1784771971808,2026-07-23T01:59:31.808Z,-23.6054036,-46.8363318,827.396,14.225,14.110,3,127,33
1784771971870,2026-07-23T01:59:31.870Z,-23.6053965,-46.8363338,827.425,14.384,14.240,3,127,33
1784771971931,2026-07-23T01:59:31.931Z,-23.6053893,-46.8363359,827.464,14.527,14.400,3,127,33
1784771971993,2026-07-23T01:59:31.993Z,-23.6053822,-46.8363378,827.472,14.572,14.540,3,127,33
1784771972055,2026-07-23T01:59:32.055Z,-23.6053751,-46.8363401,827.502,14.629,14.590,3,127,33
1784771972117,2026-07-23T01:59:32.117Z,-23.6053682,-46.8363423,827.504,14.637,14.640,3,127,33
1784771972179,2026-07-23T01:59:32.179Z,-23.6053610,-46.8363447,827.540,14.759,14.650,3,127,33
1784771972241,2026-07-23T01:59:32.241Z,-23.6053539,-46.8363472,827.588,14.825,14.770,3,127,33
1784771972303,2026-07-23T01:59:32.303Z,-23.6053468,-46.8363497,827.601,14.932,14.840,3,127,33
1784771972365,2026-07-23T01:59:32.365Z,-23.6053395,-46.8363525,827.629,15.187,14.950,3,127,34
1784771972426,2026-07-23T01:59:32.426Z,-23.6053322,-46.8363552,827.662,15.264,15.200,3,127,34
1784771972487,2026-07-23T01:59:32.487Z,-23.6053104,-46.8363630,827.758,15.453,15.280,3,127,34
1784771972549,2026-07-23T01:59:32.549Z,-23.6053031,-46.8363655,827.798,15.490,15.470,3,127,34
1784771972610,2026-07-23T01:59:32.610Z,-23.6052958,-46.8363682,827.905,15.450,15.500,3,127,34
1784771972672,2026-07-23T01:59:32.672Z,-23.6052886,-46.8363708,828.031,15.338,15.460,3,127,34
1784771972733,2026-07-23T01:59:32.733Z,-23.6052816,-46.8363733,828.162,15.141,15.360,3,127,34
1784771972795,2026-07-23T01:59:32.795Z,-23.6052748,-46.8363756,828.212,14.903,15.160,3,127,34
1784771972856,2026-07-23T01:59:32.856Z,-23.6052680,-46.8363780,828.201,14.708,14.920,3,127,34
1784771972918,2026-07-23T01:59:32.918Z,-23.6052612,-46.8363804,828.225,14.681,14.730,3,127,34
1784771972979,2026-07-23T01:59:32.979Z,-23.6052542,-46.8363829,828.285,14.691,14.700,3,127,34
1784771973041,2026-07-23T01:59:33.041Z,-23.6052473,-46.8363854,828.326,14.703,14.710,3,127,34
1784771973102,2026-07-23T01:59:33.102Z,-23.6052403,-46.8363877,828.392,14.737,14.720,3,127,34
1784771973164,2026-07-23T01:59:33.164Z,-23.6052333,-46.8363900,828.480,14.725,14.760,3,127,34
1784771973225,2026-07-23T01:59:33.225Z,-23.6052264,-46.8363924,828.541,14.707,14.750,3,127,34
1784771973287,2026-07-23T01:59:33.287Z,-23.6052192,-46.8363949,828.595,14.861,14.730,3,127,34
1784771973348,2026-07-23T01:59:33.348Z,-23.6052121,-46.8363974,828.640,15.004,14.880,3,127,34
1784771973410,2026-07-23T01:59:33.410Z,-23.6052048,-46.8363999,828.698,15.199,15.020,3,127,35
1784771973468,2026-07-23T01:59:33.468Z,-23.6051973,-46.8364025,828.743,15.385,15.220,3,127,35
1784771973526,2026-07-23T01:59:33.526Z,-23.6051899,-46.8364051,828.793,15.543,15.400,3,127,35
1784771973584,2026-07-23T01:59:33.584Z,-23.6051825,-46.8364077,828.849,15.619,15.560,3,127,35
1784771973642,2026-07-23T01:59:33.642Z,-23.6051750,-46.8364103,828.926,15.652,15.640,3,127,35
1784771973700,2026-07-23T01:59:33.700Z,-23.6051677,-46.8364131,828.996,15.664,15.670,3,127,35
1784771973758,2026-07-23T01:59:33.758Z,-23.6051605,-46.8364161,829.085,15.621,15.680,3,127,35
1784771973816,2026-07-23T01:59:33.816Z,-23.6051535,-46.8364190,829.140,15.437,15.640,3,127,35
1784771973874,2026-07-23T01:59:33.874Z,-23.6051466,-46.8364221,829.240,15.198,15.460,3,127,35
1784771973932,2026-07-23T01:59:33.932Z,-23.6051397,-46.8364248,829.305,15.009,15.220,3,127,35
1784771973990,2026-07-23T01:59:33.990Z,-23.6051324,-46.8364270,829.402,15.098,15.030,3,127,35
1784771974048,2026-07-23T01:59:34.048Z,-23.6051251,-46.8364294,829.431,15.237,15.120,3,127,35
1784771974106,2026-07-23T01:59:34.106Z,-23.6051175,-46.8364322,829.488,15.563,15.260,3,127,35
1784771974164,2026-07-23T01:59:34.164Z,-23.6051099,-46.8364348,829.562,15.744,15.590,3,127,35
1784771974222,2026-07-23T01:59:34.222Z,-23.6051024,-46.8364374,829.617,15.804,15.770,3,127,35
1784771974280,2026-07-23T01:59:34.280Z,-23.6050946,-46.8364398,829.709,15.975,15.830,3,127,35
1784771974338,2026-07-23T01:59:34.338Z,-23.6050867,-46.8364424,829.781,16.175,16.000,3,127,35
1784771974396,2026-07-23T01:59:34.396Z,-23.6050788,-46.8364449,829.859,16.319,16.200,3,127,35
1784771974455,2026-07-23T01:59:34.455Z,-23.6050711,-46.8364473,829.938,16.224,16.340,3,127,36
1784771974510,2026-07-23T01:59:34.510Z,-23.6050637,-46.8364494,829.972,15.964,16.250,3,127,36
1784771974565,2026-07-23T01:59:34.565Z,-23.6050484,-46.8364545,830.090,16.096,15.990,3,127,36
1784771974620,2026-07-23T01:59:34.620Z,-23.6050408,-46.8364573,830.152,16.121,16.120,3,127,36
1784771974675,2026-07-23T01:59:34.675Z,-23.6050331,-46.8364600,830.224,16.138,16.150,3,127,36
1784771974730,2026-07-23T01:59:34.730Z,-23.6050255,-46.8364627,830.299,16.178,16.170,3,127,36
1784771974785,2026-07-23T01:59:34.785Z,-23.6050178,-46.8364653,830.363,16.183,16.210,3,127,36
1784771974840,2026-07-23T01:59:34.840Z,-23.6050102,-46.8364678,830.385,16.203,16.210,3,127,36
1784771974895,2026-07-23T01:59:34.895Z,-23.6050026,-46.8364705,830.463,16.170,16.230,3,127,36
1784771974950,2026-07-23T01:59:34.950Z,-23.6049950,-46.8364731,830.548,16.084,16.200,3,127,36
1784771975005,2026-07-23T01:59:35.005Z,-23.6049874,-46.8364757,830.622,16.079,16.110,3,127,36
1784771975060,2026-07-23T01:59:35.060Z,-23.6049799,-46.8364783,830.697,16.051,16.110,3,127,36
1784771975115,2026-07-23T01:59:35.115Z,-23.6049722,-46.8364808,830.754,16.077,16.080,3,127,36
1784771975170,2026-07-23T01:59:35.170Z,-23.6049646,-46.8364834,830.804,16.130,16.110,3,127,36
1784771975225,2026-07-23T01:59:35.225Z,-23.6049570,-46.8364861,830.856,16.124,16.160,3,127,36
1784771975280,2026-07-23T01:59:35.280Z,-23.6049495,-46.8364887,830.925,16.082,16.150,3,127,36
1784771975335,2026-07-23T01:59:35.335Z,-23.6049417,-46.8364914,830.989,16.247,16.110,3,127,36
1784771975390,2026-07-23T01:59:35.390Z,-23.6049341,-46.8364940,831.042,16.248,16.280,3,127,37
1784771975455,2026-07-23T01:59:35.455Z,-23.6049265,-46.8364967,831.097,16.216,16.280,3,127,37
1784771975520,2026-07-23T01:59:35.520Z,-23.6049034,-46.8365048,831.256,16.309,16.250,3,127,37
1784771975585,2026-07-23T01:59:35.585Z,-23.6048957,-46.8365076,831.310,16.357,16.340,3,127,37
1784771975651,2026-07-23T01:59:35.651Z,-23.6048880,-46.8365103,831.362,16.321,16.390,3,127,37
1784771975716,2026-07-23T01:59:35.716Z,-23.6048804,-46.8365134,831.408,16.363,16.350,3,127,37
1784771975781,2026-07-23T01:59:35.781Z,-23.6048726,-46.8365162,831.452,16.413,16.390,3,127,37
1784771975847,2026-07-23T01:59:35.847Z,-23.6048647,-46.8365190,831.487,16.514,16.440,3,127,37
1784771975912,2026-07-23T01:59:35.912Z,-23.6048570,-46.8365219,831.537,16.529,16.540,3,127,37
1784771975977,2026-07-23T01:59:35.977Z,-23.6048492,-46.8365249,831.570,16.595,16.560,3,127,37
1784771976043,2026-07-23T01:59:36.043Z,-23.6048414,-46.8365279,831.618,16.604,16.620,3,127,37
1784771976108,2026-07-23T01:59:36.108Z,-23.6048336,-46.8365308,831.653,16.659,16.630,3,127,37
1784771976173,2026-07-23T01:59:36.173Z,-23.6048259,-46.8365339,831.686,16.663,16.680,3,127,37
1784771976239,2026-07-23T01:59:36.239Z,-23.6048181,-46.8365369,831.725,16.687,16.690,3,127,37
1784771976304,2026-07-23T01:59:36.304Z,-23.6048104,-46.8365400,831.729,16.734,16.710,3,127,37
1784771976369,2026-07-23T01:59:36.369Z,-23.6048027,-46.8365431,831.763,16.701,16.760,3,127,37
1784771976435,2026-07-23T01:59:36.435Z,-23.6047950,-46.8365463,831.805,16.723,16.720,3,127,38
1784771976486,2026-07-23T01:59:36.486Z,-23.6047872,-46.8365496,831.864,16.818,16.740,3,127,38
1784771976538,2026-07-23T01:59:36.538Z,-23.6047718,-46.8365567,831.947,16.922,16.840,3,127,38
1784771976590,2026-07-23T01:59:36.590Z,-23.6047643,-46.8365608,831.982,16.941,16.940,3,127,38
1784771976642,2026-07-23T01:59:36.642Z,-23.6047568,-46.8365647,832.007,16.912,16.960,3,127,38
1784771976694,2026-07-23T01:59:36.694Z,-23.6047494,-46.8365689,832.019,16.958,16.930,3,127,38
1784771976746,2026-07-23T01:59:36.746Z,-23.6047421,-46.8365732,832.034,16.911,16.980,3,127,38
1784771976798,2026-07-23T01:59:36.798Z,-23.6047348,-46.8365778,832.054,16.985,16.930,3,127,38
1784771976850,2026-07-23T01:59:36.850Z,-23.6047276,-46.8365825,832.080,16.991,17.000,3,127,38
1784771976902,2026-07-23T01:59:36.902Z,-23.6047205,-46.8365872,832.091,16.958,17.010,3,127,38
1784771976954,2026-07-23T01:59:36.954Z,-23.6047135,-46.8365923,832.106,17.011,16.970,3,127,38
1784771977006,2026-07-23T01:59:37.006Z,-23.6047066,-46.8365976,832.130,17.026,17.030,3,127,38
1784771977058,2026-07-23T01:59:37.058Z,-23.6047000,-46.8366030,832.093,16.965,17.040,3,127,38
1784771977110,2026-07-23T01:59:37.110Z,-23.6046936,-46.8366086,832.025,16.923,16.980,3,127,38
1784771977162,2026-07-23T01:59:37.162Z,-23.6046870,-46.8366148,832.031,17.167,16.930,3,127,38
1784771977214,2026-07-23T01:59:37.214Z,-23.6046806,-46.8366207,832.026,17.126,17.180,3,127,38
1784771977266,2026-07-23T01:59:37.266Z,-23.6046743,-46.8366267,832.005,17.049,17.140,3,127,38
1784771977318,2026-07-23T01:59:37.318Z,-23.6046681,-46.8366330,831.971,17.104,17.060,3,127,38
1784771977370,2026-07-23T01:59:37.370Z,-23.6046619,-46.8366395,831.970,17.228,17.110,3,127,39
1784771977431,2026-07-23T01:59:37.431Z,-23.6046498,-46.8366524,831.975,17.035,17.230,3,127,39
1784771977492,2026-07-23T01:59:37.492Z,-23.6046440,-46.8366593,831.935,17.185,17.040,3,127,39
1784771977554,2026-07-23T01:59:37.554Z,-23.6046384,-46.8366662,831.935,17.171,17.190,3,127,39
1784771977615,2026-07-23T01:59:37.615Z,-23.6046330,-46.8366734,831.880,17.221,17.180,3,127,39
1784771977677,2026-07-23T01:59:37.677Z,-23.6046277,-46.8366807,831.782,17.256,17.220,3,127,39
1784771977738,2026-07-23T01:59:37.738Z,-23.6046226,-46.8366883,831.759,17.311,17.260,3,127,39
1784771977800,2026-07-23T01:59:37.800Z,-23.6046178,-46.8366960,831.760,17.288,17.310,3,127,39
1784771977861,2026-07-23T01:59:37.861Z,-23.6046132,-46.8367040,831.720,17.371,17.290,3,127,39
1784771977923,2026-07-23T01:59:37.923Z,-23.6046086,-46.8367118,831.691,17.329,17.370,3,127,39
1784771977984,2026-07-23T01:59:37.984Z,-23.6046042,-46.8367198,831.659,17.373,17.330,3,127,39
1784771978046,2026-07-23T01:59:38.046Z,-23.6046000,-46.8367280,831.667,17.360,17.370,3,127,39
1784771978107,2026-07-23T01:59:38.107Z,-23.6045961,-46.8367360,831.653,17.215,17.360,3,127,39
1784771978169,2026-07-23T01:59:38.169Z,-23.6045925,-46.8367441,831.559,17.126,17.210,3,127,39
1784771978230,2026-07-23T01:59:38.230Z,-23.6045892,-46.8367524,831.487,17.100,17.130,3,127,39
1784771978292,2026-07-23T01:59:38.292Z,-23.6045859,-46.8367609,831.429,17.154,17.100,3,127,39
1784771978353,2026-07-23T01:59:38.353Z,-23.6045829,-46.8367692,831.394,17.029,17.150,3,127,39
1784771978415,2026-07-23T01:59:38.415Z,-23.6045799,-46.8367777,831.354,16.995,17.030,3,127,40
1784771978470,2026-07-23T01:59:38.470Z,-23.6045771,-46.8367865,831.327,17.093,17.000,3,127,40
1784771978525,2026-07-23T01:59:38.525Z,-23.6045744,-46.8367953,831.267,17.194,17.090,3,127,40
1784771978580,2026-07-23T01:59:38.580Z,-23.6045722,-46.8368040,831.173,17.095,17.190,3,127,40
1784771978635,2026-07-23T01:59:38.635Z,-23.6045702,-46.8368126,831.051,17.005,17.100,3,127,40
1784771978690,2026-07-23T01:59:38.690Z,-23.6045686,-46.8368217,830.973,17.058,17.010,3,127,40
1784771978745,2026-07-23T01:59:38.745Z,-23.6045667,-46.8368307,830.884,17.116,17.060,3,127,40
1784771978800,2026-07-23T01:59:38.800Z,-23.6045651,-46.8368399,830.822,17.236,17.120,3,127,40
1784771978855,2026-07-23T01:59:38.855Z,-23.6045638,-46.8368492,830.771,17.304,17.240,3,127,40
1784771978910,2026-07-23T01:59:38.910Z,-23.6045630,-46.8368588,830.589,17.521,17.310,3,127,40
1784771978965,2026-07-23T01:59:38.965Z,-23.6045624,-46.8368684,830.440,17.698,17.530,3,127,40
1784771979020,2026-07-23T01:59:39.020Z,-23.6045620,-46.8368780,830.288,17.802,17.700,3,127,40
1784771979075,2026-07-23T01:59:39.075Z,-23.6045619,-46.8368871,830.069,17.694,17.810,3,127,40
1784771979130,2026-07-23T01:59:39.130Z,-23.6045620,-46.8368967,829.894,17.850,17.700,3,127,40
1784771979185,2026-07-23T01:59:39.185Z,-23.6045621,-46.8369064,829.776,18.004,17.860,3,127,40
1784771979240,2026-07-23T01:59:39.240Z,-23.6045625,-46.8369158,829.652,17.951,18.020,3,127,40
1784771979295,2026-07-23T01:59:39.295Z,-23.6045633,-46.8369252,829.518,17.908,17.970,3,127,40
1784771979350,2026-07-23T01:59:39.350Z,-23.6045643,-46.8369343,829.329,17.826,17.930,3,127,40
1784771979405,2026-07-23T01:59:39.405Z,-23.6045657,-46.8369437,829.166,17.890,17.850,3,127,41
1784771979463,2026-07-23T01:59:39.463Z,-23.6045678,-46.8369529,829.044,17.890,17.920,3,127,41
1784771979521,2026-07-23T01:59:39.521Z,-23.6045710,-46.8369720,828.941,18.016,17.920,3,127,41
1784771979579,2026-07-23T01:59:39.579Z,-23.6045735,-46.8369813,828.850,18.039,18.040,3,127,41
1784771979637,2026-07-23T01:59:39.637Z,-23.6045773,-46.8369905,828.759,18.187,18.070,3,127,41
1784771979696,2026-07-23T01:59:39.696Z,-23.6045806,-46.8370000,828.720,18.328,18.220,3,127,41
1784771979754,2026-07-23T01:59:39.754Z,-23.6045841,-46.8370094,828.663,18.455,18.360,3,127,41
1784771979812,2026-07-23T01:59:39.812Z,-23.6045879,-46.8370181,828.559,18.386,18.480,3,127,41
1784771979870,2026-07-23T01:59:39.870Z,-23.6045924,-46.8370263,828.435,18.289,18.410,3,127,41
1784771979929,2026-07-23T01:59:39.929Z,-23.6045970,-46.8370347,828.285,18.338,18.320,3,127,41
1784771979987,2026-07-23T01:59:39.987Z,-23.6046019,-46.8370428,828.180,18.340,18.370,3,127,41
1784771980045,2026-07-23T01:59:40.045Z,-23.6046070,-46.8370508,828.095,18.309,18.370,3,127,41
1784771980103,2026-07-23T01:59:40.103Z,-23.6046122,-46.8370586,828.017,18.266,18.340,3,127,41
1784771980162,2026-07-23T01:59:40.162Z,-23.6046176,-46.8370663,827.943,18.222,18.300,3,127,41
1784771980220,2026-07-23T01:59:40.220Z,-23.6046230,-46.8370739,827.851,18.185,18.260,3,127,41
1784771980278,2026-07-23T01:59:40.278Z,-23.6046287,-46.8370812,827.729,18.152,18.220,3,127,41
1784771980336,2026-07-23T01:59:40.336Z,-23.6046345,-46.8370885,827.614,18.143,18.190,3,127,41
1784771980395,2026-07-23T01:59:40.395Z,-23.6046404,-46.8370958,827.516,18.206,18.180,3,127,42
1784771980453,2026-07-23T01:59:40.453Z,-23.6046463,-46.8371031,827.398,18.250,18.250,3,127,42
1784771980511,2026-07-23T01:59:40.511Z,-23.6046572,-46.8371182,827.234,17.968,18.290,3,127,42
1784771980569,2026-07-23T01:59:40.569Z,-23.6046623,-46.8371258,827.129,17.821,18.010,3,127,42
1784771980627,2026-07-23T01:59:40.627Z,-23.6046674,-46.8371338,827.029,17.867,17.870,3,127,42
1784771980685,2026-07-23T01:59:40.685Z,-23.6046723,-46.8371418,827.020,17.744,17.910,3,127,42
1784771980743,2026-07-23T01:59:40.743Z,-23.6046768,-46.8371498,826.881,17.734,17.790,3,127,42
1784771980801,2026-07-23T01:59:40.801Z,-23.6046809,-46.8371585,826.803,17.790,17.780,3,127,42
1784771980859,2026-07-23T01:59:40.859Z,-23.6046847,-46.8371675,826.738,17.837,17.840,3,127,42
1784771980917,2026-07-23T01:59:40.917Z,-23.6046886,-46.8371765,826.705,17.915,17.880,3,127,42
1784771980975,2026-07-23T01:59:40.975Z,-23.6046923,-46.8371854,826.632,17.970,17.960,3,127,42
1784771981033,2026-07-23T01:59:41.033Z,-23.6046954,-46.8371946,826.558,17.922,18.020,3,127,42
1784771981091,2026-07-23T01:59:41.091Z,-23.6046984,-46.8372036,826.416,17.960,17.970,3,127,42
1784771981149,2026-07-23T01:59:41.149Z,-23.6047014,-46.8372130,826.384,17.980,18.010,3,127,42
1784771981207,2026-07-23T01:59:41.207Z,-23.6047043,-46.8372223,826.383,17.943,18.030,3,127,42
1784771981265,2026-07-23T01:59:41.265Z,-23.6047067,-46.8372318,826.338,17.980,17.990,3,127,42
1784771981323,2026-07-23T01:59:41.323Z,-23.6047087,-46.8372415,826.311,18.037,18.020,3,127,42
1784771981381,2026-07-23T01:59:41.381Z,-23.6047102,-46.8372514,826.332,18.095,18.080,3,127,42
1784771981440,2026-07-23T01:59:41.440Z,-23.6047113,-46.8372611,826.335,18.004,18.140,3,127,43
1784771981498,2026-07-23T01:59:41.498Z,-23.6047131,-46.8372806,826.243,18.023,18.040,3,127,43
1784771981556,2026-07-23T01:59:41.556Z,-23.6047131,-46.8372902,826.215,17.909,18.060,3,127,43
1784771981615,2026-07-23T01:59:41.615Z,-23.6047129,-46.8373001,826.122,18.076,17.950,3,127,43
1784771981673,2026-07-23T01:59:41.673Z,-23.6047125,-46.8373098,826.112,18.002,18.110,3,127,43
1784771981732,2026-07-23T01:59:41.732Z,-23.6047118,-46.8373191,826.108,17.762,18.040,3,127,43
1784771981790,2026-07-23T01:59:41.790Z,-23.6047105,-46.8373289,826.169,17.854,17.800,3,127,43
1784771981849,2026-07-23T01:59:41.849Z,-23.6047092,-46.8373384,826.219,17.813,17.880,3,127,43
1784771981907,2026-07-23T01:59:41.907Z,-23.6047074,-46.8373478,826.212,17.779,17.840,3,127,43
1784771981965,2026-07-23T01:59:41.965Z,-23.6047052,-46.8373570,826.258,17.680,17.810,3,127,43
1784771982024,2026-07-23T01:59:42.024Z,-23.6047031,-46.8373665,826.269,17.831,17.700,3,127,43
1784771982082,2026-07-23T01:59:42.082Z,-23.6047007,-46.8373760,826.332,17.980,17.850,3,127,43
1784771982141,2026-07-23T01:59:42.141Z,-23.6046981,-46.8373851,826.454,17.802,18.000,3,127,43
1784771982199,2026-07-23T01:59:42.199Z,-23.6046953,-46.8373940,826.526,17.619,17.820,3,127,43
1784771982258,2026-07-23T01:59:42.258Z,-23.6046921,-46.8374031,826.518,17.785,17.630,3,127,43
1784771982316,2026-07-23T01:59:42.316Z,-23.6046887,-46.8374120,826.522,17.871,17.800,3,127,43
1784771982375,2026-07-23T01:59:42.375Z,-23.6046851,-46.8374208,826.578,17.850,17.880,3,127,44
1784771982436,2026-07-23T01:59:42.436Z,-23.6046816,-46.8374294,826.599,17.706,17.860,3,127,44
1784771982497,2026-07-23T01:59:42.497Z,-23.6046742,-46.8374461,826.526,17.473,17.720,3,127,44
1784771982559,2026-07-23T01:59:42.559Z,-23.6046690,-46.8374531,826.458,17.267,17.480,3,127,44
1784771982620,2026-07-23T01:59:42.620Z,-23.6046636,-46.8374601,826.436,17.202,17.280,3,127,44
1784771982682,2026-07-23T01:59:42.682Z,-23.6046585,-46.8374671,826.481,17.021,17.210,3,127,44
1784771982743,2026-07-23T01:59:42.743Z,-23.6046532,-46.8374734,826.557,16.617,17.030,3,127,44
1784771982804,2026-07-23T01:59:42.804Z,-23.6046475,-46.8374794,826.570,16.445,16.620,3,127,44
1784771982866,2026-07-23T01:59:42.866Z,-23.6046416,-46.8374849,826.601,16.222,16.450,3,127,44
1784771982927,2026-07-23T01:59:42.927Z,-23.6046355,-46.8374903,826.647,16.079,16.230,3,127,44
1784771982989,2026-07-23T01:59:42.989Z,-23.6046293,-46.8374955,826.715,15.932,16.080,3,127,44
1784771983050,2026-07-23T01:59:43.050Z,-23.6046230,-46.8375005,826.782,15.821,15.940,3,127,44
1784771983111,2026-07-23T01:59:43.111Z,-23.6046164,-46.8375050,826.823,15.728,15.820,3,127,44
1784771983173,2026-07-23T01:59:43.173Z,-23.6046094,-46.8375094,826.872,15.746,15.730,3,127,44
1784771983234,2026-07-23T01:59:43.234Z,-23.6046024,-46.8375135,826.950,15.735,15.750,3,127,44
1784771983296,2026-07-23T01:59:43.296Z,-23.6045955,-46.8375173,827.018,15.620,15.740,3,127,44
1784771983357,2026-07-23T01:59:43.357Z,-23.6045883,-46.8375208,827.110,15.569,15.620,3,127,44
1784771983419,2026-07-23T01:59:43.419Z,-23.6045810,-46.8375243,827.188,15.619,15.570,3,127,45
1784771983474,2026-07-23T01:59:43.474Z,-23.6045735,-46.8375271,827.217,15.609,15.620,3,127,45
1784771983529,2026-07-23T01:59:43.529Z,-23.6045589,-46.8375331,827.243,15.547,15.610,3,127,45
1784771983584,2026-07-23T01:59:43.584Z,-23.6045517,-46.8375355,827.379,15.261,15.550,3,127,45
1784771983639,2026-07-23T01:59:43.639Z,-23.6045441,-46.8375379,827.513,15.286,15.260,3,127,45
1784771983694,2026-07-23T01:59:43.694Z,-23.6045365,-46.8375403,827.618,15.452,15.290,3,127,45
1784771983749,2026-07-23T01:59:43.749Z,-23.6045291,-46.8375426,827.693,15.393,15.450,3,127,45
1784771983804,2026-07-23T01:59:43.804Z,-23.6045216,-46.8375444,827.804,15.281,15.400,3,127,45
1784771983859,2026-07-23T01:59:43.859Z,-23.6045145,-46.8375462,827.913,14.963,15.290,3,127,45
1784771983914,2026-07-23T01:59:43.914Z,-23.6045073,-46.8375477,827.976,14.822,14.970,3,127,45
1784771983969,2026-07-23T01:59:43.969Z,-23.6045002,-46.8375493,828.003,14.755,14.830,3,127,45
1784771984024,2026-07-23T01:59:44.024Z,-23.6044931,-46.8375508,828.043,14.749,14.760,3,127,45
1784771984079,2026-07-23T01:59:44.079Z,-23.6044859,-46.8375521,828.078,14.766,14.760,3,127,45
1784771984134,2026-07-23T01:59:44.134Z,-23.6044786,-46.8375526,828.115,14.671,14.770,3,127,45
1784771984189,2026-07-23T01:59:44.189Z,-23.6044714,-46.8375528,828.153,14.543,14.680,3,127,45
1784771984244,2026-07-23T01:59:44.244Z,-23.6044640,-46.8375523,828.197,14.549,14.550,3,127,45
1784771984299,2026-07-23T01:59:44.299Z,-23.6044569,-46.8375520,828.268,14.442,14.560,3,127,45
1784771984354,2026-07-23T01:59:44.354Z,-23.6044499,-46.8375512,828.298,14.314,14.450,3,127,45
1784771984409,2026-07-23T01:59:44.409Z,-23.6044428,-46.8375500,828.324,14.324,14.320,3,127,46
1784771984464,2026-07-23T01:59:44.464Z,-23.6044358,-46.8375491,828.413,14.243,14.330,3,127,46
1784771984519,2026-07-23T01:59:44.519Z,-23.6044289,-46.8375481,828.449,14.235,14.250,3,127,46
1784771984574,2026-07-23T01:59:44.574Z,-23.6044220,-46.8375471,828.495,14.131,14.250,3,127,46
1784771984629,2026-07-23T01:59:44.629Z,-23.6044155,-46.8375459,828.535,13.891,14.140,3,127,46
1784771984684,2026-07-23T01:59:44.684Z,-23.6044089,-46.8375445,828.588,13.722,13.900,3,127,46
1784771984739,2026-07-23T01:59:44.739Z,-23.6044026,-46.8375429,828.619,13.493,13.740,3,127,46
1784771984794,2026-07-23T01:59:44.794Z,-23.6043967,-46.8375408,828.654,13.168,13.510,3,127,46
1784771984849,2026-07-23T01:59:44.849Z,-23.6043909,-46.8375383,828.646,12.920,13.180,3,127,46
1784771984904,2026-07-23T01:59:44.904Z,-23.6043853,-46.8375353,828.656,12.726,12.930,3,127,46
1784771984959,2026-07-23T01:59:44.959Z,-23.6043799,-46.8375318,828.664,12.607,12.740,3,127,46
1784771985014,2026-07-23T01:59:45.014Z,-23.6043747,-46.8375283,828.702,12.486,12.620,3,127,46
1784771985069,2026-07-23T01:59:45.069Z,-23.6043695,-46.8375244,828.707,12.461,12.500,3,127,46
1784771985124,2026-07-23T01:59:45.124Z,-23.6043646,-46.8375204,828.737,12.359,12.470,3,127,46
1784771985179,2026-07-23T01:59:45.179Z,-23.6043600,-46.8375161,828.785,12.219,12.370,3,127,46
1784771985234,2026-07-23T01:59:45.234Z,-23.6043556,-46.8375116,828.840,12.099,12.230,3,127,46
1784771985289,2026-07-23T01:59:45.289Z,-23.6043515,-46.8375068,828.855,11.959,12.110,3,127,46
1784771985344,2026-07-23T01:59:45.344Z,-23.6043475,-46.8375018,828.898,12.007,11.970,3,127,46
1784771985399,2026-07-23T01:59:45.399Z,-23.6043436,-46.8374965,828.943,12.125,12.020,3,127,47
1784771985457,2026-07-23T01:59:45.457Z,-23.6043400,-46.8374910,829.020,12.139,12.140,3,127,47
1784771985515,2026-07-23T01:59:45.515Z,-23.6043331,-46.8374805,829.031,11.923,12.160,3,127,47
1784771985573,2026-07-23T01:59:45.573Z,-23.6043303,-46.8374751,829.045,11.692,11.940,3,127,47
1784771985631,2026-07-23T01:59:45.631Z,-23.6043273,-46.8374698,829.090,11.577,11.710,3,127,47
1784771985690,2026-07-23T01:59:45.690Z,-23.6043245,-46.8374643,829.140,11.525,11.590,3,127,47
1784771985748,2026-07-23T01:59:45.748Z,-23.6043220,-46.8374589,829.174,11.383,11.540,3,127,47
1784771985806,2026-07-23T01:59:45.806Z,-23.6043197,-46.8374535,829.222,11.202,11.400,3,127,47
1784771985864,2026-07-23T01:59:45.864Z,-23.6043176,-46.8374481,829.294,11.032,11.220,3,127,47
1784771985923,2026-07-23T01:59:45.923Z,-23.6043160,-46.8374424,829.301,10.930,11.050,3,127,47
1784771985981,2026-07-23T01:59:45.981Z,-23.6043142,-46.8374364,829.311,11.056,10.950,3,127,47
1784771986039,2026-07-23T01:59:46.039Z,-23.6043123,-46.8374308,829.396,11.064,11.080,3,127,47
1784771986097,2026-07-23T01:59:46.097Z,-23.6043103,-46.8374253,829.441,11.000,11.090,3,127,47
1784771986156,2026-07-23T01:59:46.156Z,-23.6043087,-46.8374194,829.494,11.077,11.020,3,127,47
1784771986214,2026-07-23T01:59:46.214Z,-23.6043073,-46.8374133,829.527,11.204,11.100,3,127,47
1784771986272,2026-07-23T01:59:46.272Z,-23.6043059,-46.8374074,829.533,11.203,11.230,3,127,47
1784771986330,2026-07-23T01:59:46.330Z,-23.6043048,-46.8374014,829.552,11.176,11.220,3,127,47
1784771986389,2026-07-23T01:59:46.389Z,-23.6043040,-46.8373953,829.578,11.206,11.200,3,127,48
1784771986444,2026-07-23T01:59:46.444Z,-23.6043038,-46.8373888,829.528,11.291,11.230,3,127,48
1784771986499,2026-07-23T01:59:46.499Z,-23.6043037,-46.8373824,829.460,11.384,11.310,3,127,48
1784771986554,2026-07-23T01:59:46.554Z,-23.6043039,-46.8373759,829.423,11.498,11.400,3,127,48
1784771986609,2026-07-23T01:59:46.609Z,-23.6043044,-46.8373700,829.384,11.329,11.510,3,127,48
1784771986664,2026-07-23T01:59:46.664Z,-23.6043050,-46.8373637,829.357,11.389,11.340,3,127,48
1784771986719,2026-07-23T01:59:46.719Z,-23.6043060,-46.8373574,829.333,11.451,11.400,3,127,48
1784771986774,2026-07-23T01:59:46.774Z,-23.6043071,-46.8373511,829.339,11.543,11.460,3,127,48
1784771986829,2026-07-23T01:59:46.829Z,-23.6043084,-46.8373449,829.315,11.572,11.550,3,127,48
1784771986884,2026-07-23T01:59:46.884Z,-23.6043108,-46.8373389,829.253,11.635,11.580,3,127,48
1784771986939,2026-07-23T01:59:46.939Z,-23.6043134,-46.8373326,829.176,11.805,11.640,3,127,48
1784771986994,2026-07-23T01:59:46.994Z,-23.6043157,-46.8373265,829.156,11.909,11.810,3,127,48
1784771987049,2026-07-23T01:59:47.049Z,-23.6043177,-46.8373202,829.173,12.052,11.910,3,127,48
1784771987104,2026-07-23T01:59:47.104Z,-23.6043201,-46.8373140,829.197,12.172,12.060,3,127,48
1784771987159,2026-07-23T01:59:47.159Z,-23.6043227,-46.8373077,829.155,12.325,12.180,3,127,48
1784771987214,2026-07-23T01:59:47.214Z,-23.6043262,-46.8373016,829.177,12.570,12.330,3,127,48
1784771987269,2026-07-23T01:59:47.269Z,-23.6043288,-46.8372951,829.201,12.724,12.570,3,127,48
1784771987324,2026-07-23T01:59:47.324Z,-23.6043311,-46.8372887,829.214,12.723,12.730,3,127,48
1784771987379,2026-07-23T01:59:47.379Z,-23.6043331,-46.8372824,829.246,12.589,12.730,3,127,48
1784771987434,2026-07-23T01:59:47.434Z,-23.6043354,-46.8372763,829.227,12.428,12.590,3,127,49
1784771987485,2026-07-23T01:59:47.485Z,-23.6043376,-46.8372700,829.197,12.410,12.430,3,127,49
1784771987537,2026-07-23T01:59:47.537Z,-23.6043396,-46.8372637,829.144,12.296,12.410,3,127,49
1784771987589,2026-07-23T01:59:47.589Z,-23.6043415,-46.8372575,829.127,12.216,12.300,3,127,49
1784771987641,2026-07-23T01:59:47.641Z,-23.6043434,-46.8372511,829.099,12.260,12.220,3,127,49
1784771987693,2026-07-23T01:59:47.693Z,-23.6043450,-46.8372446,829.104,12.257,12.260,3,127,49
1784771987745,2026-07-23T01:59:47.745Z,-23.6043465,-46.8372381,829.124,12.251,12.260,3,127,49
1784771987797,2026-07-23T01:59:47.797Z,-23.6043477,-46.8372311,829.088,12.461,12.250,3,127,49
1784771987849,2026-07-23T01:59:47.849Z,-23.6043489,-46.8372240,829.073,12.656,12.460,3,127,49
1784771987901,2026-07-23T01:59:47.901Z,-23.6043499,-46.8372172,829.052,12.680,12.660,3,127,49
1784771987953,2026-07-23T01:59:47.953Z,-23.6043506,-46.8372101,828.987,12.759,12.680,3,127,49
1784771988005,2026-07-23T01:59:48.005Z,-23.6043510,-46.8372029,829.013,12.888,12.760,3,127,49
1784771988057,2026-07-23T01:59:48.057Z,-23.6043515,-46.8371958,829.064,12.927,12.890,3,127,49
1784771988109,2026-07-23T01:59:48.109Z,-23.6043517,-46.8371888,829.060,12.890,12.930,3,127,49
1784771988161,2026-07-23T01:59:48.161Z,-23.6043517,-46.8371815,829.120,13.077,12.890,3,127,49
1784771988213,2026-07-23T01:59:48.213Z,-23.6043516,-46.8371744,829.198,13.105,13.080,3,127,49
1784771988265,2026-07-23T01:59:48.265Z,-23.6043514,-46.8371675,829.291,12.979,13.110,3,127,49
1784771988317,2026-07-23T01:59:48.317Z,-23.6043511,-46.8371604,829.321,13.025,12.980,3,127,49
1784771988369,2026-07-23T01:59:48.369Z,-23.6043505,-46.8371532,829.389,13.146,13.030,3,127,50
1784771988427,2026-07-23T01:59:48.427Z,-23.6043491,-46.8371388,829.456,13.356,13.150,3,127,50
1784771988485,2026-07-23T01:59:48.485Z,-23.6043480,-46.8371316,829.555,13.424,13.360,3,127,50
1784771988543,2026-07-23T01:59:48.543Z,-23.6043469,-46.8371245,829.639,13.439,13.430,3,127,50
1784771988601,2026-07-23T01:59:48.601Z,-23.6043456,-46.8371173,829.698,13.476,13.440,3,127,50
1784771988659,2026-07-23T01:59:48.659Z,-23.6043442,-46.8371100,829.740,13.593,13.480,3,127,50
1784771988717,2026-07-23T01:59:48.717Z,-23.6043427,-46.8371027,829.812,13.638,13.600,3,127,50
1784771988775,2026-07-23T01:59:48.775Z,-23.6043413,-46.8370956,829.896,13.589,13.640,3,127,50
1784771988833,2026-07-23T01:59:48.833Z,-23.6043397,-46.8370883,829.988,13.722,13.600,3,127,50
1784771988891,2026-07-23T01:59:48.891Z,-23.6043379,-46.8370811,830.022,13.704,13.730,3,127,50
1784771988949,2026-07-23T01:59:48.949Z,-23.6043361,-46.8370739,830.116,13.741,13.710,3,127,50
1784771989007,2026-07-23T01:59:49.007Z,-23.6043342,-46.8370667,830.192,13.765,13.750,3,127,50
1784771989065,2026-07-23T01:59:49.065Z,-23.6043321,-46.8370596,830.324,13.784,13.780,3,127,50
1784771989123,2026-07-23T01:59:49.123Z,-23.6043299,-46.8370524,830.391,13.854,13.800,3,127,50
1784771989181,2026-07-23T01:59:49.181Z,-23.6043275,-46.8370453,830.469,13.876,13.870,3,127,50
1784771989239,2026-07-23T01:59:49.239Z,-23.6043250,-46.8370384,830.564,13.790,13.890,3,127,50
1784771989297,2026-07-23T01:59:49.297Z,-23.6043224,-46.8370315,830.655,13.811,13.810,3,127,50
1784771989355,2026-07-23T01:59:49.355Z,-23.6043197,-46.8370246,830.720,13.812,13.830,3,127,50
1784771989414,2026-07-23T01:59:49.414Z,-23.6043169,-46.8370179,830.840,13.718,13.830,3,127,51
1784771989469,2026-07-23T01:59:49.469Z,-23.6043140,-46.8370111,830.915,13.763,13.740,3,127,51
1784771989524,2026-07-23T01:59:49.524Z,-23.6043110,-46.8370043,831.017,13.807,13.790,3,127,51
1784771989579,2026-07-23T01:59:49.579Z,-23.6043080,-46.8369977,831.126,13.725,13.830,3,127,51
1784771989634,2026-07-23T01:59:49.634Z,-23.6043047,-46.8369912,831.199,13.715,13.750,3,127,51
1784771989689,2026-07-23T01:59:49.689Z,-23.6043013,-46.8369848,831.280,13.728,13.740,3,127,51
1784771989744,2026-07-23T01:59:49.744Z,-23.6042977,-46.8369786,831.361,13.685,13.760,3,127,51
1784771989799,2026-07-23T01:59:49.799Z,-23.6042939,-46.8369722,831.458,13.832,13.720,3,127,51
1784771989854,2026-07-23T01:59:49.854Z,-23.6042900,-46.8369660,831.572,13.854,13.870,3,127,51
1784771989909,2026-07-23T01:59:49.909Z,-23.6042861,-46.8369600,831.680,13.816,13.890,3,127,51
1784771989964,2026-07-23T01:59:49.964Z,-23.6042821,-46.8369540,831.796,13.767,13.860,3,127,51
1784771990019,2026-07-23T01:59:50.019Z,-23.6042782,-46.8369480,831.869,13.749,13.810,3,127,51
1784771990074,2026-07-23T01:59:50.074Z,-23.6042739,-46.8369422,831.967,13.747,13.790,3,127,51
1784771990129,2026-07-23T01:59:50.129Z,-23.6042697,-46.8369365,832.095,13.731,13.790,3,127,51
1784771990184,2026-07-23T01:59:50.184Z,-23.6042653,-46.8369309,832.202,13.732,13.780,3,127,51
1784771990239,2026-07-23T01:59:50.239Z,-23.6042607,-46.8369252,832.291,13.872,13.780,3,127,51
1784771990294,2026-07-23T01:59:50.294Z,-23.6042559,-46.8369197,832.381,13.926,13.920,3,127,51
1784771990349,2026-07-23T01:59:50.349Z,-23.6042510,-46.8369144,832.455,13.957,13.980,3,127,51
1784771990404,2026-07-23T01:59:50.404Z,-23.6042464,-46.8369092,832.555,13.801,14.010,3,127,52
1784771990465,2026-07-23T01:59:50.465Z,-23.6042371,-46.8368984,832.718,13.795,13.860,3,127,52
1784771990527,2026-07-23T01:59:50.527Z,-23.6042323,-46.8368930,832.790,13.824,13.850,3,127,52
1784771990589,2026-07-23T01:59:50.589Z,-23.6042276,-46.8368874,832.888,13.907,13.880,3,127,52
1784771990651,2026-07-23T01:59:50.651Z,-23.6042230,-46.8368818,832.993,13.899,13.970,3,127,52
1784771990713,2026-07-23T01:59:50.713Z,-23.6042183,-46.8368765,833.089,13.830,13.960,3,127,52
1784771990775,2026-07-23T01:59:50.775Z,-23.6042139,-46.8368710,833.165,13.745,13.890,3,127,52
1784771990837,2026-07-23T01:59:50.837Z,-23.6042094,-46.8368655,833.241,13.677,13.810,3,127,52
1784771990899,2026-07-23T01:59:50.899Z,-23.6042049,-46.8368600,833.309,13.709,13.740,3,127,52
1784771990960,2026-07-23T01:59:50.960Z,-23.6042005,-46.8368542,833.369,13.779,13.770,3,127,52
1784771991022,2026-07-23T01:59:51.022Z,-23.6041962,-46.8368484,833.464,13.826,13.840,3,127,52
1784771991084,2026-07-23T01:59:51.084Z,-23.6041920,-46.8368422,833.501,13.943,13.890,3,127,52
1784771991146,2026-07-23T01:59:51.146Z,-23.6041882,-46.8368361,833.610,13.924,14.000,3,127,52
1784771991208,2026-07-23T01:59:51.208Z,-23.6041846,-46.8368301,833.751,13.751,13.990,3,127,52
1784771991270,2026-07-23T01:59:51.270Z,-23.6041811,-46.8368236,833.829,13.845,13.820,3,127,52
1784771991332,2026-07-23T01:59:51.332Z,-23.6041776,-46.8368172,833.933,13.933,13.910,3,127,52
1784771991394,2026-07-23T01:59:51.394Z,-23.6041744,-46.8368108,834.015,13.839,14.000,3,127,53
1784771991452,2026-07-23T01:59:51.452Z,-23.6041714,-46.8368043,834.100,13.726,13.910,3,127,53
1784771991510,2026-07-23T01:59:51.510Z,-23.6041653,-46.8367909,834.215,13.832,13.800,3,127,53
1784771991568,2026-07-23T01:59:51.568Z,-23.6041632,-46.8367841,834.269,13.593,13.900,3,127,53
1784771991626,2026-07-23T01:59:51.626Z,-23.6041612,-46.8367772,834.372,13.582,13.660,3,127,53
1784771991684,2026-07-23T01:59:51.684Z,-23.6041592,-46.8367701,834.441,13.608,13.650,3,127,53
1784771991742,2026-07-23T01:59:51.742Z,-23.6041576,-46.8367631,834.493,13.498,13.680,3,127,53
1784771991800,2026-07-23T01:59:51.800Z,-23.6041563,-46.8367560,834.517,13.394,13.570,3,127,53
1784771991858,2026-07-23T01:59:51.858Z,-23.6041552,-46.8367487,834.591,13.435,13.460,3,127,53
1784771991916,2026-07-23T01:59:51.916Z,-23.6041544,-46.8367413,834.669,13.525,13.500,3,127,53
1784771991974,2026-07-23T01:59:51.974Z,-23.6041538,-46.8367338,834.699,13.596,13.590,3,127,53
1784771992032,2026-07-23T01:59:52.032Z,-23.6041540,-46.8367261,834.668,13.635,13.660,3,127,53
1784771992090,2026-07-23T01:59:52.090Z,-23.6041544,-46.8367187,834.686,13.561,13.690,3,127,53
1784771992148,2026-07-23T01:59:52.148Z,-23.6041552,-46.8367114,834.730,13.456,13.620,3,127,53
1784771992206,2026-07-23T01:59:52.206Z,-23.6041561,-46.8367041,834.766,13.488,13.510,3,127,53
1784771992264,2026-07-23T01:59:52.264Z,-23.6041571,-46.8366968,834.774,13.470,13.540,3,127,53
1784771992322,2026-07-23T01:59:52.322Z,-23.6041586,-46.8366897,834.794,13.359,13.520,3,127,53
1784771992380,2026-07-23T01:59:52.380Z,-23.6041605,-46.8366827,834.828,13.326,13.410,3,127,53
1784771992439,2026-07-23T01:59:52.439Z,-23.6041627,-46.8366757,834.825,13.364,13.370,3,127,54
1784771992497,2026-07-23T01:59:52.497Z,-23.6041674,-46.8366619,834.883,13.537,13.410,3,127,54
1784771992555,2026-07-23T01:59:52.555Z,-23.6041704,-46.8366552,834.916,13.515,13.580,3,127,54
1784771992613,2026-07-23T01:59:52.613Z,-23.6041737,-46.8366486,834.962,13.601,13.550,3,127,54
1784771992671,2026-07-23T01:59:52.671Z,-23.6041772,-46.8366421,834.996,13.598,13.640,3,127,54
1784771992730,2026-07-23T01:59:52.730Z,-23.6041808,-46.8366358,834.989,13.572,13.630,3,127,54
1784771992788,2026-07-23T01:59:52.788Z,-23.6041847,-46.8366296,835.007,13.588,13.600,3,127,54
1784771992846,2026-07-23T01:59:52.846Z,-23.6041887,-46.8366235,835.033,13.635,13.620,3,127,54
1784771992904,2026-07-23T01:59:52.904Z,-23.6041928,-46.8366174,835.005,13.669,13.660,3,127,54
1784771992963,2026-07-23T01:59:52.963Z,-23.6041970,-46.8366114,835.010,13.717,13.690,3,127,54
1784771993021,2026-07-23T01:59:53.021Z,-23.6042015,-46.8366055,835.032,13.895,13.740,3,127,54
1784771993079,2026-07-23T01:59:53.079Z,-23.6042060,-46.8365997,835.056,13.911,13.920,3,127,54
1784771993137,2026-07-23T01:59:53.137Z,-23.6042105,-46.8365940,835.061,13.819,13.930,3,127,54
1784771993196,2026-07-23T01:59:53.196Z,-23.6042151,-46.8365885,835.098,13.793,13.840,3,127,54
1784771993254,2026-07-23T01:59:53.254Z,-23.6042201,-46.8365830,835.103,13.927,13.810,3,127,54
1784771993312,2026-07-23T01:59:53.312Z,-23.6042249,-46.8365776,835.132,13.956,13.950,3,127,54
1784771993370,2026-07-23T01:59:53.370Z,-23.6042300,-46.8365723,835.162,14.009,13.970,3,127,54
1784771993429,2026-07-23T01:59:53.429Z,-23.6042353,-46.8365671,835.191,14.131,14.030,3,127,55
1784771993487,2026-07-23T01:59:53.487Z,-23.6042462,-46.8365571,835.231,14.329,14.150,3,127,55
1784771993545,2026-07-23T01:59:53.545Z,-23.6042520,-46.8365522,835.252,14.447,14.340,3,127,55
1784771993603,2026-07-23T01:59:53.603Z,-23.6042577,-46.8365477,835.226,14.367,14.460,3,127,55
1784771993661,2026-07-23T01:59:53.661Z,-23.6042636,-46.8365432,835.208,14.433,14.380,3,127,55
1784771993720,2026-07-23T01:59:53.720Z,-23.6042697,-46.8365388,835.194,14.498,14.440,3,127,55
1784771993778,2026-07-23T01:59:53.778Z,-23.6042758,-46.8365348,835.198,14.448,14.510,3,127,55
1784771993836,2026-07-23T01:59:53.836Z,-23.6042821,-46.8365308,835.158,14.467,14.460,3,127,55
1784771993894,2026-07-23T01:59:53.894Z,-23.6042886,-46.8365269,835.130,14.638,14.480,3,127,55
1784771993953,2026-07-23T01:59:53.953Z,-23.6042954,-46.8365233,835.144,14.816,14.650,3,127,55
1784771994011,2026-07-23T01:59:54.011Z,-23.6043022,-46.8365199,835.138,14.868,14.820,3,127,55
1784771994069,2026-07-23T01:59:54.069Z,-23.6043090,-46.8365166,835.118,14.878,14.870,3,127,55
1784771994127,2026-07-23T01:59:54.127Z,-23.6043160,-46.8365138,835.128,14.917,14.880,3,127,55
1784771994186,2026-07-23T01:59:54.186Z,-23.6043227,-46.8365106,835.089,14.837,14.920,3,127,55
1784771994244,2026-07-23T01:59:54.244Z,-23.6043297,-46.8365075,835.040,14.909,14.840,3,127,55
1784771994302,2026-07-23T01:59:54.302Z,-23.6043369,-46.8365047,835.006,15.062,14.910,3,127,55
1784771994360,2026-07-23T01:59:54.360Z,-23.6043442,-46.8365020,834.990,15.196,15.060,3,127,55
1784771994419,2026-07-23T01:59:54.419Z,-23.6043514,-46.8364994,834.979,15.224,15.200,3,127,56
1784771994474,2026-07-23T01:59:54.474Z,-23.6043662,-46.8364942,834.985,15.587,15.230,3,127,56
1784771994529,2026-07-23T01:59:54.529Z,-23.6043739,-46.8364918,834.989,15.760,15.590,3,127,56
1784771994584,2026-07-23T01:59:54.584Z,-23.6043815,-46.8364893,834.988,15.809,15.760,3,127,56
1784771994639,2026-07-23T01:59:54.639Z,-23.6043894,-46.8364866,834.982,16.127,15.810,3,127,56
1784771994694,2026-07-23T01:59:54.694Z,-23.6043970,-46.8364840,835.023,16.132,16.130,3,127,56
1784771994749,2026-07-23T01:59:54.749Z,-23.6044045,-46.8364813,835.074,16.066,16.130,3,127,56
1784771994804,2026-07-23T01:59:54.804Z,-23.6044121,-46.8364788,835.108,16.026,16.070,3,127,56
1784771994859,2026-07-23T01:59:54.859Z,-23.6044197,-46.8364765,835.115,15.968,16.030,3,127,56
1784771994914,2026-07-23T01:59:54.914Z,-23.6044272,-46.8364742,835.159,15.892,15.970,3,127,56
1784771994969,2026-07-23T01:59:54.969Z,-23.6044348,-46.8364718,835.186,15.943,15.890,3,127,56
1784771995024,2026-07-23T01:59:55.024Z,-23.6044426,-46.8364692,835.216,16.073,15.950,3,127,56
1784771995079,2026-07-23T01:59:55.079Z,-23.6044502,-46.8364666,835.226,16.100,16.080,3,127,56
1784771995134,2026-07-23T01:59:55.134Z,-23.6044578,-46.8364637,835.220,16.121,16.100,3,127,56
1784771995189,2026-07-23T01:59:55.189Z,-23.6044653,-46.8364606,835.181,16.151,16.120,3,127,56
1784771995244,2026-07-23T01:59:55.244Z,-23.6044730,-46.8364579,835.176,16.177,16.150,3,127,56
1784771995299,2026-07-23T01:59:55.299Z,-23.6044808,-46.8364552,835.179,16.291,16.180,3,127,56
1784771995354,2026-07-23T01:59:55.354Z,-23.6044885,-46.8364524,835.189,16.293,16.290,3,127,56
1784771995409,2026-07-23T01:59:55.409Z,-23.6044964,-46.8364497,835.196,16.367,16.290,3,127,57
1784771995467,2026-07-23T01:59:55.467Z,-23.6045043,-46.8364469,835.194,16.475,16.370,3,127,57
1784771995525,2026-07-23T01:59:55.525Z,-23.6045121,-46.8364438,835.169,16.567,16.480,3,127,57
1784771995583,2026-07-23T01:59:55.583Z,-23.6045201,-46.8364409,835.132,16.717,16.570,3,127,57
1784771995641,2026-07-23T01:59:55.641Z,-23.6045280,-46.8364381,835.131,16.711,16.720,3,127,57
1784771995700,2026-07-23T01:59:55.700Z,-23.6045359,-46.8364352,835.120,16.750,16.710,3,127,57
1784771995758,2026-07-23T01:59:55.758Z,-23.6045438,-46.8364322,835.091,16.756,16.750,3,127,57
1784771995816,2026-07-23T01:59:55.816Z,-23.6045519,-46.8364292,835.063,16.907,16.760,3,127,57
1784771995874,2026-07-23T01:59:55.874Z,-23.6045599,-46.8364262,835.023,16.927,16.910,3,127,57
1784771995933,2026-07-23T01:59:55.933Z,-23.6045679,-46.8364231,834.978,16.993,16.930,3,127,57
1784771995991,2026-07-23T01:59:55.991Z,-23.6045760,-46.8364203,834.970,17.010,16.990,3,127,57
1784771996049,2026-07-23T01:59:56.049Z,-23.6045839,-46.8364172,834.928,17.021,17.010,3,127,57
1784771996107,2026-07-23T01:59:56.107Z,-23.6045921,-46.8364141,834.895,17.185,17.020,3,127,57
1784771996166,2026-07-23T01:59:56.166Z,-23.6046002,-46.8364110,834.854,17.232,17.180,3,127,57
1784771996224,2026-07-23T01:59:56.224Z,-23.6046084,-46.8364080,834.793,17.301,17.230,3,127,57
1784771996282,2026-07-23T01:59:56.282Z,-23.6046166,-46.8364050,834.756,17.370,17.300,3,127,57
1784771996340,2026-07-23T01:59:56.340Z,-23.6046248,-46.8364019,834.736,17.401,17.370,3,127,57
1784771996399,2026-07-23T01:59:56.399Z,-23.6046332,-46.8363989,834.693,17.506,17.400,3,127,58
1784771996457,2026-07-23T01:59:56.457Z,-23.6046415,-46.8363959,834.620,17.632,17.510,3,127,58
1784771996515,2026-07-23T01:59:56.515Z,-23.6046582,-46.8363900,834.590,17.649,17.630,3,127,58
1784771996573,2026-07-23T01:59:56.573Z,-23.6046666,-46.8363871,834.530,17.730,17.650,3,127,58
1784771996631,2026-07-23T01:59:56.631Z,-23.6046748,-46.8363841,834.493,17.667,17.730,3,127,58
1784771996690,2026-07-23T01:59:56.690Z,-23.6046832,-46.8363811,834.439,17.751,17.670,3,127,58
1784771996748,2026-07-23T01:59:56.748Z,-23.6046919,-46.8363781,834.374,17.968,17.750,3,127,58
1784771996806,2026-07-23T01:59:56.806Z,-23.6047003,-46.8363750,834.282,18.022,17.970,3,127,58
1784771996864,2026-07-23T01:59:56.864Z,-23.6047089,-46.8363720,834.226,18.114,18.020,3,127,58
1784771996923,2026-07-23T01:59:56.923Z,-23.6047176,-46.8363690,834.187,18.205,18.120,3,127,58
1784771996981,2026-07-23T01:59:56.981Z,-23.6047262,-46.8363660,834.166,18.229,18.210,3,127,58
1784771997039,2026-07-23T01:59:57.039Z,-23.6047348,-46.8363629,834.115,18.248,18.230,3,127,58
1784771997097,2026-07-23T01:59:57.097Z,-23.6047436,-46.8363602,834.083,18.332,18.250,3,127,58
1784771997156,2026-07-23T01:59:57.156Z,-23.6047523,-46.8363573,834.051,18.378,18.330,3,127,58
1784771997214,2026-07-23T01:59:57.214Z,-23.6047610,-46.8363542,833.998,18.415,18.380,3,127,58
1784771997272,2026-07-23T01:59:57.272Z,-23.6047698,-46.8363513,833.964,18.441,18.420,3,127,58
1784771997330,2026-07-23T01:59:57.330Z,-23.6047784,-46.8363483,833.940,18.437,18.440,3,127,58
1784771997389,2026-07-23T01:59:57.389Z,-23.6047873,-46.8363452,833.902,18.558,18.440,3,137,59
1784771997444,2026-07-23T01:59:57.444Z,-23.6047962,-46.8363420,833.844,18.703,18.560,3,137,59
1784771997499,2026-07-23T01:59:57.499Z,-23.6048138,-46.8363357,833.770,18.699,18.710,3,137,59
1784771997554,2026-07-23T01:59:57.554Z,-23.6048224,-46.8363327,833.747,18.604,18.700,3,137,59
1784771997609,2026-07-23T01:59:57.609Z,-23.6048313,-46.8363297,833.698,18.694,18.610,3,137,59
1784771997664,2026-07-23T01:59:57.664Z,-23.6048402,-46.8363268,833.676,18.723,18.700,3,137,59
1784771997719,2026-07-23T01:59:57.719Z,-23.6048492,-46.8363238,833.654,18.771,18.730,3,137,59
1784771997774,2026-07-23T01:59:57.774Z,-23.6048582,-46.8363208,833.610,18.876,18.780,3,137,59
1784771997829,2026-07-23T01:59:57.829Z,-23.6048672,-46.8363177,833.561,18.947,18.880,3,137,59
1784771997884,2026-07-23T01:59:57.884Z,-23.6048762,-46.8363145,833.506,19.049,18.950,3,137,59
1784771997939,2026-07-23T01:59:57.939Z,-23.6048855,-46.8363112,833.480,19.262,19.050,3,137,59
1784771997994,2026-07-23T01:59:57.994Z,-23.6048948,-46.8363079,833.461,19.403,19.270,3,137,59
1784771998049,2026-07-23T01:59:58.049Z,-23.6049040,-46.8363046,833.395,19.484,19.410,3,137,59
1784771998104,2026-07-23T01:59:58.104Z,-23.6049132,-46.8363014,833.328,19.480,19.490,3,137,59
1784771998159,2026-07-23T01:59:58.159Z,-23.6049224,-46.8362982,833.298,19.509,19.490,3,137,59
1784771998214,2026-07-23T01:59:58.214Z,-23.6049318,-46.8362951,833.275,19.605,19.520,3,137,59
1784771998269,2026-07-23T01:59:58.269Z,-23.6049410,-46.8362920,833.223,19.544,19.610,3,137,59
1784771998324,2026-07-23T01:59:58.324Z,-23.6049502,-46.8362889,833.197,19.517,19.550,3,137,59
1784771998379,2026-07-23T01:59:58.379Z,-23.6049596,-46.8362858,833.179,19.612,19.520,3,137,60
1784771998437,2026-07-23T01:59:58.437Z,-23.6049690,-46.8362825,833.110,19.685,19.620,3,137,60
1784771998495,2026-07-23T01:59:58.495Z,-23.6049783,-46.8362799,833.088,19.635,19.690,3,137,60
1784771998553,2026-07-23T01:59:58.553Z,-23.6049876,-46.8362771,833.011,19.580,19.640,3,137,60
1784771998611,2026-07-23T01:59:58.611Z,-23.6049969,-46.8362740,832.960,19.592,19.590,3,137,60
1784771998669,2026-07-23T01:59:58.669Z,-23.6050061,-46.8362711,832.966,19.487,19.600,3,137,60
1784771998727,2026-07-23T01:59:58.727Z,-23.6050155,-46.8362679,832.936,19.598,19.490,3,137,60
1784771998785,2026-07-23T01:59:58.785Z,-23.6050249,-46.8362643,832.867,19.778,19.610,3,137,60
1784771998843,2026-07-23T01:59:58.843Z,-23.6050343,-46.8362605,832.778,19.919,19.790,3,137,60
1784771998901,2026-07-23T01:59:58.901Z,-23.6050437,-46.8362566,832.701,20.082,19.930,3,137,60
1784771998959,2026-07-23T01:59:58.959Z,-23.6050532,-46.8362524,832.644,20.200,20.090,3,137,60
1784771999017,2026-07-23T01:59:59.017Z,-23.6050628,-46.8362484,832.615,20.388,20.210,3,137,60
1784771999075,2026-07-23T01:59:59.075Z,-23.6050725,-46.8362445,832.565,20.526,20.400,3,137,60
1784771999133,2026-07-23T01:59:59.133Z,-23.6050821,-46.8362409,832.514,20.555,20.540,3,137,60
1784771999191,2026-07-23T01:59:59.191Z,-23.6050918,-46.8362374,832.488,20.520,20.570,3,137,60
1784771999249,2026-07-23T01:59:59.249Z,-23.6051013,-46.8362336,832.390,20.497,20.530,3,137,60
1784771999307,2026-07-23T01:59:59.307Z,-23.6051110,-46.8362300,832.328,20.561,20.510,3,137,60
1784771999365,2026-07-23T01:59:59.365Z,-23.6051206,-46.8362267,832.324,20.467,20.570,3,137,60
1784771999424,2026-07-23T01:59:59.424Z,-23.6051302,-46.8362231,832.276,20.501,20.480,3,137,61
1784771999476,2026-07-23T01:59:59.476Z,-23.6051398,-46.8362195,832.215,20.527,20.510,3,137,61
1784771999528,2026-07-23T01:59:59.528Z,-23.6051495,-46.8362163,832.260,20.456,20.540,3,137,61
1784771999580,2026-07-23T01:59:59.580Z,-23.6051590,-46.8362130,832.294,20.346,20.470,3,137,61
1784771999632,2026-07-23T01:59:59.632Z,-23.6051687,-46.8362096,832.257,20.428,20.360,3,137,61
1784771999684,2026-07-23T01:59:59.684Z,-23.6051784,-46.8362060,832.184,20.491,20.440,3,137,61
1784771999736,2026-07-23T01:59:59.736Z,-23.6051882,-46.8362025,832.183,20.572,20.500,3,137,61
1784771999788,2026-07-23T01:59:59.788Z,-23.6051980,-46.8361990,832.178,20.640,20.580,3,137,61
1784771999840,2026-07-23T01:59:59.840Z,-23.6052077,-46.8361957,832.167,20.608,20.650,3,137,61
1784771999892,2026-07-23T01:59:59.892Z,-23.6052174,-46.8361924,832.160,20.576,20.620,3,137,61
1784771999945,2026-07-23T01:59:59.945Z,-23.6052271,-46.8361889,832.150,20.597,20.580,3,137,61
1784771999997,2026-07-23T01:59:59.997Z,-23.6052369,-46.8361854,832.108,20.649,20.610,3,137,61
1784772000049,2026-07-23T02:00:00.049Z,-23.6052465,-46.8361817,832.038,20.652,20.660,3,137,61
1784772000101,2026-07-23T02:00:00.101Z,-23.6052564,-46.8361781,831.985,20.765,20.660,3,137,61
1784772000153,2026-07-23T02:00:00.153Z,-23.6052661,-46.8361745,831.926,20.719,20.770,3,137,61
1784772000205,2026-07-23T02:00:00.205Z,-23.6052759,-46.8361710,831.893,20.763,20.730,3,137,61
1784772000257,2026-07-23T02:00:00.257Z,-23.6052857,-46.8361674,831.835,20.793,20.770,3,137,61
1784772000309,2026-07-23T02:00:00.309Z,-23.6052954,-46.8361638,831.781,20.765,20.800,3,137,61
1784772000361,2026-07-23T02:00:00.361Z,-23.6053052,-46.8361604,831.771,20.789,20.780,3,137,61
1784772000414,2026-07-23T02:00:00.414Z,-23.6053152,-46.8361571,831.795,20.826,20.800,3,137,62
1784772000472,2026-07-23T02:00:00.472Z,-23.6053250,-46.8361538,831.769,20.776,20.840,3,137,62
1784772000530,2026-07-23T02:00:00.530Z,-23.6053349,-46.8361503,831.730,20.838,20.790,3,137,62
1784772000588,2026-07-23T02:00:00.588Z,-23.6053446,-46.8361467,831.686,20.783,20.850,3,137,62
1784772000646,2026-07-23T02:00:00.646Z,-23.6053543,-46.8361432,831.656,20.673,20.790,3,137,62
1784772000704,2026-07-23T02:00:00.704Z,-23.6053639,-46.8361399,831.646,20.555,20.680,3,137,62
1784772000762,2026-07-23T02:00:00.762Z,-23.6053735,-46.8361366,831.645,20.510,20.560,3,137,62
1784772000820,2026-07-23T02:00:00.820Z,-23.6053832,-46.8361332,831.682,20.470,20.520,3,137,62
1784772000878,2026-07-23T02:00:00.878Z,-23.6053927,-46.8361302,831.778,20.258,20.480,3,137,62
1784772000936,2026-07-23T02:00:00.936Z,-23.6054022,-46.8361271,831.844,20.166,20.260,3,137,62
1784772000994,2026-07-23T02:00:00.994Z,-23.6054117,-46.8361236,831.831,20.196,20.170,3,137,62
1784772001052,2026-07-23T02:00:01.052Z,-23.6054211,-46.8361203,831.839,20.107,20.200,3,137,62
1784772001110,2026-07-23T02:00:01.110Z,-23.6054303,-46.8361169,831.833,19.947,20.110,3,137,62
1784772001168,2026-07-23T02:00:01.168Z,-23.6054393,-46.8361137,831.840,19.707,19.950,3,137,62
1784772001226,2026-07-23T02:00:01.226Z,-23.6054483,-46.8361102,831.819,19.589,19.710,3,137,62
1784772001284,2026-07-23T02:00:01.284Z,-23.6054572,-46.8361067,831.786,19.475,19.590,3,137,62
1784772001342,2026-07-23T02:00:01.342Z,-23.6054660,-46.8361033,831.782,19.351,19.480,3,137,62
1784772001400,2026-07-23T02:00:01.400Z,-23.6054748,-46.8360998,831.731,19.197,19.360,3,137,62
1784772001459,2026-07-23T02:00:01.459Z,-23.6054837,-46.8360963,831.666,19.198,19.200,3,137,63
1784772001520,2026-07-23T02:00:01.520Z,-23.6055017,-46.8360896,831.615,19.162,19.200,3,137,63
1784772001582,2026-07-23T02:00:01.582Z,-23.6055106,-46.8360864,831.588,19.085,19.170,3,137,63
1784772001644,2026-07-23T02:00:01.644Z,-23.6055193,-46.8360835,831.581,18.847,19.090,3,137,63
1784772001706,2026-07-23T02:00:01.706Z,-23.6055279,-46.8360810,831.564,18.610,18.850,3,137,63
1784772001768,2026-07-23T02:00:01.768Z,-23.6055360,-46.8360792,831.599,18.118,18.620,3,137,63
1784772001830,2026-07-23T02:00:01.830Z,-23.6055447,-46.8360768,831.535,18.137,18.120,3,137,63
1784772001892,2026-07-23T02:00:01.892Z,-23.6055534,-46.8360748,831.532,18.026,18.140,3,137,63
1784772001954,2026-07-23T02:00:01.954Z,-23.6055615,-46.8360733,831.650,17.594,18.030,3,137,63
1784772002015,2026-07-23T02:00:02.015Z,-23.6055696,-46.8360716,831.692,17.238,17.600,3,137,63
1784772002077,2026-07-23T02:00:02.077Z,-23.6055778,-46.8360697,831.692,17.096,17.240,3,137,63
1784772002139,2026-07-23T02:00:02.139Z,-23.6055859,-46.8360680,831.679,16.965,17.100,3,137,63
1784772002201,2026-07-23T02:00:02.201Z,-23.6055939,-46.8360663,831.644,16.746,16.970,3,137,63
1784772002263,2026-07-23T02:00:02.263Z,-23.6056014,-46.8360650,831.631,16.327,16.750,3,137,63
1784772002325,2026-07-23T02:00:02.325Z,-23.6056088,-46.8360637,831.615,15.978,16.330,3,137,63
1784772002387,2026-07-23T02:00:02.387Z,-23.6056163,-46.8360626,831.596,15.748,15.980,3,137,63
1784772002449,2026-07-23T02:00:02.449Z,-23.6056236,-46.8360618,831.573,15.431,15.750,3,137,64
1784772002498,2026-07-23T02:00:02.498Z,-23.6056308,-46.8360609,831.481,15.212,15.440,3,137,64
1784772002547,2026-07-23T02:00:02.547Z,-23.6056376,-46.8360604,831.376,14.861,15.220,3,137,64
1784772002596,2026-07-23T02:00:02.596Z,-23.6056445,-46.8360601,831.254,14.614,14.870,3,137,64
1784772002645,2026-07-23T02:00:02.645Z,-23.6056512,-46.8360600,831.174,14.315,14.620,3,137,64
1784772002695,2026-07-23T02:00:02.695Z,-23.6056579,-46.8360603,831.146,14.053,14.330,3,137,64
1784772002744,2026-07-23T02:00:02.744Z,-23.6056645,-46.8360608,831.118,13.789,14.060,3,137,64
1784772002793,2026-07-23T02:00:02.793Z,-23.6056710,-46.8360616,831.112,13.599,13.800,3,137,64
1784772002842,2026-07-23T02:00:02.842Z,-23.6056775,-46.8360626,831.071,13.465,13.610,3,137,64
1784772002891,2026-07-23T02:00:02.891Z,-23.6056842,-46.8360640,830.989,13.660,13.480,3,137,64
1784772002941,2026-07-23T02:00:02.941Z,-23.6056910,-46.8360657,830.937,13.820,13.670,3,137,64
1784772002990,2026-07-23T02:00:02.990Z,-23.6056976,-46.8360677,830.843,13.884,13.830,3,137,64
1784772003039,2026-07-23T02:00:03.039Z,-23.6057043,-46.8360697,830.780,13.967,13.900,3,137,64
1784772003088,2026-07-23T02:00:03.088Z,-23.6057111,-46.8360719,830.753,14.072,13.980,3,137,64
1784772003137,2026-07-23T02:00:03.137Z,-23.6057178,-46.8360745,830.733,14.166,14.090,3,137,64
1784772003187,2026-07-23T02:00:03.187Z,-23.6057242,-46.8360769,830.684,13.976,14.180,3,137,64
1784772003236,2026-07-23T02:00:03.236Z,-23.6057306,-46.8360797,830.663,13.891,13.990,3,137,64
1784772003285,2026-07-23T02:00:03.285Z,-23.6057367,-46.8360828,830.607,13.839,13.910,3,137,64
1784772003334,2026-07-23T02:00:03.334Z,-23.6057427,-46.8360864,830.511,13.838,13.860,3,137,64
1784772003384,2026-07-23T02:00:03.384Z,-23.6057489,-46.8360906,830.517,14.013,13.860,3,137,65
1784772003441,2026-07-23T02:00:03.441Z,-23.6057548,-46.8360951,830.502,14.115,14.030,3,137,65
1784772003499,2026-07-23T02:00:03.499Z,-23.6057605,-46.8360995,830.443,14.090,14.130,3,137,65
1784772003557,2026-07-23T02:00:03.557Z,-23.6057658,-46.8361041,830.422,13.921,14.110,3,137,65
1784772003615,2026-07-23T02:00:03.615Z,-23.6057709,-46.8361088,830.262,14.007,13.940,3,137,65
1784772003673,2026-07-23T02:00:03.673Z,-23.6057761,-46.8361139,830.082,14.263,14.030,3,137,65
1784772003731,2026-07-23T02:00:03.731Z,-23.6057814,-46.8361195,830.066,14.347,14.290,3,137,65
1784772003789,2026-07-23T02:00:03.789Z,-23.6057864,-46.8361248,829.983,14.349,14.370,3,137,65
1784772003847,2026-07-23T02:00:03.847Z,-23.6057914,-46.8361303,829.897,14.494,14.370,3,137,65
1784772003905,2026-07-23T02:00:03.905Z,-23.6057963,-46.8361362,829.844,14.607,14.520,3,137,65
1784772003962,2026-07-23T02:00:03.962Z,-23.6058007,-46.8361421,829.788,14.466,14.630,3,137,65
1784772004020,2026-07-23T02:00:04.020Z,-23.6058048,-46.8361487,829.697,14.634,14.490,3,137,65
1784772004078,2026-07-23T02:00:04.078Z,-23.6058088,-46.8361556,829.602,14.851,14.660,3,137,65
1784772004136,2026-07-23T02:00:04.136Z,-23.6058125,-46.8361623,829.537,14.824,14.880,3,137,65
1784772004194,2026-07-23T02:00:04.194Z,-23.6058158,-46.8361689,829.492,14.585,14.850,3,137,65
1784772004252,2026-07-23T02:00:04.252Z,-23.6058188,-46.8361754,829.434,14.373,14.620,3,137,65
1784772004310,2026-07-23T02:00:04.310Z,-23.6058218,-46.8361825,829.327,14.469,14.400,3,137,65
1784772004368,2026-07-23T02:00:04.368Z,-23.6058234,-46.8361896,829.269,14.201,14.500,3,137,65
1784772004426,2026-07-23T02:00:04.426Z,-23.6058253,-46.8361967,829.236,14.038,14.240,3,137,65
1784772004484,2026-07-23T02:00:04.484Z,-23.6058273,-46.8362042,829.149,14.240,14.070,3,137,66
1784772004535,2026-07-23T02:00:04.535Z,-23.6058291,-46.8362119,829.094,14.324,14.280,3,137,66
1784772004587,2026-07-23T02:00:04.587Z,-23.6058303,-46.8362196,829.033,14.316,14.360,3,137,66
1784772004639,2026-07-23T02:00:04.639Z,-23.6058314,-46.8362278,828.995,14.480,14.350,3,137,66
1784772004691,2026-07-23T02:00:04.691Z,-23.6058322,-46.8362359,828.909,14.646,14.520,3,137,66
1784772004743,2026-07-23T02:00:04.743Z,-23.6058322,-46.8362437,828.756,14.671,14.680,3,137,66
1784772004795,2026-07-23T02:00:04.795Z,-23.6058326,-46.8362522,828.681,14.917,14.710,3,137,66
1784772004847,2026-07-23T02:00:04.847Z,-23.6058329,-46.8362608,828.630,15.139,14.960,3,137,66
1784772004899,2026-07-23T02:00:04.899Z,-23.6058330,-46.8362694,828.519,15.387,15.180,3,137,66
1784772004951,2026-07-23T02:00:04.951Z,-23.6058332,-46.8362781,828.438,15.578,15.430,3,137,66
1784772005003,2026-07-23T02:00:05.003Z,-23.6058333,-46.8362868,828.356,15.761,15.620,3,137,66
1784772005055,2026-07-23T02:00:05.055Z,-23.6058334,-46.8362955,828.329,15.820,15.800,3,137,66
1784772005107,2026-07-23T02:00:05.107Z,-23.6058334,-46.8363040,828.299,15.751,15.860,3,137,66
1784772005159,2026-07-23T02:00:05.159Z,-23.6058337,-46.8363120,828.213,15.533,15.790,3,137,66
1784772005211,2026-07-23T02:00:05.211Z,-23.6058336,-46.8363196,828.102,15.225,15.570,3,137,66
1784772005263,2026-07-23T02:00:05.263Z,-23.6058336,-46.8363277,827.978,15.301,15.260,3,137,66
1784772005315,2026-07-23T02:00:05.315Z,-23.6058336,-46.8363362,827.916,15.445,15.340,3,137,66
1784772005367,2026-07-23T02:00:05.367Z,-23.6058337,-46.8363449,827.885,15.614,15.490,3,137,66
1784772005419,2026-07-23T02:00:05.419Z,-23.6058339,-46.8363537,827.824,15.840,15.650,3,137,67
1784772005471,2026-07-23T02:00:05.471Z,-23.6058340,-46.8363624,827.750,15.953,15.880,3,137,67
1784772005523,2026-07-23T02:00:05.523Z,-23.6058341,-46.8363708,827.657,15.903,15.990,3,137,67
1784772005575,2026-07-23T02:00:05.575Z,-23.6058345,-46.8363795,827.620,15.935,15.940,3,137,67
1784772005627,2026-07-23T02:00:05.627Z,-23.6058348,-46.8363881,827.523,16.011,15.970,3,137,67
1784772005679,2026-07-23T02:00:05.679Z,-23.6058352,-46.8363968,827.425,16.120,16.050,3,137,67
1784772005731,2026-07-23T02:00:05.731Z,-23.6058358,-46.8364056,827.357,16.220,16.160,3,137,67
1784772005783,2026-07-23T02:00:05.783Z,-23.6058367,-46.8364145,827.326,16.249,16.260,3,137,67
1784772005835,2026-07-23T02:00:05.835Z,-23.6058378,-46.8364231,827.227,16.255,16.290,3,137,67
1784772005887,2026-07-23T02:00:05.887Z,-23.6058391,-46.8364316,827.101,16.332,16.300,3,137,67
1784772005940,2026-07-23T02:00:05.940Z,-23.6058407,-46.8364399,826.880,16.446,16.370,3,137,67
1784772005992,2026-07-23T02:00:05.992Z,-23.6058426,-46.8364487,826.738,16.731,16.490,3,137,67
1784772006044,2026-07-23T02:00:06.044Z,-23.6058447,-46.8364575,826.666,16.841,16.780,3,137,67
1784772006096,2026-07-23T02:00:06.096Z,-23.6058469,-46.8364660,826.645,16.625,16.890,3,137,67
1784772006148,2026-07-23T02:00:06.148Z,-23.6058491,-46.8364743,826.486,16.670,16.670,3,137,67
1784772006200,2026-07-23T02:00:06.200Z,-23.6058519,-46.8364826,826.340,16.785,16.720,3,137,67
1784772006252,2026-07-23T02:00:06.252Z,-23.6058550,-46.8364910,826.299,16.739,16.840,3,137,67
1784772006304,2026-07-23T02:00:06.304Z,-23.6058582,-46.8364995,826.313,16.671,16.790,3,137,67
1784772006356,2026-07-23T02:00:06.356Z,-23.6058618,-46.8365078,826.248,16.797,16.720,3,137,67
1784772006409,2026-07-23T02:00:06.409Z,-23.6058658,-46.8365159,826.174,16.895,16.840,3,137,68
1784772006467,2026-07-23T02:00:06.467Z,-23.6058700,-46.8365240,826.090,17.051,16.940,3,137,68
1784772006525,2026-07-23T02:00:06.525Z,-23.6058743,-46.8365321,826.032,17.161,17.100,3,137,68
1784772006583,2026-07-23T02:00:06.583Z,-23.6058788,-46.8365401,825.990,17.205,17.200,3,137,68
1784772006641,2026-07-23T02:00:06.641Z,-23.6058834,-46.8365481,825.888,17.391,17.250,3,137,68
1784772006700,2026-07-23T02:00:06.700Z,-23.6058879,-46.8365561,825.804,17.467,17.430,3,137,68
1784772006758,2026-07-23T02:00:06.758Z,-23.6058924,-46.8365639,825.685,17.460,17.510,3,137,68
1784772006816,2026-07-23T02:00:06.816Z,-23.6058970,-46.8365718,825.553,17.578,17.500,3,137,68
1784772006874,2026-07-23T02:00:06.874Z,-23.6059015,-46.8365798,825.449,17.603,17.620,3,137,68
1784772006933,2026-07-23T02:00:06.933Z,-23.6059060,-46.8365876,825.296,17.622,17.650,3,137,68
1784772006991,2026-07-23T02:00:06.991Z,-23.6059106,-46.8365959,825.189,17.780,17.670,3,137,68
1784772007049,2026-07-23T02:00:07.049Z,-23.6059150,-46.8366042,825.084,17.854,17.830,3,137,68
1784772007107,2026-07-23T02:00:07.107Z,-23.6059193,-46.8366124,824.986,17.768,17.900,3,137,68
1784772007166,2026-07-23T02:00:07.166Z,-23.6059236,-46.8366209,824.876,17.859,17.820,3,137,68
1784772007224,2026-07-23T02:00:07.224Z,-23.6059277,-46.8366295,824.830,17.832,17.910,3,137,68
1784772007282,2026-07-23T02:00:07.282Z,-23.6059317,-46.8366381,824.697,17.960,17.880,3,137,68
1784772007340,2026-07-23T02:00:07.340Z,-23.6059353,-46.8366469,824.599,17.917,18.010,3,137,68
1784772007399,2026-07-23T02:00:07.399Z,-23.6059388,-46.8366559,824.561,17.881,17.970,3,137,69
1784772007457,2026-07-23T02:00:07.457Z,-23.6059447,-46.8366738,824.351,17.820,17.930,3,137,69
1784772007515,2026-07-23T02:00:07.515Z,-23.6059468,-46.8366831,824.234,17.818,17.880,3,137,69
1784772007573,2026-07-23T02:00:07.573Z,-23.6059488,-46.8366925,824.087,17.919,17.880,3,137,69
1784772007631,2026-07-23T02:00:07.631Z,-23.6059505,-46.8367021,823.956,18.048,17.980,3,137,69
1784772007690,2026-07-23T02:00:07.690Z,-23.6059521,-46.8367119,823.866,18.124,18.110,3,137,69
1784772007748,2026-07-23T02:00:07.748Z,-23.6059536,-46.8367215,823.808,18.057,18.190,3,137,69
1784772007806,2026-07-23T02:00:07.806Z,-23.6059546,-46.8367310,823.597,18.188,18.120,3,137,69
1784772007864,2026-07-23T02:00:07.864Z,-23.6059553,-46.8367408,823.466,18.284,18.250,3,137,69
1784772007923,2026-07-23T02:00:07.923Z,-23.6059559,-46.8367504,823.350,18.187,18.350,3,137,69
1784772007981,2026-07-23T02:00:07.981Z,-23.6059561,-46.8367601,823.208,18.184,18.260,3,137,69
1784772008039,2026-07-23T02:00:08.039Z,-23.6059558,-46.8367700,823.017,18.375,18.260,3,137,69
1784772008097,2026-07-23T02:00:08.097Z,-23.6059555,-46.8367795,822.842,18.292,18.450,3,137,69
1784772008156,2026-07-23T02:00:08.156Z,-23.6059550,-46.8367894,822.807,18.194,18.370,3,137,69
1784772008214,2026-07-23T02:00:08.214Z,-23.6059540,-46.8367989,822.675,18.104,18.270,3,137,69
1784772008272,2026-07-23T02:00:08.272Z,-23.6059527,-46.8368086,822.492,18.232,18.180,3,137,69
1784772008330,2026-07-23T02:00:08.330Z,-23.6059509,-46.8368182,822.370,18.237,18.320,3,137,69
1784772008389,2026-07-23T02:00:08.389Z,-23.6059488,-46.8368278,822.251,18.266,18.320,3,145,70
1784772008453,2026-07-23T02:00:08.453Z,-23.6059445,-46.8368470,822.114,18.148,18.350,3,145,70
1784772008518,2026-07-23T02:00:08.518Z,-23.6059418,-46.8368565,822.074,18.103,18.230,3,145,70
1784772008583,2026-07-23T02:00:08.583Z,-23.6059389,-46.8368661,822.033,18.200,18.180,3,145,70
1784772008647,2026-07-23T02:00:08.647Z,-23.6059358,-46.8368756,821.988,18.239,18.280,3,145,70
1784772008712,2026-07-23T02:00:08.712Z,-23.6059320,-46.8368850,821.936,18.354,18.310,3,145,70
1784772008777,2026-07-23T02:00:08.777Z,-23.6059279,-46.8368949,821.850,18.764,18.430,3,145,70
1784772008841,2026-07-23T02:00:08.841Z,-23.6059239,-46.8369040,821.735,18.733,18.840,3,145,70
1784772008906,2026-07-23T02:00:08.906Z,-23.6059193,-46.8369130,821.637,18.820,18.800,3,145,70
1784772008971,2026-07-23T02:00:08.971Z,-23.6059143,-46.8369219,821.538,18.919,18.890,3,145,70
1784772009036,2026-07-23T02:00:09.036Z,-23.6059092,-46.8369301,821.451,18.771,18.990,3,145,70
1784772009100,2026-07-23T02:00:09.100Z,-23.6059037,-46.8369387,821.424,18.919,18.840,3,145,70
1784772009165,2026-07-23T02:00:09.165Z,-23.6058982,-46.8369470,821.390,18.907,18.990,3,145,70
1784772009230,2026-07-23T02:00:09.230Z,-23.6058922,-46.8369546,821.345,18.705,18.970,3,145,70
1784772009294,2026-07-23T02:00:09.294Z,-23.6058862,-46.8369624,821.283,18.750,18.770,3,145,70
1784772009359,2026-07-23T02:00:09.359Z,-23.6058801,-46.8369702,821.253,18.823,18.810,3,145,70
1784772009424,2026-07-23T02:00:09.424Z,-23.6058737,-46.8369778,821.239,18.838,18.880,3,145,70
1784772009489,2026-07-23T02:00:09.489Z,-23.6058673,-46.8369851,821.216,18.792,18.890,3,137,71
1784772009544,2026-07-23T02:00:09.544Z,-23.6058540,-46.8370001,821.098,19.191,18.840,3,137,71
1784772009599,2026-07-23T02:00:09.599Z,-23.6058470,-46.8370073,821.092,19.186,19.240,3,137,71
1784772009654,2026-07-23T02:00:09.654Z,-23.6058400,-46.8370137,821.063,18.899,19.230,3,137,71
1784772009709,2026-07-23T02:00:09.709Z,-23.6058327,-46.8370200,821.025,18.873,18.940,3,137,71
1784772009764,2026-07-23T02:00:09.764Z,-23.6058251,-46.8370261,820.991,18.912,18.920,3,137,71
1784772009819,2026-07-23T02:00:09.819Z,-23.6058171,-46.8370318,820.972,18.949,18.950,3,137,71
1784772009874,2026-07-23T02:00:09.874Z,-23.6058091,-46.8370371,820.965,18.881,18.990,3,137,71
1784772009929,2026-07-23T02:00:09.929Z,-23.6058010,-46.8370420,820.939,18.800,18.920,3,137,71
1784772009984,2026-07-23T02:00:09.984Z,-23.6057928,-46.8370471,820.896,18.841,18.840,3,137,71
1784772010039,2026-07-23T02:00:10.039Z,-23.6057846,-46.8370520,820.876,18.834,18.880,3,137,71
1784772010094,2026-07-23T02:00:10.094Z,-23.6057765,-46.8370568,820.883,18.743,18.870,3,137,71
1784772010149,2026-07-23T02:00:10.149Z,-23.6057681,-46.8370613,820.890,18.775,18.770,3,137,71
1784772010204,2026-07-23T02:00:10.204Z,-23.6057595,-46.8370656,820.880,18.833,18.800,3,137,71
1784772010259,2026-07-23T02:00:10.259Z,-23.6057509,-46.8370698,820.857,18.853,18.860,3,137,71
1784772010314,2026-07-23T02:00:10.314Z,-23.6057422,-46.8370737,820.831,18.921,18.880,3,137,71
1784772010369,2026-07-23T02:00:10.369Z,-23.6057333,-46.8370773,820.793,18.993,18.950,3,137,71
1784772010424,2026-07-23T02:00:10.424Z,-23.6057245,-46.8370809,820.813,18.961,19.020,3,127,72
1784772010482,2026-07-23T02:00:10.482Z,-23.6057068,-46.8370887,820.763,19.091,18.980,3,127,72
1784772010540,2026-07-23T02:00:10.540Z,-23.6056977,-46.8370925,820.793,19.293,19.110,3,127,72
1784772010598,2026-07-23T02:00:10.598Z,-23.6056887,-46.8370962,820.784,19.313,19.310,3,127,72
1784772010656,2026-07-23T02:00:10.656Z,-23.6056800,-46.8370998,820.766,19.141,19.330,3,127,72
1784772010714,2026-07-23T02:00:10.714Z,-23.6056714,-46.8371036,820.804,19.050,19.160,3,127,72
1784772010772,2026-07-23T02:00:10.772Z,-23.6056625,-46.8371071,820.830,19.020,19.070,3,127,72
1784772010830,2026-07-23T02:00:10.830Z,-23.6056536,-46.8371106,820.827,19.083,19.030,3,127,72
1784772010888,2026-07-23T02:00:10.888Z,-23.6056446,-46.8371140,820.825,19.098,19.100,3,127,72
1784772010946,2026-07-23T02:00:10.946Z,-23.6056357,-46.8371175,820.832,19.069,19.110,3,127,72
1784772011004,2026-07-23T02:00:11.004Z,-23.6056268,-46.8371210,820.865,19.097,19.080,3,127,72
1784772011062,2026-07-23T02:00:11.062Z,-23.6056178,-46.8371244,820.877,19.161,19.110,3,127,72
1784772011120,2026-07-23T02:00:11.120Z,-23.6056088,-46.8371280,820.911,19.188,19.170,3,127,72
1784772011178,2026-07-23T02:00:11.178Z,-23.6055996,-46.8371313,820.933,19.263,19.200,3,127,72
1784772011236,2026-07-23T02:00:11.236Z,-23.6055903,-46.8371346,820.935,19.368,19.270,3,127,72
1784772011294,2026-07-23T02:00:11.294Z,-23.6055811,-46.8371381,820.987,19.521,19.380,3,127,72
1784772011352,2026-07-23T02:00:11.352Z,-23.6055719,-46.8371416,820.993,19.589,19.530,3,127,72
1784772011410,2026-07-23T02:00:11.410Z,-23.6055624,-46.8371450,821.024,19.723,19.600,3,127,72
1784772011469,2026-07-23T02:00:11.469Z,-23.6055531,-46.8371483,821.044,19.742,19.730,3,127,73
1784772011524,2026-07-23T02:00:11.524Z,-23.6055439,-46.8371518,821.109,19.740,19.750,3,127,73
1784772011579,2026-07-23T02:00:11.579Z,-23.6055350,-46.8371551,821.194,19.482,19.740,3,127,73
1784772011634,2026-07-23T02:00:11.634Z,-23.6055263,-46.8371582,821.233,19.177,19.490,3,127,73
1784772011689,2026-07-23T02:00:11.689Z,-23.6055176,-46.8371615,821.276,18.983,19.180,3,127,73
1784772011744,2026-07-23T02:00:11.744Z,-23.6055089,-46.8371645,821.320,18.768,18.990,3,127,73
1784772011799,2026-07-23T02:00:11.799Z,-23.6055001,-46.8371676,821.312,18.780,18.770,3,127,73
1784772011854,2026-07-23T02:00:11.854Z,-23.6054911,-46.8371708,821.348,18.926,18.780,3,127,73
1784772011909,2026-07-23T02:00:11.909Z,-23.6054820,-46.8371738,821.377,19.019,18.930,3,127,73
1784772011964,2026-07-23T02:00:11.964Z,-23.6054731,-46.8371770,821.372,19.018,19.020,3,127,73
1784772012019,2026-07-23T02:00:12.019Z,-23.6054642,-46.8371802,821.405,18.973,19.020,3,127,73
1784772012074,2026-07-23T02:00:12.074Z,-23.6054552,-46.8371833,821.411,18.999,18.970,3,127,73
1784772012129,2026-07-23T02:00:12.129Z,-23.6054459,-46.8371864,821.460,19.189,19.000,3,127,73
1784772012184,2026-07-23T02:00:12.184Z,-23.6054367,-46.8371894,821.496,19.297,19.190,3,127,73
1784772012239,2026-07-23T02:00:12.239Z,-23.6054275,-46.8371924,821.549,19.369,19.300,3,127,73
1784772012294,2026-07-23T02:00:12.294Z,-23.6054183,-46.8371957,821.551,19.411,19.370,3,127,73
1784772012349,2026-07-23T02:00:12.349Z,-23.6054092,-46.8371989,821.566,19.352,19.410,3,127,73
1784772012404,2026-07-23T02:00:12.404Z,-23.6054001,-46.8372023,821.642,19.382,19.350,3,127,74
1784772012459,2026-07-23T02:00:12.459Z,-23.6053911,-46.8372053,821.713,19.292,19.380,3,127,74
1784772012514,2026-07-23T02:00:12.514Z,-23.6053820,-46.8372082,821.732,19.216,19.290,3,127,74
1784772012569,2026-07-23T02:00:12.569Z,-23.6053727,-46.8372112,821.762,19.351,19.220,3,127,74
1784772012624,2026-07-23T02:00:12.624Z,-23.6053636,-46.8372141,821.804,19.284,19.350,3,127,74
1784772012679,2026-07-23T02:00:12.679Z,-23.6053544,-46.8372169,821.850,19.274,19.280,3,127,74
1784772012734,2026-07-23T02:00:12.734Z,-23.6053452,-46.8372198,821.902,19.329,19.270,3,127,74
1784772012789,2026-07-23T02:00:12.789Z,-23.6053359,-46.8372225,821.944,19.358,19.330,3,127,74
1784772012844,2026-07-23T02:00:12.844Z,-23.6053264,-46.8372252,821.981,19.458,19.360,3,127,74
1784772012899,2026-07-23T02:00:12.899Z,-23.6053171,-46.8372276,822.022,19.378,19.460,3,127,74
1784772012954,2026-07-23T02:00:12.954Z,-23.6053076,-46.8372298,822.039,19.436,19.380,3,127,74
1784772013009,2026-07-23T02:00:13.009Z,-23.6052981,-46.8372318,822.055,19.515,19.440,3,127,74
1784772013064,2026-07-23T02:00:13.064Z,-23.6052886,-46.8372337,822.075,19.414,19.520,3,127,74
1784772013119,2026-07-23T02:00:13.119Z,-23.6052792,-46.8372354,822.074,19.348,19.420,3,127,74
1784772013174,2026-07-23T02:00:13.174Z,-23.6052697,-46.8372369,822.089,19.414,19.350,3,127,74
1784772013229,2026-07-23T02:00:13.229Z,-23.6052602,-46.8372382,822.119,19.360,19.420,3,127,74
1784772013284,2026-07-23T02:00:13.284Z,-23.6052506,-46.8372389,822.159,19.386,19.360,3,127,74
1784772013339,2026-07-23T02:00:13.339Z,-23.6052409,-46.8372392,822.149,19.367,19.390,3,127,74
1784772013394,2026-07-23T02:00:13.394Z,-23.6052313,-46.8372395,822.159,19.375,19.370,3,127,74
1784772013449,2026-07-23T02:00:13.449Z,-23.6052217,-46.8372397,822.190,19.340,19.380,3,127,75
1784772013510,2026-07-23T02:00:13.510Z,-23.6052024,-46.8372397,822.247,19.366,19.340,3,127,75
1784772013571,2026-07-23T02:00:13.571Z,-23.6051930,-46.8372390,822.309,19.260,19.370,3,127,75
1784772013633,2026-07-23T02:00:13.633Z,-23.6051835,-46.8372379,822.371,19.234,19.260,3,127,75
1784772013694,2026-07-23T02:00:13.694Z,-23.6051741,-46.8372366,822.417,19.108,19.240,3,127,75
1784772013756,2026-07-23T02:00:13.756Z,-23.6051647,-46.8372349,822.439,19.140,19.110,3,127,75
1784772013817,2026-07-23T02:00:13.817Z,-23.6051553,-46.8372332,822.455,19.183,19.140,3,127,75
1784772013879,2026-07-23T02:00:13.879Z,-23.6051461,-46.8372314,822.473,19.040,19.180,3,127,75
1784772013940,2026-07-23T02:00:13.940Z,-23.6051370,-46.8372292,822.522,18.950,19.040,3,127,75
1784772014002,2026-07-23T02:00:14.002Z,-23.6051280,-46.8372266,822.574,18.780,18.950,3,127,75
1784772014063,2026-07-23T02:00:14.063Z,-23.6051188,-46.8372239,822.654,18.873,18.780,3,127,75
1784772014125,2026-07-23T02:00:14.125Z,-23.6051097,-46.8372210,822.723,18.953,18.880,3,127,75
1784772014186,2026-07-23T02:00:14.186Z,-23.6051007,-46.8372181,822.803,18.824,18.960,3,127,75
1784772014248,2026-07-23T02:00:14.248Z,-23.6050918,-46.8372153,822.902,18.775,18.830,3,127,75
1784772014309,2026-07-23T02:00:14.309Z,-23.6050828,-46.8372123,822.956,18.825,18.780,3,127,75
1784772014371,2026-07-23T02:00:14.371Z,-23.6050738,-46.8372091,822.967,18.926,18.830,3,127,75
1784772014432,2026-07-23T02:00:14.432Z,-23.6050648,-46.8372057,823.022,18.960,18.930,3,127,75
1784772014494,2026-07-23T02:00:14.494Z,-23.6050559,-46.8372021,823.085,19.017,18.970,3,127,76
1784772014545,2026-07-23T02:00:14.545Z,-23.6050470,-46.8371982,823.110,19.057,19.020,3,127,76
1784772014597,2026-07-23T02:00:14.597Z,-23.6050383,-46.8371943,823.138,19.035,19.060,3,127,76
1784772014649,2026-07-23T02:00:14.649Z,-23.6050296,-46.8371900,823.210,19.012,19.040,3,127,76
1784772014701,2026-07-23T02:00:14.701Z,-23.6050211,-46.8371859,823.273,18.897,19.020,3,127,76
1784772014753,2026-07-23T02:00:14.753Z,-23.6050125,-46.8371816,823.349,18.903,18.900,3,127,76
1784772014805,2026-07-23T02:00:14.805Z,-23.6050038,-46.8371772,823.384,18.986,18.910,3,127,76
1784772014857,2026-07-23T02:00:14.857Z,-23.6049953,-46.8371727,823.413,18.998,18.990,3,127,76
1784772014909,2026-07-23T02:00:14.909Z,-23.6049868,-46.8371684,823.481,18.941,19.010,3,127,76
1784772014961,2026-07-23T02:00:14.961Z,-23.6049783,-46.8371638,823.530,18.936,18.950,3,127,76
1784772015013,2026-07-23T02:00:15.013Z,-23.6049699,-46.8371593,823.594,18.889,18.940,3,127,76
1784772015065,2026-07-23T02:00:15.065Z,-23.6049615,-46.8371547,823.640,18.838,18.900,3,127,76
1784772015117,2026-07-23T02:00:15.117Z,-23.6049532,-46.8371500,823.702,18.857,18.850,3,127,76
1784772015169,2026-07-23T02:00:15.169Z,-23.6049448,-46.8371449,823.735,18.951,18.870,3,127,76
1784772015221,2026-07-23T02:00:15.221Z,-23.6049365,-46.8371403,823.771,18.889,18.960,3,127,76
1784772015273,2026-07-23T02:00:15.273Z,-23.6049283,-46.8371354,823.846,18.849,18.900,3,127,76
1784772015325,2026-07-23T02:00:15.325Z,-23.6049201,-46.8371301,823.943,18.852,18.860,3,127,76
1784772015377,2026-07-23T02:00:15.377Z,-23.6049121,-46.8371248,824.038,18.845,18.860,3,127,76
1784772015429,2026-07-23T02:00:15.429Z,-23.6049040,-46.8371194,824.103,18.883,18.860,3,127,77
1784772015484,2026-07-23T02:00:15.484Z,-23.6048881,-46.8371087,824.203,18.826,18.900,3,127,77
1784772015539,2026-07-23T02:00:15.539Z,-23.6048803,-46.8371030,824.237,18.825,18.840,3,127,77
1784772015594,2026-07-23T02:00:15.594Z,-23.6048727,-46.8370973,824.282,18.758,18.840,3,127,77
1784772015649,2026-07-23T02:00:15.649Z,-23.6048651,-46.8370913,824.385,18.734,18.770,3,127,77
1784772015704,2026-07-23T02:00:15.704Z,-23.6048576,-46.8370849,824.518,18.763,18.750,3,127,77
1784772015759,2026-07-23T02:00:15.759Z,-23.6048503,-46.8370787,824.598,18.704,18.780,3,127,77
1784772015814,2026-07-23T02:00:15.814Z,-23.6048432,-46.8370725,824.671,18.598,18.720,3,127,77
1784772015869,2026-07-23T02:00:15.869Z,-23.6048364,-46.8370660,824.751,18.437,18.620,3,127,77
1784772015924,2026-07-23T02:00:15.924Z,-23.6048298,-46.8370596,824.805,18.210,18.460,3,127,77
1784772015979,2026-07-23T02:00:15.979Z,-23.6048235,-46.8370533,824.859,17.897,18.230,3,127,77
1784772016034,2026-07-23T02:00:16.034Z,-23.6048172,-46.8370470,824.914,17.679,17.920,3,127,77
1784772016089,2026-07-23T02:00:16.089Z,-23.6048113,-46.8370405,824.990,17.415,17.700,3,127,77
1784772016144,2026-07-23T02:00:16.144Z,-23.6048057,-46.8370340,825.082,17.097,17.440,3,127,77
1784772016199,2026-07-23T02:00:16.199Z,-23.6048006,-46.8370275,825.155,16.650,17.120,3,127,77
1784772016254,2026-07-23T02:00:16.254Z,-23.6047958,-46.8370211,825.204,16.187,16.680,3,127,77
1784772016309,2026-07-23T02:00:16.309Z,-23.6047912,-46.8370144,825.257,15.951,16.210,3,127,77
1784772016364,2026-07-23T02:00:16.364Z,-23.6047868,-46.8370079,825.307,15.614,15.980,3,127,77
1784772016419,2026-07-23T02:00:16.419Z,-23.6047826,-46.8370016,825.387,15.232,15.640,3,139,78
1784772016474,2026-07-23T02:00:16.474Z,-23.6047789,-46.8369953,825.460,14.768,15.260,3,139,78
1784772016529,2026-07-23T02:00:16.529Z,-23.6047755,-46.8369890,825.540,14.335,14.800,3,139,78
1784772016584,2026-07-23T02:00:16.584Z,-23.6047724,-46.8369825,825.597,14.075,14.370,3,139,78
1784772016639,2026-07-23T02:00:16.639Z,-23.6047696,-46.8369761,825.633,13.715,14.110,3,139,78
1784772016694,2026-07-23T02:00:16.694Z,-23.6047673,-46.8369700,825.723,13.195,13.750,3,139,78
1784772016749,2026-07-23T02:00:16.749Z,-23.6047651,-46.8369639,825.788,12.851,13.230,3,139,78
1784772016804,2026-07-23T02:00:16.804Z,-23.6047631,-46.8369576,825.823,12.660,12.890,3,139,78
1784772016859,2026-07-23T02:00:16.859Z,-23.6047616,-46.8369515,825.880,12.271,12.700,3,139,78
1784772016914,2026-07-23T02:00:16.914Z,-23.6047600,-46.8369456,825.974,11.950,12.310,3,139,78
1784772016969,2026-07-23T02:00:16.969Z,-23.6047588,-46.8369399,826.058,11.566,11.990,3,139,78
1784772017024,2026-07-23T02:00:17.024Z,-23.6047577,-46.8369341,826.104,11.366,11.610,3,139,78
1784772017079,2026-07-23T02:00:17.079Z,-23.6047568,-46.8369280,826.115,11.345,11.410,3,139,78
1784772017134,2026-07-23T02:00:17.134Z,-23.6047559,-46.8369223,826.172,11.190,11.390,3,139,78
1784772017189,2026-07-23T02:00:17.189Z,-23.6047553,-46.8369166,826.244,11.031,11.240,3,139,78
1784772017244,2026-07-23T02:00:17.244Z,-23.6047553,-46.8369105,826.265,11.053,11.080,3,139,78
1784772017299,2026-07-23T02:00:17.299Z,-23.6047555,-46.8369044,826.318,11.113,11.100,3,139,78
1784772017354,2026-07-23T02:00:17.354Z,-23.6047560,-46.8368984,826.389,11.152,11.160,3,139,78
1784772017409,2026-07-23T02:00:17.409Z,-23.6047569,-46.8368927,826.478,10.980,11.200,3,133,79
1784772017467,2026-07-23T02:00:17.467Z,-23.6047582,-46.8368810,826.609,10.902,11.030,3,133,79
1784772017525,2026-07-23T02:00:17.525Z,-23.6047601,-46.8368756,826.680,10.791,10.950,3,133,79
1784772017583,2026-07-23T02:00:17.583Z,-23.6047627,-46.8368705,826.666,10.700,10.840,3,133,79
1784772017641,2026-07-23T02:00:17.641Z,-23.6047649,-46.8368654,826.699,10.565,10.750,3,133,79
1784772017700,2026-07-23T02:00:17.700Z,-23.6047677,-46.8368600,826.752,10.754,10.610,3,133,79
1784772017758,2026-07-23T02:00:17.758Z,-23.6047714,-46.8368550,826.805,10.921,10.800,3,133,79
1784772017816,2026-07-23T02:00:17.816Z,-23.6047751,-46.8368507,826.942,10.834,10.960,3,133,79
1784772017874,2026-07-23T02:00:17.874Z,-23.6047787,-46.8368462,826.997,10.844,10.880,3,133,79
1784772017933,2026-07-23T02:00:17.933Z,-23.6047825,-46.8368419,827.007,10.856,10.890,3,133,79
1784772017991,2026-07-23T02:00:17.991Z,-23.6047866,-46.8368380,827.021,10.840,10.900,3,133,79
1784772018049,2026-07-23T02:00:18.049Z,-23.6047908,-46.8368341,827.086,10.897,10.880,3,133,79
1784772018107,2026-07-23T02:00:18.107Z,-23.6047949,-46.8368305,827.164,10.803,10.940,3,133,79
1784772018166,2026-07-23T02:00:18.166Z,-23.6047994,-46.8368271,827.288,10.856,10.850,3,133,79
1784772018224,2026-07-23T02:00:18.224Z,-23.6048040,-46.8368242,827.374,10.867,10.900,3,133,79
1784772018282,2026-07-23T02:00:18.282Z,-23.6048087,-46.8368217,827.365,10.791,10.910,3,133,79
1784772018340,2026-07-23T02:00:18.340Z,-23.6048135,-46.8368193,827.307,10.796,10.840,3,133,79
1784772018399,2026-07-23T02:00:18.399Z,-23.6048183,-46.8368170,827.294,10.750,10.830,3,127,80
1784772018454,2026-07-23T02:00:18.454Z,-23.6048233,-46.8368151,827.174,10.786,10.790,3,127,80
1784772018509,2026-07-23T02:00:18.509Z,-23.6048282,-46.8368137,827.175,10.662,10.810,3,127,80
1784772018564,2026-07-23T02:00:18.564Z,-23.6048334,-46.8368123,827.133,10.766,10.690,3,127,80
1784772018619,2026-07-23T02:00:18.619Z,-23.6048386,-46.8368114,827.089,10.809,10.790,3,127,80
1784772018674,2026-07-23T02:00:18.674Z,-23.6048439,-46.8368111,826.982,10.813,10.830,3,127,80
1784772018729,2026-07-23T02:00:18.729Z,-23.6048492,-46.8368113,826.843,10.749,10.830,3,127,80
1784772018784,2026-07-23T02:00:18.784Z,-23.6048545,-46.8368116,826.736,10.765,10.760,3,127,80
1784772018839,2026-07-23T02:00:18.839Z,-23.6048598,-46.8368120,826.718,10.723,10.770,3,127,80
1784772018894,2026-07-23T02:00:18.894Z,-23.6048651,-46.8368125,826.695,10.756,10.730,3,127,80
1784772018949,2026-07-23T02:00:18.949Z,-23.6048706,-46.8368131,826.695,10.880,10.760,3,127,80
1784772019004,2026-07-23T02:00:19.004Z,-23.6048760,-46.8368142,826.631,10.926,10.890,3,127,80
1784772019059,2026-07-23T02:00:19.059Z,-23.6048812,-46.8368156,826.578,10.895,10.930,3,127,80
1784772019114,2026-07-23T02:00:19.114Z,-23.6048866,-46.8368171,826.533,11.030,10.900,3,127,80
1784772019169,2026-07-23T02:00:19.169Z,-23.6048919,-46.8368192,826.453,11.113,11.030,3,127,80
1784772019224,2026-07-23T02:00:19.224Z,-23.6048971,-46.8368217,826.408,11.304,11.110,3,127,80
1784772019279,2026-07-23T02:00:19.279Z,-23.6049022,-46.8368244,826.351,11.368,11.300,3,127,80
1784772019334,2026-07-23T02:00:19.334Z,-23.6049071,-46.8368273,826.334,11.350,11.370,3,127,80
1784772019389,2026-07-23T02:00:19.389Z,-23.6049118,-46.8368302,826.315,11.122,11.350,3,133,81
1784772019450,2026-07-23T02:00:19.450Z,-23.6049211,-46.8368369,826.293,11.253,11.120,3,133,81
1784772019511,2026-07-23T02:00:19.511Z,-23.6049259,-46.8368412,826.260,11.661,11.250,3,133,81
1784772019573,2026-07-23T02:00:19.573Z,-23.6049303,-46.8368454,826.259,11.700,11.660,3,133,81
1784772019634,2026-07-23T02:00:19.634Z,-23.6049347,-46.8368496,826.298,11.713,11.700,3,133,81
1784772019696,2026-07-23T02:00:19.696Z,-23.6049392,-46.8368542,826.282,11.919,11.710,3,133,81
1784772019757,2026-07-23T02:00:19.757Z,-23.6049436,-46.8368591,826.234,12.164,11.920,3,133,81
1784772019819,2026-07-23T02:00:19.819Z,-23.6049478,-46.8368637,826.214,12.142,12.160,3,133,81
1784772019880,2026-07-23T02:00:19.880Z,-23.6049522,-46.8368683,826.175,12.254,12.140,3,133,81
1784772019942,2026-07-23T02:00:19.942Z,-23.6049568,-46.8368728,826.126,12.415,12.250,3,133,81
1784772020003,2026-07-23T02:00:20.003Z,-23.6049614,-46.8368773,826.070,12.481,12.420,3,133,81
1784772020065,2026-07-23T02:00:20.065Z,-23.6049661,-46.8368818,826.005,12.611,12.480,3,133,81
1784772020126,2026-07-23T02:00:20.126Z,-23.6049707,-46.8368864,825.964,12.672,12.610,3,133,81
1784772020188,2026-07-23T02:00:20.188Z,-23.6049755,-46.8368911,825.930,12.805,12.670,3,133,81
1784772020249,2026-07-23T02:00:20.249Z,-23.6049803,-46.8368957,825.894,12.860,12.810,3,133,81
1784772020311,2026-07-23T02:00:20.311Z,-23.6049852,-46.8369001,825.856,12.913,12.860,3,133,81
1784772020372,2026-07-23T02:00:20.372Z,-23.6049904,-46.8369045,825.811,13.072,12.920,3,133,81
1784772020434,2026-07-23T02:00:20.434Z,-23.6049955,-46.8369089,825.766,13.184,13.070,3,139,82
1784772020486,2026-07-23T02:00:20.486Z,-23.6050006,-46.8369133,825.720,13.169,13.190,3,139,82
1784772020538,2026-07-23T02:00:20.538Z,-23.6050058,-46.8369171,825.730,13.025,13.170,3,139,82
1784772020590,2026-07-23T02:00:20.590Z,-23.6050110,-46.8369205,825.694,12.789,13.030,3,139,82
1784772020642,2026-07-23T02:00:20.642Z,-23.6050164,-46.8369237,825.675,12.685,12.790,3,139,82
1784772020694,2026-07-23T02:00:20.694Z,-23.6050220,-46.8369268,825.650,12.686,12.690,3,139,82
1784772020746,2026-07-23T02:00:20.746Z,-23.6050276,-46.8369297,825.633,12.688,12.690,3,139,82
1784772020798,2026-07-23T02:00:20.798Z,-23.6050337,-46.8369326,825.630,12.874,12.690,3,139,82
1784772020850,2026-07-23T02:00:20.850Z,-23.6050395,-46.8369351,825.618,12.779,12.880,3,139,82
1784772020902,2026-07-23T02:00:20.902Z,-23.6050455,-46.8369369,825.622,12.689,12.780,3,139,82
1784772020955,2026-07-23T02:00:20.955Z,-23.6050518,-46.8369382,825.620,12.717,12.690,3,139,82
1784772021007,2026-07-23T02:00:21.007Z,-23.6050579,-46.8369395,825.609,12.646,12.720,3,139,82
1784772021059,2026-07-23T02:00:21.059Z,-23.6050637,-46.8369405,825.567,12.386,12.650,3,139,82
1784772021111,2026-07-23T02:00:21.111Z,-23.6050697,-46.8369412,825.552,12.243,12.390,3,139,82
1784772021163,2026-07-23T02:00:21.163Z,-23.6050759,-46.8369415,825.570,12.254,12.250,3,139,82
1784772021215,2026-07-23T02:00:21.215Z,-23.6050818,-46.8369415,825.599,12.090,12.260,3,139,82
1784772021267,2026-07-23T02:00:21.267Z,-23.6050875,-46.8369412,825.598,11.831,12.090,3,139,82
1784772021319,2026-07-23T02:00:21.319Z,-23.6050931,-46.8369408,825.613,11.519,11.830,3,139,82
1784772021371,2026-07-23T02:00:21.371Z,-23.6050987,-46.8369402,825.680,11.403,11.520,3,139,82
1784772021424,2026-07-23T02:00:21.424Z,-23.6051041,-46.8369390,825.728,11.201,11.400,3,139,83
1784772021482,2026-07-23T02:00:21.482Z,-23.6051095,-46.8369375,825.741,11.050,11.200,3,139,83
1784772021540,2026-07-23T02:00:21.540Z,-23.6051148,-46.8369354,825.778,10.952,11.050,3,139,83
1784772021598,2026-07-23T02:00:21.598Z,-23.6051201,-46.8369328,825.777,10.968,10.950,3,139,83
1784772021656,2026-07-23T02:00:21.656Z,-23.6051254,-46.8369299,825.820,11.055,10.970,3,139,83
1784772021714,2026-07-23T02:00:21.714Z,-23.6051306,-46.8369268,825.867,11.187,11.060,3,139,83
1784772021772,2026-07-23T02:00:21.772Z,-23.6051360,-46.8369230,825.788,11.455,11.190,3,139,83
1784772021830,2026-07-23T02:00:21.830Z,-23.6051409,-46.8369193,825.734,11.511,11.460,3,139,83
1784772021888,2026-07-23T02:00:21.888Z,-23.6051460,-46.8369155,825.712,11.666,11.510,3,139,83
1784772021946,2026-07-23T02:00:21.946Z,-23.6051510,-46.8369118,825.657,11.740,11.670,3,139,83
1784772022004,2026-07-23T02:00:22.004Z,-23.6051560,-46.8369075,825.566,11.924,11.740,3,139,83
1784772022062,2026-07-23T02:00:22.062Z,-23.6051606,-46.8369037,825.566,11.838,11.920,3,139,83
1784772022120,2026-07-23T02:00:22.120Z,-23.6051648,-46.8368999,825.564,11.635,11.840,3,139,83
1784772022178,2026-07-23T02:00:22.178Z,-23.6051690,-46.8368954,825.522,11.655,11.640,3,139,83
1784772022236,2026-07-23T02:00:22.236Z,-23.6051728,-46.8368894,825.492,11.903,11.660,3,139,83
1784772022294,2026-07-23T02:00:22.294Z,-23.6051765,-46.8368838,825.493,12.073,11.900,3,139,83
1784772022352,2026-07-23T02:00:22.352Z,-23.6051800,-46.8368782,825.505,12.161,12.070,3,139,83
1784772022410,2026-07-23T02:00:22.410Z,-23.6051833,-46.8368727,825.536,12.151,12.160,3,139,83
1784772022469,2026-07-23T02:00:22.469Z,-23.6051862,-46.8368668,825.561,12.150,12.150,3,139,84
1784772022524,2026-07-23T02:00:22.524Z,-23.6051884,-46.8368606,825.595,12.113,12.150,3,139,84
1784772022579,2026-07-23T02:00:22.579Z,-23.6051899,-46.8368539,825.649,12.138,12.110,3,139,84
1784772022634,2026-07-23T02:00:22.634Z,-23.6051914,-46.8368472,825.662,12.222,12.140,3,139,84
1784772022689,2026-07-23T02:00:22.689Z,-23.6051930,-46.8368404,825.680,12.360,12.220,3,139,84
1784772022744,2026-07-23T02:00:22.744Z,-23.6051945,-46.8368338,825.681,12.379,12.360,3,139,84
1784772022799,2026-07-23T02:00:22.799Z,-23.6051956,-46.8368265,825.645,12.616,12.380,3,139,84
1784772022854,2026-07-23T02:00:22.854Z,-23.6051966,-46.8368193,825.596,12.820,12.620,3,139,84
1784772022909,2026-07-23T02:00:22.909Z,-23.6051977,-46.8368123,825.618,12.893,12.820,3,139,84
1784772022964,2026-07-23T02:00:22.964Z,-23.6051989,-46.8368056,825.633,12.878,12.890,3,139,84
1784772023019,2026-07-23T02:00:23.019Z,-23.6052004,-46.8367987,825.652,12.970,12.880,3,139,84
1784772023074,2026-07-23T02:00:23.074Z,-23.6052018,-46.8367917,825.663,13.108,12.970,3,139,84
1784772023129,2026-07-23T02:00:23.129Z,-23.6052034,-46.8367848,825.639,13.160,13.110,3,139,84
1784772023184,2026-07-23T02:00:23.184Z,-23.6052047,-46.8367777,825.641,13.252,13.160,3,139,84
1784772023239,2026-07-23T02:00:23.239Z,-23.6052062,-46.8367706,825.617,13.314,13.250,3,139,84
1784772023294,2026-07-23T02:00:23.294Z,-23.6052076,-46.8367636,825.583,13.356,13.310,3,139,84
1784772023349,2026-07-23T02:00:23.349Z,-23.6052093,-46.8367567,825.616,13.383,13.360,3,139,84
1784772023404,2026-07-23T02:00:23.404Z,-23.6052110,-46.8367496,825.587,13.449,13.380,3,139,84
1784772023459,2026-07-23T02:00:23.459Z,-23.6052128,-46.8367426,825.593,13.469,13.450,3,133,85
1784772023517,2026-07-23T02:00:23.517Z,-23.6052169,-46.8367287,825.585,13.500,13.470,3,133,85
1784772023575,2026-07-23T02:00:23.575Z,-23.6052192,-46.8367220,825.637,13.491,13.500,3,133,85
1784772023633,2026-07-23T02:00:23.633Z,-23.6052218,-46.8367151,825.607,13.571,13.490,3,133,85
1784772023691,2026-07-23T02:00:23.691Z,-23.6052247,-46.8367083,825.583,13.688,13.570,3,133,85
1784772023750,2026-07-23T02:00:23.750Z,-23.6052281,-46.8367017,825.553,13.702,13.690,3,133,85
1784772023808,2026-07-23T02:00:23.808Z,-23.6052313,-46.8366956,825.540,13.500,13.700,3,133,85
1784772023866,2026-07-23T02:00:23.866Z,-23.6052348,-46.8366897,825.505,13.333,13.500,3,133,85
1784772023924,2026-07-23T02:00:23.924Z,-23.6052386,-46.8366837,825.444,13.336,13.330,3,133,85
1784772023983,2026-07-23T02:00:23.983Z,-23.6052427,-46.8366780,825.416,13.333,13.340,3,133,85
1784772024041,2026-07-23T02:00:24.041Z,-23.6052470,-46.8366725,825.378,13.319,13.330,3,133,85
1784772024099,2026-07-23T02:00:24.099Z,-23.6052513,-46.8366670,825.355,13.300,13.320,3,133,85
1784772024157,2026-07-23T02:00:24.157Z,-23.6052559,-46.8366615,825.313,13.412,13.300,3,133,85
1784772024216,2026-07-23T02:00:24.216Z,-23.6052605,-46.8366564,825.289,13.361,13.410,3,133,85
1784772024274,2026-07-23T02:00:24.274Z,-23.6052654,-46.8366518,825.240,13.278,13.360,3,133,85
1784772024332,2026-07-23T02:00:24.332Z,-23.6052706,-46.8366474,825.251,13.283,13.280,3,133,85
1784772024390,2026-07-23T02:00:24.390Z,-23.6052758,-46.8366430,825.245,13.300,13.280,3,133,85
1784772024449,2026-07-23T02:00:24.449Z,-23.6052812,-46.8366385,825.192,13.409,13.300,3,133,86
1784772024510,2026-07-23T02:00:24.510Z,-23.6052919,-46.8366307,825.158,13.203,13.410,3,133,86
1784772024571,2026-07-23T02:00:24.571Z,-23.6052975,-46.8366276,825.164,13.047,13.200,3,133,86
1784772024633,2026-07-23T02:00:24.633Z,-23.6053032,-46.8366250,825.146,12.919,13.050,3,133,86
1784772024694,2026-07-23T02:00:24.694Z,-23.6053092,-46.8366224,825.004,12.981,12.920,3,133,86
1784772024756,2026-07-23T02:00:24.756Z,-23.6053152,-46.8366205,824.903,12.910,12.980,3,133,86
1784772024817,2026-07-23T02:00:24.817Z,-23.6053212,-46.8366186,824.892,12.835,12.910,3,133,86
1784772024879,2026-07-23T02:00:24.879Z,-23.6053272,-46.8366166,824.813,12.806,12.840,3,133,86
1784772024940,2026-07-23T02:00:24.940Z,-23.6053334,-46.8366153,824.691,12.805,12.810,3,133,86
1784772025002,2026-07-23T02:00:25.002Z,-23.6053397,-46.8366143,824.651,12.850,12.810,3,133,86
1784772025063,2026-07-23T02:00:25.063Z,-23.6053461,-46.8366137,824.620,12.983,12.860,3,133,86
1784772025125,2026-07-23T02:00:25.125Z,-23.6053526,-46.8366132,824.586,13.106,12.990,3,133,86
1784772025186,2026-07-23T02:00:25.186Z,-23.6053591,-46.8366128,824.545,13.162,13.110,3,133,86
1784772025248,2026-07-23T02:00:25.248Z,-23.6053656,-46.8366129,824.494,13.170,13.170,3,133,86
1784772025309,2026-07-23T02:00:25.309Z,-23.6053718,-46.8366137,824.381,13.150,13.180,3,133,86
1784772025371,2026-07-23T02:00:25.371Z,-23.6053781,-46.8366147,824.428,13.045,13.160,3,133,86
1784772025432,2026-07-23T02:00:25.432Z,-23.6053843,-46.8366158,824.348,12.983,13.060,3,133,86
1784772025494,2026-07-23T02:00:25.494Z,-23.6053907,-46.8366176,824.237,13.253,13.000,3,133,87
1784772025552,2026-07-23T02:00:25.552Z,-23.6054032,-46.8366210,824.118,13.137,13.270,3,133,87
1784772025610,2026-07-23T02:00:25.610Z,-23.6054091,-46.8366237,824.030,13.177,13.150,3,133,87
1784772025668,2026-07-23T02:00:25.668Z,-23.6054150,-46.8366266,823.965,13.187,13.200,3,133,87
1784772025726,2026-07-23T02:00:25.726Z,-23.6054205,-46.8366301,823.964,13.119,13.210,3,133,87
1784772025785,2026-07-23T02:00:25.785Z,-23.6054264,-46.8366340,823.897,13.397,13.140,3,133,87
1784772025843,2026-07-23T02:00:25.843Z,-23.6054323,-46.8366375,823.837,13.452,13.420,3,133,87
1784772025901,2026-07-23T02:00:25.901Z,-23.6054375,-46.8366416,823.773,13.358,13.470,3,133,87
1784772025959,2026-07-23T02:00:25.959Z,-23.6054422,-46.8366459,823.717,13.130,13.380,3,133,87
1784772026018,2026-07-23T02:00:26.018Z,-23.6054473,-46.8366504,823.653,13.225,13.150,3,133,87
1784772026076,2026-07-23T02:00:26.076Z,-23.6054521,-46.8366555,823.595,13.379,13.250,3,133,87
1784772026134,2026-07-23T02:00:26.134Z,-23.6054567,-46.8366608,823.535,13.450,13.400,3,133,87
1784772026192,2026-07-23T02:00:26.192Z,-23.6054613,-46.8366664,823.546,13.593,13.470,3,133,87
1784772026251,2026-07-23T02:00:26.251Z,-23.6054659,-46.8366715,823.501,13.445,13.610,3,133,87
1784772026309,2026-07-23T02:00:26.309Z,-23.6054702,-46.8366767,823.413,13.338,13.470,3,133,87
1784772026367,2026-07-23T02:00:26.367Z,-23.6054741,-46.8366825,823.405,13.315,13.360,3,133,87
1784772026425,2026-07-23T02:00:26.425Z,-23.6054780,-46.8366886,823.414,13.401,13.340,3,133,87
1784772026484,2026-07-23T02:00:26.484Z,-23.6054817,-46.8366949,823.352,13.517,13.420,3,127,88
1784772026542,2026-07-23T02:00:26.542Z,-23.6054886,-46.8367074,823.285,13.447,13.540,3,127,88
1784772026600,2026-07-23T02:00:26.600Z,-23.6054909,-46.8367149,823.197,13.774,13.470,3,127,88
1784772026658,2026-07-23T02:00:26.658Z,-23.6054933,-46.8367222,823.149,13.869,13.800,3,127,88
1784772026716,2026-07-23T02:00:26.716Z,-23.6054951,-46.8367295,823.033,13.898,13.890,3,127,88
1784772026775,2026-07-23T02:00:26.775Z,-23.6054966,-46.8367371,822.951,13.974,13.920,3,127,88
1784772026833,2026-07-23T02:00:26.833Z,-23.6054982,-46.8367446,822.862,14.048,14.000,3,127,88
1784772026891,2026-07-23T02:00:26.891Z,-23.6055002,-46.8367519,822.786,14.139,14.070,3,127,88
1784772026949,2026-07-23T02:00:26.949Z,-23.6055024,-46.8367593,822.733,14.212,14.170,3,127,88
1784772027008,2026-07-23T02:00:27.008Z,-23.6055048,-46.8367665,822.692,14.272,14.240,3,127,88
1784772027066,2026-07-23T02:00:27.066Z,-23.6055073,-46.8367737,822.604,14.372,14.300,3,127,88
1784772027124,2026-07-23T02:00:27.124Z,-23.6055100,-46.8367809,822.549,14.418,14.400,3,127,88
1784772027182,2026-07-23T02:00:27.182Z,-23.6055127,-46.8367881,822.491,14.451,14.450,3,127,88
1784772027241,2026-07-23T02:00:27.241Z,-23.6055156,-46.8367951,822.423,14.477,14.480,3,127,88
1784772027299,2026-07-23T02:00:27.299Z,-23.6055187,-46.8368022,822.389,14.492,14.510,3,127,88
1784772027357,2026-07-23T02:00:27.357Z,-23.6055221,-46.8368090,822.339,14.476,14.520,3,127,88
1784772027415,2026-07-23T02:00:27.415Z,-23.6055257,-46.8368156,822.300,14.413,14.500,3,127,88
1784772027474,2026-07-23T02:00:27.474Z,-23.6055297,-46.8368220,822.271,14.387,14.440,3,127,89
1784772027532,2026-07-23T02:00:27.532Z,-23.6055381,-46.8368347,822.148,14.498,14.410,3,127,89
1784772027590,2026-07-23T02:00:27.590Z,-23.6055431,-46.8368403,822.094,14.462,14.530,3,127,89
1784772027648,2026-07-23T02:00:27.648Z,-23.6055482,-46.8368462,822.069,14.581,14.490,3,127,89
1784772027706,2026-07-23T02:00:27.706Z,-23.6055531,-46.8368517,821.981,14.496,14.610,3,127,89
1784772027765,2026-07-23T02:00:27.765Z,-23.6055585,-46.8368571,821.939,14.534,14.530,3,127,89
1784772027823,2026-07-23T02:00:27.823Z,-23.6055642,-46.8368622,821.895,14.596,14.560,3,127,89
1784772027881,2026-07-23T02:00:27.881Z,-23.6055702,-46.8368669,821.866,14.674,14.620,3,127,89
1784772027939,2026-07-23T02:00:27.939Z,-23.6055763,-46.8368712,821.841,14.575,14.700,3,127,89
1784772027998,2026-07-23T02:00:27.998Z,-23.6055825,-46.8368750,821.800,14.447,14.600,3,127,89
1784772028056,2026-07-23T02:00:28.056Z,-23.6055887,-46.8368784,821.713,14.287,14.470,3,127,89
1784772028114,2026-07-23T02:00:28.114Z,-23.6055949,-46.8368816,821.650,14.109,14.310,3,127,89
1784772028172,2026-07-23T02:00:28.172Z,-23.6056014,-46.8368845,821.621,14.029,14.140,3,127,89
1784772028231,2026-07-23T02:00:28.231Z,-23.6056080,-46.8368867,821.555,13.899,14.060,3,127,89
1784772028289,2026-07-23T02:00:28.289Z,-23.6056144,-46.8368882,821.494,13.602,13.930,3,127,89
1784772028347,2026-07-23T02:00:28.347Z,-23.6056211,-46.8368897,821.523,13.514,13.630,3,127,89
1784772028405,2026-07-23T02:00:28.405Z,-23.6056278,-46.8368907,821.543,13.449,13.540,3,127,89
1784772028464,2026-07-23T02:00:28.464Z,-23.6056341,-46.8368912,821.582,13.032,13.470,3,127,90
1784772028516,2026-07-23T02:00:28.516Z,-23.6056403,-46.8368915,821.667,12.770,13.050,3,127,90
1784772028568,2026-07-23T02:00:28.568Z,-23.6056528,-46.8368922,821.638,12.499,12.790,3,127,90
1784772028620,2026-07-23T02:00:28.620Z,-23.6056587,-46.8368916,821.651,12.265,12.520,3,127,90
1784772028672,2026-07-23T02:00:28.672Z,-23.6056642,-46.8368902,821.743,11.807,12.280,3,127,90
1784772028724,2026-07-23T02:00:28.724Z,-23.6056698,-46.8368886,821.819,11.620,11.820,3,127,90
1784772028776,2026-07-23T02:00:28.776Z,-23.6056755,-46.8368862,821.857,11.621,11.630,3,127,90
1784772028828,2026-07-23T02:00:28.828Z,-23.6056809,-46.8368843,821.985,11.511,11.630,3,127,90
1784772028880,2026-07-23T02:00:28.880Z,-23.6056861,-46.8368822,822.116,11.394,11.520,3,127,90
1784772028932,2026-07-23T02:00:28.932Z,-23.6056913,-46.8368801,822.249,11.359,11.400,3,127,90
1784772028985,2026-07-23T02:00:28.985Z,-23.6056965,-46.8368771,822.339,11.406,11.360,3,127,90
1784772029037,2026-07-23T02:00:29.037Z,-23.6057013,-46.8368739,822.349,11.352,11.410,3,127,90
1784772029089,2026-07-23T02:00:29.089Z,-23.6057060,-46.8368699,822.318,11.417,11.350,3,127,90
1784772029141,2026-07-23T02:00:29.141Z,-23.6057106,-46.8368656,822.309,11.547,11.420,3,127,90
1784772029193,2026-07-23T02:00:29.193Z,-23.6057147,-46.8368611,822.349,11.562,11.550,3,127,90
1784772029245,2026-07-23T02:00:29.245Z,-23.6057187,-46.8368566,822.309,11.499,11.560,3,127,90
1784772029297,2026-07-23T02:00:29.297Z,-23.6057226,-46.8368517,822.297,11.618,11.500,3,127,90
1784772029349,2026-07-23T02:00:29.349Z,-23.6057265,-46.8368471,822.328,11.665,11.620,3,127,90
1784772029401,2026-07-23T02:00:29.401Z,-23.6057302,-46.8368424,822.355,11.610,11.670,3,127,90
1784772029454,2026-07-23T02:00:29.454Z,-23.6057334,-46.8368371,822.363,11.606,11.610,3,127,91
1784772029512,2026-07-23T02:00:29.512Z,-23.6057361,-46.8368315,822.324,11.527,11.610,3,127,91
1784772029570,2026-07-23T02:00:29.570Z,-23.6057386,-46.8368257,822.331,11.584,11.530,3,127,91
1784772029628,2026-07-23T02:00:29.628Z,-23.6057408,-46.8368199,822.364,11.552,11.580,3,127,91
1784772029686,2026-07-23T02:00:29.686Z,-23.6057426,-46.8368140,822.385,11.482,11.550,3,127,91
1784772029745,2026-07-23T02:00:29.745Z,-23.6057443,-46.8368081,822.417,11.446,11.480,3,127,91
1784772029803,2026-07-23T02:00:29.803Z,-23.6057461,-46.8368022,822.434,11.421,11.450,3,127,91
1784772029861,2026-07-23T02:00:29.861Z,-23.6057474,-46.8367962,822.461,11.467,11.420,3,127,91
1784772029919,2026-07-23T02:00:29.919Z,-23.6057488,-46.8367901,822.476,11.476,11.470,3,127,91
1784772029978,2026-07-23T02:00:29.978Z,-23.6057500,-46.8367838,822.444,11.560,11.480,3,127,91
1784772030036,2026-07-23T02:00:30.036Z,-23.6057511,-46.8367773,822.419,11.683,11.560,3,127,91
1784772030094,2026-07-23T02:00:30.094Z,-23.6057522,-46.8367711,822.430,11.685,11.680,3,127,91
1784772030152,2026-07-23T02:00:30.152Z,-23.6057531,-46.8367649,822.488,11.691,11.690,3,127,91
1784772030211,2026-07-23T02:00:30.211Z,-23.6057536,-46.8367586,822.595,11.738,11.690,3,127,91
1784772030269,2026-07-23T02:00:30.269Z,-23.6057539,-46.8367523,822.710,11.745,11.740,3,127,91
1784772030327,2026-07-23T02:00:30.327Z,-23.6057540,-46.8367458,822.774,11.860,11.750,3,127,91
1784772030385,2026-07-23T02:00:30.385Z,-23.6057541,-46.8367396,822.864,11.747,11.860,3,127,91
1784772030444,2026-07-23T02:00:30.444Z,-23.6057538,-46.8367331,822.906,11.845,11.750,3,127,92
1784772030505,2026-07-23T02:00:30.505Z,-23.6057534,-46.8367199,822.967,12.107,11.850,3,127,92
1784772030566,2026-07-23T02:00:30.566Z,-23.6057529,-46.8367133,823.049,12.199,12.110,3,127,92
1784772030628,2026-07-23T02:00:30.628Z,-23.6057521,-46.8367067,823.110,12.251,12.200,3,127,92
1784772030689,2026-07-23T02:00:30.689Z,-23.6057509,-46.8367000,823.165,12.359,12.260,3,127,92
1784772030751,2026-07-23T02:00:30.751Z,-23.6057497,-46.8366933,823.190,12.470,12.370,3,127,92
1784772030812,2026-07-23T02:00:30.812Z,-23.6057485,-46.8366866,823.234,12.540,12.480,3,127,92
1784772030874,2026-07-23T02:00:30.874Z,-23.6057471,-46.8366800,823.276,12.496,12.550,3,127,92
1784772030935,2026-07-23T02:00:30.935Z,-23.6057455,-46.8366736,823.326,12.422,12.500,3,127,92
1784772030997,2026-07-23T02:00:30.997Z,-23.6057441,-46.8366671,823.401,12.479,12.430,3,127,92
1784772031058,2026-07-23T02:00:31.058Z,-23.6057425,-46.8366605,823.468,12.517,12.490,3,127,92
1784772031120,2026-07-23T02:00:31.120Z,-23.6057407,-46.8366539,823.530,12.611,12.530,3,127,92
1784772031181,2026-07-23T02:00:31.181Z,-23.6057389,-46.8366474,823.625,12.655,12.620,3,127,92
1784772031243,2026-07-23T02:00:31.243Z,-23.6057373,-46.8366407,823.681,12.719,12.670,3,127,92
1784772031304,2026-07-23T02:00:31.304Z,-23.6057354,-46.8366339,823.737,12.908,12.730,3,127,92
1784772031366,2026-07-23T02:00:31.366Z,-23.6057333,-46.8366270,823.747,13.085,12.920,3,127,92
1784772031427,2026-07-23T02:00:31.427Z,-23.6057314,-46.8366199,823.755,13.287,13.100,3,127,92
1784772031489,2026-07-23T02:00:31.489Z,-23.6057294,-46.8366131,823.859,13.324,13.300,3,127,93
1784772031544,2026-07-23T02:00:31.544Z,-23.6057255,-46.8365992,823.978,13.436,13.340,3,127,93
1784772031599,2026-07-23T02:00:31.599Z,-23.6057233,-46.8365927,824.077,13.290,13.450,3,127,93
1784772031654,2026-07-23T02:00:31.654Z,-23.6057210,-46.8365862,824.181,13.200,13.310,3,127,93
1784772031709,2026-07-23T02:00:31.709Z,-23.6057189,-46.8365799,824.269,12.913,13.220,3,127,93
1784772031764,2026-07-23T02:00:31.764Z,-23.6057169,-46.8365737,824.291,12.691,12.940,3,127,93
1784772031819,2026-07-23T02:00:31.819Z,-23.6057149,-46.8365675,824.319,12.515,12.710,3,127,93
1784772031874,2026-07-23T02:00:31.874Z,-23.6057128,-46.8365612,824.327,12.431,12.540,3,127,93
1784772031929,2026-07-23T02:00:31.929Z,-23.6057109,-46.8365549,824.303,12.359,12.450,3,127,93
1784772031984,2026-07-23T02:00:31.984Z,-23.6057090,-46.8365487,824.357,12.284,12.380,3,127,93
1784772032039,2026-07-23T02:00:32.039Z,-23.6057071,-46.8365421,824.447,12.480,12.300,3,127,93
1784772032094,2026-07-23T02:00:32.094Z,-23.6057052,-46.8365353,824.512,12.772,12.500,3,127,93
1784772032149,2026-07-23T02:00:32.149Z,-23.6057034,-46.8365284,824.617,12.971,12.790,3,127,93
1784772032204,2026-07-23T02:00:32.204Z,-23.6057013,-46.8365213,824.685,13.358,12.990,3,127,93
1784772032259,2026-07-23T02:00:32.259Z,-23.6056994,-46.8365139,824.820,13.751,13.380,3,127,93
1784772032314,2026-07-23T02:00:32.314Z,-23.6056975,-46.8365068,824.918,13.739,13.780,3,127,93
1784772032369,2026-07-23T02:00:32.369Z,-23.6056956,-46.8364998,825.019,13.713,13.770,3,127,93
1784772032424,2026-07-23T02:00:32.424Z,-23.6056935,-46.8364928,825.051,13.696,13.740,3,127,94
1784772032482,2026-07-23T02:00:32.482Z,-23.6056891,-46.8364790,825.204,13.580,13.720,3,127,94
1784772032540,2026-07-23T02:00:32.540Z,-23.6056866,-46.8364722,825.270,13.554,13.610,3,127,94
1784772032598,2026-07-23T02:00:32.598Z,-23.6056840,-46.8364656,825.330,13.460,13.580,3,127,94
1784772032656,2026-07-23T02:00:32.656Z,-23.6056813,-46.8364590,825.400,13.479,13.490,3,127,94
1784772032714,2026-07-23T02:00:32.714Z,-23.6056783,-46.8364525,825.491,13.450,13.510,3,127,94
1784772032772,2026-07-23T02:00:32.772Z,-23.6056751,-46.8364460,825.576,13.567,13.480,3,127,94
1784772032830,2026-07-23T02:00:32.830Z,-23.6056717,-46.8364396,825.608,13.610,13.600,3,127,94
1784772032888,2026-07-23T02:00:32.888Z,-23.6056683,-46.8364334,825.655,13.551,13.640,3,127,94
1784772032946,2026-07-23T02:00:32.946Z,-23.6056644,-46.8364272,825.712,13.676,13.580,3,127,94
1784772033004,2026-07-23T02:00:33.004Z,-23.6056606,-46.8364209,825.709,13.781,13.710,3,127,94
1784772033062,2026-07-23T02:00:33.062Z,-23.6056566,-46.8364151,825.795,13.676,13.810,3,127,94
1784772033120,2026-07-23T02:00:33.120Z,-23.6056523,-46.8364094,825.877,13.603,13.710,3,127,94
1784772033178,2026-07-23T02:00:33.178Z,-23.6056479,-46.8364039,825.927,13.581,13.640,3,127,94
1784772033236,2026-07-23T02:00:33.236Z,-23.6056432,-46.8363987,825.995,13.550,13.610,3,127,94
1784772033294,2026-07-23T02:00:33.294Z,-23.6056382,-46.8363935,826.054,13.705,13.580,3,127,94
1784772033352,2026-07-23T02:00:33.352Z,-23.6056332,-46.8363885,826.122,13.701,13.740,3,127,94
1784772033410,2026-07-23T02:00:33.410Z,-23.6056282,-46.8363838,826.212,13.563,13.730,3,127,94
1784772033469,2026-07-23T02:00:33.469Z,-23.6056230,-46.8363793,826.273,13.523,13.600,3,127,95
1784772033524,2026-07-23T02:00:33.524Z,-23.6056174,-46.8363750,826.319,13.583,13.560,3,127,95
1784772033579,2026-07-23T02:00:33.579Z,-23.6056117,-46.8363709,826.313,13.689,13.620,3,127,95
1784772033634,2026-07-23T02:00:33.634Z,-23.6056060,-46.8363670,826.379,13.665,13.720,3,127,95
1784772033689,2026-07-23T02:00:33.689Z,-23.6056001,-46.8363634,826.445,13.618,13.700,3,127,95
1784772033744,2026-07-23T02:00:33.744Z,-23.6055944,-46.8363602,826.492,13.370,13.650,3,127,95
1784772033799,2026-07-23T02:00:33.799Z,-23.6055882,-46.8363570,826.542,13.552,13.400,3,127,95
1784772033854,2026-07-23T02:00:33.854Z,-23.6055818,-46.8363539,826.576,13.781,13.580,3,127,95
1784772033909,2026-07-23T02:00:33.909Z,-23.6055754,-46.8363508,826.573,13.905,13.810,3,127,95
1784772033964,2026-07-23T02:00:33.964Z,-23.6055692,-46.8363482,826.646,13.749,13.930,3,127,95
1784772034019,2026-07-23T02:00:34.019Z,-23.6055630,-46.8363459,826.682,13.531,13.780,3,127,95
1784772034074,2026-07-23T02:00:34.074Z,-23.6055565,-46.8363438,826.692,13.563,13.560,3,127,95
1784772034129,2026-07-23T02:00:34.129Z,-23.6055497,-46.8363419,826.707,13.740,13.590,3,127,95
1784772034184,2026-07-23T02:00:34.184Z,-23.6055431,-46.8363402,826.791,13.724,13.770,3,127,95
1784772034239,2026-07-23T02:00:34.239Z,-23.6055362,-46.8363385,826.822,13.861,13.750,3,127,95
1784772034294,2026-07-23T02:00:34.294Z,-23.6055294,-46.8363373,826.838,13.864,13.890,3,127,95
1784772034349,2026-07-23T02:00:34.349Z,-23.6055225,-46.8363362,826.883,13.907,13.890,3,127,95
1784772034404,2026-07-23T02:00:34.404Z,-23.6055155,-46.8363353,826.905,14.040,13.930,3,127,95
1784772034459,2026-07-23T02:00:34.459Z,-23.6055085,-46.8363346,826.961,14.040,14.060,3,127,96
1784772034517,2026-07-23T02:00:34.517Z,-23.6054946,-46.8363329,827.043,14.119,14.060,3,127,96
1784772034575,2026-07-23T02:00:34.575Z,-23.6054874,-46.8363323,827.080,14.260,14.140,3,127,96
1784772034633,2026-07-23T02:00:34.633Z,-23.6054802,-46.8363322,827.113,14.375,14.280,3,127,96
1784772034691,2026-07-23T02:00:34.691Z,-23.6054730,-46.8363322,827.143,14.431,14.390,3,127,96
1784772034750,2026-07-23T02:00:34.750Z,-23.6054659,-46.8363324,827.165,14.343,14.450,3,127,96
1784772034808,2026-07-23T02:00:34.808Z,-23.6054589,-46.8363328,827.205,14.320,14.360,3,127,96
1784772034866,2026-07-23T02:00:34.866Z,-23.6054518,-46.8363331,827.244,14.384,14.340,3,127,96
1784772034924,2026-07-23T02:00:34.924Z,-23.6054446,-46.8363335,827.291,14.418,14.400,3,127,96
1784772034983,2026-07-23T02:00:34.983Z,-23.6054375,-46.8363342,827.350,14.434,14.430,3,127,96
1784772035041,2026-07-23T02:00:35.041Z,-23.6054303,-46.8363351,827.383,14.503,14.450,3,127,96
1784772035099,2026-07-23T02:00:35.099Z,-23.6054232,-46.8363363,827.408,14.509,14.520,3,127,96
1784772035157,2026-07-23T02:00:35.157Z,-23.6054162,-46.8363374,827.452,14.509,14.520,3,127,96
1784772035216,2026-07-23T02:00:35.216Z,-23.6054091,-46.8363387,827.496,14.480,14.520,3,127,96
1784772035274,2026-07-23T02:00:35.274Z,-23.6054020,-46.8363403,827.505,14.604,14.500,3,127,96
1784772035332,2026-07-23T02:00:35.332Z,-23.6053948,-46.8363421,827.511,14.734,14.620,3,127,96
1784772035390,2026-07-23T02:00:35.390Z,-23.6053877,-46.8363439,827.530,14.775,14.750,3,127,96
1784772035449,2026-07-23T02:00:35.449Z,-23.6053807,-46.8363460,827.539,14.753,14.790,3,127,97
1784772035507,2026-07-23T02:00:35.507Z,-23.6053664,-46.8363502,827.581,15.002,14.770,3,127,97
1784772035565,2026-07-23T02:00:35.565Z,-23.6053592,-46.8363526,827.607,15.067,15.010,3,127,97
1784772035623,2026-07-23T02:00:35.623Z,-23.6053520,-46.8363548,827.617,15.147,15.080,3,127,97
1784772035681,2026-07-23T02:00:35.681Z,-23.6053448,-46.8363573,827.663,15.175,15.160,3,127,97
1784772035739,2026-07-23T02:00:35.739Z,-23.6053377,-46.8363598,827.702,15.145,15.190,3,127,97
1784772035797,2026-07-23T02:00:35.797Z,-23.6053306,-46.8363621,827.759,15.132,15.160,3,127,97
1784772035855,2026-07-23T02:00:35.855Z,-23.6053235,-46.8363645,827.779,15.071,15.140,3,127,97
1784772035913,2026-07-23T02:00:35.913Z,-23.6053165,-46.8363669,827.838,15.024,15.080,3,127,97
1784772035971,2026-07-23T02:00:35.971Z,-23.6053095,-46.8363694,827.834,14.985,15.040,3,127,97
1784772036029,2026-07-23T02:00:36.029Z,-23.6053026,-46.8363719,827.867,14.972,15.000,3,127,97
1784772036087,2026-07-23T02:00:36.087Z,-23.6052955,-46.8363746,827.929,15.031,14.980,3,127,97
1784772036145,2026-07-23T02:00:36.145Z,-23.6052885,-46.8363770,827.983,14.997,15.040,3,127,97
1784772036203,2026-07-23T02:00:36.203Z,-23.6052814,-46.8363792,827.976,14.993,15.010,3,127,97
1784772036261,2026-07-23T02:00:36.261Z,-23.6052743,-46.8363817,828.045,15.000,15.000,3,127,97
1784772036319,2026-07-23T02:00:36.319Z,-23.6052670,-46.8363841,828.095,15.151,15.010,3,127,97
1784772036377,2026-07-23T02:00:36.377Z,-23.6052597,-46.8363867,828.151,15.306,15.160,3,127,97
1784772036435,2026-07-23T02:00:36.435Z,-23.6052524,-46.8363892,828.199,15.344,15.320,3,127,97
1784772036494,2026-07-23T02:00:36.494Z,-23.6052379,-46.8363945,828.272,15.411,15.360,3,127,98
1784772036552,2026-07-23T02:00:36.552Z,-23.6052306,-46.8363971,828.338,15.469,15.420,3,127,98
1784772036610,2026-07-23T02:00:36.610Z,-23.6052233,-46.8363998,828.409,15.490,15.480,3,127,98
1784772036668,2026-07-23T02:00:36.668Z,-23.6052160,-46.8364023,828.473,15.515,15.510,3,127,98
1784772036726,2026-07-23T02:00:36.726Z,-23.6052087,-46.8364048,828.528,15.500,15.530,3,127,98
1784772036785,2026-07-23T02:00:36.785Z,-23.6052014,-46.8364073,828.594,15.426,15.520,3,127,98
1784772036843,2026-07-23T02:00:36.843Z,-23.6051941,-46.8364100,828.644,15.503,15.440,3,127,98
1784772036901,2026-07-23T02:00:36.901Z,-23.6051867,-46.8364125,828.691,15.532,15.520,3,127,98
1784772036959,2026-07-23T02:00:36.959Z,-23.6051794,-46.8364151,828.736,15.545,15.550,3,127,98
1784772037018,2026-07-23T02:00:37.018Z,-23.6051720,-46.8364177,828.809,15.618,15.560,3,127,98
1784772037076,2026-07-23T02:00:37.076Z,-23.6051646,-46.8364202,828.857,15.613,15.640,3,127,98
1784772037134,2026-07-23T02:00:37.134Z,-23.6051573,-46.8364226,828.907,15.611,15.630,3,127,98
1784772037192,2026-07-23T02:00:37.192Z,-23.6051498,-46.8364251,828.970,15.681,15.630,3,127,98
1784772037251,2026-07-23T02:00:37.251Z,-23.6051423,-46.8364276,829.026,15.707,15.700,3,127,98
1784772037309,2026-07-23T02:00:37.309Z,-23.6051348,-46.8364300,829.071,15.713,15.730,3,127,98
1784772037367,2026-07-23T02:00:37.367Z,-23.6051273,-46.8364326,829.107,15.765,15.730,3,127,98
1784772037425,2026-07-23T02:00:37.425Z,-23.6051198,-46.8364352,829.182,15.830,15.780,3,127,98
1784772037484,2026-07-23T02:00:37.484Z,-23.6051048,-46.8364403,829.251,15.851,15.850,3,127,99
1784772037545,2026-07-23T02:00:37.545Z,-23.6050973,-46.8364430,829.310,15.877,15.870,3,127,99
1784772037607,2026-07-23T02:00:37.607Z,-23.6050897,-46.8364456,829.362,15.969,15.900,3,127,99
1784772037669,2026-07-23T02:00:37.669Z,-23.6050821,-46.8364481,829.396,16.070,15.990,3,127,99
1784772037731,2026-07-23T02:00:37.731Z,-23.6050746,-46.8364508,829.474,16.001,16.090,3,127,99
1784772037793,2026-07-23T02:00:37.793Z,-23.6050671,-46.8364534,829.528,15.983,16.020,3,127,99
1784772037855,2026-07-23T02:00:37.855Z,-23.6050595,-46.8364561,829.601,16.069,16.000,3,127,99
1784772037917,2026-07-23T02:00:37.917Z,-23.6050519,-46.8364586,829.638,16.072,16.090,3,127,99
1784772037979,2026-07-23T02:00:37.979Z,-23.6050446,-46.8364615,829.707,15.945,16.090,3,127,99
1784772038040,2026-07-23T02:00:38.040Z,-23.6050373,-46.8364643,829.793,15.839,15.970,3,127,99
1784772038102,2026-07-23T02:00:38.102Z,-23.6050304,-46.8364673,829.903,15.472,15.860,3,127,99
1784772038164,2026-07-23T02:00:38.164Z,-23.6050235,-46.8364697,829.963,15.154,15.500,3,127,99
1784772038226,2026-07-23T02:00:38.226Z,-23.6050162,-46.8364719,829.995,15.229,15.180,3,127,99
1784772038288,2026-07-23T02:00:38.288Z,-23.6050086,-46.8364743,830.036,15.501,15.260,3,127,99
1784772038350,2026-07-23T02:00:38.350Z,-23.6050008,-46.8364771,830.107,15.898,15.530,3,127,99
1784772038412,2026-07-23T02:00:38.412Z,-23.6049932,-46.8364796,830.157,16.020,15.920,3,127,99
1784772038474,2026-07-23T02:00:38.474Z,-23.6049854,-46.8364821,830.225,16.087,16.050,3,127,100
1784772038526,2026-07-23T02:00:38.526Z,-23.6049694,-46.8364872,830.362,16.656,16.110,3,127,100
1784772038578,2026-07-23T02:00:38.578Z,-23.6049611,-46.8364895,830.430,16.885,16.680,3,127,100
1784772038630,2026-07-23T02:00:38.630Z,-23.6049530,-46.8364917,830.504,16.885,16.910,3,127,100
1784772038682,2026-07-23T02:00:38.682Z,-23.6049449,-46.8364939,830.565,16.835,16.910,3,127,100
1784772038734,2026-07-23T02:00:38.734Z,-23.6049370,-46.8364962,830.621,16.720,16.860,3,127,100
1784772038786,2026-07-23T02:00:38.786Z,-23.6049294,-46.8364986,830.663,16.524,16.750,3,127,100
1784772038838,2026-07-23T02:00:38.838Z,-23.6049218,-46.8365014,830.689,16.429,16.550,3,127,100
1784772038890,2026-07-23T02:00:38.890Z,-23.6049142,-46.8365045,830.759,16.430,16.460,3,127,100
1784772038942,2026-07-23T02:00:38.942Z,-23.6049063,-46.8365073,830.829,16.530,16.460,3,127,100
1784772038995,2026-07-23T02:00:38.995Z,-23.6048984,-46.8365100,830.896,16.576,16.560,3,127,100
1784772039047,2026-07-23T02:00:39.047Z,-23.6048905,-46.8365125,830.932,16.615,16.610,3,127,100
1784772039099,2026-07-23T02:00:39.099Z,-23.6048828,-46.8365152,830.977,16.524,16.640,3,127,100
1784772039151,2026-07-23T02:00:39.151Z,-23.6048749,-46.8365180,831.020,16.618,16.550,3,127,100
1784772039203,2026-07-23T02:00:39.203Z,-23.6048670,-46.8365207,831.059,16.605,16.650,3,127,100
1784772039255,2026-07-23T02:00:39.255Z,-23.6048592,-46.8365234,831.072,16.635,16.630,3,127,100
1784772039307,2026-07-23T02:00:39.307Z,-23.6048514,-46.8365263,831.094,16.679,16.660,3,127,100
1784772039359,2026-07-23T02:00:39.359Z,-23.6048435,-46.8365292,831.140,16.730,16.700,3,127,100
1784772039411,2026-07-23T02:00:39.411Z,-23.6048357,-46.8365321,831.174,16.709,16.750,3,127,100
1784772039464,2026-07-23T02:00:39.464Z,-23.6048278,-46.8365349,831.224,16.697,16.730,3,127,101
1784772039522,2026-07-23T02:00:39.522Z,-23.6048200,-46.8365378,831.259,16.713,16.720,3,127,101
1784772039580,2026-07-23T02:00:39.580Z,-23.6048122,-46.8365406,831.274,16.643,16.740,3,127,101
1784772039638,2026-07-23T02:00:39.638Z,-23.6048044,-46.8365436,831.290,16.682,16.670,3,127,101
1784772039696,2026-07-23T02:00:39.696Z,-23.6047965,-46.8365469,831.308,16.799,16.700,3,127,101
1784772039755,2026-07-23T02:00:39.755Z,-23.6047888,-46.8365505,831.341,16.845,16.820,3,127,101
1784772039813,2026-07-23T02:00:39.813Z,-23.6047812,-46.8365542,831.371,16.815,16.870,3,127,101
1784772039871,2026-07-23T02:00:39.871Z,-23.6047736,-46.8365581,831.385,16.884,16.830,3,127,101
1784772039929,2026-07-23T02:00:39.929Z,-23.6047659,-46.8365622,831.419,17.049,16.900,3,127,101
1784772039988,2026-07-23T02:00:39.988Z,-23.6047583,-46.8365664,831.438,17.113,17.070,3,127,101
1784772040046,2026-07-23T02:00:40.046Z,-23.6047508,-46.8365707,831.441,17.059,17.130,3,127,101
1784772040104,2026-07-23T02:00:40.104Z,-23.6047435,-46.8365752,831.457,17.036,17.080,3,127,101
1784772040162,2026-07-23T02:00:40.162Z,-23.6047362,-46.8365799,831.478,17.044,17.050,3,127,101
1784772040221,2026-07-23T02:00:40.221Z,-23.6047291,-46.8365845,831.456,16.966,17.060,3,127,101
1784772040279,2026-07-23T02:00:40.279Z,-23.6047221,-46.8365895,831.443,16.959,16.980,3,127,101
1784772040337,2026-07-23T02:00:40.337Z,-23.6047151,-46.8365948,831.455,17.009,16.970,3,127,101
1784772040395,2026-07-23T02:00:40.395Z,-23.6047084,-46.8366003,831.447,16.979,17.020,3,127,101
1784772040454,2026-07-23T02:00:40.454Z,-23.6047018,-46.8366060,831.445,16.948,16.990,3,127,102
1784772040515,2026-07-23T02:00:40.515Z,-23.6046884,-46.8366171,831.511,16.923,16.960,3,127,102
1784772040576,2026-07-23T02:00:40.576Z,-23.6046819,-46.8366229,831.520,16.953,16.930,3,127,102
1784772040638,2026-07-23T02:00:40.638Z,-23.6046760,-46.8366297,831.466,17.027,16.960,3,127,102
1784772040699,2026-07-23T02:00:40.699Z,-23.6046698,-46.8366364,831.422,17.228,17.040,3,127,102
1784772040761,2026-07-23T02:00:40.761Z,-23.6046638,-46.8366431,831.389,17.275,17.230,3,127,102
1784772040822,2026-07-23T02:00:40.822Z,-23.6046581,-46.8366501,831.373,17.262,17.280,3,127,102
1784772040884,2026-07-23T02:00:40.884Z,-23.6046526,-46.8366570,831.336,17.203,17.270,3,127,102
1784772040945,2026-07-23T02:00:40.945Z,-23.6046471,-46.8366643,831.323,17.278,17.210,3,127,102
1784772041007,2026-07-23T02:00:41.007Z,-23.6046416,-46.8366717,831.300,17.430,17.280,3,127,102
1784772041068,2026-07-23T02:00:41.068Z,-23.6046364,-46.8366792,831.221,17.474,17.430,3,127,102
1784772041130,2026-07-23T02:00:41.130Z,-23.6046314,-46.8366870,831.139,17.530,17.480,3,127,102
1784772041191,2026-07-23T02:00:41.191Z,-23.6046266,-46.8366948,831.052,17.546,17.530,3,127,102
1784772041253,2026-07-23T02:00:41.253Z,-23.6046221,-46.8367028,830.965,17.571,17.550,3,127,102
1784772041314,2026-07-23T02:00:41.314Z,-23.6046177,-46.8367110,830.885,17.626,17.570,3,127,102
1784772041376,2026-07-23T02:00:41.376Z,-23.6046133,-46.8367192,830.819,17.661,17.630,3,127,102
1784772041437,2026-07-23T02:00:41.437Z,-23.6046093,-46.8367278,830.759,17.747,17.660,3,127,102
1784772041499,2026-07-23T02:00:41.499Z,-23.6046052,-46.8367363,830.677,17.857,17.750,3,127,103
1784772041554,2026-07-23T02:00:41.554Z,-23.6045974,-46.8367535,830.587,17.848,17.860,3,127,103
1784772041609,2026-07-23T02:00:41.609Z,-23.6045941,-46.8367624,830.481,17.874,17.850,3,127,103
1784772041664,2026-07-23T02:00:41.664Z,-23.6045909,-46.8367712,830.365,17.830,17.870,3,127,103
1784772041719,2026-07-23T02:00:41.719Z,-23.6045879,-46.8367799,830.243,17.722,17.830,3,127,103
1784772041774,2026-07-23T02:00:41.774Z,-23.6045852,-46.8367890,830.108,17.781,17.730,3,127,103
1784772041829,2026-07-23T02:00:41.829Z,-23.6045824,-46.8367981,829.996,17.852,17.790,3,127,103
1784772041884,2026-07-23T02:00:41.884Z,-23.6045798,-46.8368072,829.884,17.822,17.860,3,127,103
1784772041939,2026-07-23T02:00:41.939Z,-23.6045774,-46.8368165,829.786,17.858,17.830,3,127,103
1784772041994,2026-07-23T02:00:41.994Z,-23.6045753,-46.8368260,829.660,18.022,17.870,3,127,103
1784772042049,2026-07-23T02:00:42.049Z,-23.6045735,-46.8368355,829.547,18.015,18.030,3,127,103
1784772042104,2026-07-23T02:00:42.104Z,-23.6045719,-46.8368448,829.459,17.828,18.030,3,127,103
1784772042159,2026-07-23T02:00:42.159Z,-23.6045706,-46.8368543,829.300,17.913,17.840,3,127,103
1784772042214,2026-07-23T02:00:42.214Z,-23.6045694,-46.8368639,829.167,18.020,17.930,3,127,103
1784772042269,2026-07-23T02:00:42.269Z,-23.6045683,-46.8368735,829.045,18.036,18.040,3,127,103
1784772042324,2026-07-23T02:00:42.324Z,-23.6045677,-46.8368829,828.910,17.920,18.060,3,127,103
1784772042379,2026-07-23T02:00:42.379Z,-23.6045673,-46.8368921,828.710,17.713,17.950,3,127,103
1784772042434,2026-07-23T02:00:42.434Z,-23.6045669,-46.8369015,828.543,17.745,17.740,3,127,103
1784772042489,2026-07-23T02:00:42.489Z,-23.6045668,-46.8369202,828.364,17.454,17.780,3,127,104
1784772042547,2026-07-23T02:00:42.547Z,-23.6045677,-46.8369295,828.250,17.447,17.490,3,127,104
1784772042605,2026-07-23T02:00:42.605Z,-23.6045688,-46.8369388,828.074,17.515,17.490,3,127,104
1784772042664,2026-07-23T02:00:42.664Z,-23.6045703,-46.8369482,827.929,17.631,17.560,3,127,104
1784772042722,2026-07-23T02:00:42.722Z,-23.6045721,-46.8369571,827.810,17.385,17.680,3,127,104
1784772042781,2026-07-23T02:00:42.781Z,-23.6045742,-46.8369658,827.604,17.149,17.440,3,127,104
1784772042839,2026-07-23T02:00:42.839Z,-23.6045765,-46.8369745,827.426,17.103,17.210,3,127,104
1784772042898,2026-07-23T02:00:42.898Z,-23.6045791,-46.8369834,827.330,17.177,17.170,3,127,104
1784772042956,2026-07-23T02:00:42.956Z,-23.6045819,-46.8369922,827.253,17.154,17.250,3,127,104
1784772043014,2026-07-23T02:00:43.014Z,-23.6045850,-46.8370007,827.141,17.092,17.220,3,127,104
1784772043073,2026-07-23T02:00:43.073Z,-23.6045886,-46.8370090,826.993,17.055,17.160,3,127,104
1784772043131,2026-07-23T02:00:43.131Z,-23.6045925,-46.8370170,826.871,16.918,17.130,3,127,104
1784772043190,2026-07-23T02:00:43.190Z,-23.6045966,-46.8370253,826.771,17.092,17.000,3,127,104
1784772043248,2026-07-23T02:00:43.248Z,-23.6046012,-46.8370333,826.694,17.258,17.170,3,127,104
1784772043307,2026-07-23T02:00:43.307Z,-23.6046060,-46.8370410,826.607,17.159,17.330,3,127,104
1784772043365,2026-07-23T02:00:43.365Z,-23.6046111,-46.8370484,826.479,17.254,17.240,3,127,104
1784772043424,2026-07-23T02:00:43.424Z,-23.6046164,-46.8370559,826.369,17.378,17.330,3,127,105
1784772043482,2026-07-23T02:00:43.482Z,-23.6046272,-46.8370704,826.149,17.364,17.460,3,127,105
1784772043540,2026-07-23T02:00:43.540Z,-23.6046329,-46.8370772,826.084,17.248,17.450,3,127,105
1784772043598,2026-07-23T02:00:43.598Z,-23.6046388,-46.8370839,826.011,17.289,17.330,3,127,105
1784772043656,2026-07-23T02:00:43.656Z,-23.6046449,-46.8370906,825.897,17.347,17.370,3,127,105
1784772043714,2026-07-23T02:00:43.714Z,-23.6046509,-46.8370976,825.824,17.565,17.430,3,127,105
1784772043772,2026-07-23T02:00:43.772Z,-23.6046569,-46.8371047,825.718,17.696,17.640,3,127,105
1784772043830,2026-07-23T02:00:43.830Z,-23.6046626,-46.8371120,825.661,17.711,17.780,3,127,105
1784772043888,2026-07-23T02:00:43.888Z,-23.6046682,-46.8371192,825.560,17.673,17.790,3,127,105
1784772043946,2026-07-23T02:00:43.946Z,-23.6046735,-46.8371266,825.454,17.611,17.750,3,127,105
1784772044004,2026-07-23T02:00:44.004Z,-23.6046787,-46.8371343,825.374,17.721,17.690,3,127,105
1784772044062,2026-07-23T02:00:44.062Z,-23.6046838,-46.8371422,825.342,17.669,17.800,3,127,105
1784772044120,2026-07-23T02:00:44.120Z,-23.6046886,-46.8371503,825.299,17.741,17.740,3,127,105
1784772044178,2026-07-23T02:00:44.178Z,-23.6046929,-46.8371589,825.262,17.877,17.810,3,127,105
1784772044236,2026-07-23T02:00:44.236Z,-23.6046969,-46.8371676,825.176,17.968,17.950,3,127,105
1784772044294,2026-07-23T02:00:44.294Z,-23.6047007,-46.8371765,825.135,18.052,18.040,3,127,105
1784772044352,2026-07-23T02:00:44.352Z,-23.6047042,-46.8371852,825.087,17.841,18.120,3,127,105
1784772044410,2026-07-23T02:00:44.410Z,-23.6047075,-46.8371942,825.023,18.007,17.910,3,127,105
1784772044469,2026-07-23T02:00:44.469Z,-23.6047107,-46.8372031,825.005,17.836,18.070,3,127,106
1784772044521,2026-07-23T02:00:44.521Z,-23.6047135,-46.8372119,824.986,17.589,17.900,3,127,106
1784772044573,2026-07-23T02:00:44.573Z,-23.6047159,-46.8372211,824.963,17.608,17.650,3,127,106
1784772044625,2026-07-23T02:00:44.625Z,-23.6047182,-46.8372301,824.912,17.541,17.670,3,127,106
1784772044677,2026-07-23T02:00:44.677Z,-23.6047200,-46.8372395,824.864,17.615,17.600,3,127,106
1784772044729,2026-07-23T02:00:44.729Z,-23.6047215,-46.8372488,824.809,17.589,17.670,3,127,106
1784772044781,2026-07-23T02:00:44.781Z,-23.6047228,-46.8372583,824.766,17.664,17.650,3,127,106
1784772044833,2026-07-23T02:00:44.833Z,-23.6047239,-46.8372678,824.717,17.757,17.720,3,127,106
1784772044885,2026-07-23T02:00:44.885Z,-23.6047247,-46.8372774,824.688,17.787,17.810,3,127,106
1784772044937,2026-07-23T02:00:44.937Z,-23.6047250,-46.8372869,824.651,17.697,17.840,3,127,106
1784772044990,2026-07-23T02:00:44.990Z,-23.6047250,-46.8372965,824.615,17.779,17.750,3,127,106
1784772045042,2026-07-23T02:00:45.042Z,-23.6047249,-46.8373061,824.602,17.697,17.830,3,127,106
1784772045094,2026-07-23T02:00:45.094Z,-23.6047239,-46.8373151,824.614,17.322,17.740,3,127,106
1784772045146,2026-07-23T02:00:45.146Z,-23.6047228,-46.8373247,824.566,17.533,17.360,3,127,106
1784772045198,2026-07-23T02:00:45.198Z,-23.6047214,-46.8373343,824.557,17.728,17.570,3,127,106
1784772045250,2026-07-23T02:00:45.250Z,-23.6047197,-46.8373434,824.597,17.480,17.770,3,127,106
1784772045302,2026-07-23T02:00:45.302Z,-23.6047174,-46.8373528,824.638,17.612,17.520,3,127,106
1784772045354,2026-07-23T02:00:45.354Z,-23.6047148,-46.8373618,824.687,17.460,17.640,3,127,106
1784772045406,2026-07-23T02:00:45.406Z,-23.6047121,-46.8373705,824.698,17.263,17.490,3,127,106
1784772045459,2026-07-23T02:00:45.459Z,-23.6047059,-46.8373873,824.703,16.714,17.290,3,127,107
1784772045517,2026-07-23T02:00:45.517Z,-23.6047021,-46.8373957,824.728,16.944,16.730,3,127,107
1784772045575,2026-07-23T02:00:45.575Z,-23.6046978,-46.8374043,824.711,17.444,16.960,3,127,107
1784772045633,2026-07-23T02:00:45.633Z,-23.6046936,-46.8374124,824.788,17.288,17.460,3,127,107
1784772045691,2026-07-23T02:00:45.691Z,-23.6046894,-46.8374199,824.901,16.748,17.300,3,127,107
1784772045750,2026-07-23T02:00:45.750Z,-23.6046848,-46.8374279,824.986,16.964,16.760,3,127,107
1784772045808,2026-07-23T02:00:45.808Z,-23.6046799,-46.8374354,824.971,17.073,16.970,3,127,107
1784772045866,2026-07-23T02:00:45.866Z,-23.6046750,-46.8374426,824.985,16.873,17.080,3,127,107
1784772045924,2026-07-23T02:00:45.924Z,-23.6046697,-46.8374496,825.044,16.778,16.880,3,127,107
1784772045983,2026-07-23T02:00:45.983Z,-23.6046643,-46.8374569,825.194,16.828,16.780,3,127,107
1784772046041,2026-07-23T02:00:46.041Z,-23.6046585,-46.8374632,825.190,16.665,16.830,3,127,107
1784772046099,2026-07-23T02:00:46.099Z,-23.6046524,-46.8374687,825.094,16.485,16.670,3,127,107
1784772046157,2026-07-23T02:00:46.157Z,-23.6046464,-46.8374749,825.112,16.555,16.490,3,127,107
1784772046216,2026-07-23T02:00:46.216Z,-23.6046402,-46.8374809,825.111,16.640,16.560,3,127,107
1784772046274,2026-07-23T02:00:46.274Z,-23.6046336,-46.8374860,825.059,16.560,16.640,3,127,107
1784772046332,2026-07-23T02:00:46.332Z,-23.6046272,-46.8374909,825.040,16.264,16.560,3,127,107
1784772046390,2026-07-23T02:00:46.390Z,-23.6046206,-46.8374957,825.032,16.187,16.270,3,127,107
1784772046449,2026-07-23T02:00:46.449Z,-23.6046073,-46.8375048,824.975,15.904,16.190,3,127,108
1784772046510,2026-07-23T02:00:46.510Z,-23.6046001,-46.8375082,824.985,15.843,15.910,3,127,108
1784772046572,2026-07-23T02:00:46.572Z,-23.6045929,-46.8375117,825.016,15.798,15.850,3,127,108
1784772046634,2026-07-23T02:00:46.634Z,-23.6045857,-46.8375148,825.094,15.655,15.800,3,127,108
1784772046696,2026-07-23T02:00:46.696Z,-23.6045785,-46.8375177,825.156,15.483,15.660,3,127,108
1784772046758,2026-07-23T02:00:46.758Z,-23.6045710,-46.8375204,825.215,15.528,15.480,3,127,108
1784772046820,2026-07-23T02:00:46.820Z,-23.6045634,-46.8375231,825.305,15.633,15.530,3,127,108
1784772046882,2026-07-23T02:00:46.882Z,-23.6045559,-46.8375256,825.368,15.635,15.630,3,127,108
1784772046944,2026-07-23T02:00:46.944Z,-23.6045482,-46.8375278,825.459,15.635,15.640,3,127,108
1784772047005,2026-07-23T02:00:47.005Z,-23.6045407,-46.8375303,825.540,15.648,15.640,3,127,108
1784772047067,2026-07-23T02:00:47.067Z,-23.6045332,-46.8375327,825.621,15.674,15.650,3,127,108
1784772047129,2026-07-23T02:00:47.129Z,-23.6045257,-46.8375352,825.688,15.651,15.680,3,127,108
1784772047191,2026-07-23T02:00:47.191Z,-23.6045181,-46.8375375,825.783,15.652,15.650,3,127,108
1784772047253,2026-07-23T02:00:47.253Z,-23.6045103,-46.8375394,825.852,15.740,15.650,3,127,108
1784772047315,2026-07-23T02:00:47.315Z,-23.6045027,-46.8375414,825.907,15.702,15.740,3,127,108
1784772047377,2026-07-23T02:00:47.377Z,-23.6044952,-46.8375433,825.983,15.619,15.710,3,127,108
1784772047439,2026-07-23T02:00:47.439Z,-23.6044877,-46.8375450,826.040,15.501,15.620,3,127,109
1784772047500,2026-07-23T02:00:47.500Z,-23.6044732,-46.8375478,826.140,14.803,15.510,3,127,109
1784772047561,2026-07-23T02:00:47.561Z,-23.6044664,-46.8375483,826.204,14.350,14.810,3,127,109
1784772047623,2026-07-23T02:00:47.623Z,-23.6044595,-46.8375487,826.262,14.081,14.360,3,127,109
1784772047684,2026-07-23T02:00:47.684Z,-23.6044525,-46.8375487,826.316,13.969,14.090,3,127,109
1784772047746,2026-07-23T02:00:47.746Z,-23.6044455,-46.8375482,826.386,13.846,13.980,3,127,109
1784772047807,2026-07-23T02:00:47.807Z,-23.6044387,-46.8375470,826.403,13.695,13.860,3,127,109
1784772047869,2026-07-23T02:00:47.869Z,-23.6044319,-46.8375458,826.405,13.551,13.710,3,127,109
1784772047930,2026-07-23T02:00:47.930Z,-23.6044259,-46.8375449,826.401,13.039,13.560,3,127,109
1784772047992,2026-07-23T02:00:47.992Z,-23.6044196,-46.8375428,826.400,12.928,13.050,3,127,109
1784772048053,2026-07-23T02:00:48.053Z,-23.6044133,-46.8375409,826.406,12.860,12.940,3,127,109
1784772048115,2026-07-23T02:00:48.115Z,-23.6044072,-46.8375389,826.437,12.779,12.870,3,127,109
1784772048176,2026-07-23T02:00:48.176Z,-23.6044013,-46.8375364,826.469,12.657,12.790,3,127,109
1784772048238,2026-07-23T02:00:48.238Z,-23.6043953,-46.8375338,826.514,12.686,12.670,3,127,109
1784772048299,2026-07-23T02:00:48.299Z,-23.6043894,-46.8375308,826.572,12.752,12.700,3,127,109
1784772048361,2026-07-23T02:00:48.361Z,-23.6043838,-46.8375274,826.593,12.680,12.760,3,127,109
1784772048422,2026-07-23T02:00:48.422Z,-23.6043782,-46.8375240,826.633,12.738,12.690,3,127,109
1784772048484,2026-07-23T02:00:48.484Z,-23.6043727,-46.8375200,826.658,12.791,12.750,3,127,110
1784772048536,2026-07-23T02:00:48.536Z,-23.6043620,-46.8375120,826.737,12.916,12.800,3,127,110
1784772048588,2026-07-23T02:00:48.588Z,-23.6043573,-46.8375075,826.763,12.804,12.930,3,127,110
1784772048640,2026-07-23T02:00:48.640Z,-23.6043526,-46.8375025,826.775,12.850,12.820,3,127,110
1784772048692,2026-07-23T02:00:48.692Z,-23.6043479,-46.8374973,826.796,12.977,12.860,3,127,110
1784772048744,2026-07-23T02:00:48.744Z,-23.6043436,-46.8374924,826.847,12.772,12.990,3,127,110
1784772048796,2026-07-23T02:00:48.796Z,-23.6043399,-46.8374874,826.897,12.446,12.780,3,127,110
1784772048848,2026-07-23T02:00:48.848Z,-23.6043362,-46.8374820,826.930,12.412,12.460,3,127,110
1784772048900,2026-07-23T02:00:48.900Z,-23.6043329,-46.8374769,827.004,12.089,12.420,3,127,110
1784772048952,2026-07-23T02:00:48.952Z,-23.6043295,-46.8374717,827.096,11.977,12.100,3,127,110
1784772049005,2026-07-23T02:00:49.005Z,-23.6043257,-46.8374665,827.190,12.102,11.990,3,127,110
1784772049057,2026-07-23T02:00:49.057Z,-23.6043222,-46.8374608,827.174,12.266,12.120,3,127,110
1784772049109,2026-07-23T02:00:49.109Z,-23.6043192,-46.8374553,827.219,12.105,12.280,3,127,110
1784772049161,2026-07-23T02:00:49.161Z,-23.6043164,-46.8374497,827.302,11.965,12.120,3,127,110
1784772049213,2026-07-23T02:00:49.213Z,-23.6043140,-46.8374437,827.297,11.971,11.980,3,127,110
1784772049265,2026-07-23T02:00:49.265Z,-23.6043119,-46.8374376,827.279,12.026,11.990,3,127,110
1784772049317,2026-07-23T02:00:49.317Z,-23.6043100,-46.8374312,827.234,12.114,12.040,3,127,110
1784772049369,2026-07-23T02:00:49.369Z,-23.6043087,-46.8374244,827.213,12.298,12.130,3,127,110
1784772049421,2026-07-23T02:00:49.421Z,-23.6043070,-46.8374176,827.286,12.508,12.310,3,127,110
1784772049474,2026-07-23T02:00:49.474Z,-23.6043055,-46.8374111,827.291,12.483,12.520,3,127,111
1784772049529,2026-07-23T02:00:49.529Z,-23.6043043,-46.8374043,827.291,12.615,12.490,3,127,111
1784772049584,2026-07-23T02:00:49.584Z,-23.6043035,-46.8373977,827.296,12.574,12.620,3,127,111
1784772049639,2026-07-23T02:00:49.639Z,-23.6043033,-46.8373913,827.292,12.439,12.580,3,127,111
1784772049694,2026-07-23T02:00:49.694Z,-23.6043036,-46.8373853,827.349,12.177,12.450,3,127,111
1784772049749,2026-07-23T02:00:49.749Z,-23.6043041,-46.8373791,827.397,12.052,12.180,3,127,111
1784772049804,2026-07-23T02:00:49.804Z,-23.6043051,-46.8373730,827.449,11.911,12.060,3,127,111
1784772049859,2026-07-23T02:00:49.859Z,-23.6043064,-46.8373668,827.485,11.891,11.920,3,127,111
1784772049914,2026-07-23T02:00:49.914Z,-23.6043080,-46.8373605,827.512,12.005,11.900,3,127,111
1784772049969,2026-07-23T02:00:49.969Z,-23.6043096,-46.8373542,827.563,12.053,12.010,3,127,111
1784772050024,2026-07-23T02:00:50.024Z,-23.6043115,-46.8373480,827.609,12.043,12.060,3,127,111
1784772050079,2026-07-23T02:00:50.079Z,-23.6043137,-46.8373415,827.607,12.260,12.050,3,127,111
1784772050134,2026-07-23T02:00:50.134Z,-23.6043161,-46.8373351,827.622,12.426,12.270,3,127,111
1784772050189,2026-07-23T02:00:50.189Z,-23.6043187,-46.8373286,827.649,12.639,12.430,3,127,111
1784772050244,2026-07-23T02:00:50.244Z,-23.6043213,-46.8373223,827.669,12.700,12.650,3,127,111
1784772050299,2026-07-23T02:00:50.299Z,-23.6043238,-46.8373159,827.677,12.779,12.710,3,127,111
1784772050354,2026-07-23T02:00:50.354Z,-23.6043266,-46.8373097,827.611,12.800,12.790,3,127,111
1784772050409,2026-07-23T02:00:50.409Z,-23.6043292,-46.8373033,827.541,12.816,12.810,3,127,111
1784772050464,2026-07-23T02:00:50.464Z,-23.6043319,-46.8372970,827.500,12.868,12.820,3,127,112
1784772050525,2026-07-23T02:00:50.525Z,-23.6043343,-46.8372906,827.521,12.848,12.870,3,127,112
1784772050586,2026-07-23T02:00:50.586Z,-23.6043365,-46.8372841,827.562,12.887,12.850,3,127,112
1784772050648,2026-07-23T02:00:50.648Z,-23.6043387,-46.8372775,827.559,12.949,12.890,3,127,112
1784772050709,2026-07-23T02:00:50.709Z,-23.6043409,-46.8372710,827.526,12.907,12.950,3,127,112
1784772050771,2026-07-23T02:00:50.771Z,-23.6043429,-46.8372644,827.542,12.881,12.910,3,127,112
1784772050832,2026-07-23T02:00:50.832Z,-23.6043448,-46.8372578,827.561,12.882,12.880,3,127,112
1784772050894,2026-07-23T02:00:50.894Z,-23.6043464,-46.8372511,827.547,12.880,12.880,3,127,112
1784772050955,2026-07-23T02:00:50.955Z,-23.6043480,-46.8372443,827.546,12.930,12.880,3,127,112
1784772051017,2026-07-23T02:00:51.017Z,-23.6043494,-46.8372372,827.513,13.091,12.930,3,127,112
1784772051078,2026-07-23T02:00:51.078Z,-23.6043505,-46.8372303,827.517,13.072,13.090,3,127,112
1784772051140,2026-07-23T02:00:51.140Z,-23.6043515,-46.8372233,827.544,13.098,13.070,3,127,112
1784772051201,2026-07-23T02:00:51.201Z,-23.6043523,-46.8372163,827.582,13.105,13.100,3,127,112
1784772051263,2026-07-23T02:00:51.263Z,-23.6043531,-46.8372090,827.597,13.303,13.110,3,127,112
1784772051324,2026-07-23T02:00:51.324Z,-23.6043536,-46.8372016,827.611,13.472,13.300,3,127,112
1784772051386,2026-07-23T02:00:51.386Z,-23.6043539,-46.8371943,827.643,13.480,13.470,3,127,112
1784772051447,2026-07-23T02:00:51.447Z,-23.6043540,-46.8371870,827.664,13.517,13.480,3,127,112
1784772051509,2026-07-23T02:00:51.509Z,-23.6043538,-46.8371797,827.696,13.541,13.520,3,127,113
1784772051564,2026-07-23T02:00:51.564Z,-23.6043536,-46.8371653,827.741,13.416,13.540,3,127,113
1784772051619,2026-07-23T02:00:51.619Z,-23.6043530,-46.8371580,827.808,13.513,13.420,3,127,113
1784772051674,2026-07-23T02:00:51.674Z,-23.6043522,-46.8371505,827.832,13.676,13.520,3,127,113
1784772051729,2026-07-23T02:00:51.729Z,-23.6043514,-46.8371429,827.896,13.828,13.680,3,127,113
1784772051784,2026-07-23T02:00:51.784Z,-23.6043504,-46.8371354,827.948,13.917,13.830,3,127,113
1784772051839,2026-07-23T02:00:51.839Z,-23.6043493,-46.8371281,828.017,13.890,13.920,3,127,113
1784772051894,2026-07-23T02:00:51.894Z,-23.6043481,-46.8371209,828.094,13.826,13.890,3,127,113
1784772051949,2026-07-23T02:00:51.949Z,-23.6043468,-46.8371136,828.135,13.806,13.830,3,127,113
1784772052004,2026-07-23T02:00:52.004Z,-23.6043454,-46.8371061,828.155,13.955,13.810,3,127,113
1784772052059,2026-07-23T02:00:52.059Z,-23.6043440,-46.8370988,828.201,13.912,13.960,3,127,113
1784772052114,2026-07-23T02:00:52.114Z,-23.6043425,-46.8370917,828.270,13.809,13.920,3,127,113
1784772052169,2026-07-23T02:00:52.169Z,-23.6043408,-46.8370844,828.335,13.869,13.820,3,127,113
1784772052224,2026-07-23T02:00:52.224Z,-23.6043390,-46.8370770,828.400,13.986,13.880,3,127,113
1784772052279,2026-07-23T02:00:52.279Z,-23.6043369,-46.8370698,828.442,13.974,14.000,3,127,113
1784772052334,2026-07-23T02:00:52.334Z,-23.6043348,-46.8370625,828.510,14.079,13.980,3,127,113
1784772052389,2026-07-23T02:00:52.389Z,-23.6043327,-46.8370553,828.587,14.065,14.090,3,127,113
1784772052444,2026-07-23T02:00:52.444Z,-23.6043304,-46.8370481,828.676,14.078,14.080,3,127,113
1784772052499,2026-07-23T02:00:52.499Z,-23.6043237,-46.8370265,828.786,14.104,14.090,3,127,114
1784772052561,2026-07-23T02:00:52.561Z,-23.6043211,-46.8370195,828.830,14.056,14.120,3,127,114
1784772052623,2026-07-23T02:00:52.623Z,-23.6043180,-46.8370126,828.938,14.084,14.070,3,127,114
1784772052686,2026-07-23T02:00:52.686Z,-23.6043149,-46.8370058,829.023,14.091,14.100,3,127,114
1784772052748,2026-07-23T02:00:52.748Z,-23.6043119,-46.8369991,829.127,14.034,14.110,3,127,114
1784772052810,2026-07-23T02:00:52.810Z,-23.6043087,-46.8369924,829.234,14.030,14.050,3,127,114
1784772052873,2026-07-23T02:00:52.873Z,-23.6043055,-46.8369856,829.325,14.097,14.050,3,127,114
1784772052935,2026-07-23T02:00:52.935Z,-23.6043020,-46.8369789,829.428,14.200,14.120,3,127,114
1784772052997,2026-07-23T02:00:52.997Z,-23.6042983,-46.8369722,829.528,14.258,14.230,3,127,114
1784772053060,2026-07-23T02:00:53.060Z,-23.6042947,-46.8369657,829.622,14.177,14.290,3,127,114
1784772053122,2026-07-23T02:00:53.122Z,-23.6042910,-46.8369593,829.709,14.114,14.210,3,127,114
1784772053184,2026-07-23T02:00:53.184Z,-23.6042872,-46.8369529,829.797,14.122,14.150,3,127,114
1784772053247,2026-07-23T02:00:53.247Z,-23.6042833,-46.8369468,829.893,13.997,14.160,3,127,114
1784772053309,2026-07-23T02:00:53.309Z,-23.6042792,-46.8369406,829.966,14.044,14.030,3,127,114
1784772053371,2026-07-23T02:00:53.371Z,-23.6042750,-46.8369347,830.056,14.028,14.080,3,127,114
1784772053434,2026-07-23T02:00:53.434Z,-23.6042705,-46.8369289,830.180,14.068,14.060,3,127,115
1784772053492,2026-07-23T02:00:53.492Z,-23.6042614,-46.8369175,830.368,14.037,14.110,3,127,115
1784772053550,2026-07-23T02:00:53.550Z,-23.6042564,-46.8369121,830.473,14.096,14.080,3,127,115
1784772053608,2026-07-23T02:00:53.608Z,-23.6042515,-46.8369068,830.581,14.049,14.140,3,127,115
1784772053666,2026-07-23T02:00:53.666Z,-23.6042468,-46.8369015,830.716,13.896,14.100,3,127,115
1784772053725,2026-07-23T02:00:53.725Z,-23.6042420,-46.8368962,830.845,13.910,13.950,3,127,115
1784772053783,2026-07-23T02:00:53.783Z,-23.6042370,-46.8368908,830.933,14.029,13.970,3,127,115
1784772053841,2026-07-23T02:00:53.841Z,-23.6042320,-46.8368855,831.044,14.051,14.080,3,127,115
1784772053899,2026-07-23T02:00:53.899Z,-23.6042271,-46.8368802,831.167,14.036,14.110,3,127,115
1784772053958,2026-07-23T02:00:53.958Z,-23.6042223,-46.8368749,831.286,13.941,14.100,3,127,115
1784772054016,2026-07-23T02:00:54.016Z,-23.6042174,-46.8368693,831.392,14.029,14.000,3,127,115
1784772054074,2026-07-23T02:00:54.074Z,-23.6042128,-46.8368636,831.471,14.059,14.090,3,127,115
1784772054132,2026-07-23T02:00:54.132Z,-23.6042083,-46.8368579,831.560,13.939,14.120,3,127,115
1784772054191,2026-07-23T02:00:54.191Z,-23.6042040,-46.8368520,831.655,13.923,14.000,3,127,115
1784772054249,2026-07-23T02:00:54.249Z,-23.6041999,-46.8368461,831.738,13.859,13.990,3,127,115
1784772054307,2026-07-23T02:00:54.307Z,-23.6041959,-46.8368397,831.793,13.995,13.930,3,127,115
1784772054365,2026-07-23T02:00:54.365Z,-23.6041921,-46.8368336,831.920,13.828,14.060,3,127,115
1784772054424,2026-07-23T02:00:54.424Z,-23.6041885,-46.8368272,832.034,13.780,13.900,3,127,116
1784772054482,2026-07-23T02:00:54.482Z,-23.6041813,-46.8368144,832.212,13.863,13.850,3,127,116
1784772054540,2026-07-23T02:00:54.540Z,-23.6041779,-46.8368077,832.281,13.927,13.940,3,127,116
1784772054598,2026-07-23T02:00:54.598Z,-23.6041749,-46.8368008,832.335,13.964,14.000,3,127,116
1784772054656,2026-07-23T02:00:54.656Z,-23.6041718,-46.8367939,832.380,14.066,14.030,3,127,116
1784772054714,2026-07-23T02:00:54.714Z,-23.6041689,-46.8367872,832.409,13.958,14.130,3,127,116
1784772054772,2026-07-23T02:00:54.772Z,-23.6041665,-46.8367804,832.407,13.826,14.020,3,127,116
1784772054830,2026-07-23T02:00:54.830Z,-23.6041641,-46.8367736,832.474,13.762,13.890,3,127,116
1784772054888,2026-07-23T02:00:54.888Z,-23.6041619,-46.8367668,832.516,13.692,13.820,3,127,116
1784772054946,2026-07-23T02:00:54.946Z,-23.6041601,-46.8367597,832.560,13.651,13.750,3,127,116
1784772055004,2026-07-23T02:00:55.004Z,-23.6041586,-46.8367521,832.546,13.915,13.710,3,127,116
1784772055062,2026-07-23T02:00:55.062Z,-23.6041574,-46.8367444,832.518,14.077,13.970,3,127,116
1784772055120,2026-07-23T02:00:55.120Z,-23.6041565,-46.8367373,832.589,13.870,14.120,3,127,116
1784772055178,2026-07-23T02:00:55.178Z,-23.6041557,-46.8367296,832.611,14.037,13.920,3,127,116
1784772055236,2026-07-23T02:00:55.236Z,-23.6041553,-46.8367219,832.631,14.115,14.080,3,127,116
1784772055294,2026-07-23T02:00:55.294Z,-23.6041553,-46.8367144,832.665,14.098,14.160,3,127,116
1784772055352,2026-07-23T02:00:55.352Z,-23.6041556,-46.8367070,832.734,14.023,14.140,3,127,116
1784772055410,2026-07-23T02:00:55.410Z,-23.6041565,-46.8366995,832.784,14.049,14.060,3,127,116
1784772055469,2026-07-23T02:00:55.469Z,-23.6041574,-46.8366922,832.804,14.001,14.090,3,127,117
1784772055521,2026-07-23T02:00:55.521Z,-23.6041589,-46.8366850,832.822,13.920,14.040,3,127,117
1784772055573,2026-07-23T02:00:55.573Z,-23.6041611,-46.8366781,832.814,13.814,13.960,3,127,117
1784772055625,2026-07-23T02:00:55.625Z,-23.6041633,-46.8366711,832.846,13.818,13.850,3,127,117
1784772055677,2026-07-23T02:00:55.677Z,-23.6041659,-46.8366644,832.890,13.749,13.850,3,127,117
1784772055729,2026-07-23T02:00:55.729Z,-23.6041685,-46.8366577,832.937,13.658,13.780,3,127,117
1784772055781,2026-07-23T02:00:55.781Z,-23.6041716,-46.8366510,832.980,13.738,13.690,3,127,117
1784772055833,2026-07-23T02:00:55.833Z,-23.6041748,-46.8366444,833.040,13.775,13.770,3,127,117
1784772055885,2026-07-23T02:00:55.885Z,-23.6041782,-46.8366378,833.032,13.841,13.810,3,127,117
1784772055937,2026-07-23T02:00:55.937Z,-23.6041817,-46.8366312,833.065,13.987,13.870,3,127,117
1784772055990,2026-07-23T02:00:55.990Z,-23.6041854,-46.8366248,833.108,13.998,14.010,3,127,117
1784772056042,2026-07-23T02:00:56.042Z,-23.6041892,-46.8366187,833.167,13.916,14.020,3,127,117
1784772056094,2026-07-23T02:00:56.094Z,-23.6041933,-46.8366124,833.134,14.019,13.940,3,127,117
1784772056146,2026-07-23T02:00:56.146Z,-23.6041973,-46.8366063,833.146,13.977,14.040,3,127,117
1784772056198,2026-07-23T02:00:56.198Z,-23.6042014,-46.8366001,833.176,14.018,14.000,3,127,117
1784772056250,2026-07-23T02:00:56.250Z,-23.6042056,-46.8365940,833.224,14.075,14.040,3,127,117
1784772056302,2026-07-23T02:00:56.302Z,-23.6042100,-46.8365880,833.203,14.121,14.100,3,127,117
1784772056354,2026-07-23T02:00:56.354Z,-23.6042146,-46.8365822,833.221,14.168,14.140,3,127,117
1784772056406,2026-07-23T02:00:56.406Z,-23.6042194,-46.8365767,833.263,14.139,14.190,3,127,117
1784772056459,2026-07-23T02:00:56.459Z,-23.6042244,-46.8365713,833.283,14.190,14.160,3,127,118
1784772056517,2026-07-23T02:00:56.517Z,-23.6042295,-46.8365659,833.309,14.288,14.210,3,127,118
1784772056575,2026-07-23T02:00:56.575Z,-23.6042349,-46.8365608,833.329,14.303,14.310,3,127,118
1784772056633,2026-07-23T02:00:56.633Z,-23.6042405,-46.8365558,833.341,14.462,14.320,3,127,118
1784772056691,2026-07-23T02:00:56.691Z,-23.6042462,-46.8365512,833.404,14.411,14.480,3,127,118
1784772056749,2026-07-23T02:00:56.749Z,-23.6042521,-46.8365466,833.391,14.513,14.430,3,127,118
1784772056807,2026-07-23T02:00:56.807Z,-23.6042582,-46.8365421,833.371,14.619,14.530,3,127,118
1784772056865,2026-07-23T02:00:56.865Z,-23.6042644,-46.8365378,833.367,14.641,14.630,3,127,118
1784772056923,2026-07-23T02:00:56.923Z,-23.6042705,-46.8365338,833.395,14.572,14.650,3,127,118
1784772056981,2026-07-23T02:00:56.981Z,-23.6042769,-46.8365301,833.393,14.537,14.580,3,127,118
1784772057039,2026-07-23T02:00:57.039Z,-23.6042834,-46.8365265,833.405,14.592,14.550,3,127,118
1784772057097,2026-07-23T02:00:57.097Z,-23.6042899,-46.8365229,833.380,14.663,14.600,3,127,118
1784772057155,2026-07-23T02:00:57.155Z,-23.6042964,-46.8365195,833.392,14.653,14.670,3,127,118
1784772057213,2026-07-23T02:00:57.213Z,-23.6043032,-46.8365162,833.404,14.775,14.660,3,127,118
1784772057271,2026-07-23T02:00:57.271Z,-23.6043100,-46.8365131,833.411,14.817,14.780,3,127,118
1784772057329,2026-07-23T02:00:57.329Z,-23.6043170,-46.8365102,833.415,14.948,14.820,3,127,118
1784772057387,2026-07-23T02:00:57.387Z,-23.6043240,-46.8365074,833.436,14.975,14.950,3,127,118
1784772057445,2026-07-23T02:00:57.445Z,-23.6043311,-46.8365048,833.431,15.080,14.980,3,127,118
1784772057504,2026-07-23T02:00:57.504Z,-23.6043454,-46.8364994,833.448,15.177,15.090,3,127,119
1784772057565,2026-07-23T02:00:57.565Z,-23.6043528,-46.8364971,833.450,15.322,15.180,3,127,119
1784772057627,2026-07-23T02:00:57.627Z,-23.6043602,-46.8364950,833.448,15.354,15.330,3,127,119
1784772057689,2026-07-23T02:00:57.689Z,-23.6043677,-46.8364929,833.436,15.504,15.360,3,127,119
1784772057751,2026-07-23T02:00:57.751Z,-23.6043752,-46.8364905,833.409,15.585,15.510,3,127,119
1784772057813,2026-07-23T02:00:57.813Z,-23.6043829,-46.8364880,833.350,15.799,15.590,3,127,119
1784772057875,2026-07-23T02:00:57.875Z,-23.6043908,-46.8364855,833.345,16.055,15.800,3,127,119
1784772057937,2026-07-23T02:00:57.937Z,-23.6043987,-46.8364832,833.334,16.232,16.060,3,127,119
1784772057999,2026-07-23T02:00:57.999Z,-23.6044065,-46.8364807,833.355,16.276,16.230,3,127,119
1784772058060,2026-07-23T02:00:58.060Z,-23.6044141,-46.8364779,833.361,16.255,16.280,3,127,119
1784772058122,2026-07-23T02:00:58.122Z,-23.6044216,-46.8364754,833.363,16.104,16.260,3,127,119
1784772058184,2026-07-23T02:00:58.184Z,-23.6044290,-46.8364730,833.376,15.926,16.110,3,127,119
1784772058246,2026-07-23T02:00:58.246Z,-23.6044364,-46.8364706,833.367,15.755,15.930,3,127,119
1784772058308,2026-07-23T02:00:58.308Z,-23.6044439,-46.8364682,833.356,15.773,15.760,3,127,119
1784772058370,2026-07-23T02:00:58.370Z,-23.6044514,-46.8364658,833.352,15.785,15.770,3,127,119
1784772058432,2026-07-23T02:00:58.432Z,-23.6044590,-46.8364630,833.340,15.910,15.790,3,127,119
1784772058494,2026-07-23T02:00:58.494Z,-23.6044666,-46.8364603,833.313,16.004,15.910,3,127,120
1784772058549,2026-07-23T02:00:58.549Z,-23.6044818,-46.8364549,833.336,16.098,16.010,3,127,120
1784772058604,2026-07-23T02:00:58.604Z,-23.6044893,-46.8364521,833.350,16.107,16.100,3,127,120
1784772058659,2026-07-23T02:00:58.659Z,-23.6044969,-46.8364493,833.340,16.165,16.110,3,127,120
1784772058714,2026-07-23T02:00:58.714Z,-23.6045048,-46.8364466,833.319,16.328,16.170,3,127,120
1784772058769,2026-07-23T02:00:58.769Z,-23.6045127,-46.8364438,833.296,16.461,16.330,3,127,120
1784772058824,2026-07-23T02:00:58.824Z,-23.6045206,-46.8364411,833.307,16.553,16.460,3,127,120
1784772058879,2026-07-23T02:00:58.879Z,-23.6045286,-46.8364382,833.293,16.688,16.550,3,127,120
1784772058934,2026-07-23T02:00:58.934Z,-23.6045366,-46.8364355,833.266,16.767,16.690,3,127,120
1784772058989,2026-07-23T02:00:58.989Z,-23.6045446,-46.8364326,833.245,16.850,16.770,3,127,120
1784772059044,2026-07-23T02:00:59.044Z,-23.6045526,-46.8364297,833.224,16.927,16.850,3,127,120
1784772059099,2026-07-23T02:00:59.099Z,-23.6045606,-46.8364269,833.207,16.945,16.930,3,127,120
1784772059154,2026-07-23T02:00:59.154Z,-23.6045686,-46.8364239,833.178,16.991,16.950,3,127,120
1784772059209,2026-07-23T02:00:59.209Z,-23.6045766,-46.8364208,833.153,17.031,16.990,3,127,120
1784772059264,2026-07-23T02:00:59.264Z,-23.6045845,-46.8364178,833.130,17.048,17.030,3,127,120
1784772059319,2026-07-23T02:00:59.319Z,-23.6045926,-46.8364147,833.093,17.090,17.050,3,127,120
1784772059374,2026-07-23T02:00:59.374Z,-23.6046007,-46.8364116,833.087,17.195,17.090,3,127,120
1784772059429,2026-07-23T02:00:59.429Z,-23.6046088,-46.8364086,833.053,17.210,17.190,3,127,120
1784772059484,2026-07-23T02:00:59.484Z,-23.6046169,-46.8364057,833.022,17.266,17.210,3,127,121
1784772059536,2026-07-23T02:00:59.536Z,-23.6046251,-46.8364028,833.000,17.288,17.270,3,127,121
1784772059588,2026-07-23T02:00:59.588Z,-23.6046332,-46.8364000,832.968,17.264,17.290,3,127,121
1784772059640,2026-07-23T02:00:59.640Z,-23.6046414,-46.8363969,832.944,17.335,17.260,3,127,121
1784772059692,2026-07-23T02:00:59.692Z,-23.6046496,-46.8363937,832.871,17.424,17.330,3,127,121
1784772059744,2026-07-23T02:00:59.744Z,-23.6046578,-46.8363905,832.837,17.489,17.420,3,127,121
1784772059796,2026-07-23T02:00:59.796Z,-23.6046661,-46.8363875,832.784,17.585,17.490,3,127,121
1784772059848,2026-07-23T02:00:59.848Z,-23.6046745,-46.8363843,832.736,17.714,17.590,3,127,121
1784772059900,2026-07-23T02:00:59.900Z,-23.6046829,-46.8363810,832.720,17.810,17.710,3,127,121
1784772059952,2026-07-23T02:00:59.952Z,-23.6046914,-46.8363779,832.706,17.968,17.810,3,127,121
1784772060005,2026-07-23T02:01:00.005Z,-23.6047000,-46.8363748,832.664,18.055,17.970,3,127,121
1784772060057,2026-07-23T02:01:00.057Z,-23.6047085,-46.8363718,832.607,18.058,18.060,3,127,121
1784772060109,2026-07-23T02:01:00.109Z,-23.6047171,-46.8363688,832.551,18.098,18.060,3,127,121
1784772060161,2026-07-23T02:01:00.161Z,-23.6047257,-46.8363659,832.503,18.163,18.100,3,127,121
1784772060213,2026-07-23T02:01:00.213Z,-23.6047344,-46.8363631,832.461,18.167,18.170,3,127,121
1784772060265,2026-07-23T02:01:00.265Z,-23.6047431,-46.8363604,832.416,18.232,18.170,3,127,121
1784772060317,2026-07-23T02:01:00.317Z,-23.6047519,-46.8363579,832.461,18.212,18.230,3,127,121
1784772060369,2026-07-23T02:01:00.369Z,-23.6047606,-46.8363550,832.416,18.265,18.210,3,127,121
1784772060421,2026-07-23T02:01:00.421Z,-23.6047694,-46.8363522,832.354,18.306,18.270,3,127,121
1784772060474,2026-07-23T02:01:00.474Z,-23.6047781,-46.8363493,832.326,18.352,18.310,3,127,122
1784772060535,2026-07-23T02:01:00.535Z,-23.6047869,-46.8363463,832.270,18.462,18.350,3,127,122
1784772060596,2026-07-23T02:01:00.596Z,-23.6047957,-46.8363433,832.212,18.505,18.460,3,127,122
1784772060658,2026-07-23T02:01:00.658Z,-23.6048045,-46.8363404,832.173,18.506,18.510,3,127,122
1784772060719,2026-07-23T02:01:00.719Z,-23.6048134,-46.8363373,832.130,18.641,18.510,3,127,122
1784772060781,2026-07-23T02:01:00.781Z,-23.6048223,-46.8363343,832.110,18.689,18.640,3,127,122
1784772060842,2026-07-23T02:01:00.842Z,-23.6048313,-46.8363311,832.043,18.826,18.690,3,127,122
1784772060904,2026-07-23T02:01:00.904Z,-23.6048403,-46.8363281,831.998,18.898,18.830,3,127,122
1784772060965,2026-07-23T02:01:00.965Z,-23.6048491,-46.8363250,831.948,18.868,18.900,3,127,122
1784772061027,2026-07-23T02:01:01.027Z,-23.6048581,-46.8363219,831.909,18.902,18.870,3,127,122
1784772061088,2026-07-23T02:01:01.088Z,-23.6048671,-46.8363189,831.880,18.963,18.910,3,127,122
1784772061150,2026-07-23T02:01:01.150Z,-23.6048762,-46.8363154,831.828,19.120,18.970,3,127,122
1784772061211,2026-07-23T02:01:01.211Z,-23.6048852,-46.8363120,831.813,19.193,19.120,3,127,122
1784772061273,2026-07-23T02:01:01.273Z,-23.6048943,-46.8363087,831.784,19.241,19.200,3,127,122
1784772061334,2026-07-23T02:01:01.334Z,-23.6049035,-46.8363056,831.732,19.299,19.250,3,127,122
1784772061396,2026-07-23T02:01:01.396Z,-23.6049127,-46.8363027,831.703,19.342,19.300,3,127,122
1784772061457,2026-07-23T02:01:01.457Z,-23.6049219,-46.8362996,831.701,19.356,19.350,3,127,122
1784772061519,2026-07-23T02:01:01.519Z,-23.6049311,-46.8362966,831.665,19.378,19.360,3,127,123
1784772061574,2026-07-23T02:01:01.574Z,-23.6049495,-46.8362903,831.613,19.411,19.380,3,127,123
1784772061629,2026-07-23T02:01:01.629Z,-23.6049588,-46.8362872,831.585,19.448,19.420,3,127,123
1784772061684,2026-07-23T02:01:01.684Z,-23.6049680,-46.8362838,831.554,19.514,19.450,3,127,123
1784772061739,2026-07-23T02:01:01.739Z,-23.6049774,-46.8362805,831.516,19.583,19.520,3,127,123
1784772061794,2026-07-23T02:01:01.794Z,-23.6049868,-46.8362772,831.451,19.701,19.590,3,127,123
1784772061849,2026-07-23T02:01:01.849Z,-23.6049961,-46.8362740,831.418,19.672,19.710,3,127,123
1784772061904,2026-07-23T02:01:01.904Z,-23.6050054,-46.8362705,831.383,19.722,19.680,3,127,123
1784772061959,2026-07-23T02:01:01.959Z,-23.6050148,-46.8362667,831.265,19.874,19.730,3,127,123
1784772062014,2026-07-23T02:01:02.014Z,-23.6050242,-46.8362632,831.206,19.955,19.880,3,127,123
1784772062069,2026-07-23T02:01:02.069Z,-23.6050336,-46.8362597,831.151,20.017,19.960,3,127,123
1784772062124,2026-07-23T02:01:02.124Z,-23.6050429,-46.8362562,831.090,19.987,20.020,3,127,123
1784772062179,2026-07-23T02:01:02.179Z,-23.6050523,-46.8362526,831.040,19.981,19.990,3,127,123
1784772062234,2026-07-23T02:01:02.234Z,-23.6050618,-46.8362493,830.984,20.094,19.990,3,127,123
1784772062289,2026-07-23T02:01:02.289Z,-23.6050713,-46.8362458,830.940,20.162,20.100,3,127,123
1784772062344,2026-07-23T02:01:02.344Z,-23.6050809,-46.8362424,830.886,20.205,20.170,3,127,123
1784772062399,2026-07-23T02:01:02.399Z,-23.6050904,-46.8362390,830.850,20.188,20.210,3,127,123
1784772062454,2026-07-23T02:01:02.454Z,-23.6050999,-46.8362356,830.781,20.280,20.200,3,127,124
1784772062512,2026-07-23T02:01:02.512Z,-23.6051190,-46.8362291,830.750,20.210,20.290,3,127,124
1784772062570,2026-07-23T02:01:02.570Z,-23.6051286,-46.8362255,830.679,20.309,20.220,3,127,124
1784772062628,2026-07-23T02:01:02.628Z,-23.6051382,-46.8362220,830.634,20.338,20.320,3,127,124
1784772062686,2026-07-23T02:01:02.686Z,-23.6051479,-46.8362187,830.626,20.368,20.350,3,127,124
1784772062745,2026-07-23T02:01:02.745Z,-23.6051575,-46.8362154,830.644,20.377,20.380,3,127,124
1784772062803,2026-07-23T02:01:02.803Z,-23.6051671,-46.8362120,830.610,20.342,20.390,3,127,124
1784772062861,2026-07-23T02:01:02.861Z,-23.6051768,-46.8362086,830.574,20.447,20.350,3,127,124
1784772062919,2026-07-23T02:01:02.919Z,-23.6051866,-46.8362053,830.530,20.542,20.460,3,127,124
1784772062978,2026-07-23T02:01:02.978Z,-23.6051962,-46.8362017,830.499,20.496,20.550,3,127,124
1784772063036,2026-07-23T02:01:03.036Z,-23.6052059,-46.8361982,830.455,20.552,20.500,3,127,124
1784772063094,2026-07-23T02:01:03.094Z,-23.6052156,-46.8361946,830.430,20.595,20.560,3,127,124
1784772063152,2026-07-23T02:01:03.152Z,-23.6052253,-46.8361912,830.384,20.605,20.600,3,127,124
1784772063211,2026-07-23T02:01:03.211Z,-23.6052351,-46.8361878,830.354,20.645,20.610,3,127,124
1784772063269,2026-07-23T02:01:03.269Z,-23.6052450,-46.8361842,830.330,20.762,20.650,3,127,124
1784772063327,2026-07-23T02:01:03.327Z,-23.6052549,-46.8361806,830.311,20.818,20.770,3,127,124
1784772063385,2026-07-23T02:01:03.385Z,-23.6052646,-46.8361768,830.249,20.819,20.830,3,127,124
1784772063444,2026-07-23T02:01:03.444Z,-23.6052743,-46.8361733,830.199,20.799,20.830,3,156,125
1784772063499,2026-07-23T02:01:03.499Z,-23.6052842,-46.8361698,830.195,20.853,20.810,3,156,125
1784772063554,2026-07-23T02:01:03.554Z,-23.6052940,-46.8361663,830.180,20.850,20.860,3,156,125
1784772063609,2026-07-23T02:01:03.609Z,-23.6053039,-46.8361629,830.141,20.860,20.860,3,156,125
1784772063664,2026-07-23T02:01:03.664Z,-23.6053138,-46.8361595,830.151,20.896,20.870,3,156,125
1784772063719,2026-07-23T02:01:03.719Z,-23.6053236,-46.8361561,830.134,20.886,20.900,3,156,125
1784772063774,2026-07-23T02:01:03.774Z,-23.6053335,-46.8361526,830.165,20.939,20.890,3,156,125
1784772063829,2026-07-23T02:01:03.829Z,-23.6053433,-46.8361488,830.110,20.951,20.950,3,156,125
1784772063884,2026-07-23T02:01:03.884Z,-23.6053533,-46.8361451,830.076,21.052,20.960,3,156,125
1784772063939,2026-07-23T02:01:03.939Z,-23.6053632,-46.8361415,830.073,21.087,21.060,3,156,125
1784772063994,2026-07-23T02:01:03.994Z,-23.6053731,-46.8361380,830.066,21.048,21.090,3,156,125
1784772064049,2026-07-23T02:01:04.049Z,-23.6053832,-46.8361346,830.095,21.124,21.060,3,156,125
1784772064104,2026-07-23T02:01:04.104Z,-23.6053929,-46.8361308,830.130,20.991,21.130,3,156,125
1784772064159,2026-07-23T02:01:04.159Z,-23.6054026,-46.8361271,830.132,20.924,21.000,3,156,125
1784772064214,2026-07-23T02:01:04.214Z,-23.6054122,-46.8361235,830.163,20.786,20.930,3,156,125
1784772064269,2026-07-23T02:01:04.269Z,-23.6054220,-46.8361201,830.210,20.713,20.790,3,156,125
1784772064324,2026-07-23T02:01:04.324Z,-23.6054318,-46.8361166,830.286,20.733,20.720,3,156,125
1784772064379,2026-07-23T02:01:04.379Z,-23.6054415,-46.8361132,830.328,20.668,20.740,3,156,125
1784772064434,2026-07-23T02:01:04.434Z,-23.6054511,-46.8361099,830.413,20.542,20.670,3,156,125
1784772064489,2026-07-23T02:01:04.489Z,-23.6054603,-46.8361064,830.454,20.273,20.540,3,127,126
1784772064541,2026-07-23T02:01:04.541Z,-23.6054696,-46.8361030,830.525,20.104,20.280,3,127,126
1784772064593,2026-07-23T02:01:04.593Z,-23.6054788,-46.8360996,830.501,19.941,20.110,3,127,126
1784772064645,2026-07-23T02:01:04.645Z,-23.6054880,-46.8360965,830.466,19.820,19.940,3,127,126
1784772064697,2026-07-23T02:01:04.697Z,-23.6054973,-46.8360935,830.412,19.713,19.820,3,127,126
1784772064749,2026-07-23T02:01:04.749Z,-23.6055065,-46.8360906,830.412,19.602,19.720,3,127,126
1784772064801,2026-07-23T02:01:04.801Z,-23.6055157,-46.8360877,830.433,19.513,19.600,3,127,126
1784772064853,2026-07-23T02:01:04.853Z,-23.6055250,-46.8360851,830.516,19.405,19.510,3,127,126
1784772064905,2026-07-23T02:01:04.905Z,-23.6055344,-46.8360825,830.617,19.380,19.410,3,127,126
1784772064957,2026-07-23T02:01:04.957Z,-23.6055432,-46.8360806,830.701,18.969,19.380,3,127,126
1784772065010,2026-07-23T02:01:05.010Z,-23.6055519,-46.8360781,830.590,18.785,18.970,3,127,126
1784772065062,2026-07-23T02:01:05.062Z,-23.6055610,-46.8360756,830.565,18.798,18.790,3,127,126
1784772065114,2026-07-23T02:01:05.114Z,-23.6055700,-46.8360731,830.529,18.762,18.800,3,127,126
1784772065166,2026-07-23T02:01:05.166Z,-23.6055788,-46.8360708,830.512,18.594,18.760,3,127,126
1784772065218,2026-07-23T02:01:05.218Z,-23.6055871,-46.8360696,830.585,18.159,18.600,3,127,126
1784772065270,2026-07-23T02:01:05.270Z,-23.6055955,-46.8360681,830.603,17.945,18.160,3,127,126
1784772065322,2026-07-23T02:01:05.322Z,-23.6056038,-46.8360668,830.633,17.697,17.950,3,127,126
1784772065374,2026-07-23T02:01:05.374Z,-23.6056114,-46.8360657,830.654,17.163,17.700,3,127,126
1784772065426,2026-07-23T02:01:05.426Z,-23.6056193,-46.8360649,830.657,16.877,17.160,3,127,126
1784772065479,2026-07-23T02:01:05.479Z,-23.6056270,-46.8360640,830.646,16.563,16.880,3,127,127
1784772065537,2026-07-23T02:01:05.537Z,-23.6056345,-46.8360635,830.664,16.208,16.560,3,127,127
1784772065595,2026-07-23T02:01:05.595Z,-23.6056412,-46.8360632,830.618,15.597,16.210,3,127,127
1784772065653,2026-07-23T02:01:05.653Z,-23.6056482,-46.8360630,830.572,15.225,15.600,3,127,127
1784772065711,2026-07-23T02:01:05.711Z,-23.6056553,-46.8360632,830.532,14.979,15.230,3,127,127
1784772065769,2026-07-23T02:01:05.769Z,-23.6056622,-46.8360635,830.490,14.671,14.980,3,127,127
1784772065827,2026-07-23T02:01:05.827Z,-23.6056690,-46.8360642,830.462,14.375,14.670,3,127,127
1784772065885,2026-07-23T02:01:05.885Z,-23.6056756,-46.8360650,830.388,14.031,14.380,3,127,127
1784772065943,2026-07-23T02:01:05.943Z,-23.6056819,-46.8360663,830.170,13.817,14.030,3,127,127
1784772066001,2026-07-23T02:01:06.001Z,-23.6056883,-46.8360676,830.011,13.728,13.820,3,127,127
1784772066059,2026-07-23T02:01:06.059Z,-23.6056944,-46.8360693,829.896,13.474,13.730,3,127,127
1784772066117,2026-07-23T02:01:06.117Z,-23.6057006,-46.8360713,829.856,13.283,13.480,3,127,127
1784772066175,2026-07-23T02:01:06.175Z,-23.6057071,-46.8360734,829.782,13.467,13.290,3,127,127
1784772066233,2026-07-23T02:01:06.233Z,-23.6057135,-46.8360758,829.678,13.621,13.470,3,127,127
1784772066291,2026-07-23T02:01:06.291Z,-23.6057201,-46.8360784,829.653,13.802,13.630,3,127,127
1784772066349,2026-07-23T02:01:06.349Z,-23.6057265,-46.8360810,829.549,13.891,13.810,3,127,127
1784772066407,2026-07-23T02:01:06.407Z,-23.6057328,-46.8360842,829.545,13.881,13.900,3,127,127
1784772066465,2026-07-23T02:01:06.465Z,-23.6057388,-46.8360874,829.519,13.814,13.890,3,127,127
1784772066524,2026-07-23T02:01:06.524Z,-23.6057452,-46.8360910,829.419,14.174,13.820,3,127,128
1784772066579,2026-07-23T02:01:06.579Z,-23.6057511,-46.8360949,829.342,14.137,14.180,3,127,128
1784772066634,2026-07-23T02:01:06.634Z,-23.6057570,-46.8360993,829.356,14.228,14.150,3,127,128
1784772066689,2026-07-23T02:01:06.689Z,-23.6057627,-46.8361037,829.373,14.121,14.240,3,127,128
1784772066744,2026-07-23T02:01:06.744Z,-23.6057686,-46.8361083,829.321,14.303,14.130,3,127,128
1784772066799,2026-07-23T02:01:06.799Z,-23.6057744,-46.8361131,829.216,14.552,14.310,3,127,128
1784772066854,2026-07-23T02:01:06.854Z,-23.6057797,-46.8361177,829.018,14.517,14.560,3,127,128
1784772066909,2026-07-23T02:01:06.909Z,-23.6057847,-46.8361222,828.832,14.303,14.530,3,127,128
1784772066964,2026-07-23T02:01:06.964Z,-23.6057896,-46.8361275,828.827,14.162,14.320,3,127,128
1784772067019,2026-07-23T02:01:07.019Z,-23.6057944,-46.8361334,828.923,14.146,14.180,3,127,128
1784772067074,2026-07-23T02:01:07.074Z,-23.6057988,-46.8361390,828.929,13.970,14.160,3,127,128
1784772067129,2026-07-23T02:01:07.129Z,-23.6058036,-46.8361443,828.897,13.925,13.980,3,127,128
1784772067184,2026-07-23T02:01:07.184Z,-23.6058083,-46.8361497,828.849,13.932,13.940,3,127,128
1784772067239,2026-07-23T02:01:07.239Z,-23.6058129,-46.8361551,828.775,13.905,13.950,3,127,128
1784772067294,2026-07-23T02:01:07.294Z,-23.6058171,-46.8361603,828.668,13.751,13.920,3,127,128
1784772067349,2026-07-23T02:01:07.349Z,-23.6058212,-46.8361669,828.564,14.015,13.770,3,127,128
1784772067404,2026-07-23T02:01:07.404Z,-23.6058241,-46.8361734,828.495,13.822,14.030,3,127,128
1784772067459,2026-07-23T02:01:07.459Z,-23.6058270,-46.8361804,828.367,13.985,13.840,3,127,128
1784772067514,2026-07-23T02:01:07.514Z,-23.6058299,-46.8361874,828.227,14.086,14.010,3,127,129
1784772067569,2026-07-23T02:01:07.569Z,-23.6058324,-46.8361941,828.078,13.996,14.110,3,127,129
1784772067624,2026-07-23T02:01:07.624Z,-23.6058343,-46.8362011,827.979,13.827,14.020,3,127,129
1784772067679,2026-07-23T02:01:07.679Z,-23.6058366,-46.8362087,827.980,13.979,13.860,3,127,129
1784772067734,2026-07-23T02:01:07.734Z,-23.6058385,-46.8362165,828.035,14.054,14.010,3,127,129
1784772067789,2026-07-23T02:01:07.789Z,-23.6058400,-46.8362246,828.062,14.180,14.080,3,127,129
1784772067844,2026-07-23T02:01:07.844Z,-23.6058414,-46.8362327,828.018,14.371,14.200,3,127,129
1784772067899,2026-07-23T02:01:07.899Z,-23.6058425,-46.8362405,827.934,14.381,14.390,3,127,129
1784772067954,2026-07-23T02:01:07.954Z,-23.6058430,-46.8362484,827.719,14.478,14.400,3,127,129
1784772068009,2026-07-23T02:01:08.009Z,-23.6058434,-46.8362564,827.546,14.605,14.510,3,127,129
1784772068064,2026-07-23T02:01:08.064Z,-23.6058438,-46.8362646,827.495,14.754,14.640,3,127,129
1784772068119,2026-07-23T02:01:08.119Z,-23.6058441,-46.8362728,827.442,14.831,14.790,3,127,129
1784772068174,2026-07-23T02:01:08.174Z,-23.6058441,-46.8362812,827.336,15.004,14.860,3,127,129
1784772068229,2026-07-23T02:01:08.229Z,-23.6058440,-46.8362896,827.220,15.224,15.040,3,127,129
1784772068284,2026-07-23T02:01:08.284Z,-23.6058440,-46.8362981,827.077,15.509,15.260,3,127,129
1784772068339,2026-07-23T02:01:08.339Z,-23.6058439,-46.8363066,827.000,15.602,15.550,3,127,129
1784772068394,2026-07-23T02:01:08.394Z,-23.6058438,-46.8363150,826.937,15.597,15.640,3,127,129
1784772068449,2026-07-23T02:01:08.449Z,-23.6058435,-46.8363234,826.852,15.673,15.630,3,127,129
1784772068504,2026-07-23T02:01:08.504Z,-23.6058432,-46.8363319,826.756,15.759,15.710,3,127,130
1784772068559,2026-07-23T02:01:08.559Z,-23.6058430,-46.8363405,826.689,15.816,15.800,3,127,130
1784772068614,2026-07-23T02:01:08.614Z,-23.6058429,-46.8363491,826.625,15.911,15.850,3,127,130
1784772068669,2026-07-23T02:01:08.669Z,-23.6058427,-46.8363576,826.532,15.939,15.950,3,127,130
1784772068724,2026-07-23T02:01:08.724Z,-23.6058424,-46.8363663,826.438,16.034,15.980,3,127,130
1784772068779,2026-07-23T02:01:08.779Z,-23.6058423,-46.8363749,826.348,16.064,16.070,3,127,130
1784772068834,2026-07-23T02:01:08.834Z,-23.6058423,-46.8363835,826.283,16.043,16.100,3,127,130
1784772068889,2026-07-23T02:01:08.889Z,-23.6058425,-46.8363921,826.270,15.983,16.080,3,127,130
1784772068944,2026-07-23T02:01:08.944Z,-23.6058426,-46.8364009,826.222,16.087,16.020,3,127,130
1784772068999,2026-07-23T02:01:08.999Z,-23.6058431,-46.8364097,826.162,16.224,16.130,3,127,130
1784772069054,2026-07-23T02:01:09.054Z,-23.6058439,-46.8364181,826.045,16.128,16.260,3,127,130
1784772069109,2026-07-23T02:01:09.109Z,-23.6058449,-46.8364269,825.940,16.238,16.170,3,127,130
1784772069164,2026-07-23T02:01:09.164Z,-23.6058464,-46.8364356,825.799,16.445,16.280,3,127,130
1784772069219,2026-07-23T02:01:09.219Z,-23.6058477,-46.8364443,825.669,16.473,16.490,3,127,130
1784772069274,2026-07-23T02:01:09.274Z,-23.6058491,-46.8364529,825.553,16.421,16.520,3,127,130
1784772069329,2026-07-23T02:01:09.329Z,-23.6058507,-46.8364615,825.399,16.471,16.470,3,127,130
1784772069384,2026-07-23T02:01:09.384Z,-23.6058524,-46.8364700,825.314,16.360,16.520,3,127,130
1784772069439,2026-07-23T02:01:09.439Z,-23.6058545,-46.8364784,825.243,16.284,16.410,3,127,130
1784772069494,2026-07-23T02:01:09.494Z,-23.6058571,-46.8364872,825.165,16.524,16.330,3,127,131
1784772069549,2026-07-23T02:01:09.549Z,-23.6058603,-46.8364959,825.132,16.729,16.570,3,127,131
1784772069604,2026-07-23T02:01:09.604Z,-23.6058634,-46.8365041,825.100,16.591,16.780,3,127,131
1784772069659,2026-07-23T02:01:09.659Z,-23.6058668,-46.8365121,825.037,16.505,16.640,3,127,131
1784772069714,2026-07-23T02:01:09.714Z,-23.6058707,-46.8365202,825.007,16.539,16.550,3,127,131
1784772069769,2026-07-23T02:01:09.769Z,-23.6058746,-46.8365284,824.988,16.707,16.580,3,127,131
1784772069824,2026-07-23T02:01:09.824Z,-23.6058788,-46.8365365,824.932,16.876,16.750,3,127,131
1784772069879,2026-07-23T02:01:09.879Z,-23.6058831,-46.8365443,824.848,16.876,16.920,3,127,131
1784772069934,2026-07-23T02:01:09.934Z,-23.6058874,-46.8365521,824.775,16.876,16.920,3,127,131
1784772069989,2026-07-23T02:01:09.989Z,-23.6058918,-46.8365600,824.662,17.037,16.920,3,127,131
1784772070044,2026-07-23T02:01:10.044Z,-23.6058961,-46.8365680,824.561,17.164,17.080,3,127,131
1784772070099,2026-07-23T02:01:10.099Z,-23.6059003,-46.8365761,824.479,17.198,17.210,3,127,131
1784772070154,2026-07-23T02:01:10.154Z,-23.6059044,-46.8365841,824.384,17.233,17.240,3,127,131
1784772070209,2026-07-23T02:01:10.209Z,-23.6059084,-46.8365923,824.291,17.274,17.280,3,127,131
1784772070264,2026-07-23T02:01:10.264Z,-23.6059124,-46.8366005,824.170,17.351,17.320,3,127,131
1784772070319,2026-07-23T02:01:10.319Z,-23.6059161,-46.8366090,824.074,17.454,17.400,3,127,131
1784772070374,2026-07-23T02:01:10.374Z,-23.6059200,-46.8366177,824.013,17.642,17.500,3,127,131
1784772070429,2026-07-23T02:01:10.429Z,-23.6059235,-46.8366265,824.014,17.667,17.690,3,127,131
1784772070484,2026-07-23T02:01:10.484Z,-23.6059300,-46.8366438,823.813,17.501,17.710,3,127,132
1784772070545,2026-07-23T02:01:10.545Z,-23.6059328,-46.8366528,823.651,17.697,17.550,3,127,132
1784772070606,2026-07-23T02:01:10.606Z,-23.6059357,-46.8366622,823.561,17.938,17.750,3,127,132
1784772070668,2026-07-23T02:01:10.668Z,-23.6059384,-46.8366715,823.465,18.032,17.990,3,127,132
1784772070729,2026-07-23T02:01:10.729Z,-23.6059409,-46.8366807,823.415,17.925,18.090,3,127,132
1784772070791,2026-07-23T02:01:10.791Z,-23.6059429,-46.8366901,823.341,17.882,17.980,3,127,132
1784772070852,2026-07-23T02:01:10.852Z,-23.6059445,-46.8366997,823.230,17.927,17.940,3,127,132
1784772070914,2026-07-23T02:01:10.914Z,-23.6059459,-46.8367094,823.108,18.086,17.980,3,127,132
1784772070975,2026-07-23T02:01:10.975Z,-23.6059475,-46.8367190,822.959,18.150,18.140,3,127,132
1784772071037,2026-07-23T02:01:11.037Z,-23.6059487,-46.8367282,822.805,17.991,18.210,3,127,132
1784772071098,2026-07-23T02:01:11.098Z,-23.6059499,-46.8367377,822.623,18.033,18.060,3,127,132
1784772071160,2026-07-23T02:01:11.160Z,-23.6059507,-46.8367473,822.438,18.102,18.100,3,127,132
1784772071221,2026-07-23T02:01:11.221Z,-23.6059512,-46.8367568,822.289,18.056,18.180,3,127,132
1784772071283,2026-07-23T02:01:11.283Z,-23.6059514,-46.8367669,822.174,18.296,18.130,3,127,132
1784772071344,2026-07-23T02:01:11.344Z,-23.6059514,-46.8367765,822.003,18.226,18.370,3,127,132
1784772071406,2026-07-23T02:01:11.406Z,-23.6059512,-46.8367861,821.855,18.155,18.310,3,127,132
1784772071467,2026-07-23T02:01:11.467Z,-23.6059514,-46.8367949,821.623,17.775,18.240,3,127,132
1784772071529,2026-07-23T02:01:11.529Z,-23.6059501,-46.8368145,821.416,18.143,17.870,3,136,133
1784772071584,2026-07-23T02:01:11.584Z,-23.6059482,-46.8368240,821.349,18.099,18.240,3,136,133
1784772071639,2026-07-23T02:01:11.639Z,-23.6059464,-46.8368341,821.306,18.325,18.190,3,136,133
1784772071694,2026-07-23T02:01:11.694Z,-23.6059443,-46.8368441,821.205,18.534,18.410,3,136,133
1784772071749,2026-07-23T02:01:11.749Z,-23.6059421,-46.8368537,821.129,18.552,18.620,3,136,133
1784772071804,2026-07-23T02:01:11.804Z,-23.6059396,-46.8368638,821.092,18.709,18.640,3,136,133
1784772071859,2026-07-23T02:01:11.859Z,-23.6059371,-46.8368735,821.038,18.707,18.790,3,136,133
1784772071914,2026-07-23T02:01:11.914Z,-23.6059345,-46.8368830,820.948,18.646,18.790,3,136,133
1784772071969,2026-07-23T02:01:11.969Z,-23.6059312,-46.8368929,820.880,18.887,18.730,3,136,133
1784772072024,2026-07-23T02:01:12.024Z,-23.6059276,-46.8369024,820.834,18.903,18.960,3,136,133
1784772072079,2026-07-23T02:01:12.079Z,-23.6059232,-46.8369118,820.766,19.045,18.980,3,136,133
1784772072134,2026-07-23T02:01:12.134Z,-23.6059185,-46.8369210,820.624,19.232,19.120,3,136,133
1784772072189,2026-07-23T02:01:12.189Z,-23.6059141,-46.8369298,820.612,19.017,19.310,3,136,133
1784772072244,2026-07-23T02:01:12.244Z,-23.6059090,-46.8369387,820.556,19.120,19.090,3,136,133
1784772072299,2026-07-23T02:01:12.299Z,-23.6059038,-46.8369474,820.546,19.180,19.190,3,136,133
1784772072354,2026-07-23T02:01:12.354Z,-23.6058987,-46.8369556,820.532,18.903,19.240,3,136,133
1784772072409,2026-07-23T02:01:12.409Z,-23.6058933,-46.8369641,820.467,19.061,18.970,3,136,133
1784772072464,2026-07-23T02:01:12.464Z,-23.6058881,-46.8369727,820.439,19.077,19.120,3,136,133
1784772072519,2026-07-23T02:01:12.519Z,-23.6058824,-46.8369811,820.432,19.106,19.130,3,127,134
1784772072574,2026-07-23T02:01:12.574Z,-23.6058766,-46.8369890,820.421,18.982,19.160,3,127,134
1784772072629,2026-07-23T02:01:12.629Z,-23.6058705,-46.8369970,820.375,19.060,19.030,3,127,134
1784772072684,2026-07-23T02:01:12.684Z,-23.6058643,-46.8370048,820.336,19.098,19.110,3,127,134
1784772072739,2026-07-23T02:01:12.739Z,-23.6058577,-46.8370125,820.375,19.116,19.150,3,127,134
1784772072794,2026-07-23T02:01:12.794Z,-23.6058509,-46.8370200,820.390,19.188,19.160,3,127,134
1784772072849,2026-07-23T02:01:12.849Z,-23.6058441,-46.8370271,820.339,19.128,19.230,3,127,134
1784772072904,2026-07-23T02:01:12.904Z,-23.6058370,-46.8370342,820.326,19.189,19.170,3,127,134
1784772072959,2026-07-23T02:01:12.959Z,-23.6058298,-46.8370404,820.256,19.030,19.230,3,127,134
1784772073014,2026-07-23T02:01:13.014Z,-23.6058222,-46.8370465,820.241,19.013,19.070,3,127,134
1784772073069,2026-07-23T02:01:13.069Z,-23.6058144,-46.8370521,820.199,18.881,19.050,3,127,134
1784772073124,2026-07-23T02:01:13.124Z,-23.6058067,-46.8370576,820.166,18.786,18.920,3,127,134
1784772073179,2026-07-23T02:01:13.179Z,-23.6057986,-46.8370627,820.126,18.797,18.820,3,127,134
1784772073234,2026-07-23T02:01:13.234Z,-23.6057888,-46.8370653,820.023,18.834,18.830,3,127,134
1784772073289,2026-07-23T02:01:13.289Z,-23.6057795,-46.8370684,820.016,18.802,18.870,3,127,134
1784772073344,2026-07-23T02:01:13.344Z,-23.6057706,-46.8370719,820.004,18.751,18.840,3,127,134
1784772073399,2026-07-23T02:01:13.399Z,-23.6057614,-46.8370752,819.958,18.863,18.780,3,127,134
1784772073454,2026-07-23T02:01:13.454Z,-23.6057528,-46.8370791,819.914,18.817,18.890,3,127,134
1784772073509,2026-07-23T02:01:13.509Z,-23.6057356,-46.8370864,819.844,18.646,18.850,3,127,135
1784772073567,2026-07-23T02:01:13.567Z,-23.6057266,-46.8370894,819.859,18.719,18.680,3,127,135
1784772073625,2026-07-23T02:01:13.625Z,-23.6057176,-46.8370925,819.870,18.795,18.750,3,127,135
1784772073683,2026-07-23T02:01:13.683Z,-23.6057087,-46.8370957,819.916,18.732,18.820,3,127,135
1784772073741,2026-07-23T02:01:13.741Z,-23.6056996,-46.8370985,819.916,18.809,18.760,3,127,135
1784772073800,2026-07-23T02:01:13.800Z,-23.6056906,-46.8371007,819.919,18.762,18.830,3,127,135
1784772073858,2026-07-23T02:01:13.858Z,-23.6056818,-46.8371029,819.958,18.521,18.780,3,127,135
1784772073916,2026-07-23T02:01:13.916Z,-23.6056731,-46.8371054,819.982,18.300,18.540,3,127,135
1784772073974,2026-07-23T02:01:13.974Z,-23.6056640,-46.8371081,820.058,18.494,18.320,3,127,135
1784772074033,2026-07-23T02:01:14.033Z,-23.6056548,-46.8371109,820.109,18.747,18.510,3,127,135
1784772074091,2026-07-23T02:01:14.091Z,-23.6056456,-46.8371138,820.150,18.950,18.760,3,127,135
1784772074149,2026-07-23T02:01:14.149Z,-23.6056362,-46.8371165,820.194,19.078,18.960,3,127,135
1784772074207,2026-07-23T02:01:14.207Z,-23.6056269,-46.8371191,820.280,19.150,19.090,3,127,135
1784772074266,2026-07-23T02:01:14.266Z,-23.6056176,-46.8371221,820.378,19.182,19.160,3,127,135
1784772074324,2026-07-23T02:01:14.324Z,-23.6056086,-46.8371251,820.438,19.080,19.190,3,127,135
1784772074382,2026-07-23T02:01:14.382Z,-23.6055996,-46.8371283,820.475,18.994,19.080,3,127,135
1784772074440,2026-07-23T02:01:14.440Z,-23.6055907,-46.8371313,820.489,18.901,19.000,3,127,135
1784772074499,2026-07-23T02:01:14.499Z,-23.6055728,-46.8371369,820.448,18.801,18.900,3,127,136
1784772074557,2026-07-23T02:01:14.557Z,-23.6055636,-46.8371397,820.445,18.963,18.810,3,127,136
1784772074615,2026-07-23T02:01:14.615Z,-23.6055543,-46.8371425,820.525,19.023,18.970,3,127,136
1784772074673,2026-07-23T02:01:14.673Z,-23.6055450,-46.8371457,820.659,19.129,19.030,3,127,136
1784772074731,2026-07-23T02:01:14.731Z,-23.6055361,-46.8371488,820.729,18.980,19.130,3,127,136
1784772074790,2026-07-23T02:01:14.790Z,-23.6055272,-46.8371517,820.752,18.877,18.980,3,127,136
1784772074848,2026-07-23T02:01:14.848Z,-23.6055182,-46.8371547,820.763,18.864,18.880,3,127,136
1784772074906,2026-07-23T02:01:14.906Z,-23.6055092,-46.8371575,820.758,18.879,18.860,3,127,136
1784772074964,2026-07-23T02:01:14.964Z,-23.6055000,-46.8371604,820.790,18.998,18.880,3,127,136
1784772075023,2026-07-23T02:01:15.023Z,-23.6054909,-46.8371634,820.826,19.039,19.000,3,127,136
1784772075081,2026-07-23T02:01:15.081Z,-23.6054819,-46.8371662,820.882,18.980,19.040,3,127,136
1784772075139,2026-07-23T02:01:15.139Z,-23.6054727,-46.8371691,820.924,18.981,18.980,3,127,136
1784772075197,2026-07-23T02:01:15.197Z,-23.6054636,-46.8371719,820.951,18.999,18.980,3,127,136
1784772075256,2026-07-23T02:01:15.256Z,-23.6054544,-46.8371746,820.978,19.011,19.000,3,127,136
1784772075314,2026-07-23T02:01:15.314Z,-23.6054451,-46.8371774,821.013,19.118,19.010,3,127,136
1784772075372,2026-07-23T02:01:15.372Z,-23.6054358,-46.8371802,821.049,19.183,19.120,3,127,136
1784772075430,2026-07-23T02:01:15.430Z,-23.6054266,-46.8371829,821.094,19.131,19.180,3,127,136
1784772075489,2026-07-23T02:01:15.489Z,-23.6054080,-46.8371884,821.125,19.325,19.130,3,127,137
1784772075550,2026-07-23T02:01:15.550Z,-23.6053987,-46.8371911,821.170,19.268,19.320,3,127,137
1784772075611,2026-07-23T02:01:15.611Z,-23.6053894,-46.8371937,821.235,19.198,19.270,3,127,137
1784772075673,2026-07-23T02:01:15.673Z,-23.6053802,-46.8371961,821.277,19.146,19.200,3,127,137
1784772075734,2026-07-23T02:01:15.734Z,-23.6053708,-46.8371984,821.298,19.198,19.150,3,127,137
1784772075796,2026-07-23T02:01:15.796Z,-23.6053614,-46.8372006,821.314,19.244,19.200,3,127,137
1784772075857,2026-07-23T02:01:15.857Z,-23.6053520,-46.8372025,821.347,19.195,19.250,3,127,137
1784772075919,2026-07-23T02:01:15.919Z,-23.6053427,-46.8372046,821.392,19.167,19.200,3,127,137
1784772075980,2026-07-23T02:01:15.980Z,-23.6053332,-46.8372065,821.424,19.224,19.170,3,127,137
1784772076042,2026-07-23T02:01:16.042Z,-23.6053238,-46.8372084,821.445,19.259,19.230,3,127,137
1784772076103,2026-07-23T02:01:16.103Z,-23.6053144,-46.8372102,821.520,19.255,19.260,3,127,137
1784772076165,2026-07-23T02:01:16.165Z,-23.6053050,-46.8372118,821.532,19.308,19.260,3,127,137
1784772076226,2026-07-23T02:01:16.226Z,-23.6052957,-46.8372136,821.579,19.271,19.310,3,127,137
1784772076288,2026-07-23T02:01:16.288Z,-23.6052863,-46.8372152,821.603,19.184,19.270,3,127,137
1784772076349,2026-07-23T02:01:16.349Z,-23.6052767,-46.8372166,821.665,19.358,19.190,3,127,137
1784772076411,2026-07-23T02:01:16.411Z,-23.6052671,-46.8372178,821.698,19.438,19.360,3,127,137
1784772076472,2026-07-23T02:01:16.472Z,-23.6052577,-46.8372193,821.735,19.330,19.440,3,127,137
1784772076534,2026-07-23T02:01:16.534Z,-23.6052387,-46.8372216,821.812,19.322,19.330,3,127,138
1784772076586,2026-07-23T02:01:16.586Z,-23.6052289,-46.8372223,821.883,19.422,19.320,3,127,138
1784772076638,2026-07-23T02:01:16.638Z,-23.6052195,-46.8372229,821.948,19.300,19.430,3,127,138
1784772076690,2026-07-23T02:01:16.690Z,-23.6052100,-46.8372233,821.970,19.266,19.300,3,127,138
1784772076742,2026-07-23T02:01:16.742Z,-23.6052005,-46.8372236,822.065,19.193,19.270,3,127,138
1784772076794,2026-07-23T02:01:16.794Z,-23.6051911,-46.8372239,822.121,19.109,19.200,3,127,138
1784772076846,2026-07-23T02:01:16.846Z,-23.6051816,-46.8372238,822.170,19.139,19.110,3,127,138
1784772076898,2026-07-23T02:01:16.898Z,-23.6051720,-46.8372236,822.187,19.222,19.140,3,127,138
1784772076950,2026-07-23T02:01:16.950Z,-23.6051624,-46.8372230,822.235,19.293,19.230,3,127,138
1784772077002,2026-07-23T02:01:17.002Z,-23.6051528,-46.8372223,822.293,19.272,19.300,3,127,138
1784772077055,2026-07-23T02:01:17.055Z,-23.6051434,-46.8372214,822.378,19.106,19.280,3,127,138
1784772077107,2026-07-23T02:01:17.107Z,-23.6051340,-46.8372204,822.443,19.041,19.110,3,127,138
1784772077159,2026-07-23T02:01:17.159Z,-23.6051246,-46.8372192,822.513,18.986,19.050,3,127,138
1784772077211,2026-07-23T02:01:17.211Z,-23.6051154,-46.8372181,822.601,18.834,18.990,3,127,138
1784772077263,2026-07-23T02:01:17.263Z,-23.6051060,-46.8372164,822.629,18.934,18.840,3,127,138
1784772077315,2026-07-23T02:01:17.315Z,-23.6050966,-46.8372146,822.697,18.997,18.940,3,127,138
1784772077367,2026-07-23T02:01:17.367Z,-23.6050873,-46.8372126,822.750,18.949,19.010,3,127,138
1784772077419,2026-07-23T02:01:17.419Z,-23.6050780,-46.8372102,822.816,18.950,18.960,3,127,138
1784772077471,2026-07-23T02:01:17.471Z,-23.6050689,-46.8372077,822.878,18.943,18.960,3,127,138
1784772077524,2026-07-23T02:01:17.524Z,-23.6050597,-46.8372048,822.917,18.995,18.950,3,127,139
1784772077582,2026-07-23T02:01:17.582Z,-23.6050507,-46.8372015,822.939,19.023,19.010,3,127,139
1784772077640,2026-07-23T02:01:17.640Z,-23.6050418,-46.8371982,822.987,18.969,19.030,3,127,139
1784772077698,2026-07-23T02:01:17.698Z,-23.6050327,-46.8371944,823.070,19.082,18.980,3,127,139
1784772077756,2026-07-23T02:01:17.756Z,-23.6050240,-46.8371906,823.163,18.933,19.090,3,127,139
1784772077815,2026-07-23T02:01:17.815Z,-23.6050154,-46.8371865,823.241,18.883,18.950,3,127,139
1784772077873,2026-07-23T02:01:17.873Z,-23.6050067,-46.8371822,823.308,18.989,18.900,3,127,139
1784772077931,2026-07-23T02:01:17.931Z,-23.6049980,-46.8371779,823.372,19.064,19.000,3,127,139
1784772077989,2026-07-23T02:01:17.989Z,-23.6049892,-46.8371738,823.411,19.118,19.080,3,127,139
1784772078048,2026-07-23T02:01:18.048Z,-23.6049807,-46.8371697,823.440,18.974,19.130,3,127,139
1784772078106,2026-07-23T02:01:18.106Z,-23.6049723,-46.8371655,823.497,18.800,18.990,3,127,139
1784772078164,2026-07-23T02:01:18.164Z,-23.6049638,-46.8371611,823.556,18.843,18.810,3,127,139
1784772078222,2026-07-23T02:01:18.222Z,-23.6049554,-46.8371564,823.598,18.886,18.860,3,127,139
1784772078281,2026-07-23T02:01:18.281Z,-23.6049471,-46.8371517,823.656,18.885,18.900,3,127,139
1784772078339,2026-07-23T02:01:18.339Z,-23.6049387,-46.8371469,823.716,18.930,18.900,3,127,139
1784772078397,2026-07-23T02:01:18.397Z,-23.6049303,-46.8371421,823.798,18.907,18.950,3,127,139
1784772078455,2026-07-23T02:01:18.455Z,-23.6049222,-46.8371371,823.839,18.899,18.920,3,127,139
1784772078514,2026-07-23T02:01:18.514Z,-23.6049059,-46.8371271,823.953,18.780,18.920,3,127,140
1784772078575,2026-07-23T02:01:18.575Z,-23.6048980,-46.8371220,824.012,18.652,18.800,3,127,140
1784772078636,2026-07-23T02:01:18.636Z,-23.6048901,-46.8371167,824.056,18.642,18.670,3,127,140
1784772078698,2026-07-23T02:01:18.698Z,-23.6048825,-46.8371113,824.112,18.503,18.660,3,127,140
1784772078759,2026-07-23T02:01:18.759Z,-23.6048750,-46.8371060,824.173,18.296,18.520,3,127,140
1784772078821,2026-07-23T02:01:18.821Z,-23.6048678,-46.8371006,824.229,18.067,18.310,3,127,140
1784772078882,2026-07-23T02:01:18.882Z,-23.6048608,-46.8370949,824.284,17.883,18.090,3,127,140
1784772078944,2026-07-23T02:01:18.944Z,-23.6048541,-46.8370891,824.340,17.651,17.900,3,127,140
1784772079005,2026-07-23T02:01:19.005Z,-23.6048477,-46.8370834,824.395,17.271,17.670,3,127,140
1784772079067,2026-07-23T02:01:19.067Z,-23.6048414,-46.8370775,824.445,17.046,17.290,3,127,140
1784772079128,2026-07-23T02:01:19.128Z,-23.6048350,-46.8370715,824.499,16.972,17.070,3,127,140
1784772079190,2026-07-23T02:01:19.190Z,-23.6048289,-46.8370657,824.563,16.719,16.990,3,127,140
1784772079251,2026-07-23T02:01:19.251Z,-23.6048231,-46.8370599,824.614,16.432,16.740,3,127,140
1784772079313,2026-07-23T02:01:19.313Z,-23.6048174,-46.8370541,824.647,16.151,16.460,3,127,140
1784772079374,2026-07-23T02:01:19.374Z,-23.6048118,-46.8370482,824.716,15.992,16.170,3,127,140
1784772079436,2026-07-23T02:01:19.436Z,-23.6048064,-46.8370423,824.759,15.723,16.020,3,127,140
1784772079497,2026-07-23T02:01:19.497Z,-23.6048014,-46.8370364,824.788,15.420,15.750,3,127,140
1784772079559,2026-07-23T02:01:19.559Z,-23.6047920,-46.8370242,824.890,14.936,15.440,3,127,141
1784772079617,2026-07-23T02:01:19.617Z,-23.6047883,-46.8370178,824.920,14.562,14.960,3,127,141
1784772079675,2026-07-23T02:01:19.675Z,-23.6047844,-46.8370117,824.999,14.280,14.590,3,127,141
1784772079734,2026-07-23T02:01:19.734Z,-23.6047808,-46.8370055,825.087,14.030,14.310,3,127,141
1784772079792,2026-07-23T02:01:19.792Z,-23.6047776,-46.8369990,825.077,13.857,14.060,3,127,141
1784772079851,2026-07-23T02:01:19.851Z,-23.6047747,-46.8369926,825.107,13.593,13.880,3,127,141
1784772079909,2026-07-23T02:01:19.909Z,-23.6047718,-46.8369863,825.190,13.396,13.620,3,127,141
1784772079968,2026-07-23T02:01:19.968Z,-23.6047692,-46.8369800,825.266,13.135,13.420,3,127,141
1784772080026,2026-07-23T02:01:20.026Z,-23.6047671,-46.8369738,825.351,12.831,13.160,3,127,141
1784772080084,2026-07-23T02:01:20.084Z,-23.6047652,-46.8369675,825.379,12.571,12.860,3,127,141
1784772080143,2026-07-23T02:01:20.143Z,-23.6047635,-46.8369614,825.447,12.247,12.600,3,127,141
1784772080201,2026-07-23T02:01:20.201Z,-23.6047622,-46.8369555,825.542,11.905,12.280,3,127,141
1784772080260,2026-07-23T02:01:20.260Z,-23.6047610,-46.8369497,825.636,11.590,11.940,3,127,141
1784772080318,2026-07-23T02:01:20.318Z,-23.6047600,-46.8369438,825.723,11.361,11.630,3,127,141
1784772080377,2026-07-23T02:01:20.377Z,-23.6047593,-46.8369381,825.830,11.108,11.400,3,127,141
1784772080435,2026-07-23T02:01:20.435Z,-23.6047586,-46.8369320,825.901,11.137,11.150,3,127,141
1784772080494,2026-07-23T02:01:20.494Z,-23.6047582,-46.8369258,825.953,11.258,11.180,3,127,142
1784772080549,2026-07-23T02:01:20.549Z,-23.6047580,-46.8369136,826.054,11.206,11.300,3,127,142
1784772080604,2026-07-23T02:01:20.604Z,-23.6047589,-46.8369077,826.142,11.089,11.250,3,127,142
1784772080659,2026-07-23T02:01:20.659Z,-23.6047600,-46.8369020,826.208,11.012,11.130,3,127,142
1784772080714,2026-07-23T02:01:20.714Z,-23.6047614,-46.8368965,826.299,10.829,11.060,3,127,142
1784772080769,2026-07-23T02:01:20.769Z,-23.6047630,-46.8368912,826.341,10.678,10.880,3,127,142
1784772080824,2026-07-23T02:01:20.824Z,-23.6047648,-46.8368860,826.377,10.592,10.730,3,127,142
1784772080879,2026-07-23T02:01:20.879Z,-23.6047669,-46.8368807,826.399,10.598,10.640,3,127,142
1784772080934,2026-07-23T02:01:20.934Z,-23.6047691,-46.8368757,826.441,10.532,10.640,3,127,142
1784772080989,2026-07-23T02:01:20.989Z,-23.6047712,-46.8368709,826.513,10.328,10.580,3,127,142
1784772081044,2026-07-23T02:01:21.044Z,-23.6047735,-46.8368661,826.597,10.244,10.370,3,127,142
1784772081099,2026-07-23T02:01:21.099Z,-23.6047760,-46.8368615,826.649,10.127,10.290,3,127,142
1784772081154,2026-07-23T02:01:21.154Z,-23.6047787,-46.8368574,826.708,9.905,10.180,3,127,142
1784772081209,2026-07-23T02:01:21.209Z,-23.6047817,-46.8368532,826.752,9.896,9.950,3,127,142
1784772081264,2026-07-23T02:01:21.264Z,-23.6047850,-46.8368490,826.801,10.014,9.940,3,127,142
1784772081319,2026-07-23T02:01:21.319Z,-23.6047887,-46.8368454,826.858,10.032,10.060,3,127,142
1784772081374,2026-07-23T02:01:21.374Z,-23.6047923,-46.8368421,826.913,9.860,10.080,3,127,142
1784772081429,2026-07-23T02:01:21.429Z,-23.6047963,-46.8368388,826.923,9.960,9.910,3,127,142
1784772081484,2026-07-23T02:01:21.484Z,-23.6048042,-46.8368327,826.993,9.853,10.000,3,127,143
1784772081542,2026-07-23T02:01:21.542Z,-23.6048084,-46.8368299,827.007,9.864,9.900,3,127,143
1784772081600,2026-07-23T02:01:21.600Z,-23.6048127,-46.8368271,827.015,9.974,9.900,3,127,143
1784772081658,2026-07-23T02:01:21.658Z,-23.6048175,-46.8368245,826.985,10.266,10.010,3,127,143
1784772081716,2026-07-23T02:01:21.716Z,-23.6048224,-46.8368225,826.995,10.383,10.300,3,127,143
1784772081774,2026-07-23T02:01:21.774Z,-23.6048271,-46.8368204,827.009,10.291,10.410,3,127,143
1784772081832,2026-07-23T02:01:21.832Z,-23.6048319,-46.8368187,827.056,10.266,10.320,3,127,143
1784772081890,2026-07-23T02:01:21.890Z,-23.6048368,-46.8368174,827.035,10.229,10.300,3,127,143
1784772081948,2026-07-23T02:01:21.948Z,-23.6048417,-46.8368165,827.031,10.142,10.260,3,127,143
1784772082006,2026-07-23T02:01:22.006Z,-23.6048467,-46.8368157,827.037,10.200,10.170,3,127,143
1784772082064,2026-07-23T02:01:22.064Z,-23.6048520,-46.8368157,826.993,10.331,10.220,3,127,143
1784772082122,2026-07-23T02:01:22.122Z,-23.6048572,-46.8368161,826.922,10.333,10.350,3,127,143
1784772082180,2026-07-23T02:01:22.180Z,-23.6048625,-46.8368166,826.908,10.506,10.350,3,127,143
1784772082238,2026-07-23T02:01:22.238Z,-23.6048679,-46.8368174,826.883,10.626,10.520,3,127,143
1784772082296,2026-07-23T02:01:22.296Z,-23.6048732,-46.8368189,826.874,10.723,10.640,3,127,143
1784772082354,2026-07-23T02:01:22.354Z,-23.6048783,-46.8368203,826.884,10.702,10.730,3,127,143
1784772082412,2026-07-23T02:01:22.412Z,-23.6048834,-46.8368220,826.861,10.698,10.710,3,127,143
1784772082470,2026-07-23T02:01:22.470Z,-23.6048885,-46.8368240,826.824,10.811,10.710,3,127,143
1784772082529,2026-07-23T02:01:22.529Z,-23.6048934,-46.8368263,826.790,10.796,10.820,3,127,144
1784772082587,2026-07-23T02:01:22.587Z,-23.6048983,-46.8368291,826.750,10.883,10.800,3,127,144
1784772082645,2026-07-23T02:01:22.645Z,-23.6049031,-46.8368322,826.719,11.050,10.890,3,127,144
1784772082703,2026-07-23T02:01:22.703Z,-23.6049078,-46.8368352,826.711,11.064,11.050,3,127,144
1784772082761,2026-07-23T02:01:22.761Z,-23.6049124,-46.8368384,826.653,11.086,11.070,3,127,144
1784772082820,2026-07-23T02:01:22.820Z,-23.6049170,-46.8368421,826.605,11.227,11.090,3,127,144
1784772082878,2026-07-23T02:01:22.878Z,-23.6049215,-46.8368459,826.557,11.355,11.230,3,127,144
1784772082936,2026-07-23T02:01:22.936Z,-23.6049259,-46.8368501,826.510,11.531,11.360,3,127,144
1784772082994,2026-07-23T02:01:22.994Z,-23.6049305,-46.8368544,826.412,11.849,11.530,3,127,144
1784772083053,2026-07-23T02:01:23.053Z,-23.6049349,-46.8368586,826.367,11.900,11.850,3,127,144
1784772083111,2026-07-23T02:01:23.111Z,-23.6049392,-46.8368629,826.293,11.898,11.900,3,127,144
1784772083169,2026-07-23T02:01:23.169Z,-23.6049435,-46.8368673,826.244,11.948,11.900,3,127,144
1784772083227,2026-07-23T02:01:23.227Z,-23.6049477,-46.8368718,826.212,11.937,11.950,3,127,144
1784772083286,2026-07-23T02:01:23.286Z,-23.6049520,-46.8368765,826.159,12.160,11.940,3,127,144
1784772083344,2026-07-23T02:01:23.344Z,-23.6049565,-46.8368811,826.119,12.318,12.160,3,127,144
1784772083402,2026-07-23T02:01:23.402Z,-23.6049609,-46.8368858,826.090,12.436,12.320,3,127,144
1784772083460,2026-07-23T02:01:23.460Z,-23.6049655,-46.8368903,826.069,12.468,12.440,3,127,144
1784772083519,2026-07-23T02:01:23.519Z,-23.6049699,-46.8368947,826.039,12.395,12.470,3,127,145
1784772083577,2026-07-23T02:01:23.577Z,-23.6049792,-46.8369036,826.008,12.476,12.400,3,127,145
1784772083635,2026-07-23T02:01:23.635Z,-23.6049841,-46.8369077,825.991,12.523,12.480,3,127,145
1784772083693,2026-07-23T02:01:23.693Z,-23.6049897,-46.8369111,825.977,12.613,12.520,3,127,145
1784772083751,2026-07-23T02:01:23.751Z,-23.6049953,-46.8369144,825.935,12.696,12.620,3,127,145
1784772083810,2026-07-23T02:01:23.810Z,-23.6050008,-46.8369175,825.927,12.614,12.700,3,127,145
1784772083868,2026-07-23T02:01:23.868Z,-23.6050065,-46.8369204,825.910,12.655,12.620,3,127,145
1784772083926,2026-07-23T02:01:23.926Z,-23.6050123,-46.8369226,825.822,12.594,12.660,3,127,145
1784772083984,2026-07-23T02:01:23.984Z,-23.6050181,-46.8369245,825.743,12.481,12.600,3,127,145
1784772084043,2026-07-23T02:01:24.043Z,-23.6050237,-46.8369262,825.667,12.308,12.480,3,127,145
1784772084101,2026-07-23T02:01:24.101Z,-23.6050291,-46.8369276,825.590,11.996,12.310,3,127,145
1784772084159,2026-07-23T02:01:24.159Z,-23.6050347,-46.8369287,825.506,11.815,12.000,3,127,145
1784772084217,2026-07-23T02:01:24.217Z,-23.6050402,-46.8369294,825.423,11.660,11.820,3,127,145
1784772084276,2026-07-23T02:01:24.276Z,-23.6050456,-46.8369299,825.409,11.418,11.670,3,127,145
1784772084334,2026-07-23T02:01:24.334Z,-23.6050512,-46.8369307,825.498,11.381,11.430,3,127,145
1784772084392,2026-07-23T02:01:24.392Z,-23.6050566,-46.8369309,825.473,11.208,11.390,3,127,145
1784772084450,2026-07-23T02:01:24.450Z,-23.6050617,-46.8369305,825.402,10.839,11.210,3,127,145
1784772084509,2026-07-23T02:01:24.509Z,-23.6050672,-46.8369303,825.324,10.961,10.850,3,127,146
1784772084564,2026-07-23T02:01:24.564Z,-23.6050778,-46.8369293,825.304,10.725,10.970,3,127,146
1784772084619,2026-07-23T02:01:24.619Z,-23.6050829,-46.8369279,825.371,10.591,10.730,3,127,146
1784772084674,2026-07-23T02:01:24.674Z,-23.6050877,-46.8369263,825.398,10.389,10.600,3,127,146
1784772084729,2026-07-23T02:01:24.729Z,-23.6050924,-46.8369242,825.347,10.231,10.390,3,127,146
1784772084784,2026-07-23T02:01:24.784Z,-23.6050973,-46.8369222,825.300,10.344,10.240,3,127,146
1784772084839,2026-07-23T02:01:24.839Z,-23.6051021,-46.8369197,825.233,10.361,10.350,3,127,146
1784772084894,2026-07-23T02:01:24.894Z,-23.6051066,-46.8369170,825.227,10.291,10.370,3,127,146
1784772084949,2026-07-23T02:01:24.949Z,-23.6051111,-46.8369142,825.213,10.309,10.300,3,127,146
1784772085004,2026-07-23T02:01:25.004Z,-23.6051158,-46.8369109,825.133,10.547,10.320,3,127,146
1784772085059,2026-07-23T02:01:25.059Z,-23.6051206,-46.8369076,825.064,10.811,10.550,3,127,146
1784772085114,2026-07-23T02:01:25.114Z,-23.6051253,-46.8369043,825.043,10.935,10.820,3,127,146
1784772085169,2026-07-23T02:01:25.169Z,-23.6051298,-46.8369006,825.026,11.025,10.940,3,127,146
1784772085224,2026-07-23T02:01:25.224Z,-23.6051341,-46.8368969,825.062,11.064,11.030,3,127,146
1784772085279,2026-07-23T02:01:25.279Z,-23.6051381,-46.8368930,825.110,10.957,11.070,3,127,146
1784772085334,2026-07-23T02:01:25.334Z,-23.6051423,-46.8368881,825.066,11.338,10.960,3,127,146
1784772085389,2026-07-23T02:01:25.389Z,-23.6051461,-46.8368835,825.097,11.366,11.340,3,127,146
1784772085444,2026-07-23T02:01:25.444Z,-23.6051494,-46.8368787,825.122,11.264,11.370,3,127,146
1784772085499,2026-07-23T02:01:25.499Z,-23.6051528,-46.8368738,825.113,11.259,11.270,3,127,147
1784772085554,2026-07-23T02:01:25.554Z,-23.6051560,-46.8368685,825.115,11.387,11.260,3,127,147
1784772085609,2026-07-23T02:01:25.609Z,-23.6051587,-46.8368625,825.064,11.595,11.390,3,127,147
1784772085664,2026-07-23T02:01:25.664Z,-23.6051611,-46.8368562,825.025,11.787,11.600,3,127,147
1784772085719,2026-07-23T02:01:25.719Z,-23.6051635,-46.8368500,825.002,11.971,11.790,3,127,147
1784772085774,2026-07-23T02:01:25.774Z,-23.6051659,-46.8368436,824.953,12.216,11.980,3,127,147
1784772085829,2026-07-23T02:01:25.829Z,-23.6051685,-46.8368371,824.901,12.490,12.220,3,127,147
1784772085884,2026-07-23T02:01:25.884Z,-23.6051711,-46.8368307,824.895,12.632,12.500,3,127,147
1784772085939,2026-07-23T02:01:25.939Z,-23.6051738,-46.8368247,824.901,12.584,12.640,3,127,147
1784772085994,2026-07-23T02:01:25.994Z,-23.6051763,-46.8368189,824.956,12.393,12.590,3,127,147
1784772086049,2026-07-23T02:01:26.049Z,-23.6051787,-46.8368128,825.008,12.364,12.400,3,127,147
1784772086104,2026-07-23T02:01:26.104Z,-23.6051808,-46.8368070,825.052,12.150,12.370,3,127,147
1784772086159,2026-07-23T02:01:26.159Z,-23.6051830,-46.8368009,825.032,12.138,12.150,3,127,147
1784772086214,2026-07-23T02:01:26.214Z,-23.6051853,-46.8367946,824.978,12.287,12.140,3,127,147
1784772086269,2026-07-23T02:01:26.269Z,-23.6051878,-46.8367885,824.917,12.300,12.290,3,127,147
1784772086324,2026-07-23T02:01:26.324Z,-23.6051902,-46.8367828,824.887,12.111,12.300,3,127,147
1784772086379,2026-07-23T02:01:26.379Z,-23.6051928,-46.8367770,824.854,12.055,12.120,3,127,147
1784772086434,2026-07-23T02:01:26.434Z,-23.6051950,-46.8367710,824.847,12.010,12.060,3,127,147
1784772086489,2026-07-23T02:01:26.489Z,-23.6051995,-46.8367583,824.903,12.520,12.010,3,127,148
1784772086550,2026-07-23T02:01:26.550Z,-23.6052016,-46.8367513,824.925,12.939,12.520,3,127,148
1784772086611,2026-07-23T02:01:26.611Z,-23.6052038,-46.8367443,824.947,13.217,12.940,3,127,148
1784772086673,2026-07-23T02:01:26.673Z,-23.6052063,-46.8367372,824.963,13.535,13.220,3,127,148
1784772086734,2026-07-23T02:01:26.734Z,-23.6052089,-46.8367305,824.964,13.520,13.540,3,127,148
1784772086796,2026-07-23T02:01:26.796Z,-23.6052117,-46.8367239,824.903,13.487,13.520,3,127,148
1784772086857,2026-07-23T02:01:26.857Z,-23.6052148,-46.8367171,824.813,13.650,13.490,3,127,148
1784772086919,2026-07-23T02:01:26.919Z,-23.6052179,-46.8367107,824.782,13.624,13.650,3,127,148
1784772086980,2026-07-23T02:01:26.980Z,-23.6052212,-46.8367042,824.756,13.682,13.630,3,127,148
1784772087042,2026-07-23T02:01:27.042Z,-23.6052246,-46.8366977,824.732,13.800,13.690,3,127,148
1784772087103,2026-07-23T02:01:27.103Z,-23.6052282,-46.8366913,824.710,13.840,13.800,3,127,148
1784772087165,2026-07-23T02:01:27.165Z,-23.6052319,-46.8366851,824.718,13.825,13.840,3,127,148
1784772087226,2026-07-23T02:01:27.226Z,-23.6052360,-46.8366791,824.689,13.839,13.830,3,127,148
1784772087288,2026-07-23T02:01:27.288Z,-23.6052401,-46.8366731,824.655,13.905,13.840,3,127,148
1784772087349,2026-07-23T02:01:27.349Z,-23.6052445,-46.8366671,824.616,13.995,13.910,3,127,148
1784772087411,2026-07-23T02:01:27.411Z,-23.6052491,-46.8366613,824.599,14.083,14.000,3,127,148
1784772087472,2026-07-23T02:01:27.472Z,-23.6052540,-46.8366558,824.625,14.128,14.090,3,127,148
1784772087534,2026-07-23T02:01:27.534Z,-23.6052639,-46.8366450,824.611,14.195,14.130,3,127,149
1784772087585,2026-07-23T02:01:27.585Z,-23.6052696,-46.8366404,824.583,14.239,14.200,3,127,149
1784772087637,2026-07-23T02:01:27.637Z,-23.6052755,-46.8366360,824.610,14.389,14.240,3,127,149
1784772087689,2026-07-23T02:01:27.689Z,-23.6052815,-46.8366317,824.584,14.470,14.390,3,127,149
1784772087741,2026-07-23T02:01:27.741Z,-23.6052875,-46.8366276,824.544,14.472,14.470,3,127,149
1784772087793,2026-07-23T02:01:27.793Z,-23.6052937,-46.8366236,824.486,14.502,14.480,3,127,149
1784772087845,2026-07-23T02:01:27.845Z,-23.6052999,-46.8366200,824.475,14.438,14.510,3,127,149
1784772087897,2026-07-23T02:01:27.897Z,-23.6053062,-46.8366168,824.517,14.351,14.440,3,127,149
1784772087949,2026-07-23T02:01:27.949Z,-23.6053126,-46.8366139,824.501,14.322,14.350,3,127,149
1784772088001,2026-07-23T02:01:28.001Z,-23.6053189,-46.8366111,824.410,14.126,14.330,3,127,149
1784772088053,2026-07-23T02:01:28.053Z,-23.6053251,-46.8366091,824.377,13.850,14.130,3,127,149
1784772088105,2026-07-23T02:01:28.105Z,-23.6053315,-46.8366067,824.362,13.802,13.850,3,127,149
1784772088157,2026-07-23T02:01:28.157Z,-23.6053379,-46.8366047,824.330,13.741,13.810,3,127,149
1784772088209,2026-07-23T02:01:28.209Z,-23.6053445,-46.8366034,824.145,13.695,13.750,3,127,149
1784772088261,2026-07-23T02:01:28.261Z,-23.6053512,-46.8366023,824.039,13.687,13.700,3,127,149
1784772088313,2026-07-23T02:01:28.313Z,-23.6053576,-46.8366015,824.024,13.533,13.700,3,127,149
1784772088365,2026-07-23T02:01:28.365Z,-23.6053641,-46.8366008,823.987,13.470,13.540,3,127,149
1784772088417,2026-07-23T02:01:28.417Z,-23.6053706,-46.8366005,823.979,13.329,13.480,3,127,149
1784772088469,2026-07-23T02:01:28.469Z,-23.6053770,-46.8366006,823.961,13.176,13.340,3,127,150
1784772088527,2026-07-23T02:01:28.527Z,-23.6053834,-46.8366012,823.944,13.108,13.180,3,127,150
1784772088585,2026-07-23T02:01:28.585Z,-23.6053896,-46.8366021,823.903,12.939,13.120,3,127,150
1784772088643,2026-07-23T02:01:28.643Z,-23.6053958,-46.8366040,823.845,12.862,12.950,3,127,150
1784772088701,2026-07-23T02:01:28.701Z,-23.6054021,-46.8366061,823.752,12.921,12.870,3,127,150
1784772088759,2026-07-23T02:01:28.759Z,-23.6054081,-46.8366081,823.659,12.821,12.930,3,127,150
1784772088817,2026-07-23T02:01:28.817Z,-23.6054139,-46.8366105,823.587,12.762,12.830,3,127,150
1784772088875,2026-07-23T02:01:28.875Z,-23.6054197,-46.8366132,823.571,12.659,12.780,3,127,150
1784772088933,2026-07-23T02:01:28.933Z,-23.6054253,-46.8366159,823.520,12.532,12.670,3,127,150
1784772088991,2026-07-23T02:01:28.991Z,-23.6054309,-46.8366189,823.447,12.557,12.550,3,127,150
1784772089049,2026-07-23T02:01:29.049Z,-23.6054361,-46.8366225,823.335,12.482,12.570,3,127,150
1784772089107,2026-07-23T02:01:29.107Z,-23.6054410,-46.8366265,823.274,12.351,12.500,3,127,150
1784772089165,2026-07-23T02:01:29.165Z,-23.6054457,-46.8366303,823.236,12.171,12.370,3,127,150
1784772089223,2026-07-23T02:01:29.223Z,-23.6054502,-46.8366348,823.062,12.194,12.190,3,127,150
1784772089281,2026-07-23T02:01:29.281Z,-23.6054544,-46.8366397,822.896,12.279,12.220,3,127,150
1784772089339,2026-07-23T02:01:29.339Z,-23.6054584,-46.8366450,822.782,12.322,12.310,3,127,150
1784772089397,2026-07-23T02:01:29.397Z,-23.6054624,-46.8366504,822.692,12.450,12.360,3,127,150
1784772089455,2026-07-23T02:01:29.455Z,-23.6054662,-46.8366560,822.623,12.570,12.490,3,127,150
1784772089514,2026-07-23T02:01:29.514Z,-23.6054697,-46.8366623,822.505,12.864,12.610,3,127,151
1784772089569,2026-07-23T02:01:29.569Z,-23.6054728,-46.8366686,822.437,12.922,12.900,3,127,151
1784772089624,2026-07-23T02:01:29.624Z,-23.6054756,-46.8366752,822.406,13.002,12.960,3,127,151
1784772089679,2026-07-23T02:01:29.679Z,-23.6054782,-46.8366815,822.369,12.869,13.040,3,127,151
1784772089734,2026-07-23T02:01:29.734Z,-23.6054805,-46.8366878,822.320,12.750,12.910,3,127,151
1784772089789,2026-07-23T02:01:29.789Z,-23.6054825,-46.8366942,822.293,12.649,12.790,3,127,151
1784772089844,2026-07-23T02:01:29.844Z,-23.6054843,-46.8367009,822.213,12.779,12.690,3,127,151
1784772089899,2026-07-23T02:01:29.899Z,-23.6054860,-46.8367079,822.158,12.994,12.820,3,127,151
1784772089954,2026-07-23T02:01:29.954Z,-23.6054873,-46.8367147,822.100,13.029,13.030,3,127,151
1784772090009,2026-07-23T02:01:30.009Z,-23.6054885,-46.8367216,822.048,13.115,13.070,3,127,151
1784772090064,2026-07-23T02:01:30.064Z,-23.6054897,-46.8367286,822.016,13.183,13.160,3,127,151
1784772090119,2026-07-23T02:01:30.119Z,-23.6054912,-46.8367357,821.955,13.354,13.220,3,127,151
1784772090174,2026-07-23T02:01:30.174Z,-23.6054927,-46.8367425,821.928,13.268,13.400,3,127,151
1784772090229,2026-07-23T02:01:30.229Z,-23.6054946,-46.8367493,821.885,13.262,13.310,3,127,151
1784772090284,2026-07-23T02:01:30.284Z,-23.6054966,-46.8367560,821.843,13.188,13.300,3,127,151
1784772090339,2026-07-23T02:01:30.339Z,-23.6054988,-46.8367627,821.819,13.308,13.230,3,127,151
1784772090394,2026-07-23T02:01:30.394Z,-23.6055012,-46.8367694,821.769,13.387,13.350,3,127,151
1784772090449,2026-07-23T02:01:30.449Z,-23.6055038,-46.8367761,821.718,13.505,13.430,3,127,151
1784772090504,2026-07-23T02:01:30.504Z,-23.6055094,-46.8367893,821.629,13.450,13.540,3,127,152
1784772090559,2026-07-23T02:01:30.559Z,-23.6055127,-46.8367956,821.598,13.409,13.490,3,127,152
1784772090614,2026-07-23T02:01:30.614Z,-23.6055165,-46.8368018,821.563,13.520,13.450,3,127,152
1784772090669,2026-07-23T02:01:30.669Z,-23.6055206,-46.8368075,821.479,13.569,13.560,3,127,152
1784772090724,2026-07-23T02:01:30.724Z,-23.6055249,-46.8368131,821.429,13.564,13.610,3,127,152
1784772090779,2026-07-23T02:01:30.779Z,-23.6055294,-46.8368185,821.368,13.598,13.600,3,127,152
1784772090834,2026-07-23T02:01:30.834Z,-23.6055342,-46.8368239,821.323,13.690,13.640,3,127,152
1784772090889,2026-07-23T02:01:30.889Z,-23.6055390,-46.8368292,821.288,13.722,13.730,3,127,152
1784772090944,2026-07-23T02:01:30.944Z,-23.6055441,-46.8368340,821.237,13.625,13.760,3,127,152
1784772090999,2026-07-23T02:01:30.999Z,-23.6055494,-46.8368386,821.144,13.720,13.660,3,127,152
1784772091054,2026-07-23T02:01:31.054Z,-23.6055549,-46.8368432,821.119,13.718,13.760,3,127,152
1784772091109,2026-07-23T02:01:31.109Z,-23.6055602,-46.8368472,821.085,13.455,13.750,3,127,152
1784772091164,2026-07-23T02:01:31.164Z,-23.6055662,-46.8368513,821.049,13.640,13.490,3,127,152
1784772091219,2026-07-23T02:01:31.219Z,-23.6055725,-46.8368550,821.008,13.930,13.670,3,127,152
1784772091274,2026-07-23T02:01:31.274Z,-23.6055788,-46.8368580,820.939,13.893,13.960,3,127,152
1784772091329,2026-07-23T02:01:31.329Z,-23.6055852,-46.8368608,820.881,13.875,13.930,3,127,152
1784772091384,2026-07-23T02:01:31.384Z,-23.6055919,-46.8368635,820.816,14.010,13.910,3,127,152
1784772091439,2026-07-23T02:01:31.439Z,-23.6055986,-46.8368657,820.784,14.023,14.040,3,127,152
1784772091494,2026-07-23T02:01:31.494Z,-23.6056053,-46.8368677,820.762,14.005,14.060,3,127,153
1784772091552,2026-07-23T02:01:31.552Z,-23.6056121,-46.8368694,820.754,13.926,14.040,3,127,153
1784772091610,2026-07-23T02:01:31.610Z,-23.6056188,-46.8368707,820.692,13.909,13.960,3,127,153
1784772091668,2026-07-23T02:01:31.668Z,-23.6056257,-46.8368715,820.593,13.948,13.940,3,127,153
1784772091726,2026-07-23T02:01:31.726Z,-23.6056328,-46.8368721,820.569,14.060,13.980,3,127,153
1784772091784,2026-07-23T02:01:31.784Z,-23.6056398,-46.8368723,820.646,13.875,14.090,3,127,153
1784772091842,2026-07-23T02:01:31.842Z,-23.6056465,-46.8368727,820.774,13.627,13.900,3,127,153
1784772091900,2026-07-23T02:01:31.900Z,-23.6056530,-46.8368727,820.729,13.496,13.650,3,127,153
1784772091958,2026-07-23T02:01:31.958Z,-23.6056597,-46.8368727,820.683,13.467,13.520,3,127,153
1784772092016,2026-07-23T02:01:32.016Z,-23.6056663,-46.8368721,820.612,13.462,13.490,3,127,153
1784772092074,2026-07-23T02:01:32.074Z,-23.6056732,-46.8368709,820.636,13.590,13.480,3,127,153
1784772092132,2026-07-23T02:01:32.132Z,-23.6056796,-46.8368696,820.681,13.400,13.610,3,127,153
1784772092190,2026-07-23T02:01:32.190Z,-23.6056858,-46.8368675,820.663,13.208,13.420,3,127,153
1784772092248,2026-07-23T02:01:32.248Z,-23.6056919,-46.8368655,820.645,13.053,13.220,3,127,153
1784772092306,2026-07-23T02:01:32.306Z,-23.6056978,-46.8368635,820.644,12.861,13.070,3,127,153
1784772092364,2026-07-23T02:01:32.364Z,-23.6057034,-46.8368614,820.691,12.564,12.880,3,127,153
1784772092422,2026-07-23T02:01:32.422Z,-23.6057090,-46.8368589,820.697,12.429,12.580,3,127,153
1784772092480,2026-07-23T02:01:32.480Z,-23.6057142,-46.8368562,820.705,12.150,12.440,3,127,153
1784772092539,2026-07-23T02:01:32.539Z,-23.6057192,-46.8368529,820.701,12.002,12.160,3,127,154
1784772092597,2026-07-23T02:01:32.597Z,-23.6057240,-46.8368494,820.727,11.819,12.010,3,127,154
1784772092655,2026-07-23T02:01:32.655Z,-23.6057287,-46.8368453,820.708,11.828,11.830,3,127,154
1784772092713,2026-07-23T02:01:32.713Z,-23.6057338,-46.8368412,820.705,12.127,11.840,3,127,154
1784772092771,2026-07-23T02:01:32.771Z,-23.6057385,-46.8368371,820.727,12.160,12.140,3,127,154
1784772092830,2026-07-23T02:01:32.830Z,-23.6057426,-46.8368322,820.755,12.072,12.170,3,127,154
1784772092888,2026-07-23T02:01:32.888Z,-23.6057462,-46.8368270,820.779,11.987,12.080,3,127,154
1784772092946,2026-07-23T02:01:32.946Z,-23.6057497,-46.8368215,820.780,11.953,11.990,3,127,154
1784772093004,2026-07-23T02:01:33.004Z,-23.6057530,-46.8368161,820.804,11.993,11.960,3,127,154
1784772093063,2026-07-23T02:01:33.063Z,-23.6057563,-46.8368106,820.855,12.018,12.000,3,127,154
1784772093121,2026-07-23T02:01:33.121Z,-23.6057593,-46.8368050,820.920,12.010,12.020,3,127,154
1784772093179,2026-07-23T02:01:33.179Z,-23.6057618,-46.8367992,820.944,11.938,12.010,3,127,154
1784772093237,2026-07-23T02:01:33.237Z,-23.6057639,-46.8367929,820.942,12.002,11.940,3,127,154
1784772093296,2026-07-23T02:01:33.296Z,-23.6057661,-46.8367868,820.955,12.047,12.000,3,127,154
1784772093354,2026-07-23T02:01:33.354Z,-23.6057679,-46.8367805,820.984,12.049,12.050,3,127,154
1784772093412,2026-07-23T02:01:33.412Z,-23.6057693,-46.8367740,821.015,12.107,12.050,3,127,154
1784772093470,2026-07-23T02:01:33.470Z,-23.6057706,-46.8367675,821.056,12.184,12.110,3,127,154
1784772093529,2026-07-23T02:01:33.529Z,-23.6057736,-46.8367550,821.044,12.033,12.190,3,127,155
1784772093581,2026-07-23T02:01:33.581Z,-23.6057749,-46.8367488,821.088,11.983,12.030,3,127,155
1784772093633,2026-07-23T02:01:33.633Z,-23.6057757,-46.8367426,821.133,11.842,11.980,3,127,155
1784772093685,2026-07-23T02:01:33.685Z,-23.6057768,-46.8367358,821.096,12.112,11.840,3,127,155
1784772093737,2026-07-23T02:01:33.737Z,-23.6057777,-46.8367293,821.148,12.182,12.110,3,127,155
1784772093789,2026-07-23T02:01:33.789Z,-23.6057781,-46.8367230,821.216,12.064,12.180,3,127,155
1784772093841,2026-07-23T02:01:33.841Z,-23.6057787,-46.8367160,821.228,12.323,12.060,3,127,155
1784772093893,2026-07-23T02:01:33.893Z,-23.6057791,-46.8367096,821.295,12.240,12.320,3,127,155
1784772093945,2026-07-23T02:01:33.945Z,-23.6057791,-46.8367032,821.341,12.071,12.240,3,127,155
1784772093997,2026-07-23T02:01:33.997Z,-23.6057792,-46.8366965,821.374,12.230,12.070,3,127,155
1784772094050,2026-07-23T02:01:34.050Z,-23.6057789,-46.8366899,821.451,12.248,12.230,3,127,155
1784772094102,2026-07-23T02:01:34.102Z,-23.6057782,-46.8366837,821.561,11.995,12.250,3,127,155
1784772094154,2026-07-23T02:01:34.154Z,-23.6057772,-46.8366774,821.587,11.955,12.000,3,127,155
1784772094206,2026-07-23T02:01:34.206Z,-23.6057757,-46.8366706,821.621,12.239,11.960,3,127,155
1784772094258,2026-07-23T02:01:34.258Z,-23.6057743,-46.8366635,821.608,12.580,12.240,3,127,155
1784772094310,2026-07-23T02:01:34.310Z,-23.6057727,-46.8366568,821.643,12.672,12.580,3,127,155
1784772094362,2026-07-23T02:01:34.362Z,-23.6057711,-46.8366503,821.713,12.645,12.670,3,127,155
1784772094414,2026-07-23T02:01:34.414Z,-23.6057694,-46.8366438,821.796,12.619,12.650,3,127,155
1784772094466,2026-07-23T02:01:34.466Z,-23.6057676,-46.8366372,821.859,12.677,12.620,3,127,155
1784772094519,2026-07-23T02:01:34.519Z,-23.6057656,-46.8366307,821.916,12.688,12.680,3,127,156
1784772094580,2026-07-23T02:01:34.580Z,-23.6057635,-46.8366239,821.932,12.879,12.690,3,127,156
1784772094641,2026-07-23T02:01:34.641Z,-23.6057614,-46.8366170,821.982,13.100,12.880,3,127,156
1784772094703,2026-07-23T02:01:34.703Z,-23.6057592,-46.8366102,822.040,13.226,13.100,3,127,156
1784772094764,2026-07-23T02:01:34.764Z,-23.6057569,-46.8366036,822.099,13.247,13.230,3,127,156
1784772094826,2026-07-23T02:01:34.826Z,-23.6057545,-46.8365970,822.166,13.252,13.250,3,127,156
1784772094887,2026-07-23T02:01:34.887Z,-23.6057522,-46.8365904,822.280,13.237,13.260,3,127,156
1784772094949,2026-07-23T02:01:34.949Z,-23.6057500,-46.8365843,822.392,12.921,13.240,3,127,156
1784772095010,2026-07-23T02:01:35.010Z,-23.6057475,-46.8365783,822.483,12.716,12.930,3,127,156
1784772095072,2026-07-23T02:01:35.072Z,-23.6057450,-46.8365723,822.483,12.541,12.730,3,127,156
1784772095133,2026-07-23T02:01:35.133Z,-23.6057424,-46.8365663,822.479,12.451,12.550,3,127,156
1784772095195,2026-07-23T02:01:35.195Z,-23.6057396,-46.8365607,822.509,12.279,12.460,3,127,156
1784772095256,2026-07-23T02:01:35.256Z,-23.6057371,-46.8365550,822.566,12.136,12.290,3,127,156
1784772095318,2026-07-23T02:01:35.318Z,-23.6057345,-46.8365491,822.631,12.101,12.150,3,127,156
1784772095379,2026-07-23T02:01:35.379Z,-23.6057320,-46.8365431,822.685,12.191,12.110,3,127,156
1784772095441,2026-07-23T02:01:35.441Z,-23.6057292,-46.8365368,822.746,12.459,12.200,3,127,156
1784772095502,2026-07-23T02:01:35.502Z,-23.6057264,-46.8365301,822.831,12.880,12.470,3,127,156
1784772095564,2026-07-23T02:01:35.564Z,-23.6057206,-46.8365171,823.001,13.314,12.890,3,127,157
1784772095619,2026-07-23T02:01:35.619Z,-23.6057176,-46.8365104,823.092,13.519,13.330,3,127,157
1784772095674,2026-07-23T02:01:35.674Z,-23.6057148,-46.8365037,823.149,13.530,13.530,3,127,157
1784772095729,2026-07-23T02:01:35.729Z,-23.6057119,-46.8364972,823.212,13.508,13.550,3,127,157
1784772095784,2026-07-23T02:01:35.784Z,-23.6057088,-46.8364909,823.270,13.459,13.520,3,127,157
1784772095839,2026-07-23T02:01:35.839Z,-23.6057056,-46.8364845,823.321,13.470,13.480,3,127,157
1784772095894,2026-07-23T02:01:35.894Z,-23.6057020,-46.8364785,823.395,13.419,13.490,3,127,157
1784772095949,2026-07-23T02:01:35.949Z,-23.6056977,-46.8364732,823.547,13.380,13.440,3,127,157
1784772096004,2026-07-23T02:01:36.004Z,-23.6056937,-46.8364676,823.657,13.366,13.400,3,127,157
1784772096059,2026-07-23T02:01:36.059Z,-23.6056896,-46.8364615,823.735,13.592,13.390,3,127,157
1784772096114,2026-07-23T02:01:36.114Z,-23.6056856,-46.8364555,823.796,13.644,13.610,3,127,157
1784772096169,2026-07-23T02:01:36.169Z,-23.6056819,-46.8364497,823.887,13.522,13.670,3,127,157
1784772096224,2026-07-23T02:01:36.224Z,-23.6056781,-46.8364441,823.923,13.356,13.550,3,127,157
1784772096279,2026-07-23T02:01:36.279Z,-23.6056740,-46.8364383,824.004,13.453,13.380,3,127,157
1784772096334,2026-07-23T02:01:36.334Z,-23.6056699,-46.8364323,824.081,13.618,13.480,3,127,157
1784772096389,2026-07-23T02:01:36.389Z,-23.6056660,-46.8364266,824.164,13.505,13.640,3,127,157
1784772096444,2026-07-23T02:01:36.444Z,-23.6056617,-46.8364208,824.188,13.617,13.530,3,127,157
1784772096499,2026-07-23T02:01:36.499Z,-23.6056492,-46.8364036,824.328,13.544,13.640,3,127,158
1784772096564,2026-07-23T02:01:36.564Z,-23.6056446,-46.8363983,824.382,13.532,13.570,3,127,158
1784772096629,2026-07-23T02:01:36.629Z,-23.6056395,-46.8363933,824.453,13.608,13.560,3,127,158
1784772096694,2026-07-23T02:01:36.694Z,-23.6056342,-46.8363886,824.563,13.617,13.630,3,127,158
1784772096760,2026-07-23T02:01:36.760Z,-23.6056290,-46.8363838,824.641,13.642,13.650,3,127,158
1784772096825,2026-07-23T02:01:36.825Z,-23.6056237,-46.8363793,824.694,13.558,13.670,3,127,158
1784772096890,2026-07-23T02:01:36.890Z,-23.6056183,-46.8363751,824.802,13.524,13.590,3,127,158
1784772096956,2026-07-23T02:01:36.956Z,-23.6056125,-46.8363708,824.886,13.691,13.560,3,127,158
1784772097021,2026-07-23T02:01:37.021Z,-23.6056070,-46.8363665,824.951,13.721,13.720,3,127,158
1784772097086,2026-07-23T02:01:37.086Z,-23.6056012,-46.8363624,825.003,13.768,13.750,3,127,158
1784772097152,2026-07-23T02:01:37.152Z,-23.6055952,-46.8363588,825.008,13.675,13.800,3,127,158
1784772097217,2026-07-23T02:01:37.217Z,-23.6055893,-46.8363552,825.047,13.632,13.710,3,127,158
1784772097282,2026-07-23T02:01:37.282Z,-23.6055832,-46.8363515,825.102,13.806,13.660,3,127,158
1784772097348,2026-07-23T02:01:37.348Z,-23.6055770,-46.8363482,825.104,13.824,13.840,3,127,158
1784772097413,2026-07-23T02:01:37.413Z,-23.6055708,-46.8363451,825.128,13.759,13.850,3,127,158
1784772097478,2026-07-23T02:01:37.478Z,-23.6055645,-46.8363422,825.193,13.739,13.790,3,127,158
1784772097544,2026-07-23T02:01:37.544Z,-23.6055517,-46.8363366,825.284,13.823,13.770,3,127,159
1784772097602,2026-07-23T02:01:37.602Z,-23.6055450,-46.8363344,825.321,13.859,13.850,3,127,159
1784772097660,2026-07-23T02:01:37.660Z,-23.6055382,-46.8363323,825.340,13.958,13.890,3,127,159
1784772097718,2026-07-23T02:01:37.718Z,-23.6055315,-46.8363305,825.271,13.916,13.990,3,127,159
1784772097776,2026-07-23T02:01:37.776Z,-23.6055248,-46.8363290,825.329,13.861,13.940,3,127,159
1784772097835,2026-07-23T02:01:37.835Z,-23.6055179,-46.8363277,825.349,13.939,13.880,3,127,159
1784772097893,2026-07-23T02:01:37.893Z,-23.6055108,-46.8363268,825.380,14.062,13.960,3,127,159
1784772097951,2026-07-23T02:01:37.951Z,-23.6055040,-46.8363262,825.422,13.896,14.080,3,127,159
1784772098009,2026-07-23T02:01:38.009Z,-23.6054969,-46.8363257,825.359,14.024,13.920,3,127,159
1784772098068,2026-07-23T02:01:38.068Z,-23.6054900,-46.8363253,825.335,13.937,14.040,3,127,159
1784772098126,2026-07-23T02:01:38.126Z,-23.6054831,-46.8363252,825.360,13.919,13.950,3,127,159
1784772098184,2026-07-23T02:01:38.184Z,-23.6054760,-46.8363254,825.394,14.135,13.930,3,127,159
1784772098242,2026-07-23T02:01:38.242Z,-23.6054690,-46.8363257,825.434,14.108,14.150,3,127,159
1784772098301,2026-07-23T02:01:38.301Z,-23.6054621,-46.8363261,825.498,14.107,14.120,3,127,159
1784772098359,2026-07-23T02:01:38.359Z,-23.6054550,-46.8363268,825.523,14.188,14.120,3,127,159
1784772098417,2026-07-23T02:01:38.417Z,-23.6054478,-46.8363275,825.560,14.381,14.200,3,127,159
1784772098475,2026-07-23T02:01:38.475Z,-23.6054407,-46.8363285,825.575,14.439,14.390,3,127,159
1784772098534,2026-07-23T02:01:38.534Z,-23.6054266,-46.8363304,825.667,14.380,14.450,3,127,160
1784772098589,2026-07-23T02:01:38.589Z,-23.6054195,-46.8363317,825.695,14.530,14.390,3,127,160
1784772098644,2026-07-23T02:01:38.644Z,-23.6054125,-46.8363332,825.733,14.464,14.540,3,127,160
1784772098699,2026-07-23T02:01:38.699Z,-23.6054054,-46.8363348,825.764,14.542,14.470,3,127,160
1784772098754,2026-07-23T02:01:38.754Z,-23.6053983,-46.8363366,825.801,14.643,14.550,3,127,160
1784772098809,2026-07-23T02:01:38.809Z,-23.6053912,-46.8363384,825.813,14.686,14.650,3,127,160
1784772098864,2026-07-23T02:01:38.864Z,-23.6053840,-46.8363403,825.855,14.819,14.690,3,127,160
1784772098919,2026-07-23T02:01:38.919Z,-23.6053770,-46.8363423,825.889,14.755,14.830,3,127,160
1784772098974,2026-07-23T02:01:38.974Z,-23.6053699,-46.8363443,825.915,14.760,14.760,3,127,160
1784772099029,2026-07-23T02:01:39.029Z,-23.6053628,-46.8363466,825.932,14.893,14.770,3,127,160
1784772099084,2026-07-23T02:01:39.084Z,-23.6053556,-46.8363489,825.994,14.942,14.900,3,127,160
1784772099139,2026-07-23T02:01:39.139Z,-23.6053484,-46.8363512,826.042,15.020,14.950,3,127,160
1784772099194,2026-07-23T02:01:39.194Z,-23.6053412,-46.8363535,826.047,15.119,15.030,3,127,160
1784772099249,2026-07-23T02:01:39.249Z,-23.6053340,-46.8363559,826.073,15.232,15.130,3,127,160
1784772099304,2026-07-23T02:01:39.304Z,-23.6053266,-46.8363584,826.131,15.395,15.240,3,127,160
1784772099359,2026-07-23T02:01:39.359Z,-23.6053194,-46.8363607,826.184,15.317,15.400,3,127,160
1784772099414,2026-07-23T02:01:39.414Z,-23.6053122,-46.8363632,826.182,15.403,15.330,3,127,160
1784772099469,2026-07-23T02:01:39.469Z,-23.6053048,-46.8363657,826.223,15.475,15.410,3,127,160
1784772099524,2026-07-23T02:01:39.524Z,-23.6052973,-46.8363683,826.264,15.695,15.480,3,127,161
1784772099579,2026-07-23T02:01:39.579Z,-23.6052897,-46.8363709,826.318,15.889,15.700,3,127,161
1784772099634,2026-07-23T02:01:39.634Z,-23.6052821,-46.8363735,826.347,15.980,15.900,3,127,161
1784772099689,2026-07-23T02:01:39.689Z,-23.6052745,-46.8363760,826.383,16.000,15.990,3,127,161
1784772099744,2026-07-23T02:01:39.744Z,-23.6052672,-46.8363786,826.458,15.873,16.010,3,127,161
1784772099799,2026-07-23T02:01:39.799Z,-23.6052597,-46.8363812,826.567,15.802,15.880,3,127,161
1784772099854,2026-07-23T02:01:39.854Z,-23.6052524,-46.8363837,826.661,15.612,15.810,3,127,161
1784772099909,2026-07-23T02:01:39.909Z,-23.6052452,-46.8363861,826.693,15.460,15.630,3,127,161
1784772099964,2026-07-23T02:01:39.964Z,-23.6052381,-46.8363886,826.714,15.323,15.470,3,127,161
1784772100019,2026-07-23T02:01:40.019Z,-23.6052308,-46.8363910,826.778,15.328,15.340,3,127,161
1784772100074,2026-07-23T02:01:40.074Z,-23.6052236,-46.8363934,826.821,15.338,15.340,3,127,161
1784772100129,2026-07-23T02:01:40.129Z,-23.6052163,-46.8363959,826.855,15.346,15.350,3,127,161
1784772100184,2026-07-23T02:01:40.184Z,-23.6052092,-46.8363983,826.902,15.302,15.360,3,127,161
1784772100239,2026-07-23T02:01:40.239Z,-23.6052020,-46.8364008,826.958,15.259,15.320,3,127,161
1784772100294,2026-07-23T02:01:40.294Z,-23.6051947,-46.8364033,827.015,15.304,15.270,3,127,161
1784772100349,2026-07-23T02:01:40.349Z,-23.6051875,-46.8364057,827.064,15.310,15.320,3,127,161
1784772100404,2026-07-23T02:01:40.404Z,-23.6051801,-46.8364082,827.124,15.418,15.320,3,127,161
1784772100459,2026-07-23T02:01:40.459Z,-23.6051727,-46.8364109,827.213,15.491,15.430,3,127,161
1784772100514,2026-07-23T02:01:40.514Z,-23.6051579,-46.8364159,827.295,15.592,15.510,3,127,162
1784772100572,2026-07-23T02:01:40.572Z,-23.6051503,-46.8364184,827.335,15.729,15.610,3,127,162
1784772100630,2026-07-23T02:01:40.630Z,-23.6051426,-46.8364211,827.423,15.864,15.740,3,127,162
1784772100688,2026-07-23T02:01:40.688Z,-23.6051351,-46.8364236,827.493,15.904,15.880,3,127,162
1784772100746,2026-07-23T02:01:40.746Z,-23.6051276,-46.8364261,827.548,15.804,15.920,3,127,162
1784772100805,2026-07-23T02:01:40.805Z,-23.6051200,-46.8364286,827.631,15.845,15.820,3,127,162
1784772100863,2026-07-23T02:01:40.863Z,-23.6051123,-46.8364311,827.678,16.070,15.860,3,127,162
1784772100921,2026-07-23T02:01:40.921Z,-23.6051047,-46.8364338,827.758,16.037,16.090,3,127,162
1784772100979,2026-07-23T02:01:40.979Z,-23.6050972,-46.8364364,827.828,15.920,16.060,3,127,162
1784772101038,2026-07-23T02:01:41.038Z,-23.6050896,-46.8364390,827.894,15.984,15.940,3,127,162
1784772101096,2026-07-23T02:01:41.096Z,-23.6050818,-46.8364416,827.950,16.164,16.010,3,127,162
1784772101154,2026-07-23T02:01:41.154Z,-23.6050742,-46.8364441,828.029,16.130,16.190,3,127,162
1784772101212,2026-07-23T02:01:41.212Z,-23.6050667,-46.8364467,828.089,16.052,16.150,3,127,162
1784772101271,2026-07-23T02:01:41.271Z,-23.6050591,-46.8364493,828.147,16.054,16.070,3,127,162
1784772101329,2026-07-23T02:01:41.329Z,-23.6050513,-46.8364518,828.221,16.170,16.080,3,127,162
1784772101387,2026-07-23T02:01:41.387Z,-23.6050435,-46.8364543,828.291,16.285,16.190,3,127,162
1784772101445,2026-07-23T02:01:41.445Z,-23.6050357,-46.8364567,828.321,16.329,16.310,3,127,162
1784772101504,2026-07-23T02:01:41.504Z,-23.6050203,-46.8364617,828.451,16.224,16.350,3,127,163
1784772101565,2026-07-23T02:01:41.565Z,-23.6050126,-46.8364642,828.542,16.202,16.250,3,127,163
1784772101626,2026-07-23T02:01:41.626Z,-23.6050049,-46.8364668,828.605,16.201,16.230,3,127,163
1784772101688,2026-07-23T02:01:41.688Z,-23.6049971,-46.8364693,828.651,16.272,16.230,3,127,163
1784772101749,2026-07-23T02:01:41.749Z,-23.6049894,-46.8364718,828.724,16.268,16.300,3,127,163
1784772101811,2026-07-23T02:01:41.811Z,-23.6049817,-46.8364743,828.791,16.265,16.300,3,127,163
1784772101872,2026-07-23T02:01:41.872Z,-23.6049739,-46.8364769,828.871,16.293,16.290,3,127,163
1784772101934,2026-07-23T02:01:41.934Z,-23.6049662,-46.8364794,828.950,16.295,16.320,3,127,163
1784772101995,2026-07-23T02:01:41.995Z,-23.6049585,-46.8364820,829.007,16.319,16.330,3,127,163
1784772102057,2026-07-23T02:01:42.057Z,-23.6049507,-46.8364846,829.046,16.347,16.350,3,127,163
1784772102118,2026-07-23T02:01:42.118Z,-23.6049429,-46.8364874,829.087,16.432,16.380,3,127,163
1784772102180,2026-07-23T02:01:42.180Z,-23.6049351,-46.8364901,829.161,16.489,16.460,3,127,163
1784772102241,2026-07-23T02:01:42.241Z,-23.6049273,-46.8364929,829.209,16.540,16.520,3,127,163
1784772102303,2026-07-23T02:01:42.303Z,-23.6049195,-46.8364957,829.266,16.566,16.570,3,127,163
1784772102364,2026-07-23T02:01:42.364Z,-23.6049116,-46.8364983,829.307,16.596,16.600,3,127,163
1784772102426,2026-07-23T02:01:42.426Z,-23.6049037,-46.8365011,829.348,16.652,16.620,3,127,163
1784772102487,2026-07-23T02:01:42.487Z,-23.6048959,-46.8365039,829.415,16.712,16.680,3,127,163
1784772102549,2026-07-23T02:01:42.549Z,-23.6048800,-46.8365096,829.473,16.828,16.740,3,127,164
1784772102607,2026-07-23T02:01:42.607Z,-23.6048720,-46.8365125,829.503,16.968,16.850,3,127,164
1784772102665,2026-07-23T02:01:42.665Z,-23.6048640,-46.8365154,829.543,17.011,16.990,3,127,164
1784772102723,2026-07-23T02:01:42.723Z,-23.6048559,-46.8365181,829.588,17.057,17.040,3,127,164
1784772102781,2026-07-23T02:01:42.781Z,-23.6048479,-46.8365212,829.625,17.096,17.080,3,127,164
1784772102840,2026-07-23T02:01:42.840Z,-23.6048401,-46.8365242,829.672,16.963,17.120,3,127,164
1784772102898,2026-07-23T02:01:42.898Z,-23.6048323,-46.8365272,829.695,16.857,16.990,3,127,164
1784772102956,2026-07-23T02:01:42.956Z,-23.6048246,-46.8365302,829.724,16.744,16.880,3,127,164
1784772103014,2026-07-23T02:01:43.014Z,-23.6048168,-46.8365332,829.733,16.712,16.770,3,127,164
1784772103073,2026-07-23T02:01:43.073Z,-23.6048091,-46.8365363,829.759,16.705,16.730,3,127,164
1784772103131,2026-07-23T02:01:43.131Z,-23.6048014,-46.8365396,829.787,16.783,16.730,3,127,164
1784772103189,2026-07-23T02:01:43.189Z,-23.6047936,-46.8365430,829.831,16.822,16.800,3,127,164
1784772103247,2026-07-23T02:01:43.247Z,-23.6047859,-46.8365465,829.863,16.840,16.840,3,127,164
1784772103306,2026-07-23T02:01:43.306Z,-23.6047782,-46.8365499,829.900,16.828,16.860,3,127,164
1784772103364,2026-07-23T02:01:43.364Z,-23.6047705,-46.8365537,829.945,16.881,16.850,3,127,164
1784772103422,2026-07-23T02:01:43.422Z,-23.6047629,-46.8365575,829.974,16.905,16.900,3,127,164
1784772103480,2026-07-23T02:01:43.480Z,-23.6047554,-46.8365616,830.008,16.903,16.920,3,127,164
1784772103539,2026-07-23T02:01:43.539Z,-23.6047406,-46.8365700,830.083,16.854,16.920,3,127,165
1784772103594,2026-07-23T02:01:43.594Z,-23.6047332,-46.8365747,830.125,16.963,16.870,3,127,165
1784772103649,2026-07-23T02:01:43.649Z,-23.6047259,-46.8365796,830.168,17.102,16.980,3,127,165
1784772103704,2026-07-23T02:01:43.704Z,-23.6047188,-46.8365845,830.156,17.070,17.120,3,127,165
1784772103759,2026-07-23T02:01:43.759Z,-23.6047117,-46.8365896,830.154,17.161,17.080,3,127,165
1784772103814,2026-07-23T02:01:43.814Z,-23.6047047,-46.8365950,830.176,17.181,17.170,3,127,165
1784772103869,2026-07-23T02:01:43.869Z,-23.6046979,-46.8366003,830.153,17.105,17.190,3,127,165
1784772103924,2026-07-23T02:01:43.924Z,-23.6046912,-46.8366060,830.139,17.181,17.120,3,127,165
1784772103979,2026-07-23T02:01:43.979Z,-23.6046845,-46.8366121,830.131,17.355,17.190,3,127,165
1784772104034,2026-07-23T02:01:44.034Z,-23.6046779,-46.8366181,830.126,17.357,17.360,3,127,165
1784772104089,2026-07-23T02:01:44.089Z,-23.6046714,-46.8366243,830.091,17.348,17.360,3,127,165
1784772104144,2026-07-23T02:01:44.144Z,-23.6046652,-46.8366309,830.084,17.443,17.350,3,127,165
1784772104199,2026-07-23T02:01:44.199Z,-23.6046591,-46.8366375,830.077,17.411,17.450,3,127,165
1784772104254,2026-07-23T02:01:44.254Z,-23.6046532,-46.8366442,830.048,17.335,17.420,3,127,165
1784772104309,2026-07-23T02:01:44.309Z,-23.6046476,-46.8366512,830.021,17.282,17.340,3,127,165
1784772104364,2026-07-23T02:01:44.364Z,-23.6046420,-46.8366584,830.005,17.350,17.280,3,127,165
1784772104419,2026-07-23T02:01:44.419Z,-23.6046366,-46.8366657,829.986,17.359,17.350,3,127,165
1784772104474,2026-07-23T02:01:44.474Z,-23.6046313,-46.8366731,829.916,17.438,17.360,3,127,165
1784772104529,2026-07-23T02:01:44.529Z,-23.6046262,-46.8366808,829.895,17.473,17.440,3,127,166
1784772104584,2026-07-23T02:01:44.584Z,-23.6046212,-46.8366887,829.879,17.581,17.470,3,127,166
1784772104639,2026-07-23T02:01:44.639Z,-23.6046164,-46.8366968,829.846,17.702,17.580,3,127,166
1784772104694,2026-07-23T02:01:44.694Z,-23.6046119,-46.8367048,829.777,17.657,17.700,3,127,166
1784772104749,2026-07-23T02:01:44.749Z,-23.6046077,-46.8367132,829.711,17.694,17.660,3,127,166
1784772104804,2026-07-23T02:01:44.804Z,-23.6046035,-46.8367216,829.633,17.789,17.690,3,127,166
1784772104859,2026-07-23T02:01:44.859Z,-23.6045995,-46.8367300,829.573,17.724,17.790,3,127,166
1784772104914,2026-07-23T02:01:44.914Z,-23.6045956,-46.8367386,829.518,17.810,17.720,3,127,166
1784772104969,2026-07-23T02:01:44.969Z,-23.6045919,-46.8367473,829.427,17.837,17.810,3,127,166
1784772105024,2026-07-23T02:01:45.024Z,-23.6045885,-46.8367558,829.355,17.673,17.840,3,127,166
1784772105079,2026-07-23T02:01:45.079Z,-23.6045855,-46.8367647,829.296,17.675,17.680,3,127,166
1784772105134,2026-07-23T02:01:45.134Z,-23.6045826,-46.8367734,829.216,17.538,17.680,3,127,166
1784772105189,2026-07-23T02:01:45.189Z,-23.6045800,-46.8367825,829.143,17.561,17.540,3,127,166
1784772105244,2026-07-23T02:01:45.244Z,-23.6045775,-46.8367916,829.061,17.611,17.570,3,127,166
1784772105299,2026-07-23T02:01:45.299Z,-23.6045751,-46.8368007,828.979,17.635,17.620,3,127,166
1784772105354,2026-07-23T02:01:45.354Z,-23.6045729,-46.8368096,828.897,17.533,17.640,3,127,166
1784772105409,2026-07-23T02:01:45.409Z,-23.6045710,-46.8368189,828.796,17.592,17.540,3,127,166
1784772105464,2026-07-23T02:01:45.464Z,-23.6045693,-46.8368282,828.707,17.595,17.600,3,127,166
1784772105519,2026-07-23T02:01:45.519Z,-23.6045679,-46.8368373,828.643,17.453,17.610,3,127,166
1784772105574,2026-07-23T02:01:45.574Z,-23.6045665,-46.8368463,828.575,17.319,17.470,3,127,167
1784772105629,2026-07-23T02:01:45.629Z,-23.6045654,-46.8368553,828.480,17.163,17.330,3,127,167
1784772105684,2026-07-23T02:01:45.684Z,-23.6045645,-46.8368646,828.364,17.266,17.180,3,127,167
1784772105739,2026-07-23T02:01:45.739Z,-23.6045640,-46.8368739,828.231,17.342,17.280,3,127,167
1784772105794,2026-07-23T02:01:45.794Z,-23.6045637,-46.8368829,828.108,17.185,17.360,3,127,167
1784772105849,2026-07-23T02:01:45.849Z,-23.6045638,-46.8368919,827.954,17.101,17.210,3,127,167
1784772105904,2026-07-23T02:01:45.904Z,-23.6045642,-46.8369012,827.849,17.173,17.130,3,127,167
1784772105959,2026-07-23T02:01:45.959Z,-23.6045646,-46.8369105,827.761,17.235,17.200,3,127,167
1784772106014,2026-07-23T02:01:46.014Z,-23.6045654,-46.8369193,827.647,17.025,17.270,3,127,167
1784772106069,2026-07-23T02:01:46.069Z,-23.6045666,-46.8369281,827.496,16.912,17.060,3,127,167
1784772106124,2026-07-23T02:01:46.124Z,-23.6045680,-46.8369374,827.347,17.243,16.950,3,127,167
1784772106179,2026-07-23T02:01:46.179Z,-23.6045698,-46.8369466,827.187,17.438,17.290,3,127,167
1784772106234,2026-07-23T02:01:46.234Z,-23.6045720,-46.8369556,827.062,17.422,17.490,3,127,167
1784772106289,2026-07-23T02:01:46.289Z,-23.6045746,-46.8369645,826.920,17.378,17.470,3,127,167
1784772106344,2026-07-23T02:01:46.344Z,-23.6045773,-46.8369733,826.790,17.399,17.430,3,127,167
1784772106399,2026-07-23T02:01:46.399Z,-23.6045803,-46.8369821,826.630,17.552,17.460,3,127,167
1784772106454,2026-07-23T02:01:46.454Z,-23.6045834,-46.8369906,826.517,17.381,17.610,3,127,167
1784772106509,2026-07-23T02:01:46.509Z,-23.6045905,-46.8370076,826.336,17.341,17.440,3,127,168
1784772106567,2026-07-23T02:01:46.567Z,-23.6045950,-46.8370156,826.226,17.376,17.410,3,127,168
1784772106625,2026-07-23T02:01:46.625Z,-23.6045996,-46.8370236,826.112,17.485,17.440,3,127,168
1784772106683,2026-07-23T02:01:46.683Z,-23.6046044,-46.8370313,825.999,17.434,17.550,3,127,168
1784772106741,2026-07-23T02:01:46.741Z,-23.6046095,-46.8370389,825.907,17.416,17.500,3,127,168
1784772106799,2026-07-23T02:01:46.799Z,-23.6046147,-46.8370463,825.770,17.494,17.490,3,127,168
1784772106857,2026-07-23T02:01:46.857Z,-23.6046204,-46.8370539,825.687,17.713,17.570,3,127,168
1784772106915,2026-07-23T02:01:46.915Z,-23.6046261,-46.8370612,825.585,17.795,17.790,3,127,168
1784772106973,2026-07-23T02:01:46.973Z,-23.6046319,-46.8370684,825.504,17.773,17.870,3,127,168
1784772107031,2026-07-23T02:01:47.031Z,-23.6046380,-46.8370757,825.432,17.919,17.850,3,127,168
1784772107089,2026-07-23T02:01:47.089Z,-23.6046437,-46.8370830,825.332,17.939,17.990,3,127,168
1784772107147,2026-07-23T02:01:47.147Z,-23.6046496,-46.8370905,825.264,18.053,18.010,3,127,168
1784772107205,2026-07-23T02:01:47.205Z,-23.6046553,-46.8370980,825.156,18.055,18.120,3,127,168
1784772107263,2026-07-23T02:01:47.263Z,-23.6046609,-46.8371054,825.004,18.088,18.130,3,127,168
1784772107321,2026-07-23T02:01:47.321Z,-23.6046666,-46.8371129,824.902,18.089,18.160,3,127,168
1784772107379,2026-07-23T02:01:47.379Z,-23.6046721,-46.8371207,824.825,18.181,18.160,3,127,168
1784772107437,2026-07-23T02:01:47.437Z,-23.6046774,-46.8371290,824.718,18.452,18.260,3,127,168
1784772107495,2026-07-23T02:01:47.495Z,-23.6046870,-46.8371462,824.570,18.595,18.530,3,127,168
1784772107554,2026-07-23T02:01:47.554Z,-23.6046910,-46.8371550,824.540,18.419,18.670,3,127,169
1784772107612,2026-07-23T02:01:47.612Z,-23.6046948,-46.8371638,824.473,18.208,18.490,3,127,169
1784772107670,2026-07-23T02:01:47.670Z,-23.6046984,-46.8371726,824.394,18.127,18.280,3,127,169
1784772107728,2026-07-23T02:01:47.728Z,-23.6047021,-46.8371813,824.326,17.986,18.200,3,127,169
1784772107786,2026-07-23T02:01:47.786Z,-23.6047051,-46.8371905,824.292,18.003,18.060,3,127,169
1784772107845,2026-07-23T02:01:47.845Z,-23.6047081,-46.8371997,824.274,17.976,18.070,3,127,169
1784772107903,2026-07-23T02:01:47.903Z,-23.6047109,-46.8372089,824.277,17.814,18.040,3,127,169
1784772107961,2026-07-23T02:01:47.961Z,-23.6047133,-46.8372184,824.255,17.866,17.870,3,127,169
1784772108019,2026-07-23T02:01:48.019Z,-23.6047155,-46.8372276,824.177,17.850,17.920,3,127,169
1784772108078,2026-07-23T02:01:48.078Z,-23.6047173,-46.8372372,824.148,17.868,17.910,3,127,169
1784772108136,2026-07-23T02:01:48.136Z,-23.6047186,-46.8372467,824.088,17.823,17.920,3,127,169
1784772108194,2026-07-23T02:01:48.194Z,-23.6047197,-46.8372560,824.057,17.559,17.880,3,127,169
1784772108252,2026-07-23T02:01:48.252Z,-23.6047203,-46.8372653,823.982,17.478,17.610,3,127,169
1784772108311,2026-07-23T02:01:48.311Z,-23.6047205,-46.8372746,823.950,17.290,17.530,3,127,169
1784772108369,2026-07-23T02:01:48.369Z,-23.6047204,-46.8372839,823.916,17.207,17.340,3,127,169
1784772108427,2026-07-23T02:01:48.427Z,-23.6047201,-46.8372933,823.836,17.370,17.260,3,127,169
1784772108485,2026-07-23T02:01:48.485Z,-23.6047191,-46.8373121,823.749,17.418,17.420,3,127,169
1784772108544,2026-07-23T02:01:48.544Z,-23.6047173,-46.8373216,823.722,17.531,17.460,3,127,170
1784772108602,2026-07-23T02:01:48.602Z,-23.6047155,-46.8373310,823.745,17.586,17.570,3,127,170
1784772108660,2026-07-23T02:01:48.660Z,-23.6047136,-46.8373400,823.745,17.350,17.620,3,127,170
1784772108719,2026-07-23T02:01:48.719Z,-23.6047111,-46.8373489,823.660,17.432,17.380,3,127,170
1784772108777,2026-07-23T02:01:48.777Z,-23.6047086,-46.8373578,823.572,17.397,17.470,3,127,170
1784772108836,2026-07-23T02:01:48.836Z,-23.6047059,-46.8373668,823.510,17.555,17.430,3,127,170
1784772108894,2026-07-23T02:01:48.894Z,-23.6047033,-46.8373761,823.551,17.671,17.590,3,127,170
1784772108953,2026-07-23T02:01:48.953Z,-23.6047005,-46.8373846,823.645,17.278,17.700,3,127,170
1784772109011,2026-07-23T02:01:49.011Z,-23.6046974,-46.8373926,823.687,16.860,17.310,3,127,170
1784772109069,2026-07-23T02:01:49.069Z,-23.6046936,-46.8374008,823.671,16.869,16.880,3,127,170
1784772109128,2026-07-23T02:01:49.128Z,-23.6046896,-46.8374084,823.708,16.625,16.890,3,127,170
1784772109186,2026-07-23T02:01:49.186Z,-23.6046855,-46.8374159,823.735,16.418,16.650,3,127,170
1784772109245,2026-07-23T02:01:49.245Z,-23.6046808,-46.8374230,823.741,16.329,16.440,3,127,170
1784772109303,2026-07-23T02:01:49.303Z,-23.6046751,-46.8374303,823.801,16.596,16.350,3,127,170
1784772109362,2026-07-23T02:01:49.362Z,-23.6046697,-46.8374371,823.796,16.508,16.610,3,127,170
1784772109420,2026-07-23T02:01:49.420Z,-23.6046640,-46.8374436,823.859,16.448,16.520,3,127,170
1784772109479,2026-07-23T02:01:49.479Z,-23.6046536,-46.8374569,823.869,16.248,16.460,3,127,171
1784772109537,2026-07-23T02:01:49.537Z,-23.6046475,-46.8374627,823.890,16.172,16.260,3,127,171
1784772109595,2026-07-23T02:01:49.595Z,-23.6046413,-46.8374682,823.971,16.029,16.180,3,127,171
1784772109653,2026-07-23T02:01:49.653Z,-23.6046351,-46.8374736,824.023,15.988,16.030,3,127,171
1784772109711,2026-07-23T02:01:49.711Z,-23.6046286,-46.8374790,824.053,16.120,15.990,3,127,171
1784772109769,2026-07-23T02:01:49.769Z,-23.6046220,-46.8374840,824.081,16.111,16.120,3,127,171
1784772109827,2026-07-23T02:01:49.827Z,-23.6046152,-46.8374887,824.134,16.134,16.110,3,127,171
1784772109885,2026-07-23T02:01:49.885Z,-23.6046083,-46.8374934,824.209,16.122,16.140,3,127,171
1784772109943,2026-07-23T02:01:49.943Z,-23.6046013,-46.8374976,824.263,16.067,16.120,3,127,171
1784772110001,2026-07-23T02:01:50.001Z,-23.6045942,-46.8375016,824.306,16.075,16.070,3,127,171
1784772110059,2026-07-23T02:01:50.059Z,-23.6045870,-46.8375058,824.395,16.129,16.080,3,127,171
1784772110117,2026-07-23T02:01:50.117Z,-23.6045796,-46.8375097,824.457,16.224,16.130,3,127,171
1784772110175,2026-07-23T02:01:50.175Z,-23.6045721,-46.8375131,824.477,16.307,16.220,3,127,171
1784772110233,2026-07-23T02:01:50.233Z,-23.6045646,-46.8375164,824.503,16.288,16.310,3,127,171
1784772110291,2026-07-23T02:01:50.291Z,-23.6045572,-46.8375198,824.556,16.261,16.290,3,127,171
1784772110349,2026-07-23T02:01:50.349Z,-23.6045496,-46.8375232,824.646,16.247,16.260,3,127,171
1784772110407,2026-07-23T02:01:50.407Z,-23.6045423,-46.8375264,824.717,16.076,16.250,3,127,171
1784772110465,2026-07-23T02:01:50.465Z,-23.6045346,-46.8375295,824.829,16.119,16.080,3,127,171
1784772110524,2026-07-23T02:01:50.524Z,-23.6045269,-46.8375322,824.918,16.117,16.120,3,127,172
1784772110576,2026-07-23T02:01:50.576Z,-23.6045194,-46.8375346,825.020,15.852,16.120,3,127,172
1784772110628,2026-07-23T02:01:50.628Z,-23.6045117,-46.8375369,825.134,15.806,15.850,3,127,172
1784772110680,2026-07-23T02:01:50.680Z,-23.6045038,-46.8375388,825.204,15.969,15.810,3,127,172
1784772110732,2026-07-23T02:01:50.732Z,-23.6044961,-46.8375403,825.226,15.823,15.970,3,127,172
1784772110784,2026-07-23T02:01:50.784Z,-23.6044885,-46.8375421,825.316,15.665,15.830,3,127,172
1784772110836,2026-07-23T02:01:50.836Z,-23.6044810,-46.8375436,825.378,15.502,15.670,3,127,172
1784772110888,2026-07-23T02:01:50.888Z,-23.6044734,-46.8375446,825.434,15.415,15.510,3,127,172
1784772110940,2026-07-23T02:01:50.940Z,-23.6044658,-46.8375453,825.511,15.255,15.420,3,127,172
1784772110992,2026-07-23T02:01:50.992Z,-23.6044583,-46.8375454,825.579,15.120,15.260,3,127,172
1784772111045,2026-07-23T02:01:51.045Z,-23.6044510,-46.8375448,825.633,14.871,15.130,3,127,172
1784772111097,2026-07-23T02:01:51.097Z,-23.6044440,-46.8375438,825.694,14.505,14.880,3,127,172
1784772111149,2026-07-23T02:01:51.149Z,-23.6044373,-46.8375427,825.759,14.055,14.510,3,127,172
1784772111201,2026-07-23T02:01:51.201Z,-23.6044305,-46.8375414,825.781,13.964,14.070,3,127,172
1784772111253,2026-07-23T02:01:51.253Z,-23.6044237,-46.8375399,825.799,13.880,13.980,3,127,172
1784772111305,2026-07-23T02:01:51.305Z,-23.6044171,-46.8375384,825.868,13.708,13.890,3,127,172
1784772111357,2026-07-23T02:01:51.357Z,-23.6044106,-46.8375367,825.933,13.586,13.720,3,127,172
1784772111409,2026-07-23T02:01:51.409Z,-23.6044042,-46.8375348,825.974,13.433,13.600,3,127,172
1784772111461,2026-07-23T02:01:51.461Z,-23.6043979,-46.8375326,826.046,13.358,13.450,3,127,172
1784772111514,2026-07-23T02:01:51.514Z,-23.6043919,-46.8375302,826.105,13.090,13.370,3,127,173
1784772111575,2026-07-23T02:01:51.575Z,-23.6043861,-46.8375276,826.183,12.854,13.110,3,127,173
1784772111636,2026-07-23T02:01:51.636Z,-23.6043804,-46.8375245,826.293,12.726,12.870,3,127,173
1784772111698,2026-07-23T02:01:51.698Z,-23.6043749,-46.8375210,826.354,12.717,12.750,3,127,173
1784772111759,2026-07-23T02:01:51.759Z,-23.6043694,-46.8375172,826.392,12.767,12.740,3,127,173
1784772111821,2026-07-23T02:01:51.821Z,-23.6043641,-46.8375130,826.474,12.844,12.790,3,127,173
1784772111882,2026-07-23T02:01:51.882Z,-23.6043589,-46.8375086,826.526,12.955,12.860,3,127,173
1784772111944,2026-07-23T02:01:51.944Z,-23.6043537,-46.8375040,826.554,13.065,12.980,3,127,173
1784772112005,2026-07-23T02:01:52.005Z,-23.6043490,-46.8374992,826.597,12.965,13.080,3,127,173
1784772112067,2026-07-23T02:01:52.067Z,-23.6043449,-46.8374942,826.619,12.611,12.990,3,127,173
1784772112128,2026-07-23T02:01:52.128Z,-23.6043411,-46.8374894,826.672,12.207,12.630,3,127,173
1784772112190,2026-07-23T02:01:52.190Z,-23.6043376,-46.8374842,826.745,11.974,12.230,3,127,173
1784772112251,2026-07-23T02:01:52.251Z,-23.6043340,-46.8374788,826.800,12.102,12.000,3,127,173
1784772112313,2026-07-23T02:01:52.313Z,-23.6043305,-46.8374734,826.868,12.073,12.120,3,127,173
1784772112374,2026-07-23T02:01:52.374Z,-23.6043274,-46.8374679,826.899,11.925,12.100,3,127,173
1784772112436,2026-07-23T02:01:52.436Z,-23.6043244,-46.8374625,826.992,11.809,11.950,3,127,173
1784772112497,2026-07-23T02:01:52.497Z,-23.6043213,-46.8374572,827.049,11.724,11.830,3,127,173
1784772112559,2026-07-23T02:01:52.559Z,-23.6043160,-46.8374459,827.084,11.681,11.750,3,127,174
1784772112614,2026-07-23T02:01:52.614Z,-23.6043137,-46.8374399,827.110,11.771,11.710,3,127,174
1784772112669,2026-07-23T02:01:52.669Z,-23.6043115,-46.8374335,827.145,12.019,11.790,3,127,174
1784772112724,2026-07-23T02:01:52.724Z,-23.6043094,-46.8374268,827.140,12.334,12.040,3,127,174
1784772112779,2026-07-23T02:01:52.779Z,-23.6043083,-46.8374202,827.134,12.249,12.350,3,127,174
1784772112834,2026-07-23T02:01:52.834Z,-23.6043076,-46.8374136,827.147,12.216,12.270,3,127,174
1784772112889,2026-07-23T02:01:52.889Z,-23.6043065,-46.8374071,827.204,12.254,12.230,3,127,174
1784772112944,2026-07-23T02:01:52.944Z,-23.6043058,-46.8374005,827.186,12.254,12.270,3,127,174
1784772112999,2026-07-23T02:01:52.999Z,-23.6043058,-46.8373940,827.126,12.121,12.270,3,127,174
1784772113054,2026-07-23T02:01:53.054Z,-23.6043065,-46.8373877,827.125,12.024,12.130,3,127,174
1784772113109,2026-07-23T02:01:53.109Z,-23.6043065,-46.8373811,827.186,12.127,12.040,3,127,174
1784772113164,2026-07-23T02:01:53.164Z,-23.6043069,-46.8373744,827.180,12.265,12.140,3,127,174
1784772113219,2026-07-23T02:01:53.219Z,-23.6043083,-46.8373681,827.228,12.204,12.280,3,127,174
1784772113274,2026-07-23T02:01:53.274Z,-23.6043096,-46.8373617,827.257,12.270,12.220,3,127,174
1784772113329,2026-07-23T02:01:53.329Z,-23.6043112,-46.8373551,827.236,12.395,12.280,3,127,174
1784772113384,2026-07-23T02:01:53.384Z,-23.6043131,-46.8373486,827.239,12.478,12.400,3,127,174
1784772113439,2026-07-23T02:01:53.439Z,-23.6043151,-46.8373422,827.245,12.576,12.490,3,127,174
1784772113494,2026-07-23T02:01:53.494Z,-23.6043193,-46.8373288,827.230,13.051,12.580,3,127,174
1784772113549,2026-07-23T02:01:53.549Z,-23.6043216,-46.8373219,827.197,13.259,13.060,3,127,175
1784772113607,2026-07-23T02:01:53.607Z,-23.6043241,-46.8373149,827.184,13.470,13.260,3,127,175
1784772113665,2026-07-23T02:01:53.665Z,-23.6043264,-46.8373082,827.211,13.395,13.470,3,127,175
1784772113723,2026-07-23T02:01:53.723Z,-23.6043286,-46.8373018,827.254,13.203,13.400,3,127,175
1784772113781,2026-07-23T02:01:53.781Z,-23.6043306,-46.8372953,827.283,13.024,13.210,3,127,175
1784772113840,2026-07-23T02:01:53.840Z,-23.6043326,-46.8372890,827.280,12.798,13.030,3,127,175
1784772113898,2026-07-23T02:01:53.898Z,-23.6043346,-46.8372829,827.281,12.473,12.800,3,127,175
1784772113956,2026-07-23T02:01:53.956Z,-23.6043367,-46.8372766,827.237,12.449,12.480,3,127,175
1784772114014,2026-07-23T02:01:54.014Z,-23.6043389,-46.8372702,827.219,12.557,12.450,3,127,175
1784772114073,2026-07-23T02:01:54.073Z,-23.6043411,-46.8372636,827.186,12.660,12.560,3,127,175
1784772114131,2026-07-23T02:01:54.131Z,-23.6043430,-46.8372569,827.175,12.771,12.660,3,127,175
1784772114189,2026-07-23T02:01:54.189Z,-23.6043449,-46.8372501,827.181,12.907,12.770,3,127,175
1784772114247,2026-07-23T02:01:54.247Z,-23.6043467,-46.8372432,827.193,13.010,12.910,3,127,175
1784772114306,2026-07-23T02:01:54.306Z,-23.6043484,-46.8372364,827.204,13.062,13.010,3,127,175
1784772114364,2026-07-23T02:01:54.364Z,-23.6043500,-46.8372292,827.202,13.252,13.060,3,127,175
1784772114422,2026-07-23T02:01:54.422Z,-23.6043514,-46.8372219,827.201,13.404,13.250,3,127,175
1784772114480,2026-07-23T02:01:54.480Z,-23.6043536,-46.8372072,827.223,13.662,13.410,3,127,175
1784772114539,2026-07-23T02:01:54.539Z,-23.6043543,-46.8371997,827.256,13.773,13.660,3,127,176
1784772114604,2026-07-23T02:01:54.604Z,-23.6043546,-46.8371922,827.268,13.847,13.770,3,127,176
1784772114669,2026-07-23T02:01:54.669Z,-23.6043548,-46.8371847,827.308,13.838,13.850,3,127,176
1784772114734,2026-07-23T02:01:54.734Z,-23.6043548,-46.8371774,827.321,13.773,13.840,3,127,176
1784772114800,2026-07-23T02:01:54.800Z,-23.6043547,-46.8371700,827.345,13.740,13.780,3,127,176
1784772114865,2026-07-23T02:01:54.865Z,-23.6043545,-46.8371626,827.383,13.753,13.740,3,127,176
1784772114930,2026-07-23T02:01:54.930Z,-23.6043543,-46.8371553,827.385,13.698,13.760,3,127,176
1784772114996,2026-07-23T02:01:54.996Z,-23.6043540,-46.8371478,827.420,13.773,13.700,3,127,176
1784772115061,2026-07-23T02:01:55.061Z,-23.6043535,-46.8371404,827.463,13.826,13.780,3,127,176
1784772115126,2026-07-23T02:01:55.126Z,-23.6043529,-46.8371330,827.490,13.783,13.830,3,127,176
1784772115192,2026-07-23T02:01:55.192Z,-23.6043520,-46.8371257,827.518,13.783,13.790,3,127,176
1784772115257,2026-07-23T02:01:55.257Z,-23.6043509,-46.8371183,827.553,13.777,13.790,3,127,176
1784772115322,2026-07-23T02:01:55.322Z,-23.6043497,-46.8371110,827.584,13.788,13.780,3,127,176
1784772115388,2026-07-23T02:01:55.388Z,-23.6043486,-46.8371034,827.625,13.952,13.790,3,127,176
1784772115453,2026-07-23T02:01:55.453Z,-23.6043474,-46.8370960,827.698,13.951,13.960,3,127,176
1784772115518,2026-07-23T02:01:55.518Z,-23.6043461,-46.8370888,827.788,13.853,13.960,3,127,176
1784772115584,2026-07-23T02:01:55.584Z,-23.6043428,-46.8370739,827.825,14.164,13.860,3,127,177
1784772115636,2026-07-23T02:01:55.636Z,-23.6043410,-46.8370665,827.897,14.171,14.170,3,127,177
1784772115688,2026-07-23T02:01:55.688Z,-23.6043390,-46.8370592,827.972,14.187,14.180,3,127,177
1784772115740,2026-07-23T02:01:55.740Z,-23.6043368,-46.8370517,828.030,14.325,14.190,3,127,177
1784772115792,2026-07-23T02:01:55.792Z,-23.6043345,-46.8370442,828.120,14.442,14.330,3,127,177
1784772115844,2026-07-23T02:01:55.844Z,-23.6043321,-46.8370368,828.235,14.513,14.450,3,127,177
1784772115896,2026-07-23T02:01:55.896Z,-23.6043296,-46.8370296,828.354,14.439,14.520,3,127,177
1784772115948,2026-07-23T02:01:55.948Z,-23.6043270,-46.8370225,828.461,14.354,14.450,3,127,177
1784772116000,2026-07-23T02:01:56.000Z,-23.6043244,-46.8370154,828.536,14.323,14.370,3,127,177
1784772116052,2026-07-23T02:01:56.052Z,-23.6043216,-46.8370083,828.604,14.368,14.340,3,127,177
1784772116105,2026-07-23T02:01:56.105Z,-23.6043187,-46.8370012,828.663,14.412,14.390,3,127,177
1784772116157,2026-07-23T02:01:56.157Z,-23.6043157,-46.8369941,828.720,14.413,14.430,3,127,177
1784772116209,2026-07-23T02:01:56.209Z,-23.6043125,-46.8369872,828.802,14.452,14.430,3,127,177
1784772116261,2026-07-23T02:01:56.261Z,-23.6043092,-46.8369804,828.896,14.400,14.470,3,127,177
1784772116313,2026-07-23T02:01:56.313Z,-23.6043056,-46.8369738,828.995,14.374,14.420,3,127,177
1784772116365,2026-07-23T02:01:56.365Z,-23.6043018,-46.8369673,829.086,14.334,14.400,3,127,177
1784772116417,2026-07-23T02:01:56.417Z,-23.6042979,-46.8369608,829.225,14.372,14.360,3,127,177
1784772116469,2026-07-23T02:01:56.469Z,-23.6042941,-46.8369545,829.337,14.257,14.400,3,127,177
1784772116521,2026-07-23T02:01:56.521Z,-23.6042901,-46.8369482,829.445,14.234,14.290,3,127,177
1784772116574,2026-07-23T02:01:56.574Z,-23.6042860,-46.8369421,829.547,14.268,14.270,3,127,178
1784772116625,2026-07-23T02:01:56.625Z,-23.6042816,-46.8369360,829.651,14.305,14.300,3,127,178
1784772116677,2026-07-23T02:01:56.677Z,-23.6042771,-46.8369302,829.761,14.208,14.340,3,127,178
1784772116729,2026-07-23T02:01:56.729Z,-23.6042724,-46.8369247,829.861,14.120,14.250,3,127,178
1784772116781,2026-07-23T02:01:56.781Z,-23.6042676,-46.8369194,830.024,14.059,14.160,3,127,178
1784772116833,2026-07-23T02:01:56.833Z,-23.6042626,-46.8369141,830.175,14.078,14.110,3,127,178
1784772116885,2026-07-23T02:01:56.885Z,-23.6042575,-46.8369091,830.302,14.030,14.130,3,127,178
1784772116937,2026-07-23T02:01:56.937Z,-23.6042522,-46.8369039,830.431,14.141,14.080,3,127,178
1784772116989,2026-07-23T02:01:56.989Z,-23.6042470,-46.8368988,830.531,14.122,14.200,3,127,178
1784772117041,2026-07-23T02:01:57.041Z,-23.6042418,-46.8368937,830.600,14.128,14.180,3,127,178
1784772117093,2026-07-23T02:01:57.093Z,-23.6042365,-46.8368885,830.711,14.205,14.190,3,127,178
1784772117145,2026-07-23T02:01:57.145Z,-23.6042312,-46.8368833,830.807,14.240,14.260,3,127,178
1784772117197,2026-07-23T02:01:57.197Z,-23.6042261,-46.8368779,830.899,14.286,14.300,3,127,178
1784772117249,2026-07-23T02:01:57.249Z,-23.6042212,-46.8368726,831.020,14.175,14.350,3,127,178
1784772117301,2026-07-23T02:01:57.301Z,-23.6042163,-46.8368670,831.124,14.165,14.240,3,127,178
1784772117353,2026-07-23T02:01:57.353Z,-23.6042116,-46.8368614,831.221,14.187,14.230,3,127,178
1784772117405,2026-07-23T02:01:57.405Z,-23.6042070,-46.8368557,831.347,14.150,14.250,3,127,178
1784772117457,2026-07-23T02:01:57.457Z,-23.6042023,-46.8368498,831.399,14.245,14.220,3,127,178
1784772117509,2026-07-23T02:01:57.509Z,-23.6041980,-46.8368439,831.525,14.094,14.310,3,127,179
1784772117567,2026-07-23T02:01:57.567Z,-23.6041939,-46.8368377,831.607,14.124,14.160,3,127,179
1784772117625,2026-07-23T02:01:57.625Z,-23.6041898,-46.8368313,831.709,14.232,14.190,3,127,179
1784772117683,2026-07-23T02:01:57.683Z,-23.6041860,-46.8368249,831.897,14.168,14.300,3,127,179
1784772117741,2026-07-23T02:01:57.741Z,-23.6041824,-46.8368185,832.026,14.070,14.250,3,127,179
1784772117799,2026-07-23T02:01:57.799Z,-23.6041791,-46.8368120,832.124,13.956,14.150,3,127,179
1784772117857,2026-07-23T02:01:57.857Z,-23.6041759,-46.8368051,832.188,14.051,14.040,3,127,179
1784772117915,2026-07-23T02:01:57.915Z,-23.6041730,-46.8367982,832.267,14.047,14.130,3,127,179
1784772117973,2026-07-23T02:01:57.973Z,-23.6041703,-46.8367911,832.321,14.054,14.130,3,127,179
1784772118031,2026-07-23T02:01:58.031Z,-23.6041678,-46.8367837,832.310,14.142,14.130,3,127,179
1784772118089,2026-07-23T02:01:58.089Z,-23.6041656,-46.8367766,832.346,14.028,14.220,3,127,179
1784772118147,2026-07-23T02:01:58.147Z,-23.6041635,-46.8367693,832.397,13.994,14.100,3,127,179
1784772118205,2026-07-23T02:01:58.205Z,-23.6041615,-46.8367620,832.461,14.028,14.060,3,127,179
1784772118263,2026-07-23T02:01:58.263Z,-23.6041600,-46.8367547,832.514,13.919,14.100,3,127,179
1784772118321,2026-07-23T02:01:58.321Z,-23.6041591,-46.8367473,832.569,13.777,13.990,3,127,179
1784772118379,2026-07-23T02:01:58.379Z,-23.6041585,-46.8367398,832.593,13.751,13.840,3,127,179
1784772118437,2026-07-23T02:01:58.437Z,-23.6041581,-46.8367322,832.634,13.774,13.820,3,127,179
1784772118495,2026-07-23T02:01:58.495Z,-23.6041573,-46.8367174,832.784,13.675,13.840,3,127,179
1784772118554,2026-07-23T02:01:58.554Z,-23.6041579,-46.8367101,832.852,13.592,13.740,3,127,180
1784772118615,2026-07-23T02:01:58.615Z,-23.6041588,-46.8367025,832.875,13.647,13.660,3,127,180
1784772118677,2026-07-23T02:01:58.677Z,-23.6041599,-46.8366949,832.863,13.765,13.710,3,127,180
1784772118739,2026-07-23T02:01:58.739Z,-23.6041613,-46.8366873,832.872,13.844,13.820,3,127,180
1784772118801,2026-07-23T02:01:58.801Z,-23.6041629,-46.8366800,832.885,13.799,13.890,3,127,180
1784772118863,2026-07-23T02:01:58.863Z,-23.6041650,-46.8366727,832.890,13.871,13.850,3,127,180
1784772118925,2026-07-23T02:01:58.925Z,-23.6041675,-46.8366654,832.897,13.958,13.920,3,127,180
1784772118987,2026-07-23T02:01:58.987Z,-23.6041699,-46.8366585,832.955,13.861,14.000,3,127,180
1784772119049,2026-07-23T02:01:59.049Z,-23.6041726,-46.8366515,832.954,13.835,13.900,3,127,180
1784772119110,2026-07-23T02:01:59.110Z,-23.6041753,-46.8366444,832.948,13.938,13.870,3,127,180
1784772119172,2026-07-23T02:01:59.172Z,-23.6041784,-46.8366374,832.932,14.045,13.970,3,127,180
1784772119234,2026-07-23T02:01:59.234Z,-23.6041817,-46.8366306,832.932,14.093,14.080,3,127,180
1784772119296,2026-07-23T02:01:59.296Z,-23.6041854,-46.8366239,832.933,14.144,14.120,3,127,180
1784772119358,2026-07-23T02:01:59.358Z,-23.6041893,-46.8366175,832.932,14.144,14.170,3,127,180
1784772119420,2026-07-23T02:01:59.420Z,-23.6041933,-46.8366112,832.920,14.132,14.170,3,127,180
1784772119482,2026-07-23T02:01:59.482Z,-23.6041976,-46.8366049,832.906,14.183,14.150,3,127,180
1784772119544,2026-07-23T02:01:59.544Z,-23.6042062,-46.8365925,833.013,14.347,14.200,3,127,181
1784772119599,2026-07-23T02:01:59.599Z,-23.6042106,-46.8365868,833.042,14.145,14.370,3,127,181
1784772119654,2026-07-23T02:01:59.654Z,-23.6042152,-46.8365809,833.048,14.238,14.170,3,127,181
1784772119709,2026-07-23T02:01:59.709Z,-23.6042201,-46.8365750,833.059,14.403,14.260,3,127,181
1784772119764,2026-07-23T02:01:59.764Z,-23.6042252,-46.8365694,833.091,14.462,14.420,3,127,181
1784772119819,2026-07-23T02:01:59.819Z,-23.6042303,-46.8365639,833.128,14.535,14.480,3,127,181
1784772119874,2026-07-23T02:01:59.874Z,-23.6042356,-46.8365586,833.153,14.525,14.550,3,127,181
1784772119929,2026-07-23T02:01:59.929Z,-23.6042413,-46.8365536,833.169,14.629,14.540,3,127,181
1784772119984,2026-07-23T02:01:59.984Z,-23.6042472,-46.8365487,833.181,14.799,14.640,3,127,181
1784772120039,2026-07-23T02:02:00.039Z,-23.6042532,-46.8365441,833.240,14.758,14.810,3,127,181
1784772120094,2026-07-23T02:02:00.094Z,-23.6042591,-46.8365398,833.262,14.593,14.770,3,127,181
1784772120149,2026-07-23T02:02:00.149Z,-23.6042652,-46.8365356,833.261,14.599,14.610,3,127,181
1784772120204,2026-07-23T02:02:00.204Z,-23.6042716,-46.8365315,833.265,14.672,14.610,3,127,181
1784772120259,2026-07-23T02:02:00.259Z,-23.6042781,-46.8365275,833.253,14.792,14.680,3,127,181
1784772120314,2026-07-23T02:02:00.314Z,-23.6042848,-46.8365238,833.243,14.928,14.800,3,127,181
1784772120369,2026-07-23T02:02:00.369Z,-23.6042915,-46.8365205,833.273,14.838,14.940,3,127,181
1784772120424,2026-07-23T02:02:00.424Z,-23.6042985,-46.8365171,833.289,15.068,14.850,3,127,181
1784772120479,2026-07-23T02:02:00.479Z,-23.6043056,-46.8365138,833.294,15.238,15.080,3,127,181
1784772120534,2026-07-23T02:02:00.534Z,-23.6043127,-46.8365105,833.255,15.278,15.250,3,127,182
1784772120589,2026-07-23T02:02:00.589Z,-23.6043198,-46.8365074,833.242,15.337,15.290,3,127,182
1784772120644,2026-07-23T02:02:00.644Z,-23.6043270,-46.8365043,833.230,15.421,15.340,3,127,182
1784772120699,2026-07-23T02:02:00.699Z,-23.6043343,-46.8365013,833.216,15.496,15.430,3,127,182
1784772120754,2026-07-23T02:02:00.754Z,-23.6043417,-46.8364984,833.234,15.597,15.500,3,127,182
1784772120809,2026-07-23T02:02:00.809Z,-23.6043489,-46.8364957,833.220,15.528,15.600,3,127,182
1784772120864,2026-07-23T02:02:00.864Z,-23.6043565,-46.8364931,833.235,15.658,15.530,3,127,182
1784772120919,2026-07-23T02:02:00.919Z,-23.6043640,-46.8364905,833.239,15.729,15.660,3,127,182
1784772120974,2026-07-23T02:02:00.974Z,-23.6043716,-46.8364880,833.218,15.857,15.730,3,127,182
1784772121029,2026-07-23T02:02:01.029Z,-23.6043795,-46.8364853,833.175,16.100,15.860,3,127,182
1784772121084,2026-07-23T02:02:01.084Z,-23.6043874,-46.8364827,833.157,16.214,16.100,3,127,182
1784772121139,2026-07-23T02:02:01.139Z,-23.6043951,-46.8364801,833.151,16.265,16.220,3,127,182
1784772121194,2026-07-23T02:02:01.194Z,-23.6044027,-46.8364774,833.178,16.188,16.270,3,127,182
1784772121249,2026-07-23T02:02:01.249Z,-23.6044102,-46.8364749,833.196,16.086,16.190,3,127,182
1784772121304,2026-07-23T02:02:01.304Z,-23.6044178,-46.8364722,833.203,16.035,16.090,3,127,182
1784772121359,2026-07-23T02:02:01.359Z,-23.6044254,-46.8364696,833.196,16.048,16.040,3,127,182
1784772121414,2026-07-23T02:02:01.414Z,-23.6044329,-46.8364671,833.179,15.956,16.050,3,127,182
1784772121469,2026-07-23T02:02:01.469Z,-23.6044406,-46.8364646,833.150,16.026,15.960,3,127,182
1784772121524,2026-07-23T02:02:01.524Z,-23.6044484,-46.8364620,833.141,16.140,16.030,3,127,182
1784772121579,2026-07-23T02:02:01.579Z,-23.6044561,-46.8364592,833.171,16.207,16.140,3,127,183
1784772121634,2026-07-23T02:02:01.634Z,-23.6044637,-46.8364566,833.177,16.181,16.210,3,127,183
1784772121689,2026-07-23T02:02:01.689Z,-23.6044715,-46.8364538,833.176,16.280,16.180,3,127,183
1784772121744,2026-07-23T02:02:01.744Z,-23.6044793,-46.8364509,833.186,16.388,16.280,3,127,183
1784772121799,2026-07-23T02:02:01.799Z,-23.6044873,-46.8364481,833.192,16.549,16.390,3,127,183
1784772121854,2026-07-23T02:02:01.854Z,-23.6044951,-46.8364455,833.195,16.524,16.550,3,127,183
1784772121909,2026-07-23T02:02:01.909Z,-23.6045030,-46.8364428,833.185,16.541,16.530,3,127,183
1784772121964,2026-07-23T02:02:01.964Z,-23.6045111,-46.8364400,833.174,16.734,16.540,3,127,183
1784772122019,2026-07-23T02:02:02.019Z,-23.6045191,-46.8364371,833.170,16.844,16.730,3,127,183
1784772122074,2026-07-23T02:02:02.074Z,-23.6045272,-46.8364342,833.135,16.892,16.840,3,127,183
1784772122129,2026-07-23T02:02:02.129Z,-23.6045349,-46.8364313,833.126,16.788,16.890,3,127,183
1784772122184,2026-07-23T02:02:02.184Z,-23.6045431,-46.8364284,833.095,16.921,16.790,3,127,183
1784772122239,2026-07-23T02:02:02.239Z,-23.6045511,-46.8364255,833.078,16.934,16.920,3,127,183
1784772122294,2026-07-23T02:02:02.294Z,-23.6045591,-46.8364226,833.063,16.960,16.930,3,127,183
1784772122349,2026-07-23T02:02:02.349Z,-23.6045673,-46.8364198,833.061,17.082,16.960,3,127,183
1784772122404,2026-07-23T02:02:02.404Z,-23.6045754,-46.8364168,833.030,17.143,17.080,3,127,183
1784772122459,2026-07-23T02:02:02.459Z,-23.6045837,-46.8364141,833.029,17.211,17.140,3,127,183
1784772122514,2026-07-23T02:02:02.514Z,-23.6045919,-46.8364113,833.007,17.275,17.210,3,127,183
1784772122569,2026-07-23T02:02:02.569Z,-23.6046001,-46.8364083,832.993,17.297,17.280,3,145,184
1784772122624,2026-07-23T02:02:02.624Z,-23.6046083,-46.8364054,832.954,17.296,17.300,3,145,184
1784772122679,2026-07-23T02:02:02.679Z,-23.6046164,-46.8364024,832.915,17.324,17.300,3,145,184
1784772122734,2026-07-23T02:02:02.734Z,-23.6046248,-46.8363995,832.882,17.453,17.320,3,145,184
1784772122789,2026-07-23T02:02:02.789Z,-23.6046333,-46.8363967,832.847,17.581,17.450,3,145,184
1784772122844,2026-07-23T02:02:02.844Z,-23.6046417,-46.8363938,832.798,17.653,17.580,3,145,184
1784772122899,2026-07-23T02:02:02.899Z,-23.6046502,-46.8363909,832.760,17.775,17.650,3,145,184
1784772122954,2026-07-23T02:02:02.954Z,-23.6046587,-46.8363880,832.733,17.826,17.780,3,145,184
1784772123009,2026-07-23T02:02:03.009Z,-23.6046671,-46.8363851,832.686,17.813,17.830,3,145,184
1784772123064,2026-07-23T02:02:03.064Z,-23.6046756,-46.8363820,832.622,17.895,17.810,3,145,184
1784772123119,2026-07-23T02:02:03.119Z,-23.6046841,-46.8363789,832.566,17.956,17.900,3,145,184
1784772123174,2026-07-23T02:02:03.174Z,-23.6046925,-46.8363756,832.553,18.007,17.960,3,145,184
1784772123229,2026-07-23T02:02:03.229Z,-23.6047010,-46.8363725,832.516,18.011,18.010,3,145,184
1784772123284,2026-07-23T02:02:03.284Z,-23.6047094,-46.8363695,832.470,17.998,18.010,3,145,184
1784772123339,2026-07-23T02:02:03.339Z,-23.6047180,-46.8363663,832.425,18.077,18.000,3,145,184
1784772123394,2026-07-23T02:02:03.394Z,-23.6047266,-46.8363633,832.398,18.118,18.080,3,145,184
1784772123449,2026-07-23T02:02:03.449Z,-23.6047353,-46.8363602,832.359,18.251,18.120,3,145,184
1784772123504,2026-07-23T02:02:03.504Z,-23.6047440,-46.8363572,832.326,18.301,18.250,3,145,184
1784772123559,2026-07-23T02:02:03.559Z,-23.6047528,-46.8363544,832.315,18.352,18.300,3,137,185
1784772123611,2026-07-23T02:02:03.611Z,-23.6047617,-46.8363515,832.301,18.435,18.350,3,137,185
1784772123663,2026-07-23T02:02:03.663Z,-23.6047705,-46.8363485,832.281,18.479,18.440,3,137,185
1784772123715,2026-07-23T02:02:03.715Z,-23.6047794,-46.8363454,832.284,18.548,18.480,3,137,185
1784772123767,2026-07-23T02:02:03.767Z,-23.6047881,-46.8363422,832.276,18.530,18.550,3,137,185
1784772123819,2026-07-23T02:02:03.819Z,-23.6047970,-46.8363392,832.263,18.593,18.530,3,137,185
1784772123871,2026-07-23T02:02:03.871Z,-23.6048058,-46.8363362,832.240,18.629,18.600,3,137,185
1784772123923,2026-07-23T02:02:03.923Z,-23.6048147,-46.8363331,832.209,18.692,18.630,3,137,185
1784772123975,2026-07-23T02:02:03.975Z,-23.6048237,-46.8363301,832.148,18.798,18.690,3,137,185
1784772124027,2026-07-23T02:02:04.027Z,-23.6048327,-46.8363267,832.084,18.932,18.800,3,137,185
1784772124080,2026-07-23T02:02:04.080Z,-23.6048415,-46.8363235,832.054,18.892,18.940,3,137,185
1784772124132,2026-07-23T02:02:04.132Z,-23.6048505,-46.8363202,832.013,18.947,18.890,3,137,185
1784772124184,2026-07-23T02:02:04.184Z,-23.6048596,-46.8363169,831.970,19.109,18.950,3,137,185
1784772124236,2026-07-23T02:02:04.236Z,-23.6048688,-46.8363137,831.920,19.202,19.110,3,137,185
1784772124288,2026-07-23T02:02:04.288Z,-23.6048779,-46.8363106,831.876,19.246,19.210,3,137,185
1784772124340,2026-07-23T02:02:04.340Z,-23.6048871,-46.8363074,831.826,19.321,19.250,3,137,185
1784772124392,2026-07-23T02:02:04.392Z,-23.6048962,-46.8363042,831.797,19.354,19.320,3,137,185
1784772124444,2026-07-23T02:02:04.444Z,-23.6049054,-46.8363010,831.782,19.390,19.360,3,137,185
1784772124496,2026-07-23T02:02:04.496Z,-23.6049146,-46.8362977,831.755,19.444,19.390,3,137,185
1784772124549,2026-07-23T02:02:04.549Z,-23.6049239,-46.8362946,831.720,19.498,19.450,3,134,186
1784772124607,2026-07-23T02:02:04.607Z,-23.6049332,-46.8362915,831.667,19.520,19.500,3,134,186
1784772124665,2026-07-23T02:02:04.665Z,-23.6049426,-46.8362884,831.652,19.612,19.520,3,134,186
1784772124723,2026-07-23T02:02:04.723Z,-23.6049520,-46.8362853,831.640,19.634,19.620,3,134,186
1784772124781,2026-07-23T02:02:04.781Z,-23.6049612,-46.8362817,831.565,19.650,19.640,3,134,186
1784772124840,2026-07-23T02:02:04.840Z,-23.6049706,-46.8362782,831.498,19.799,19.650,3,134,186
1784772124898,2026-07-23T02:02:04.898Z,-23.6049800,-46.8362750,831.437,19.852,19.800,3,134,186
1784772124956,2026-07-23T02:02:04.956Z,-23.6049893,-46.8362716,831.397,19.805,19.860,3,134,186
1784772125014,2026-07-23T02:02:05.014Z,-23.6049987,-46.8362682,831.316,19.903,19.810,3,134,186
1784772125073,2026-07-23T02:02:05.073Z,-23.6050081,-46.8362647,831.207,19.968,19.910,3,134,186
1784772125131,2026-07-23T02:02:05.131Z,-23.6050175,-46.8362613,831.145,19.992,19.970,3,134,186
1784772125189,2026-07-23T02:02:05.189Z,-23.6050271,-46.8362578,831.105,20.127,20.000,3,134,186
1784772125247,2026-07-23T02:02:05.247Z,-23.6050367,-46.8362543,831.038,20.261,20.130,3,134,186
1784772125306,2026-07-23T02:02:05.306Z,-23.6050463,-46.8362508,830.989,20.308,20.270,3,134,186
1784772125364,2026-07-23T02:02:05.364Z,-23.6050560,-46.8362474,830.973,20.354,20.320,3,134,186
1784772125422,2026-07-23T02:02:05.422Z,-23.6050657,-46.8362440,830.909,20.456,20.360,3,134,186
1784772125480,2026-07-23T02:02:05.480Z,-23.6050850,-46.8362372,830.805,20.417,20.460,3,134,186
1784772125539,2026-07-23T02:02:05.539Z,-23.6050947,-46.8362338,830.762,20.488,20.430,3,190,187
1784772125600,2026-07-23T02:02:05.600Z,-23.6051043,-46.8362302,830.708,20.500,20.500,3,190,187
1784772125661,2026-07-23T02:02:05.661Z,-23.6051141,-46.8362269,830.718,20.495,20.510,3,190,187
1784772125723,2026-07-23T02:02:05.723Z,-23.6051238,-46.8362233,830.700,20.614,20.500,3,190,187
1784772125784,2026-07-23T02:02:05.784Z,-23.6051335,-46.8362198,830.636,20.619,20.620,3,190,187
1784772125846,2026-07-23T02:02:05.846Z,-23.6051432,-46.8362162,830.557,20.601,20.630,3,190,187
1784772125907,2026-07-23T02:02:05.907Z,-23.6051529,-46.8362129,830.550,20.582,20.610,3,190,187
1784772125969,2026-07-23T02:02:05.969Z,-23.6051626,-46.8362093,830.513,20.616,20.590,3,190,187
1784772126030,2026-07-23T02:02:06.030Z,-23.6051723,-46.8362058,830.468,20.597,20.620,3,190,187
1784772126092,2026-07-23T02:02:06.092Z,-23.6051821,-46.8362023,830.445,20.696,20.610,3,190,187
1784772126153,2026-07-23T02:02:06.153Z,-23.6051920,-46.8361988,830.419,20.829,20.700,3,190,187
1784772126215,2026-07-23T02:02:06.215Z,-23.6052018,-46.8361952,830.400,20.823,20.840,3,190,187
1784772126276,2026-07-23T02:02:06.276Z,-23.6052115,-46.8361916,830.385,20.825,20.830,3,190,187
1784772126338,2026-07-23T02:02:06.338Z,-23.6052215,-46.8361879,830.356,20.966,20.830,3,190,187
1784772126399,2026-07-23T02:02:06.399Z,-23.6052312,-46.8361839,830.302,20.949,20.970,3,190,187
1784772126461,2026-07-23T02:02:06.461Z,-23.6052411,-46.8361803,830.262,20.969,20.960,3,190,187
1784772126522,2026-07-23T02:02:06.522Z,-23.6052509,-46.8361769,830.257,20.908,20.980,3,190,187
1784772126584,2026-07-23T02:02:06.584Z,-23.6052608,-46.8361733,830.241,20.972,20.920,3,127,188
1784772126633,2026-07-23T02:02:06.633Z,-23.6052708,-46.8361696,830.213,21.097,20.980,3,127,188
1784772126683,2026-07-23T02:02:06.683Z,-23.6052808,-46.8361659,830.172,21.115,21.100,3,127,188
1784772126732,2026-07-23T02:02:06.732Z,-23.6052907,-46.8361624,830.146,21.093,21.120,3,127,188
1784772126782,2026-07-23T02:02:06.782Z,-23.6053007,-46.8361587,830.127,21.212,21.100,3,127,188
1784772126831,2026-07-23T02:02:06.831Z,-23.6053107,-46.8361551,830.110,21.188,21.220,3,127,188
1784772126881,2026-07-23T02:02:06.881Z,-23.6053206,-46.8361514,830.084,21.175,21.200,3,127,188
1784772126930,2026-07-23T02:02:06.930Z,-23.6053305,-46.8361478,830.055,21.156,21.180,3,127,188
1784772126980,2026-07-23T02:02:06.980Z,-23.6053404,-46.8361441,830.040,21.176,21.160,3,127,188
1784772127029,2026-07-23T02:02:07.029Z,-23.6053504,-46.8361404,830.021,21.187,21.180,3,127,188
1784772127079,2026-07-23T02:02:07.079Z,-23.6053604,-46.8361367,830.005,21.232,21.190,3,127,188
1784772127128,2026-07-23T02:02:07.128Z,-23.6053703,-46.8361329,829.978,21.204,21.240,3,127,188
1784772127178,2026-07-23T02:02:07.178Z,-23.6053801,-46.8361293,829.920,21.128,21.210,3,127,188
1784772127227,2026-07-23T02:02:07.227Z,-23.6053899,-46.8361254,829.918,21.134,21.140,3,127,188
1784772127277,2026-07-23T02:02:07.277Z,-23.6053997,-46.8361217,829.960,21.058,21.140,3,127,188
1784772127326,2026-07-23T02:02:07.326Z,-23.6054092,-46.8361178,830.017,20.882,21.060,3,127,188
1784772127376,2026-07-23T02:02:07.376Z,-23.6054188,-46.8361143,830.137,20.718,20.890,3,127,188
1784772127425,2026-07-23T02:02:07.425Z,-23.6054284,-46.8361105,830.118,20.663,20.720,3,127,188
1784772127475,2026-07-23T02:02:07.475Z,-23.6054379,-46.8361069,830.117,20.582,20.670,3,127,188
1784772127524,2026-07-23T02:02:07.524Z,-23.6054476,-46.8361032,830.117,20.611,20.590,3,127,188
1784772127574,2026-07-23T02:02:07.574Z,-23.6054571,-46.8361002,830.137,20.432,20.620,3,127,189
1784772127632,2026-07-23T02:02:07.632Z,-23.6054665,-46.8360969,830.162,20.301,20.440,3,127,189
1784772127690,2026-07-23T02:02:07.690Z,-23.6054758,-46.8360935,830.123,20.163,20.300,3,127,189
1784772127748,2026-07-23T02:02:07.748Z,-23.6054851,-46.8360904,830.143,19.954,20.170,3,127,189
1784772127806,2026-07-23T02:02:07.806Z,-23.6054942,-46.8360875,830.143,19.739,19.960,3,127,189
1784772127865,2026-07-23T02:02:07.865Z,-23.6055035,-46.8360846,830.137,19.614,19.740,3,127,189
1784772127923,2026-07-23T02:02:07.923Z,-23.6055125,-46.8360817,830.147,19.434,19.620,3,127,189
1784772127981,2026-07-23T02:02:07.981Z,-23.6055218,-46.8360785,830.153,19.458,19.440,3,127,189
1784772128039,2026-07-23T02:02:08.039Z,-23.6055308,-46.8360758,830.139,19.347,19.460,3,127,189
1784772128098,2026-07-23T02:02:08.098Z,-23.6055398,-46.8360737,830.230,19.062,19.350,3,127,189
1784772128156,2026-07-23T02:02:08.156Z,-23.6055483,-46.8360712,830.241,18.752,19.060,3,127,189
1784772128214,2026-07-23T02:02:08.214Z,-23.6055571,-46.8360691,830.156,18.603,18.750,3,127,189
1784772128272,2026-07-23T02:02:08.272Z,-23.6055657,-46.8360672,830.115,18.396,18.600,3,127,189
1784772128331,2026-07-23T02:02:08.331Z,-23.6055740,-46.8360651,830.100,18.143,18.400,3,127,189
1784772128389,2026-07-23T02:02:08.389Z,-23.6055819,-46.8360634,830.070,17.713,18.150,3,127,189
1784772128447,2026-07-23T02:02:08.447Z,-23.6055898,-46.8360619,830.067,17.354,17.720,3,127,189
1784772128505,2026-07-23T02:02:08.505Z,-23.6055974,-46.8360604,830.025,16.981,17.360,3,127,189
1784772128564,2026-07-23T02:02:08.564Z,-23.6056046,-46.8360591,830.018,16.500,16.980,3,127,190
1784772128619,2026-07-23T02:02:08.619Z,-23.6056120,-46.8360580,830.034,16.159,16.500,3,127,190
1784772128674,2026-07-23T02:02:08.674Z,-23.6056196,-46.8360569,830.026,15.959,16.160,3,127,190
1784772128729,2026-07-23T02:02:08.729Z,-23.6056269,-46.8360561,830.058,15.648,15.960,3,127,190
1784772128784,2026-07-23T02:02:08.784Z,-23.6056340,-46.8360556,830.045,15.287,15.650,3,127,190
1784772128839,2026-07-23T02:02:08.839Z,-23.6056409,-46.8360553,830.032,14.886,15.290,3,127,190
1784772128894,2026-07-23T02:02:08.894Z,-23.6056477,-46.8360550,829.975,14.565,14.890,3,127,190
1784772128949,2026-07-23T02:02:08.949Z,-23.6056547,-46.8360551,829.903,14.419,14.570,3,127,190
1784772129004,2026-07-23T02:02:09.004Z,-23.6056616,-46.8360556,829.872,14.204,14.420,3,127,190
1784772129059,2026-07-23T02:02:09.059Z,-23.6056690,-46.8360570,829.856,14.286,14.210,3,127,190
1784772129114,2026-07-23T02:02:09.114Z,-23.6056762,-46.8360583,829.697,14.434,14.290,3,127,190
1784772129169,2026-07-23T02:02:09.169Z,-23.6056833,-46.8360597,829.599,14.447,14.440,3,127,190
1784772129224,2026-07-23T02:02:09.224Z,-23.6056903,-46.8360614,829.520,14.488,14.450,3,127,190
1784772129279,2026-07-23T02:02:09.279Z,-23.6056975,-46.8360632,829.496,14.560,14.490,3,127,190
1784772129334,2026-07-23T02:02:09.334Z,-23.6057045,-46.8360652,829.458,14.613,14.570,3,127,190
1784772129389,2026-07-23T02:02:09.389Z,-23.6057117,-46.8360678,829.406,14.812,14.620,3,127,190
1784772129444,2026-07-23T02:02:09.444Z,-23.6057185,-46.8360705,829.317,14.822,14.820,3,127,190
1784772129499,2026-07-23T02:02:09.499Z,-23.6057252,-46.8360737,829.190,14.889,14.830,3,127,190
1784772129554,2026-07-23T02:02:09.554Z,-23.6057317,-46.8360769,829.044,14.893,14.900,3,127,191
1784772129609,2026-07-23T02:02:09.609Z,-23.6057380,-46.8360804,828.947,14.784,14.900,3,127,191
1784772129664,2026-07-23T02:02:09.664Z,-23.6057443,-46.8360840,828.836,14.726,14.800,3,127,191
1784772129719,2026-07-23T02:02:09.719Z,-23.6057505,-46.8360878,828.684,14.743,14.740,3,127,191
1784772129774,2026-07-23T02:02:09.774Z,-23.6057564,-46.8360921,828.625,14.585,14.760,3,127,191
1784772129829,2026-07-23T02:02:09.829Z,-23.6057624,-46.8360967,828.589,14.623,14.600,3,127,191
1784772129884,2026-07-23T02:02:09.884Z,-23.6057683,-46.8361015,828.425,14.798,14.640,3,127,191
1784772129939,2026-07-23T02:02:09.939Z,-23.6057740,-46.8361062,828.285,14.764,14.820,3,127,191
1784772129994,2026-07-23T02:02:09.994Z,-23.6057797,-46.8361112,828.132,14.911,14.780,3,127,191
1784772130049,2026-07-23T02:02:10.049Z,-23.6057849,-46.8361163,827.978,14.761,14.930,3,127,191
1784772130104,2026-07-23T02:02:10.104Z,-23.6057903,-46.8361218,827.914,14.790,14.790,3,127,191
1784772130159,2026-07-23T02:02:10.159Z,-23.6057959,-46.8361275,827.898,14.966,14.820,3,127,191
1784772130214,2026-07-23T02:02:10.214Z,-23.6058015,-46.8361331,827.814,15.158,14.990,3,127,191
1784772130269,2026-07-23T02:02:10.269Z,-23.6058068,-46.8361391,827.757,15.233,15.180,3,127,191
1784772130324,2026-07-23T02:02:10.324Z,-23.6058120,-46.8361457,827.718,15.453,15.260,3,127,191
1784772130379,2026-07-23T02:02:10.379Z,-23.6058164,-46.8361519,827.521,15.349,15.480,3,127,191
1784772130434,2026-07-23T02:02:10.434Z,-23.6058206,-46.8361584,827.417,15.182,15.380,3,127,191
1784772130489,2026-07-23T02:02:10.489Z,-23.6058243,-46.8361655,827.396,15.045,15.210,3,127,191
1784772130544,2026-07-23T02:02:10.544Z,-23.6058272,-46.8361728,827.312,14.879,15.070,3,127,191
1784772130599,2026-07-23T02:02:10.599Z,-23.6058303,-46.8361800,827.179,14.863,14.910,3,127,192
1784772130650,2026-07-23T02:02:10.650Z,-23.6058331,-46.8361871,826.957,14.837,14.900,3,127,192
1784772130702,2026-07-23T02:02:10.702Z,-23.6058361,-46.8361942,826.886,14.740,14.870,3,127,192
1784772130754,2026-07-23T02:02:10.754Z,-23.6058389,-46.8362017,826.842,14.748,14.780,3,127,192
1784772130806,2026-07-23T02:02:10.806Z,-23.6058414,-46.8362096,826.764,14.903,14.790,3,127,192
1784772130858,2026-07-23T02:02:10.858Z,-23.6058429,-46.8362178,826.568,15.006,14.940,3,127,192
1784772130910,2026-07-23T02:02:10.910Z,-23.6058444,-46.8362258,826.460,14.972,15.050,3,127,192
1784772130962,2026-07-23T02:02:10.962Z,-23.6058458,-46.8362339,826.361,15.021,15.020,3,127,192
1784772131014,2026-07-23T02:02:11.014Z,-23.6058468,-46.8362421,826.197,15.149,15.070,3,127,192
1784772131066,2026-07-23T02:02:11.066Z,-23.6058476,-46.8362504,826.083,15.203,15.200,3,127,192
1784772131118,2026-07-23T02:02:11.118Z,-23.6058481,-46.8362587,826.065,15.154,15.250,3,127,192
1784772131170,2026-07-23T02:02:11.170Z,-23.6058483,-46.8362670,826.000,15.165,15.200,3,127,192
1784772131222,2026-07-23T02:02:11.222Z,-23.6058480,-46.8362753,825.898,15.199,15.210,3,127,192
1784772131274,2026-07-23T02:02:11.274Z,-23.6058475,-46.8362838,825.813,15.371,15.250,3,127,192
1784772131326,2026-07-23T02:02:11.326Z,-23.6058466,-46.8362926,825.755,15.587,15.420,3,127,192
1784772131378,2026-07-23T02:02:11.378Z,-23.6058459,-46.8363014,825.703,15.808,15.640,3,127,192
1784772131430,2026-07-23T02:02:11.430Z,-23.6058453,-46.8363100,825.644,15.872,15.860,3,127,192
1784772131482,2026-07-23T02:02:11.482Z,-23.6058448,-46.8363186,825.561,15.933,15.920,3,127,192
1784772131534,2026-07-23T02:02:11.534Z,-23.6058443,-46.8363270,825.429,15.949,15.980,3,127,193
1784772131589,2026-07-23T02:02:11.589Z,-23.6058441,-46.8363357,825.381,16.027,16.000,3,127,193
1784772131644,2026-07-23T02:02:11.644Z,-23.6058438,-46.8363444,825.276,16.154,16.080,3,127,193
1784772131699,2026-07-23T02:02:11.699Z,-23.6058433,-46.8363533,825.205,16.276,16.200,3,127,193
1784772131754,2026-07-23T02:02:11.754Z,-23.6058432,-46.8363620,825.122,16.298,16.320,3,127,193
1784772131809,2026-07-23T02:02:11.809Z,-23.6058433,-46.8363708,825.039,16.392,16.350,3,127,193
1784772131864,2026-07-23T02:02:11.864Z,-23.6058436,-46.8363796,824.995,16.351,16.440,3,127,193
1784772131919,2026-07-23T02:02:11.919Z,-23.6058440,-46.8363882,824.931,16.295,16.400,3,127,193
1784772131974,2026-07-23T02:02:11.974Z,-23.6058448,-46.8363970,824.835,16.397,16.340,3,127,193
1784772132029,2026-07-23T02:02:12.029Z,-23.6058458,-46.8364057,824.771,16.363,16.450,3,127,193
1784772132084,2026-07-23T02:02:12.084Z,-23.6058471,-46.8364142,824.685,16.312,16.410,3,127,193
1784772132139,2026-07-23T02:02:12.139Z,-23.6058486,-46.8364231,824.597,16.467,16.360,3,127,193
1784772132194,2026-07-23T02:02:12.194Z,-23.6058502,-46.8364319,824.513,16.610,16.520,3,127,193
1784772132249,2026-07-23T02:02:12.249Z,-23.6058518,-46.8364403,824.398,16.388,16.660,3,127,193
1784772132304,2026-07-23T02:02:12.304Z,-23.6058535,-46.8364486,824.219,16.322,16.440,3,127,193
1784772132359,2026-07-23T02:02:12.359Z,-23.6058554,-46.8364572,824.131,16.369,16.380,3,127,193
1784772132414,2026-07-23T02:02:12.414Z,-23.6058577,-46.8364663,824.140,16.611,16.430,3,127,193
1784772132469,2026-07-23T02:02:12.469Z,-23.6058600,-46.8364751,824.082,16.698,16.660,3,127,193
1784772132524,2026-07-23T02:02:12.524Z,-23.6058629,-46.8364839,823.936,16.921,16.750,3,127,194
1784772132579,2026-07-23T02:02:12.579Z,-23.6058661,-46.8364926,823.845,17.020,16.980,3,127,194
1784772132634,2026-07-23T02:02:12.634Z,-23.6058693,-46.8365010,823.839,16.918,17.080,3,127,194
1784772132689,2026-07-23T02:02:12.689Z,-23.6058730,-46.8365092,823.807,16.907,16.970,3,127,194
1784772132744,2026-07-23T02:02:12.744Z,-23.6058775,-46.8365175,823.684,17.196,16.960,3,127,194
1784772132799,2026-07-23T02:02:12.799Z,-23.6058817,-46.8365258,823.584,17.410,17.250,3,127,194
1784772132854,2026-07-23T02:02:12.854Z,-23.6058859,-46.8365344,823.522,17.564,17.460,3,127,194
1784772132909,2026-07-23T02:02:12.909Z,-23.6058900,-46.8365428,823.494,17.553,17.620,3,127,194
1784772132964,2026-07-23T02:02:12.964Z,-23.6058940,-46.8365509,823.376,17.483,17.600,3,127,194
1784772133019,2026-07-23T02:02:13.019Z,-23.6058981,-46.8365591,823.260,17.477,17.530,3,127,194
1784772133074,2026-07-23T02:02:13.074Z,-23.6059023,-46.8365673,823.168,17.525,17.530,3,127,194
1784772133129,2026-07-23T02:02:13.129Z,-23.6059063,-46.8365757,823.104,17.524,17.580,3,127,194
1784772133184,2026-07-23T02:02:13.184Z,-23.6059104,-46.8365842,823.022,17.660,17.580,3,127,194
1784772133239,2026-07-23T02:02:13.239Z,-23.6059144,-46.8365928,822.933,17.704,17.710,3,127,194
1784772133294,2026-07-23T02:02:13.294Z,-23.6059183,-46.8366013,822.795,17.809,17.760,3,127,194
1784772133349,2026-07-23T02:02:13.349Z,-23.6059220,-46.8366103,822.726,17.933,17.870,3,127,194
1784772133404,2026-07-23T02:02:13.404Z,-23.6059255,-46.8366192,822.669,17.949,17.990,3,127,194
1784772133459,2026-07-23T02:02:13.459Z,-23.6059286,-46.8366283,822.588,17.925,18.000,3,127,194
1784772133514,2026-07-23T02:02:13.514Z,-23.6059316,-46.8366373,822.458,17.901,17.980,3,127,194
1784772133569,2026-07-23T02:02:13.569Z,-23.6059344,-46.8366468,822.356,18.132,17.960,3,136,195
1784772133627,2026-07-23T02:02:13.627Z,-23.6059372,-46.8366561,822.238,18.192,18.190,3,136,195
1784772133685,2026-07-23T02:02:13.685Z,-23.6059400,-46.8366654,822.091,18.238,18.250,3,136,195
1784772133743,2026-07-23T02:02:13.743Z,-23.6059423,-46.8366750,821.997,18.324,18.300,3,136,195
1784772133801,2026-07-23T02:02:13.801Z,-23.6059444,-46.8366847,821.912,18.316,18.390,3,136,195
1784772133860,2026-07-23T02:02:13.860Z,-23.6059460,-46.8366946,821.807,18.381,18.380,3,136,195
1784772133918,2026-07-23T02:02:13.918Z,-23.6059474,-46.8367044,821.708,18.348,18.450,3,136,195
1784772133976,2026-07-23T02:02:13.976Z,-23.6059486,-46.8367144,821.655,18.355,18.410,3,136,195
1784772134034,2026-07-23T02:02:14.034Z,-23.6059498,-46.8367242,821.589,18.320,18.420,3,136,195
1784772134093,2026-07-23T02:02:14.093Z,-23.6059509,-46.8367343,821.443,18.557,18.390,3,136,195
1784772134151,2026-07-23T02:02:14.151Z,-23.6059516,-46.8367440,821.294,18.424,18.620,3,136,195
1784772134209,2026-07-23T02:02:14.209Z,-23.6059516,-46.8367539,821.235,18.315,18.500,3,136,195
1784772134267,2026-07-23T02:02:14.267Z,-23.6059513,-46.8367645,821.188,18.593,18.390,3,136,195
1784772134326,2026-07-23T02:02:14.326Z,-23.6059512,-46.8367745,821.071,18.615,18.660,3,136,195
1784772134384,2026-07-23T02:02:14.384Z,-23.6059507,-46.8367843,820.986,18.482,18.680,3,136,195
1784772134442,2026-07-23T02:02:14.442Z,-23.6059496,-46.8367944,820.922,18.565,18.550,3,136,195
1784772134500,2026-07-23T02:02:14.500Z,-23.6059469,-46.8368142,820.714,18.579,18.630,3,136,195
1784772134559,2026-07-23T02:02:14.559Z,-23.6059449,-46.8368239,820.650,18.526,18.650,3,145,196
1784772134617,2026-07-23T02:02:14.617Z,-23.6059431,-46.8368341,820.568,18.724,18.590,3,145,196
1784772134675,2026-07-23T02:02:14.675Z,-23.6059410,-46.8368443,820.480,18.942,18.790,3,145,196
1784772134733,2026-07-23T02:02:14.733Z,-23.6059387,-46.8368544,820.338,19.130,19.010,3,145,196
1784772134791,2026-07-23T02:02:14.791Z,-23.6059361,-46.8368643,820.219,19.179,19.200,3,145,196
1784772134850,2026-07-23T02:02:14.850Z,-23.6059333,-46.8368744,820.177,19.278,19.250,3,145,196
1784772134908,2026-07-23T02:02:14.908Z,-23.6059301,-46.8368844,820.106,19.380,19.340,3,145,196
1784772134966,2026-07-23T02:02:14.966Z,-23.6059264,-46.8368942,819.960,19.518,19.450,3,145,196
1784772135024,2026-07-23T02:02:15.024Z,-23.6059226,-46.8369038,819.828,19.616,19.590,3,145,196
1784772135083,2026-07-23T02:02:15.083Z,-23.6059187,-46.8369133,819.795,19.486,19.690,3,145,196
1784772135141,2026-07-23T02:02:15.141Z,-23.6059145,-46.8369224,819.768,19.361,19.550,3,145,196
1784772135199,2026-07-23T02:02:15.199Z,-23.6059096,-46.8369313,819.699,19.382,19.430,3,145,196
1784772135257,2026-07-23T02:02:15.257Z,-23.6059044,-46.8369403,819.698,19.514,19.450,3,145,196
1784772135316,2026-07-23T02:02:15.316Z,-23.6058994,-46.8369489,819.753,19.200,19.580,3,145,196
1784772135374,2026-07-23T02:02:15.374Z,-23.6058938,-46.8369569,819.695,19.066,19.260,3,145,196
1784772135432,2026-07-23T02:02:15.432Z,-23.6058879,-46.8369647,819.646,19.036,19.120,3,145,196
1784772135490,2026-07-23T02:02:15.490Z,-23.6058766,-46.8369805,819.578,18.663,19.090,3,145,196
1784772135549,2026-07-23T02:02:15.549Z,-23.6058703,-46.8369878,819.569,18.556,18.720,3,145,197
1784772135607,2026-07-23T02:02:15.607Z,-23.6058637,-46.8369953,819.521,18.785,18.610,3,145,197
1784772135665,2026-07-23T02:02:15.665Z,-23.6058570,-46.8370026,819.527,18.822,18.830,3,145,197
1784772135723,2026-07-23T02:02:15.723Z,-23.6058504,-46.8370097,819.549,18.759,18.870,3,145,197
1784772135781,2026-07-23T02:02:15.781Z,-23.6058433,-46.8370164,819.553,18.763,18.800,3,145,197
1784772135840,2026-07-23T02:02:15.840Z,-23.6058359,-46.8370224,819.552,18.676,18.800,3,145,197
1784772135898,2026-07-23T02:02:15.898Z,-23.6058281,-46.8370281,819.525,18.765,18.710,3,145,197
1784772135956,2026-07-23T02:02:15.956Z,-23.6058201,-46.8370335,819.487,18.802,18.800,3,145,197
1784772136014,2026-07-23T02:02:16.014Z,-23.6058120,-46.8370387,819.473,18.800,18.840,3,145,197
1784772136073,2026-07-23T02:02:16.073Z,-23.6058039,-46.8370438,819.501,18.760,18.830,3,145,197
1784772136131,2026-07-23T02:02:16.131Z,-23.6057959,-46.8370486,819.492,18.614,18.790,3,145,197
1784772136189,2026-07-23T02:02:16.189Z,-23.6057875,-46.8370531,819.465,18.663,18.640,3,145,197
1784772136247,2026-07-23T02:02:16.247Z,-23.6057791,-46.8370576,819.464,18.714,18.690,3,145,197
1784772136306,2026-07-23T02:02:16.306Z,-23.6057709,-46.8370618,819.431,18.547,18.740,3,145,197
1784772136364,2026-07-23T02:02:16.364Z,-23.6057625,-46.8370660,819.395,18.538,18.570,3,145,197
1784772136422,2026-07-23T02:02:16.422Z,-23.6057540,-46.8370701,819.365,18.562,18.560,3,145,197
1784772136480,2026-07-23T02:02:16.480Z,-23.6057369,-46.8370776,819.255,18.563,18.590,3,145,197
1784772136539,2026-07-23T02:02:16.539Z,-23.6057279,-46.8370806,819.230,18.590,18.590,3,145,198
1784772136597,2026-07-23T02:02:16.597Z,-23.6057189,-46.8370838,819.221,18.690,18.610,3,145,198
1784772136655,2026-07-23T02:02:16.655Z,-23.6057098,-46.8370869,819.182,18.815,18.710,3,145,198
1784772136713,2026-07-23T02:02:16.713Z,-23.6057002,-46.8370898,819.204,19.131,18.840,3,145,198
1784772136771,2026-07-23T02:02:16.771Z,-23.6056905,-46.8370927,819.222,19.377,19.150,3,145,198
1784772136829,2026-07-23T02:02:16.829Z,-23.6056812,-46.8370959,819.257,19.383,19.390,3,145,198
1784772136887,2026-07-23T02:02:16.887Z,-23.6056716,-46.8370990,819.288,19.594,19.400,3,145,198
1784772136945,2026-07-23T02:02:16.945Z,-23.6056622,-46.8371019,819.267,19.542,19.610,3,145,198
1784772137003,2026-07-23T02:02:17.003Z,-23.6056531,-46.8371048,819.281,19.347,19.560,3,145,198
1784772137061,2026-07-23T02:02:17.061Z,-23.6056444,-46.8371078,819.336,18.971,19.360,3,145,198
1784772137119,2026-07-23T02:02:17.119Z,-23.6056356,-46.8371108,819.370,18.824,18.980,3,145,198
1784772137177,2026-07-23T02:02:17.177Z,-23.6056267,-46.8371138,819.373,18.757,18.830,3,145,198
1784772137235,2026-07-23T02:02:17.235Z,-23.6056178,-46.8371167,819.401,18.719,18.770,3,145,198
1784772137293,2026-07-23T02:02:17.293Z,-23.6056089,-46.8371196,819.376,18.779,18.730,3,145,198
1784772137351,2026-07-23T02:02:17.351Z,-23.6055998,-46.8371229,819.397,18.899,18.790,3,145,198
1784772137409,2026-07-23T02:02:17.409Z,-23.6055905,-46.8371262,819.441,19.157,18.910,3,145,198
1784772137467,2026-07-23T02:02:17.467Z,-23.6055813,-46.8371298,819.524,19.263,19.160,3,145,198
1784772137525,2026-07-23T02:02:17.525Z,-23.6055724,-46.8371334,819.593,19.166,19.270,3,145,198
1784772137584,2026-07-23T02:02:17.584Z,-23.6055635,-46.8371366,819.602,19.052,19.170,3,145,199
1784772137635,2026-07-23T02:02:17.635Z,-23.6055545,-46.8371395,819.563,19.040,19.050,3,145,199
1784772137687,2026-07-23T02:02:17.687Z,-23.6055454,-46.8371423,819.601,19.019,19.040,3,145,199
1784772137739,2026-07-23T02:02:17.739Z,-23.6055364,-46.8371452,819.608,18.980,19.020,3,145,199
1784772137791,2026-07-23T02:02:17.791Z,-23.6055273,-46.8371479,819.614,19.034,18.980,3,145,199
1784772137843,2026-07-23T02:02:17.843Z,-23.6055179,-46.8371509,819.653,19.221,19.040,3,145,199
1784772137895,2026-07-23T02:02:17.895Z,-23.6055088,-46.8371539,819.704,19.187,19.220,3,145,199
1784772137947,2026-07-23T02:02:17.947Z,-23.6054993,-46.8371567,819.723,19.368,19.190,3,145,199
1784772137999,2026-07-23T02:02:17.999Z,-23.6054898,-46.8371594,819.740,19.497,19.370,3,145,199
1784772138051,2026-07-23T02:02:18.051Z,-23.6054805,-46.8371623,819.805,19.447,19.500,3,145,199
1784772138103,2026-07-23T02:02:18.103Z,-23.6054712,-46.8371651,819.857,19.424,19.450,3,145,199
1784772138155,2026-07-23T02:02:18.155Z,-23.6054617,-46.8371680,819.932,19.508,19.420,3,145,199
1784772138207,2026-07-23T02:02:18.207Z,-23.6054523,-46.8371709,819.984,19.538,19.510,3,145,199
1784772138259,2026-07-23T02:02:18.259Z,-23.6054427,-46.8371739,820.070,19.653,19.540,3,145,199
1784772138311,2026-07-23T02:02:18.311Z,-23.6054334,-46.8371767,820.097,19.564,19.650,3,145,199
1784772138363,2026-07-23T02:02:18.363Z,-23.6054242,-46.8371795,820.131,19.500,19.560,3,145,199
1784772138415,2026-07-23T02:02:18.415Z,-23.6054150,-46.8371822,820.150,19.403,19.500,3,145,199
1784772138467,2026-07-23T02:02:18.467Z,-23.6054057,-46.8371849,820.197,19.380,19.400,3,145,199
1784772138519,2026-07-23T02:02:18.519Z,-23.6053964,-46.8371876,820.232,19.332,19.380,3,145,200
1784772138577,2026-07-23T02:02:18.577Z,-23.6053872,-46.8371901,820.264,19.247,19.330,3,145,200
1784772138635,2026-07-23T02:02:18.635Z,-23.6053777,-46.8371927,820.297,19.382,19.250,3,145,200
1784772138693,2026-07-23T02:02:18.693Z,-23.6053684,-46.8371953,820.326,19.335,19.380,3,145,200
1784772138751,2026-07-23T02:02:18.751Z,-23.6053589,-46.8371976,820.387,19.413,19.330,3,145,200
1784772138809,2026-07-23T02:02:18.809Z,-23.6053495,-46.8371999,820.409,19.343,19.410,3,145,200
1784772138867,2026-07-23T02:02:18.867Z,-23.6053401,-46.8372022,820.419,19.358,19.340,3,145,200
1784772138925,2026-07-23T02:02:18.925Z,-23.6053307,-46.8372044,820.432,19.369,19.360,3,145,200
1784772138983,2026-07-23T02:02:18.983Z,-23.6053213,-46.8372065,820.453,19.337,19.370,3,145,200
1784772139041,2026-07-23T02:02:19.041Z,-23.6053118,-46.8372085,820.469,19.350,19.340,3,145,200
1784772139099,2026-07-23T02:02:19.099Z,-23.6053022,-46.8372104,820.500,19.374,19.350,3,145,200
1784772139157,2026-07-23T02:02:19.157Z,-23.6052927,-46.8372122,820.499,19.408,19.370,3,145,200
1784772139215,2026-07-23T02:02:19.215Z,-23.6052831,-46.8372138,820.502,19.418,19.410,3,145,200
1784772139273,2026-07-23T02:02:19.273Z,-23.6052735,-46.8372155,820.515,19.468,19.420,3,145,200
1784772139331,2026-07-23T02:02:19.331Z,-23.6052638,-46.8372170,820.542,19.485,19.470,3,145,200
1784772139389,2026-07-23T02:02:19.389Z,-23.6052541,-46.8372183,820.596,19.503,19.490,3,145,200
1784772139447,2026-07-23T02:02:19.447Z,-23.6052444,-46.8372191,820.595,19.438,19.500,3,145,200
1784772139505,2026-07-23T02:02:19.505Z,-23.6052252,-46.8372212,820.646,19.402,19.440,3,145,200
1784772139564,2026-07-23T02:02:19.564Z,-23.6052155,-46.8372217,820.698,19.420,19.400,3,137,201
1784772139622,2026-07-23T02:02:19.622Z,-23.6052059,-46.8372222,820.720,19.337,19.420,3,137,201
1784772139680,2026-07-23T02:02:19.680Z,-23.6051963,-46.8372227,820.736,19.294,19.340,3,137,201
1784772139738,2026-07-23T02:02:19.738Z,-23.6051866,-46.8372229,820.773,19.345,19.300,3,137,201
1784772139796,2026-07-23T02:02:19.796Z,-23.6051769,-46.8372230,820.814,19.360,19.350,3,137,201
1784772139855,2026-07-23T02:02:19.855Z,-23.6051672,-46.8372228,820.841,19.311,19.360,3,137,201
1784772139913,2026-07-23T02:02:19.913Z,-23.6051576,-46.8372223,820.879,19.270,19.310,3,137,201
1784772139971,2026-07-23T02:02:19.971Z,-23.6051480,-46.8372215,820.924,19.192,19.270,3,137,201
1784772140029,2026-07-23T02:02:20.029Z,-23.6051384,-46.8372204,820.997,19.142,19.190,3,137,201
1784772140088,2026-07-23T02:02:20.088Z,-23.6051290,-46.8372193,821.029,19.076,19.150,3,137,201
1784772140146,2026-07-23T02:02:20.146Z,-23.6051194,-46.8372180,821.081,19.106,19.080,3,137,201
1784772140204,2026-07-23T02:02:20.204Z,-23.6051099,-46.8372165,821.144,19.099,19.110,3,137,201
1784772140262,2026-07-23T02:02:20.262Z,-23.6051006,-46.8372149,821.191,19.007,19.100,3,137,201
1784772140321,2026-07-23T02:02:20.321Z,-23.6050913,-46.8372129,821.253,19.002,19.010,3,137,201
1784772140379,2026-07-23T02:02:20.379Z,-23.6050821,-46.8372105,821.227,18.898,19.010,3,137,201
1784772140437,2026-07-23T02:02:20.437Z,-23.6050729,-46.8372082,821.281,18.875,18.900,3,137,201
1784772140495,2026-07-23T02:02:20.495Z,-23.6050547,-46.8372029,821.326,18.725,18.880,3,137,201
1784772140554,2026-07-23T02:02:20.554Z,-23.6050456,-46.8371997,821.383,18.770,18.730,3,137,202
1784772140612,2026-07-23T02:02:20.612Z,-23.6050363,-46.8371957,821.494,19.011,18.780,3,137,202
1784772140670,2026-07-23T02:02:20.670Z,-23.6050274,-46.8371918,821.545,18.993,19.020,3,137,202
1784772140728,2026-07-23T02:02:20.728Z,-23.6050185,-46.8371880,821.642,18.976,19.000,3,137,202
1784772140786,2026-07-23T02:02:20.786Z,-23.6050097,-46.8371838,821.701,19.014,18.980,3,137,202
1784772140845,2026-07-23T02:02:20.845Z,-23.6050008,-46.8371795,821.726,19.105,19.020,3,137,202
1784772140903,2026-07-23T02:02:20.903Z,-23.6049920,-46.8371755,821.761,19.093,19.110,3,137,202
1784772140961,2026-07-23T02:02:20.961Z,-23.6049833,-46.8371716,821.794,19.038,19.100,3,137,202
1784772141019,2026-07-23T02:02:21.019Z,-23.6049749,-46.8371675,821.824,18.893,19.050,3,137,202
1784772141078,2026-07-23T02:02:21.078Z,-23.6049663,-46.8371632,821.866,18.936,18.900,3,137,202
1784772141136,2026-07-23T02:02:21.136Z,-23.6049576,-46.8371587,821.919,19.022,18.940,3,137,202
1784772141194,2026-07-23T02:02:21.194Z,-23.6049493,-46.8371539,822.003,18.973,19.030,3,137,202
1784772141252,2026-07-23T02:02:21.252Z,-23.6049410,-46.8371492,822.069,18.964,18.980,3,137,202
1784772141311,2026-07-23T02:02:21.311Z,-23.6049326,-46.8371444,822.148,18.998,18.970,3,137,202
1784772141369,2026-07-23T02:02:21.369Z,-23.6049242,-46.8371394,822.203,19.052,19.010,3,137,202
1784772141427,2026-07-23T02:02:21.427Z,-23.6049158,-46.8371343,822.330,19.137,19.060,3,137,202
1784772141485,2026-07-23T02:02:21.485Z,-23.6048994,-46.8371240,822.466,19.122,19.150,3,137,202
1784772141544,2026-07-23T02:02:21.544Z,-23.6048915,-46.8371186,822.541,19.041,19.130,3,137,203
1784772141602,2026-07-23T02:02:21.602Z,-23.6048835,-46.8371128,822.677,19.126,19.050,3,137,203
1784772141660,2026-07-23T02:02:21.660Z,-23.6048756,-46.8371072,822.750,19.123,19.140,3,137,203
1784772141718,2026-07-23T02:02:21.718Z,-23.6048681,-46.8371015,822.854,18.977,19.140,3,137,203
1784772141776,2026-07-23T02:02:21.776Z,-23.6048608,-46.8370956,822.927,18.809,18.990,3,137,203
1784772141835,2026-07-23T02:02:21.835Z,-23.6048536,-46.8370895,823.012,18.695,18.830,3,137,203
1784772141893,2026-07-23T02:02:21.893Z,-23.6048467,-46.8370834,823.085,18.540,18.710,3,137,203
1784772141951,2026-07-23T02:02:21.951Z,-23.6048399,-46.8370773,823.199,18.372,18.560,3,137,203
1784772142009,2026-07-23T02:02:22.009Z,-23.6048332,-46.8370712,823.300,18.210,18.390,3,137,203
1784772142068,2026-07-23T02:02:22.068Z,-23.6048268,-46.8370651,823.406,17.942,18.230,3,137,203
1784772142126,2026-07-23T02:02:22.126Z,-23.6048204,-46.8370591,823.451,17.685,17.960,3,137,203
1784772142184,2026-07-23T02:02:22.184Z,-23.6048140,-46.8370529,823.494,17.521,17.710,3,137,203
1784772142242,2026-07-23T02:02:22.242Z,-23.6048080,-46.8370466,823.547,17.374,17.540,3,137,203
1784772142301,2026-07-23T02:02:22.301Z,-23.6048024,-46.8370402,823.661,17.128,17.400,3,137,203
1784772142359,2026-07-23T02:02:22.359Z,-23.6047972,-46.8370340,823.720,16.690,17.150,3,137,203
1784772142417,2026-07-23T02:02:22.417Z,-23.6047922,-46.8370276,823.809,16.338,16.710,3,137,203
1784772142475,2026-07-23T02:02:22.475Z,-23.6047828,-46.8370144,823.942,15.769,16.360,3,137,203
1784772142534,2026-07-23T02:02:22.534Z,-23.6047789,-46.8370079,824.079,15.397,15.800,3,144,204
1784772142595,2026-07-23T02:02:22.595Z,-23.6047753,-46.8370013,824.151,15.027,15.430,3,144,204
1784772142656,2026-07-23T02:02:22.656Z,-23.6047717,-46.8369945,824.166,14.819,15.060,3,144,204
1784772142718,2026-07-23T02:02:22.718Z,-23.6047685,-46.8369877,824.202,14.614,14.850,3,144,204
1784772142779,2026-07-23T02:02:22.779Z,-23.6047655,-46.8369813,824.343,14.281,14.640,3,144,204
1784772142841,2026-07-23T02:02:22.841Z,-23.6047630,-46.8369749,824.484,13.885,14.310,3,144,204
1784772142902,2026-07-23T02:02:22.902Z,-23.6047610,-46.8369684,824.551,13.541,13.920,3,144,204
1784772142964,2026-07-23T02:02:22.964Z,-23.6047592,-46.8369617,824.582,13.272,13.580,3,144,204
1784772143025,2026-07-23T02:02:23.025Z,-23.6047580,-46.8369556,824.671,12.711,13.310,3,144,204
1784772143087,2026-07-23T02:02:23.087Z,-23.6047568,-46.8369493,824.742,12.464,12.750,3,144,204
1784772143148,2026-07-23T02:02:23.148Z,-23.6047558,-46.8369432,824.836,12.154,12.500,3,144,204
1784772143210,2026-07-23T02:02:23.210Z,-23.6047551,-46.8369371,824.935,11.952,12.200,3,144,204
1784772143271,2026-07-23T02:02:23.271Z,-23.6047546,-46.8369311,824.990,11.700,12.000,3,144,204
1784772143333,2026-07-23T02:02:23.333Z,-23.6047543,-46.8369248,825.060,11.684,11.740,3,144,204
1784772143394,2026-07-23T02:02:23.394Z,-23.6047544,-46.8369185,825.152,11.719,11.730,3,144,204
1784772143456,2026-07-23T02:02:23.456Z,-23.6047550,-46.8369124,825.280,11.588,11.760,3,144,204
1784772143517,2026-07-23T02:02:23.517Z,-23.6047556,-46.8369063,825.386,11.605,11.640,3,144,204
1784772143579,2026-07-23T02:02:23.579Z,-23.6047569,-46.8368938,825.571,11.733,11.660,3,137,205
1784772143634,2026-07-23T02:02:23.634Z,-23.6047583,-46.8368879,825.631,11.551,11.790,3,137,205
1784772143689,2026-07-23T02:02:23.689Z,-23.6047612,-46.8368835,825.639,10.891,11.600,3,137,205
1784772143744,2026-07-23T02:02:23.744Z,-23.6047634,-46.8368777,825.650,11.110,10.940,3,137,205
1784772143799,2026-07-23T02:02:23.799Z,-23.6047659,-46.8368723,825.695,11.110,11.160,3,137,205
1784772143854,2026-07-23T02:02:23.854Z,-23.6047684,-46.8368671,825.780,11.112,11.160,3,137,205
1784772143909,2026-07-23T02:02:23.909Z,-23.6047711,-46.8368620,825.878,11.053,11.160,3,137,205
1784772143964,2026-07-23T02:02:23.964Z,-23.6047744,-46.8368569,825.890,11.133,11.100,3,137,205
1784772144019,2026-07-23T02:02:24.019Z,-23.6047783,-46.8368525,825.910,11.064,11.180,3,137,205
1784772144074,2026-07-23T02:02:24.074Z,-23.6047821,-46.8368482,826.010,11.018,11.110,3,137,205
1784772144129,2026-07-23T02:02:24.129Z,-23.6047859,-46.8368440,826.092,10.993,11.060,3,137,205
1784772144184,2026-07-23T02:02:24.184Z,-23.6047902,-46.8368401,826.126,11.025,11.040,3,137,205
1784772144239,2026-07-23T02:02:24.239Z,-23.6047948,-46.8368364,826.159,11.156,11.070,3,137,205
1784772144294,2026-07-23T02:02:24.294Z,-23.6047996,-46.8368327,826.125,11.349,11.200,3,137,205
1784772144349,2026-07-23T02:02:24.349Z,-23.6048041,-46.8368296,826.123,11.163,11.390,3,137,205
1784772144404,2026-07-23T02:02:24.404Z,-23.6048086,-46.8368268,826.129,10.902,11.200,3,137,205
1784772144459,2026-07-23T02:02:24.459Z,-23.6048133,-46.8368242,826.140,10.783,10.940,3,137,205
1784772144514,2026-07-23T02:02:24.514Z,-23.6048230,-46.8368199,826.232,10.618,10.810,3,137,205
1784772144569,2026-07-23T02:02:24.569Z,-23.6048280,-46.8368185,826.265,10.498,10.650,3,137,206
1784772144627,2026-07-23T02:02:24.627Z,-23.6048332,-46.8368176,826.295,10.451,10.530,3,137,206
1784772144685,2026-07-23T02:02:24.685Z,-23.6048385,-46.8368172,826.299,10.484,10.480,3,137,206
1784772144743,2026-07-23T02:02:24.743Z,-23.6048437,-46.8368167,826.299,10.445,10.510,3,137,206
1784772144801,2026-07-23T02:02:24.801Z,-23.6048489,-46.8368164,826.230,10.454,10.470,3,137,206
1784772144860,2026-07-23T02:02:24.860Z,-23.6048543,-46.8368166,826.257,10.566,10.470,3,137,206
1784772144918,2026-07-23T02:02:24.918Z,-23.6048596,-46.8368173,826.284,10.637,10.590,3,137,206
1784772144976,2026-07-23T02:02:24.976Z,-23.6048647,-46.8368181,826.298,10.526,10.660,3,137,206
1784772145034,2026-07-23T02:02:25.034Z,-23.6048698,-46.8368192,826.266,10.551,10.550,3,137,206
1784772145093,2026-07-23T02:02:25.093Z,-23.6048750,-46.8368205,826.226,10.624,10.570,3,137,206
1784772145151,2026-07-23T02:02:25.151Z,-23.6048800,-46.8368223,826.222,10.628,10.640,3,137,206
1784772145209,2026-07-23T02:02:25.209Z,-23.6048849,-46.8368244,826.213,10.610,10.640,3,137,206
1784772145267,2026-07-23T02:02:25.267Z,-23.6048895,-46.8368268,826.188,10.577,10.620,3,137,206
1784772145326,2026-07-23T02:02:25.326Z,-23.6048941,-46.8368290,826.150,10.463,10.590,3,137,206
1784772145384,2026-07-23T02:02:25.384Z,-23.6048985,-46.8368317,826.096,10.400,10.470,3,137,206
1784772145442,2026-07-23T02:02:25.442Z,-23.6049030,-46.8368347,826.076,10.559,10.410,3,137,206
1784772145500,2026-07-23T02:02:25.500Z,-23.6049113,-46.8368412,825.978,10.493,10.560,3,137,206
1784772145559,2026-07-23T02:02:25.559Z,-23.6049150,-46.8368453,825.911,10.609,10.500,3,137,207
1784772145614,2026-07-23T02:02:25.614Z,-23.6049186,-46.8368496,825.867,10.781,10.610,3,137,207
1784772145669,2026-07-23T02:02:25.669Z,-23.6049223,-46.8368543,825.808,11.057,10.780,3,137,207
1784772145724,2026-07-23T02:02:25.724Z,-23.6049262,-46.8368590,825.831,11.298,11.060,3,137,207
1784772145779,2026-07-23T02:02:25.779Z,-23.6049300,-46.8368635,825.888,11.354,11.300,3,137,207
1784772145834,2026-07-23T02:02:25.834Z,-23.6049340,-46.8368681,825.940,11.503,11.360,3,137,207
1784772145889,2026-07-23T02:02:25.889Z,-23.6049383,-46.8368729,825.997,11.865,11.500,3,137,207
1784772145944,2026-07-23T02:02:25.944Z,-23.6049427,-46.8368774,826.006,12.007,11.870,3,137,207
1784772145999,2026-07-23T02:02:25.999Z,-23.6049471,-46.8368818,825.988,12.121,12.010,3,137,207
1784772146054,2026-07-23T02:02:26.054Z,-23.6049515,-46.8368864,825.983,12.241,12.120,3,137,207
1784772146109,2026-07-23T02:02:26.109Z,-23.6049557,-46.8368911,825.977,12.264,12.240,3,137,207
1784772146164,2026-07-23T02:02:26.164Z,-23.6049597,-46.8368959,825.942,12.254,12.260,3,137,207
1784772146219,2026-07-23T02:02:26.219Z,-23.6049637,-46.8369007,825.915,12.246,12.260,3,137,207
1784772146274,2026-07-23T02:02:26.274Z,-23.6049680,-46.8369053,825.884,12.235,12.250,3,137,207
1784772146329,2026-07-23T02:02:26.329Z,-23.6049722,-46.8369097,825.875,12.147,12.240,3,137,207
1784772146384,2026-07-23T02:02:26.384Z,-23.6049765,-46.8369143,825.858,12.224,12.150,3,137,207
1784772146439,2026-07-23T02:02:26.439Z,-23.6049810,-46.8369187,825.833,12.270,12.220,3,137,207
1784772146494,2026-07-23T02:02:26.494Z,-23.6049856,-46.8369229,825.814,12.290,12.270,3,137,207
1784772146549,2026-07-23T02:02:26.549Z,-23.6049902,-46.8369266,825.821,12.121,12.290,3,137,208
1784772146610,2026-07-23T02:02:26.610Z,-23.6049947,-46.8369300,825.801,11.799,12.120,3,137,208
1784772146671,2026-07-23T02:02:26.671Z,-23.6049991,-46.8369335,825.778,11.582,11.800,3,137,208
1784772146733,2026-07-23T02:02:26.733Z,-23.6050035,-46.8369365,825.762,11.229,11.580,3,137,208
1784772146794,2026-07-23T02:02:26.794Z,-23.6050082,-46.8369390,825.727,10.982,11.230,3,137,208
1784772146856,2026-07-23T02:02:26.856Z,-23.6050130,-46.8369418,825.700,11.049,10.980,3,137,208
1784772146917,2026-07-23T02:02:26.917Z,-23.6050177,-46.8369441,825.703,10.839,11.050,3,137,208
1784772146979,2026-07-23T02:02:26.979Z,-23.6050221,-46.8369455,825.576,10.412,10.840,3,137,208
1784772147040,2026-07-23T02:02:27.040Z,-23.6050267,-46.8369472,825.504,10.282,10.410,3,137,208
1784772147102,2026-07-23T02:02:27.102Z,-23.6050314,-46.8369487,825.487,10.086,10.280,3,137,208
1784772147163,2026-07-23T02:02:27.163Z,-23.6050357,-46.8369496,825.421,9.726,10.090,3,137,208
1784772147225,2026-07-23T02:02:27.225Z,-23.6050403,-46.8369506,825.379,9.593,9.730,3,137,208
1784772147286,2026-07-23T02:02:27.286Z,-23.6050450,-46.8369510,825.315,9.530,9.590,3,137,208
1784772147348,2026-07-23T02:02:27.348Z,-23.6050494,-46.8369511,825.295,9.297,9.530,3,137,208
1784772147409,2026-07-23T02:02:27.409Z,-23.6050537,-46.8369507,825.239,9.052,9.300,3,137,208
1784772147471,2026-07-23T02:02:27.471Z,-23.6050582,-46.8369505,825.230,9.032,9.050,3,137,208
1784772147532,2026-07-23T02:02:27.532Z,-23.6050667,-46.8369499,825.235,8.563,9.030,3,137,208
1784772147594,2026-07-23T02:02:27.594Z,-23.6050709,-46.8369487,825.186,8.652,8.570,3,137,209
1784772147649,2026-07-23T02:02:27.649Z,-23.6050753,-46.8369468,825.102,8.895,8.650,3,137,209
1784772147704,2026-07-23T02:02:27.704Z,-23.6050796,-46.8369449,825.064,8.979,8.900,3,137,209
1784772147759,2026-07-23T02:02:27.759Z,-23.6050837,-46.8369428,825.086,8.954,8.980,3,137,209
1784772147814,2026-07-23T02:02:27.814Z,-23.6050877,-46.8369403,825.054,9.097,8.960,3,137,209
1784772147869,2026-07-23T02:02:27.869Z,-23.6050920,-46.8369375,825.013,9.365,9.100,3,137,209
1784772147924,2026-07-23T02:02:27.924Z,-23.6050962,-46.8369348,825.015,9.527,9.370,3,137,209
1784772147979,2026-07-23T02:02:27.979Z,-23.6051003,-46.8369319,825.006,9.679,9.530,3,137,209
1784772148034,2026-07-23T02:02:28.034Z,-23.6051044,-46.8369287,824.988,9.843,9.680,3,137,209
1784772148089,2026-07-23T02:02:28.089Z,-23.6051084,-46.8369256,824.937,9.907,9.850,3,137,209
1784772148144,2026-07-23T02:02:28.144Z,-23.6051125,-46.8369224,824.878,9.993,9.910,3,137,209
1784772148199,2026-07-23T02:02:28.199Z,-23.6051165,-46.8369191,824.873,10.103,10.000,3,137,209
1784772148254,2026-07-23T02:02:28.254Z,-23.6051205,-46.8369157,824.864,10.155,10.110,3,137,209
1784772148309,2026-07-23T02:02:28.309Z,-23.6051243,-46.8369121,824.885,10.186,10.160,3,137,209
1784772148364,2026-07-23T02:02:28.364Z,-23.6051281,-46.8369084,824.865,10.275,10.190,3,137,209
1784772148419,2026-07-23T02:02:28.419Z,-23.6051320,-46.8369045,824.826,10.424,10.280,3,137,209
1784772148474,2026-07-23T02:02:28.474Z,-23.6051395,-46.8368968,824.814,10.433,10.430,3,137,209
1784772148529,2026-07-23T02:02:28.529Z,-23.6051431,-46.8368926,824.798,10.539,10.440,3,144,210
1784772148587,2026-07-23T02:02:28.587Z,-23.6051465,-46.8368883,824.774,10.518,10.540,3,144,210
1784772148645,2026-07-23T02:02:28.645Z,-23.6051498,-46.8368838,824.757,10.593,10.520,3,144,210
1784772148703,2026-07-23T02:02:28.703Z,-23.6051531,-46.8368791,824.731,10.738,10.600,3,144,210
1784772148761,2026-07-23T02:02:28.761Z,-23.6051563,-46.8368742,824.721,10.883,10.740,3,144,210
1784772148819,2026-07-23T02:02:28.819Z,-23.6051594,-46.8368694,824.663,10.906,10.890,3,144,210
1784772148877,2026-07-23T02:02:28.877Z,-23.6051626,-46.8368645,824.607,10.943,10.910,3,144,210
1784772148935,2026-07-23T02:02:28.935Z,-23.6051657,-46.8368596,824.590,10.963,10.950,3,144,210
1784772148993,2026-07-23T02:02:28.993Z,-23.6051685,-46.8368544,824.537,10.965,10.970,3,144,210
1784772149051,2026-07-23T02:02:29.051Z,-23.6051711,-46.8368485,824.527,11.244,10.970,3,144,210
1784772149109,2026-07-23T02:02:29.109Z,-23.6051735,-46.8368428,824.560,11.278,11.250,3,144,210
1784772149167,2026-07-23T02:02:29.167Z,-23.6051761,-46.8368371,824.572,11.441,11.280,3,144,210
1784772149225,2026-07-23T02:02:29.225Z,-23.6051785,-46.8368312,824.574,11.634,11.450,3,144,210
1784772149283,2026-07-23T02:02:29.283Z,-23.6051808,-46.8368253,824.601,11.725,11.640,3,144,210
1784772149341,2026-07-23T02:02:29.341Z,-23.6051830,-46.8368192,824.605,11.835,11.730,3,144,210
1784772149399,2026-07-23T02:02:29.399Z,-23.6051853,-46.8368133,824.657,11.881,11.840,3,144,210
1784772149457,2026-07-23T02:02:29.457Z,-23.6051876,-46.8368071,824.618,12.077,11.880,3,144,210
1784772149515,2026-07-23T02:02:29.515Z,-23.6051899,-46.8368008,824.588,12.202,12.080,3,144,210
1784772149574,2026-07-23T02:02:29.574Z,-23.6051920,-46.8367945,824.560,12.257,12.210,3,167,211
1784772149629,2026-07-23T02:02:29.629Z,-23.6051942,-46.8367881,824.531,12.390,12.260,3,167,211
1784772149684,2026-07-23T02:02:29.684Z,-23.6051964,-46.8367818,824.517,12.414,12.390,3,167,211
1784772149739,2026-07-23T02:02:29.739Z,-23.6051985,-46.8367755,824.505,12.439,12.420,3,167,211
1784772149794,2026-07-23T02:02:29.794Z,-23.6052008,-46.8367690,824.490,12.555,12.440,3,167,211
1784772149849,2026-07-23T02:02:29.849Z,-23.6052031,-46.8367626,824.474,12.642,12.560,3,167,211
1784772149904,2026-07-23T02:02:29.904Z,-23.6052052,-46.8367560,824.435,12.720,12.650,3,167,211
1784772149959,2026-07-23T02:02:29.959Z,-23.6052076,-46.8367497,824.460,12.671,12.720,3,167,211
1784772150014,2026-07-23T02:02:30.014Z,-23.6052100,-46.8367433,824.433,12.752,12.670,3,167,211
1784772150069,2026-07-23T02:02:30.069Z,-23.6052125,-46.8367370,824.411,12.780,12.750,3,167,211
1784772150124,2026-07-23T02:02:30.124Z,-23.6052151,-46.8367305,824.407,12.903,12.780,3,167,211
1784772150179,2026-07-23T02:02:30.179Z,-23.6052176,-46.8367240,824.417,12.983,12.910,3,167,211
1784772150234,2026-07-23T02:02:30.234Z,-23.6052204,-46.8367176,824.380,12.987,12.990,3,167,211
1784772150289,2026-07-23T02:02:30.289Z,-23.6052234,-46.8367113,824.337,13.042,12.990,3,167,211
1784772150344,2026-07-23T02:02:30.344Z,-23.6052265,-46.8367050,824.305,13.148,13.050,3,167,211
1784772150399,2026-07-23T02:02:30.399Z,-23.6052298,-46.8366986,824.300,13.296,13.150,3,167,211
1784772150454,2026-07-23T02:02:30.454Z,-23.6052331,-46.8366923,824.307,13.361,13.300,3,167,211
1784772150509,2026-07-23T02:02:30.509Z,-23.6052367,-46.8366859,824.265,13.561,13.360,3,167,211
1784772150564,2026-07-23T02:02:30.564Z,-23.6052406,-46.8366797,824.246,13.702,13.560,3,167,211
1784772150619,2026-07-23T02:02:30.619Z,-23.6052447,-46.8366736,824.202,13.798,13.710,3,167,212
1784772150674,2026-07-23T02:02:30.674Z,-23.6052490,-46.8366678,824.165,13.801,13.800,3,167,212
1784772150729,2026-07-23T02:02:30.729Z,-23.6052536,-46.8366621,824.146,13.893,13.810,3,167,212
1784772150784,2026-07-23T02:02:30.784Z,-23.6052581,-46.8366566,824.097,13.845,13.900,3,167,212
1784772150839,2026-07-23T02:02:30.839Z,-23.6052627,-46.8366511,824.068,13.828,13.850,3,167,212
1784772150894,2026-07-23T02:02:30.894Z,-23.6052671,-46.8366458,824.062,13.643,13.830,3,167,212
1784772150949,2026-07-23T02:02:30.949Z,-23.6052716,-46.8366407,824.026,13.448,13.650,3,167,212
1784772151004,2026-07-23T02:02:31.004Z,-23.6052764,-46.8366356,824.018,13.433,13.450,3,167,212
1784772151059,2026-07-23T02:02:31.059Z,-23.6052814,-46.8366308,823.981,13.428,13.440,3,167,212
1784772151114,2026-07-23T02:02:31.114Z,-23.6052862,-46.8366257,823.952,13.465,13.430,3,167,212
1784772151169,2026-07-23T02:02:31.169Z,-23.6052912,-46.8366210,823.957,13.425,13.470,3,167,212
1784772151224,2026-07-23T02:02:31.224Z,-23.6052963,-46.8366167,823.972,13.251,13.430,3,167,212
1784772151279,2026-07-23T02:02:31.279Z,-23.6053016,-46.8366129,823.939,13.073,13.260,3,167,212
1784772151334,2026-07-23T02:02:31.334Z,-23.6053069,-46.8366089,823.877,13.070,13.080,3,167,212
1784772151389,2026-07-23T02:02:31.389Z,-23.6053122,-46.8366053,823.830,12.910,13.080,3,167,212
1784772151444,2026-07-23T02:02:31.444Z,-23.6053174,-46.8366021,823.839,12.554,12.920,3,167,212
1784772151499,2026-07-23T02:02:31.499Z,-23.6053279,-46.8365963,823.761,12.047,12.560,3,167,212
1784772151554,2026-07-23T02:02:31.554Z,-23.6053332,-46.8365943,823.752,11.784,12.060,3,151,213
1784772151612,2026-07-23T02:02:31.612Z,-23.6053385,-46.8365925,823.723,11.601,11.790,3,151,213
1784772151670,2026-07-23T02:02:31.670Z,-23.6053439,-46.8365911,823.694,11.439,11.610,3,151,213
1784772151728,2026-07-23T02:02:31.728Z,-23.6053494,-46.8365902,823.616,11.297,11.450,3,151,213
1784772151786,2026-07-23T02:02:31.786Z,-23.6053548,-46.8365894,823.550,11.252,11.310,3,151,213
1784772151844,2026-07-23T02:02:31.844Z,-23.6053601,-46.8365888,823.494,11.132,11.260,3,151,213
1784772151902,2026-07-23T02:02:31.902Z,-23.6053653,-46.8365885,823.425,10.900,11.150,3,151,213
1784772151960,2026-07-23T02:02:31.960Z,-23.6053704,-46.8365886,823.377,10.730,10.920,3,151,213
1784772152018,2026-07-23T02:02:32.018Z,-23.6053755,-46.8365889,823.322,10.627,10.750,3,151,213
1784772152076,2026-07-23T02:02:32.076Z,-23.6053807,-46.8365898,823.287,10.616,10.640,3,151,213
1784772152134,2026-07-23T02:02:32.134Z,-23.6053861,-46.8365911,823.247,10.771,10.630,3,151,213
1784772152192,2026-07-23T02:02:32.192Z,-23.6053915,-46.8365927,823.210,11.012,10.790,3,151,213
1784772152250,2026-07-23T02:02:32.250Z,-23.6053969,-46.8365948,823.182,11.175,11.030,3,151,213
1784772152308,2026-07-23T02:02:32.308Z,-23.6054022,-46.8365970,823.123,11.296,11.190,3,151,213
1784772152366,2026-07-23T02:02:32.366Z,-23.6054075,-46.8365997,823.059,11.509,11.310,3,151,213
1784772152424,2026-07-23T02:02:32.424Z,-23.6054127,-46.8366027,823.013,11.620,11.530,3,151,213
1784772152482,2026-07-23T02:02:32.482Z,-23.6054177,-46.8366059,822.966,11.614,11.640,3,151,213
1784772152540,2026-07-23T02:02:32.540Z,-23.6054223,-46.8366091,822.888,11.449,11.630,3,151,213
1784772152599,2026-07-23T02:02:32.599Z,-23.6054269,-46.8366127,822.803,11.438,11.470,3,144,214
1784772152654,2026-07-23T02:02:32.654Z,-23.6054313,-46.8366168,822.768,11.460,11.460,3,144,214
1784772152709,2026-07-23T02:02:32.709Z,-23.6054356,-46.8366211,822.740,11.580,11.480,3,144,214
1784772152764,2026-07-23T02:02:32.764Z,-23.6054400,-46.8366255,822.710,11.681,11.600,3,144,214
1784772152819,2026-07-23T02:02:32.819Z,-23.6054442,-46.8366304,822.642,11.939,11.700,3,144,214
1784772152874,2026-07-23T02:02:32.874Z,-23.6054481,-46.8366353,822.605,11.986,11.960,3,144,214
1784772152929,2026-07-23T02:02:32.929Z,-23.6054519,-46.8366403,822.600,11.913,12.010,3,144,214
1784772152984,2026-07-23T02:02:32.984Z,-23.6054554,-46.8366454,822.564,11.871,11.930,3,144,214
1784772153039,2026-07-23T02:02:33.039Z,-23.6054586,-46.8366510,822.503,11.968,11.890,3,144,214
1784772153094,2026-07-23T02:02:33.094Z,-23.6054616,-46.8366569,822.446,12.099,11.990,3,144,214
1784772153149,2026-07-23T02:02:33.149Z,-23.6054643,-46.8366631,822.395,12.276,12.120,3,144,214
1784772153204,2026-07-23T02:02:33.204Z,-23.6054668,-46.8366693,822.339,12.329,12.300,3,144,214
1784772153259,2026-07-23T02:02:33.259Z,-23.6054690,-46.8366758,822.269,12.539,12.350,3,144,214
1784772153314,2026-07-23T02:02:33.314Z,-23.6054711,-46.8366825,822.197,12.754,12.560,3,144,214
1784772153369,2026-07-23T02:02:33.369Z,-23.6054730,-46.8366891,822.142,12.806,12.780,3,144,214
1784772153424,2026-07-23T02:02:33.424Z,-23.6054750,-46.8366956,822.098,12.772,12.830,3,144,214
1784772153479,2026-07-23T02:02:33.479Z,-23.6054771,-46.8367022,822.036,12.840,12.790,3,144,214
1784772153534,2026-07-23T02:02:33.534Z,-23.6054791,-46.8367087,821.955,12.870,12.860,3,144,214
1784772153589,2026-07-23T02:02:33.589Z,-23.6054813,-46.8367154,821.906,12.996,12.890,3,144,215
1784772153644,2026-07-23T02:02:33.644Z,-23.6054834,-46.8367222,821.848,13.142,13.020,3,144,215
1784772153699,2026-07-23T02:02:33.699Z,-23.6054855,-46.8367290,821.805,13.196,13.170,3,144,215
1784772153754,2026-07-23T02:02:33.754Z,-23.6054875,-46.8367357,821.762,13.152,13.220,3,144,215
1784772153809,2026-07-23T02:02:33.809Z,-23.6054894,-46.8367425,821.689,13.227,13.170,3,144,215
1784772153864,2026-07-23T02:02:33.864Z,-23.6054912,-46.8367496,821.571,13.431,13.250,3,144,215
1784772153919,2026-07-23T02:02:33.919Z,-23.6054931,-46.8367568,821.456,13.584,13.460,3,144,215
1784772153974,2026-07-23T02:02:33.974Z,-23.6054950,-46.8367640,821.361,13.758,13.610,3,144,215
1784772154029,2026-07-23T02:02:34.029Z,-23.6054971,-46.8367713,821.241,13.914,13.790,3,144,215
1784772154084,2026-07-23T02:02:34.084Z,-23.6054991,-46.8367783,821.102,13.898,13.940,3,144,215
1784772154139,2026-07-23T02:02:34.139Z,-23.6055016,-46.8367852,821.010,13.854,13.930,3,144,215
1784772154194,2026-07-23T02:02:34.194Z,-23.6055042,-46.8367919,820.937,13.729,13.890,3,144,215
1784772154249,2026-07-23T02:02:34.249Z,-23.6055071,-46.8367983,820.893,13.603,13.760,3,144,215
1784772154304,2026-07-23T02:02:34.304Z,-23.6055101,-46.8368048,820.816,13.585,13.640,3,144,215
1784772154359,2026-07-23T02:02:34.359Z,-23.6055133,-46.8368112,820.745,13.566,13.620,3,144,215
1784772154414,2026-07-23T02:02:34.414Z,-23.6055167,-46.8368171,820.741,13.363,13.600,3,144,215
1784772154469,2026-07-23T02:02:34.469Z,-23.6055203,-46.8368229,820.710,13.211,13.390,3,144,215
1784772154524,2026-07-23T02:02:34.524Z,-23.6055243,-46.8368285,820.647,13.162,13.240,3,144,215
1784772154579,2026-07-23T02:02:34.579Z,-23.6055288,-46.8368340,820.588,13.286,13.190,3,134,216
1784772154631,2026-07-23T02:02:34.631Z,-23.6055335,-46.8368395,820.548,13.489,13.320,3,134,216
1784772154683,2026-07-23T02:02:34.683Z,-23.6055384,-46.8368448,820.553,13.562,13.520,3,134,216
1784772154735,2026-07-23T02:02:34.735Z,-23.6055433,-46.8368499,820.506,13.631,13.590,3,134,216
1784772154787,2026-07-23T02:02:34.787Z,-23.6055485,-46.8368547,820.486,13.629,13.660,3,134,216
1784772154839,2026-07-23T02:02:34.839Z,-23.6055539,-46.8368594,820.449,13.710,13.650,3,134,216
1784772154891,2026-07-23T02:02:34.891Z,-23.6055593,-46.8368636,820.421,13.580,13.740,3,134,216
1784772154943,2026-07-23T02:02:34.943Z,-23.6055650,-46.8368674,820.387,13.537,13.600,3,134,216
1784772154995,2026-07-23T02:02:34.995Z,-23.6055709,-46.8368709,820.358,13.550,13.560,3,134,216
1784772155047,2026-07-23T02:02:35.047Z,-23.6055770,-46.8368739,820.297,13.540,13.570,3,134,216
1784772155100,2026-07-23T02:02:35.100Z,-23.6055830,-46.8368765,820.296,13.377,13.560,3,134,216
1784772155152,2026-07-23T02:02:35.152Z,-23.6055894,-46.8368789,820.251,13.498,13.400,3,134,216
1784772155204,2026-07-23T02:02:35.204Z,-23.6055958,-46.8368809,820.199,13.517,13.520,3,134,216
1784772155256,2026-07-23T02:02:35.256Z,-23.6056022,-46.8368826,820.203,13.413,13.540,3,134,216
1784772155308,2026-07-23T02:02:35.308Z,-23.6056090,-46.8368841,820.202,13.555,13.430,3,134,216
1784772155360,2026-07-23T02:02:35.360Z,-23.6056158,-46.8368852,820.132,13.651,13.570,3,134,216
1784772155412,2026-07-23T02:02:35.412Z,-23.6056223,-46.8368859,820.124,13.421,13.670,3,134,216
1784772155464,2026-07-23T02:02:35.464Z,-23.6056288,-46.8368863,820.111,13.205,13.440,3,134,216
1784772155516,2026-07-23T02:02:35.516Z,-23.6056355,-46.8368864,820.111,13.238,13.220,3,134,216
1784772155569,2026-07-23T02:02:35.569Z,-23.6056417,-46.8368860,820.173,12.897,13.250,3,127,217
1784772155627,2026-07-23T02:02:35.627Z,-23.6056479,-46.8368850,820.161,12.731,12.910,3,127,217
1784772155685,2026-07-23T02:02:35.685Z,-23.6056543,-46.8368835,820.151,12.768,12.740,3,127,217
1784772155743,2026-07-23T02:02:35.743Z,-23.6056604,-46.8368819,820.175,12.701,12.780,3,127,217
1784772155801,2026-07-23T02:02:35.801Z,-23.6056662,-46.8368801,820.295,12.486,12.710,3,127,217
1784772155860,2026-07-23T02:02:35.860Z,-23.6056719,-46.8368777,820.378,12.396,12.500,3,127,217
1784772155918,2026-07-23T02:02:35.918Z,-23.6056773,-46.8368751,820.450,12.183,12.400,3,127,217
1784772155976,2026-07-23T02:02:35.976Z,-23.6056829,-46.8368722,820.386,12.258,12.190,3,127,217
1784772156034,2026-07-23T02:02:36.034Z,-23.6056883,-46.8368691,820.381,12.279,12.260,3,127,217
1784772156093,2026-07-23T02:02:36.093Z,-23.6056934,-46.8368661,820.460,12.100,12.290,3,127,217
1784772156151,2026-07-23T02:02:36.151Z,-23.6056984,-46.8368630,820.551,11.981,12.110,3,127,217
1784772156209,2026-07-23T02:02:36.209Z,-23.6057033,-46.8368592,820.464,11.965,11.990,3,127,217
1784772156267,2026-07-23T02:02:36.267Z,-23.6057079,-46.8368548,820.375,12.010,11.970,3,127,217
1784772156326,2026-07-23T02:02:36.326Z,-23.6057124,-46.8368506,820.381,11.971,12.020,3,127,217
1784772156384,2026-07-23T02:02:36.384Z,-23.6057170,-46.8368461,820.355,12.144,11.980,3,127,217
1784772156442,2026-07-23T02:02:36.442Z,-23.6057212,-46.8368418,820.408,11.966,12.150,3,127,217
1784772156500,2026-07-23T02:02:36.500Z,-23.6057286,-46.8368323,820.403,11.554,11.970,3,127,217
1784772156559,2026-07-23T02:02:36.559Z,-23.6057313,-46.8368267,820.403,11.556,11.560,3,127,218
1784772156614,2026-07-23T02:02:36.614Z,-23.6057337,-46.8368210,820.452,11.471,11.560,3,127,218
1784772156669,2026-07-23T02:02:36.669Z,-23.6057359,-46.8368152,820.602,11.538,11.480,3,127,218
1784772156724,2026-07-23T02:02:36.724Z,-23.6057377,-46.8368094,820.772,11.451,11.540,3,127,218
1784772156779,2026-07-23T02:02:36.779Z,-23.6057393,-46.8368033,820.854,11.475,11.450,3,127,218
1784772156834,2026-07-23T02:02:36.834Z,-23.6057405,-46.8367971,820.924,11.472,11.480,3,127,218
1784772156889,2026-07-23T02:02:36.889Z,-23.6057417,-46.8367910,821.012,11.483,11.470,3,127,218
1784772156944,2026-07-23T02:02:36.944Z,-23.6057426,-46.8367849,821.049,11.404,11.480,3,127,218
1784772156999,2026-07-23T02:02:36.999Z,-23.6057433,-46.8367790,821.123,11.264,11.400,3,127,218
1784772157054,2026-07-23T02:02:37.054Z,-23.6057437,-46.8367727,821.170,11.352,11.260,3,127,218
1784772157109,2026-07-23T02:02:37.109Z,-23.6057441,-46.8367665,821.217,11.355,11.350,3,127,218
1784772157164,2026-07-23T02:02:37.164Z,-23.6057438,-46.8367603,821.230,11.296,11.360,3,127,218
1784772157219,2026-07-23T02:02:37.219Z,-23.6057435,-46.8367541,821.262,11.330,11.300,3,127,218
1784772157274,2026-07-23T02:02:37.274Z,-23.6057432,-46.8367479,821.342,11.392,11.330,3,127,218
1784772157329,2026-07-23T02:02:37.329Z,-23.6057431,-46.8367418,821.402,11.382,11.390,3,127,218
1784772157384,2026-07-23T02:02:37.384Z,-23.6057430,-46.8367355,821.500,11.528,11.380,3,127,218
1784772157439,2026-07-23T02:02:37.439Z,-23.6057426,-46.8367226,821.535,11.849,11.530,3,127,218
1784772157494,2026-07-23T02:02:37.494Z,-23.6057421,-46.8367157,821.575,12.206,11.850,3,127,218
1784772157549,2026-07-23T02:02:37.549Z,-23.6057416,-46.8367089,821.600,12.382,12.210,3,127,219
1784772157614,2026-07-23T02:02:37.614Z,-23.6057409,-46.8367020,821.659,12.543,12.380,3,127,219
1784772157679,2026-07-23T02:02:37.679Z,-23.6057400,-46.8366951,821.735,12.641,12.550,3,127,219
1784772157744,2026-07-23T02:02:37.744Z,-23.6057391,-46.8366884,821.827,12.652,12.650,3,127,219
1784772157810,2026-07-23T02:02:37.810Z,-23.6057383,-46.8366817,821.915,12.639,12.660,3,127,219
1784772157875,2026-07-23T02:02:37.875Z,-23.6057374,-46.8366753,822.007,12.436,12.650,3,127,219
1784772157940,2026-07-23T02:02:37.940Z,-23.6057364,-46.8366690,822.075,12.209,12.440,3,127,219
1784772158006,2026-07-23T02:02:38.006Z,-23.6057352,-46.8366628,822.113,12.038,12.220,3,127,219
1784772158071,2026-07-23T02:02:38.071Z,-23.6057340,-46.8366568,822.166,11.828,12.050,3,127,219
1784772158136,2026-07-23T02:02:38.136Z,-23.6057329,-46.8366509,822.225,11.655,11.840,3,127,219
1784772158202,2026-07-23T02:02:38.202Z,-23.6057317,-46.8366448,822.243,11.571,11.670,3,127,219
1784772158267,2026-07-23T02:02:38.267Z,-23.6057304,-46.8366387,822.284,11.583,11.580,3,127,219
1784772158332,2026-07-23T02:02:38.332Z,-23.6057291,-46.8366326,822.339,11.642,11.590,3,127,219
1784772158398,2026-07-23T02:02:38.398Z,-23.6057277,-46.8366263,822.403,11.752,11.650,3,127,219
1784772158463,2026-07-23T02:02:38.463Z,-23.6057261,-46.8366197,822.446,11.966,11.760,3,127,219
1784772158528,2026-07-23T02:02:38.528Z,-23.6057228,-46.8366067,822.521,12.259,11.980,3,127,219
1784772158594,2026-07-23T02:02:38.594Z,-23.6057210,-46.8366001,822.567,12.391,12.270,3,127,220
1784772158649,2026-07-23T02:02:38.649Z,-23.6057192,-46.8365936,822.624,12.485,12.400,3,127,220
1784772158704,2026-07-23T02:02:38.704Z,-23.6057171,-46.8365869,822.677,12.640,12.500,3,127,220
1784772158759,2026-07-23T02:02:38.759Z,-23.6057150,-46.8365805,822.752,12.618,12.650,3,127,220
1784772158814,2026-07-23T02:02:38.814Z,-23.6057129,-46.8365740,822.803,12.660,12.630,3,127,220
1784772158869,2026-07-23T02:02:38.869Z,-23.6057109,-46.8365674,822.853,12.711,12.680,3,127,220
1784772158924,2026-07-23T02:02:38.924Z,-23.6057087,-46.8365609,822.869,12.758,12.730,3,127,220
1784772158979,2026-07-23T02:02:38.979Z,-23.6057066,-46.8365544,822.959,12.737,12.770,3,127,220
1784772159034,2026-07-23T02:02:39.034Z,-23.6057044,-46.8365478,823.021,12.805,12.750,3,127,220
1784772159089,2026-07-23T02:02:39.089Z,-23.6057022,-46.8365413,823.079,12.857,12.820,3,127,220
1784772159144,2026-07-23T02:02:39.144Z,-23.6056999,-46.8365348,823.156,12.803,12.880,3,127,220
1784772159199,2026-07-23T02:02:39.199Z,-23.6056975,-46.8365284,823.225,12.801,12.820,3,127,220
1784772159254,2026-07-23T02:02:39.254Z,-23.6056951,-46.8365220,823.297,12.840,12.820,3,127,220
1784772159309,2026-07-23T02:02:39.309Z,-23.6056926,-46.8365153,823.336,12.975,12.860,3,127,220
1784772159364,2026-07-23T02:02:39.364Z,-23.6056901,-46.8365089,823.404,12.968,13.000,3,127,220
1784772159419,2026-07-23T02:02:39.419Z,-23.6056876,-46.8365025,823.464,12.929,12.990,3,127,220
1784772159474,2026-07-23T02:02:39.474Z,-23.6056850,-46.8364962,823.555,12.896,12.950,3,127,220
1784772159529,2026-07-23T02:02:39.529Z,-23.6056823,-46.8364898,823.606,12.970,12.920,3,127,220
1784772159584,2026-07-23T02:02:39.584Z,-23.6056796,-46.8364835,823.694,12.974,13.000,3,127,221
1784772159636,2026-07-23T02:02:39.636Z,-23.6056768,-46.8364770,823.744,13.088,13.000,3,127,221
1784772159688,2026-07-23T02:02:39.688Z,-23.6056739,-46.8364706,823.817,13.080,13.110,3,127,221
1784772159740,2026-07-23T02:02:39.740Z,-23.6056709,-46.8364642,823.886,13.203,13.110,3,127,221
1784772159792,2026-07-23T02:02:39.792Z,-23.6056679,-46.8364579,823.907,13.153,13.230,3,127,221
1784772159844,2026-07-23T02:02:39.844Z,-23.6056646,-46.8364516,823.981,13.241,13.180,3,127,221
1784772159896,2026-07-23T02:02:39.896Z,-23.6056613,-46.8364453,824.060,13.309,13.270,3,127,221
1784772159948,2026-07-23T02:02:39.948Z,-23.6056580,-46.8364391,824.109,13.308,13.340,3,127,221
1784772160000,2026-07-23T02:02:40.000Z,-23.6056545,-46.8364329,824.146,13.394,13.340,3,127,221
1784772160052,2026-07-23T02:02:40.052Z,-23.6056509,-46.8364269,824.192,13.351,13.420,3,127,221
1784772160105,2026-07-23T02:02:40.105Z,-23.6056470,-46.8364210,824.262,13.356,13.380,3,127,221
1784772160157,2026-07-23T02:02:40.157Z,-23.6056431,-46.8364154,824.340,13.315,13.380,3,127,221
1784772160209,2026-07-23T02:02:40.209Z,-23.6056391,-46.8364101,824.455,13.110,13.340,3,127,221
1784772160261,2026-07-23T02:02:40.261Z,-23.6056350,-46.8364045,824.493,13.184,13.140,3,127,221
1784772160313,2026-07-23T02:02:40.313Z,-23.6056304,-46.8363992,824.569,13.322,13.210,3,127,221
1784772160365,2026-07-23T02:02:40.365Z,-23.6056258,-46.8363939,824.653,13.399,13.350,3,127,221
1784772160417,2026-07-23T02:02:40.417Z,-23.6056209,-46.8363887,824.735,13.518,13.430,3,127,221
1784772160469,2026-07-23T02:02:40.469Z,-23.6056162,-46.8363836,824.772,13.512,13.550,3,127,221
1784772160521,2026-07-23T02:02:40.521Z,-23.6056113,-46.8363788,824.819,13.422,13.540,3,127,221
1784772160574,2026-07-23T02:02:40.574Z,-23.6056064,-46.8363740,824.861,13.368,13.450,3,127,222
1784772160632,2026-07-23T02:02:40.632Z,-23.6056011,-46.8363694,824.936,13.474,13.400,3,127,222
1784772160690,2026-07-23T02:02:40.690Z,-23.6055959,-46.8363651,825.032,13.401,13.510,3,127,222
1784772160748,2026-07-23T02:02:40.748Z,-23.6055904,-46.8363609,825.052,13.495,13.440,3,127,222
1784772160806,2026-07-23T02:02:40.806Z,-23.6055846,-46.8363570,825.096,13.587,13.530,3,127,222
1784772160865,2026-07-23T02:02:40.865Z,-23.6055789,-46.8363532,825.155,13.612,13.620,3,127,222
1784772160923,2026-07-23T02:02:40.923Z,-23.6055732,-46.8363497,825.216,13.529,13.640,3,127,222
1784772160981,2026-07-23T02:02:40.981Z,-23.6055673,-46.8363465,825.239,13.429,13.560,3,127,222
1784772161039,2026-07-23T02:02:41.039Z,-23.6055612,-46.8363433,825.286,13.532,13.460,3,127,222
1784772161098,2026-07-23T02:02:41.098Z,-23.6055550,-46.8363405,825.364,13.554,13.560,3,127,222
1784772161156,2026-07-23T02:02:41.156Z,-23.6055488,-46.8363381,825.409,13.442,13.580,3,127,222
1784772161214,2026-07-23T02:02:41.214Z,-23.6055423,-46.8363357,825.385,13.528,13.470,3,127,222
1784772161272,2026-07-23T02:02:41.272Z,-23.6055357,-46.8363337,825.393,13.664,13.550,3,127,222
1784772161331,2026-07-23T02:02:41.331Z,-23.6055290,-46.8363319,825.455,13.655,13.690,3,127,222
1784772161389,2026-07-23T02:02:41.389Z,-23.6055223,-46.8363307,825.499,13.620,13.680,3,127,222
1784772161447,2026-07-23T02:02:41.447Z,-23.6055157,-46.8363297,825.546,13.577,13.650,3,127,222
1784772161505,2026-07-23T02:02:41.505Z,-23.6055020,-46.8363277,825.657,13.793,13.600,3,127,222
1784772161564,2026-07-23T02:02:41.564Z,-23.6054954,-46.8363276,825.664,13.629,13.820,3,127,223
1784772161622,2026-07-23T02:02:41.622Z,-23.6054885,-46.8363277,825.675,13.658,13.650,3,127,223
1784772161680,2026-07-23T02:02:41.680Z,-23.6054817,-46.8363278,825.714,13.708,13.680,3,127,223
1784772161738,2026-07-23T02:02:41.738Z,-23.6054750,-46.8363283,825.771,13.677,13.730,3,127,223
1784772161796,2026-07-23T02:02:41.796Z,-23.6054680,-46.8363289,825.810,13.866,13.700,3,127,223
1784772161854,2026-07-23T02:02:41.854Z,-23.6054610,-46.8363297,825.854,14.021,13.880,3,127,223
1784772161912,2026-07-23T02:02:41.912Z,-23.6054539,-46.8363305,825.896,14.122,14.040,3,127,223
1784772161970,2026-07-23T02:02:41.970Z,-23.6054470,-46.8363315,825.948,14.157,14.140,3,127,223
1784772162028,2026-07-23T02:02:42.028Z,-23.6054400,-46.8363326,825.995,14.190,14.170,3,127,223
1784772162086,2026-07-23T02:02:42.086Z,-23.6054330,-46.8363339,826.049,14.198,14.210,3,127,223
1784772162144,2026-07-23T02:02:42.144Z,-23.6054261,-46.8363355,826.080,14.266,14.210,3,127,223
1784772162202,2026-07-23T02:02:42.202Z,-23.6054191,-46.8363372,826.128,14.269,14.280,3,127,223
1784772162260,2026-07-23T02:02:42.260Z,-23.6054122,-46.8363390,826.137,14.317,14.280,3,127,223
1784772162318,2026-07-23T02:02:42.318Z,-23.6054050,-46.8363410,826.156,14.534,14.330,3,127,223
1784772162376,2026-07-23T02:02:42.376Z,-23.6053977,-46.8363429,826.178,14.694,14.550,3,127,223
1784772162434,2026-07-23T02:02:42.434Z,-23.6053906,-46.8363450,826.205,14.728,14.710,3,127,223
1784772162492,2026-07-23T02:02:42.492Z,-23.6053837,-46.8363471,826.242,14.616,14.740,3,127,223
1784772162550,2026-07-23T02:02:42.550Z,-23.6053768,-46.8363492,826.259,14.557,14.630,3,127,223
1784772162609,2026-07-23T02:02:42.609Z,-23.6053698,-46.8363516,826.313,14.585,14.570,3,127,224
1784772162660,2026-07-23T02:02:42.660Z,-23.6053629,-46.8363537,826.339,14.540,14.600,3,127,224
1784772162712,2026-07-23T02:02:42.712Z,-23.6053560,-46.8363560,826.375,14.543,14.550,3,127,224
1784772162764,2026-07-23T02:02:42.764Z,-23.6053491,-46.8363583,826.400,14.561,14.560,3,127,224
1784772162816,2026-07-23T02:02:42.816Z,-23.6053419,-46.8363607,826.465,14.764,14.570,3,127,224
1784772162868,2026-07-23T02:02:42.868Z,-23.6053348,-46.8363630,826.513,14.856,14.780,3,127,224
1784772162920,2026-07-23T02:02:42.920Z,-23.6053277,-46.8363652,826.554,14.841,14.870,3,127,224
1784772162972,2026-07-23T02:02:42.972Z,-23.6053205,-46.8363675,826.586,14.917,14.850,3,127,224
1784772163024,2026-07-23T02:02:43.024Z,-23.6053134,-46.8363698,826.656,14.945,14.930,3,127,224
1784772163076,2026-07-23T02:02:43.076Z,-23.6053061,-46.8363722,826.701,15.106,14.960,3,127,224
1784772163128,2026-07-23T02:02:43.128Z,-23.6052987,-46.8363746,826.733,15.319,15.120,3,127,224
1784772163180,2026-07-23T02:02:43.180Z,-23.6052915,-46.8363770,826.774,15.328,15.330,3,127,224
1784772163232,2026-07-23T02:02:43.232Z,-23.6052842,-46.8363795,826.812,15.395,15.340,3,127,224
1784772163284,2026-07-23T02:02:43.284Z,-23.6052770,-46.8363820,826.870,15.340,15.410,3,127,224
1784772163336,2026-07-23T02:02:43.336Z,-23.6052696,-46.8363844,826.949,15.345,15.350,3,127,224
1784772163388,2026-07-23T02:02:43.388Z,-23.6052625,-46.8363868,827.009,15.204,15.360,3,127,224
1784772163440,2026-07-23T02:02:43.440Z,-23.6052554,-46.8363892,827.022,15.171,15.220,3,127,224
1784772163492,2026-07-23T02:02:43.492Z,-23.6052482,-46.8363918,827.051,15.211,15.190,3,127,224
1784772163544,2026-07-23T02:02:43.544Z,-23.6052412,-46.8363943,827.079,15.129,15.230,3,127,225
1784772163599,2026-07-23T02:02:43.599Z,-23.6052341,-46.8363966,827.121,15.084,15.140,3,127,225
1784772163654,2026-07-23T02:02:43.654Z,-23.6052270,-46.8363991,827.170,15.067,15.100,3,127,225
1784772163709,2026-07-23T02:02:43.709Z,-23.6052199,-46.8364016,827.217,15.008,15.080,3,127,225
1784772163764,2026-07-23T02:02:43.764Z,-23.6052128,-46.8364038,827.256,15.015,15.020,3,127,225
1784772163819,2026-07-23T02:02:43.819Z,-23.6052055,-46.8364064,827.320,15.143,15.030,3,127,225
1784772163874,2026-07-23T02:02:43.874Z,-23.6051981,-46.8364091,827.388,15.299,15.160,3,127,225
1784772163929,2026-07-23T02:02:43.929Z,-23.6051907,-46.8364119,827.480,15.410,15.310,3,127,225
1784772163984,2026-07-23T02:02:43.984Z,-23.6051834,-46.8364145,827.559,15.458,15.430,3,127,225
1784772164039,2026-07-23T02:02:44.039Z,-23.6051760,-46.8364173,827.611,15.554,15.480,3,127,225
1784772164094,2026-07-23T02:02:44.094Z,-23.6051685,-46.8364199,827.638,15.695,15.570,3,127,225
1784772164149,2026-07-23T02:02:44.149Z,-23.6051612,-46.8364229,827.693,15.669,15.710,3,127,225
1784772164204,2026-07-23T02:02:44.204Z,-23.6051541,-46.8364258,827.726,15.508,15.690,3,127,225
1784772164259,2026-07-23T02:02:44.259Z,-23.6051471,-46.8364288,827.805,15.339,15.530,3,127,225
1784772164314,2026-07-23T02:02:44.314Z,-23.6051400,-46.8364314,827.874,15.160,15.360,3,127,225
1784772164369,2026-07-23T02:02:44.369Z,-23.6051328,-46.8364339,827.909,15.257,15.180,3,127,225
1784772164424,2026-07-23T02:02:44.424Z,-23.6051253,-46.8364365,827.927,15.523,15.280,3,127,225
1784772164479,2026-07-23T02:02:44.479Z,-23.6051176,-46.8364389,827.984,15.776,15.540,3,127,225
1784772164534,2026-07-23T02:02:44.534Z,-23.6051098,-46.8364415,828.092,15.973,15.790,3,127,225
1784772164589,2026-07-23T02:02:44.589Z,-23.6051019,-46.8364440,828.173,16.165,15.990,3,127,226
1784772164654,2026-07-23T02:02:44.654Z,-23.6050940,-46.8364463,828.257,16.319,16.190,3,127,226
1784772164719,2026-07-23T02:02:44.719Z,-23.6050862,-46.8364484,828.321,16.244,16.340,3,127,226
1784772164784,2026-07-23T02:02:44.784Z,-23.6050785,-46.8364506,828.415,16.119,16.270,3,127,226
1784772164850,2026-07-23T02:02:44.850Z,-23.6050710,-46.8364528,828.533,15.959,16.140,3,127,226
1784772164915,2026-07-23T02:02:44.915Z,-23.6050635,-46.8364554,828.586,15.910,15.980,3,127,226
1784772164980,2026-07-23T02:02:44.980Z,-23.6050560,-46.8364580,828.644,15.893,15.940,3,127,226
1784772165046,2026-07-23T02:02:45.046Z,-23.6050484,-46.8364607,828.684,16.030,15.920,3,127,226
1784772165111,2026-07-23T02:02:45.111Z,-23.6050407,-46.8364632,828.780,16.060,16.050,3,127,226
1784772165176,2026-07-23T02:02:45.176Z,-23.6050331,-46.8364657,828.834,16.037,16.090,3,127,226
1784772165242,2026-07-23T02:02:45.242Z,-23.6050255,-46.8364683,828.915,16.004,16.060,3,127,226
1784772165307,2026-07-23T02:02:45.307Z,-23.6050178,-46.8364708,828.986,16.088,16.030,3,127,226
1784772165372,2026-07-23T02:02:45.372Z,-23.6050101,-46.8364734,829.065,16.111,16.120,3,127,226
1784772165438,2026-07-23T02:02:45.438Z,-23.6050025,-46.8364762,829.145,16.114,16.140,3,127,226
1784772165503,2026-07-23T02:02:45.503Z,-23.6049949,-46.8364787,829.192,16.162,16.140,3,127,226
1784772165568,2026-07-23T02:02:45.568Z,-23.6049872,-46.8364815,829.240,16.234,16.190,3,127,226
1784772165634,2026-07-23T02:02:45.634Z,-23.6049719,-46.8364868,829.351,16.261,16.260,3,127,227
1784772165686,2026-07-23T02:02:45.686Z,-23.6049642,-46.8364895,829.406,16.295,16.290,3,127,227
1784772165738,2026-07-23T02:02:45.738Z,-23.6049564,-46.8364924,829.459,16.373,16.320,3,127,227
1784772165790,2026-07-23T02:02:45.790Z,-23.6049487,-46.8364952,829.506,16.360,16.400,3,127,227
1784772165842,2026-07-23T02:02:45.842Z,-23.6049412,-46.8364982,829.595,16.343,16.390,3,127,227
1784772165894,2026-07-23T02:02:45.894Z,-23.6049335,-46.8365012,829.656,16.367,16.370,3,127,227
1784772165946,2026-07-23T02:02:45.946Z,-23.6049257,-46.8365038,829.730,16.368,16.400,3,127,227
1784772165998,2026-07-23T02:02:45.998Z,-23.6049179,-46.8365066,829.774,16.428,16.400,3,127,227
1784772166050,2026-07-23T02:02:46.050Z,-23.6049103,-46.8365096,829.819,16.439,16.460,3,127,227
1784772166102,2026-07-23T02:02:46.102Z,-23.6049025,-46.8365125,829.876,16.464,16.470,3,127,227
1784772166155,2026-07-23T02:02:46.155Z,-23.6048947,-46.8365153,829.931,16.509,16.490,3,127,227
1784772166207,2026-07-23T02:02:46.207Z,-23.6048868,-46.8365181,829.986,16.547,16.540,3,127,227
1784772166259,2026-07-23T02:02:46.259Z,-23.6048790,-46.8365209,830.025,16.598,16.570,3,127,227
1784772166311,2026-07-23T02:02:46.311Z,-23.6048712,-46.8365239,830.085,16.655,16.620,3,127,227
1784772166363,2026-07-23T02:02:46.363Z,-23.6048633,-46.8365269,830.114,16.751,16.680,3,127,227
1784772166415,2026-07-23T02:02:46.415Z,-23.6048554,-46.8365299,830.140,16.769,16.780,3,127,227
1784772166467,2026-07-23T02:02:46.467Z,-23.6048475,-46.8365329,830.166,16.817,16.790,3,127,227
1784772166519,2026-07-23T02:02:46.519Z,-23.6048398,-46.8365359,830.202,16.764,16.840,3,127,227
1784772166571,2026-07-23T02:02:46.571Z,-23.6048318,-46.8365389,830.260,16.819,16.790,3,127,227
1784772166624,2026-07-23T02:02:46.624Z,-23.6048240,-46.8365419,830.304,16.820,16.840,3,134,228
1784772166682,2026-07-23T02:02:46.682Z,-23.6048162,-46.8365449,830.337,16.775,16.840,3,134,228
1784772166740,2026-07-23T02:02:46.740Z,-23.6048085,-46.8365480,830.363,16.736,16.800,3,134,228
1784772166798,2026-07-23T02:02:46.798Z,-23.6048007,-46.8365514,830.402,16.780,16.760,3,134,228
1784772166856,2026-07-23T02:02:46.856Z,-23.6047930,-46.8365550,830.430,16.838,16.800,3,134,228
1784772166915,2026-07-23T02:02:46.915Z,-23.6047853,-46.8365585,830.456,16.859,16.860,3,134,228
1784772166973,2026-07-23T02:02:46.973Z,-23.6047777,-46.8365622,830.478,16.820,16.880,3,134,228
1784772167031,2026-07-23T02:02:47.031Z,-23.6047701,-46.8365661,830.488,16.891,16.840,3,134,228
1784772167089,2026-07-23T02:02:47.089Z,-23.6047624,-46.8365701,830.523,16.937,16.910,3,134,228
1784772167148,2026-07-23T02:02:47.148Z,-23.6047549,-46.8365741,830.569,16.888,16.950,3,134,228
1784772167206,2026-07-23T02:02:47.206Z,-23.6047474,-46.8365783,830.579,16.980,16.910,3,134,228
1784772167264,2026-07-23T02:02:47.264Z,-23.6047401,-46.8365828,830.602,16.990,17.000,3,134,228
1784772167322,2026-07-23T02:02:47.322Z,-23.6047328,-46.8365873,830.611,16.975,17.010,3,134,228
1784772167381,2026-07-23T02:02:47.381Z,-23.6047256,-46.8365921,830.613,16.994,16.990,3,134,228
1784772167439,2026-07-23T02:02:47.439Z,-23.6047185,-46.8365972,830.616,17.010,17.010,3,134,228
1784772167497,2026-07-23T02:02:47.497Z,-23.6047115,-46.8366027,830.629,17.147,17.020,3,134,228
1784772167555,2026-07-23T02:02:47.555Z,-23.6047047,-46.8366082,830.618,17.143,17.160,3,134,228
1784772167614,2026-07-23T02:02:47.614Z,-23.6046981,-46.8366140,830.590,17.179,17.150,3,134,229
1784772167663,2026-07-23T02:02:47.663Z,-23.6046913,-46.8366199,830.604,17.319,17.190,3,134,229
1784772167713,2026-07-23T02:02:47.713Z,-23.6046849,-46.8366259,830.570,17.198,17.330,3,134,229
1784772167762,2026-07-23T02:02:47.762Z,-23.6046787,-46.8366322,830.504,17.186,17.210,3,134,229
1784772167812,2026-07-23T02:02:47.812Z,-23.6046724,-46.8366387,830.505,17.297,17.190,3,134,229
1784772167861,2026-07-23T02:02:47.861Z,-23.6046663,-46.8366453,830.483,17.337,17.300,3,134,229
1784772167911,2026-07-23T02:02:47.911Z,-23.6046604,-46.8366520,830.441,17.304,17.340,3,134,229
1784772167960,2026-07-23T02:02:47.960Z,-23.6046544,-46.8366588,830.422,17.320,17.310,3,134,229
1784772168010,2026-07-23T02:02:48.010Z,-23.6046485,-46.8366656,830.375,17.378,17.320,3,134,229
1784772168059,2026-07-23T02:02:48.059Z,-23.6046429,-46.8366725,830.315,17.298,17.380,3,134,229
1784772168109,2026-07-23T02:02:48.109Z,-23.6046373,-46.8366796,830.299,17.339,17.300,3,134,229
1784772168158,2026-07-23T02:02:48.158Z,-23.6046321,-46.8366869,830.282,17.231,17.340,3,134,229
1784772168208,2026-07-23T02:02:48.208Z,-23.6046271,-46.8366943,830.253,17.139,17.230,3,134,229
1784772168257,2026-07-23T02:02:48.257Z,-23.6046225,-46.8367020,830.186,17.060,17.140,3,134,229
1784772168307,2026-07-23T02:02:48.307Z,-23.6046181,-46.8367098,830.128,17.009,17.060,3,134,229
1784772168356,2026-07-23T02:02:48.356Z,-23.6046139,-46.8367177,830.056,17.009,17.010,3,134,229
1784772168406,2026-07-23T02:02:48.406Z,-23.6046098,-46.8367259,829.992,17.078,17.010,3,134,229
1784772168455,2026-07-23T02:02:48.455Z,-23.6046058,-46.8367340,829.976,17.018,17.080,3,134,229
1784772168505,2026-07-23T02:02:48.505Z,-23.6046022,-46.8367423,829.898,16.994,17.020,3,134,229
1784772168554,2026-07-23T02:02:48.554Z,-23.6045989,-46.8367506,829.814,16.894,16.990,3,134,229
1784772168604,2026-07-23T02:02:48.604Z,-23.6045957,-46.8367589,829.735,16.829,16.890,3,128,230
1784772168665,2026-07-23T02:02:48.665Z,-23.6045927,-46.8367672,829.657,16.732,16.830,3,128,230
1784772168727,2026-07-23T02:02:48.727Z,-23.6045897,-46.8367756,829.594,16.762,16.730,3,128,230
1784772168789,2026-07-23T02:02:48.789Z,-23.6045869,-46.8367844,829.486,16.886,16.760,3,128,230
1784772168851,2026-07-23T02:02:48.851Z,-23.6045842,-46.8367929,829.369,16.867,16.890,3,128,230
1784772168913,2026-07-23T02:02:48.913Z,-23.6045817,-46.8368014,829.291,16.818,16.870,3,128,230
1784772168975,2026-07-23T02:02:48.975Z,-23.6045795,-46.8368099,829.203,16.637,16.820,3,128,230
1784772169037,2026-07-23T02:02:49.037Z,-23.6045775,-46.8368186,829.114,16.618,16.640,3,128,230
1784772169099,2026-07-23T02:02:49.099Z,-23.6045758,-46.8368276,829.033,16.738,16.630,3,128,230
1784772169160,2026-07-23T02:02:49.160Z,-23.6045744,-46.8368362,828.920,16.609,16.750,3,128,230
1784772169222,2026-07-23T02:02:49.222Z,-23.6045732,-46.8368451,828.820,16.653,16.620,3,128,230
1784772169284,2026-07-23T02:02:49.284Z,-23.6045722,-46.8368540,828.721,16.637,16.670,3,128,230
1784772169346,2026-07-23T02:02:49.346Z,-23.6045714,-46.8368629,828.620,16.621,16.650,3,128,230
1784772169408,2026-07-23T02:02:49.408Z,-23.6045708,-46.8368719,828.524,16.685,16.640,3,128,230
1784772169470,2026-07-23T02:02:49.470Z,-23.6045704,-46.8368808,828.424,16.654,16.700,3,128,230
1784772169532,2026-07-23T02:02:49.532Z,-23.6045703,-46.8368988,828.270,16.624,16.670,3,128,230
1784772169594,2026-07-23T02:02:49.594Z,-23.6045708,-46.8369078,828.175,16.654,16.650,3,128,231
1784772169652,2026-07-23T02:02:49.652Z,-23.6045716,-46.8369165,828.057,16.570,16.680,3,128,231
1784772169710,2026-07-23T02:02:49.710Z,-23.6045727,-46.8369254,827.920,16.602,16.600,3,128,231
1784772169768,2026-07-23T02:02:49.768Z,-23.6045739,-46.8369341,827.759,16.578,16.630,3,128,231
1784772169826,2026-07-23T02:02:49.826Z,-23.6045754,-46.8369431,827.643,16.732,16.610,3,128,231
1784772169884,2026-07-23T02:02:49.884Z,-23.6045772,-46.8369520,827.522,16.885,16.770,3,128,231
1784772169942,2026-07-23T02:02:49.942Z,-23.6045792,-46.8369608,827.393,16.936,16.920,3,128,231
1784772170000,2026-07-23T02:02:50.000Z,-23.6045816,-46.8369695,827.298,16.953,16.980,3,128,231
1784772170058,2026-07-23T02:02:50.058Z,-23.6045840,-46.8369779,827.185,16.830,16.990,3,128,231
1784772170116,2026-07-23T02:02:50.116Z,-23.6045868,-46.8369865,827.118,16.891,16.870,3,128,231
1784772170174,2026-07-23T02:02:50.174Z,-23.6045898,-46.8369948,827.047,16.853,16.930,3,128,231
1784772170232,2026-07-23T02:02:50.232Z,-23.6045932,-46.8370029,826.959,16.793,16.900,3,128,231
1784772170290,2026-07-23T02:02:50.290Z,-23.6045970,-46.8370107,826.856,16.704,16.840,3,128,231
1784772170348,2026-07-23T02:02:50.348Z,-23.6046013,-46.8370188,826.779,16.994,16.750,3,128,231
1784772170406,2026-07-23T02:02:50.406Z,-23.6046059,-46.8370266,826.630,17.101,17.040,3,128,231
1784772170464,2026-07-23T02:02:50.464Z,-23.6046104,-46.8370344,826.534,17.141,17.150,3,128,231
1784772170522,2026-07-23T02:02:50.522Z,-23.6046151,-46.8370419,826.442,17.068,17.190,3,128,231
1784772170580,2026-07-23T02:02:50.580Z,-23.6046203,-46.8370495,826.357,17.284,17.120,3,128,231
1784772170639,2026-07-23T02:02:50.639Z,-23.6046256,-46.8370569,826.265,17.378,17.330,3,129,232
1784772170688,2026-07-23T02:02:50.688Z,-23.6046310,-46.8370643,826.161,17.437,17.430,3,129,232
1784772170737,2026-07-23T02:02:50.737Z,-23.6046366,-46.8370716,826.050,17.584,17.490,3,129,232
1784772170786,2026-07-23T02:02:50.786Z,-23.6046420,-46.8370791,825.927,17.632,17.630,3,129,232
1784772170835,2026-07-23T02:02:50.835Z,-23.6046475,-46.8370867,825.829,17.783,17.680,3,129,232
1784772170885,2026-07-23T02:02:50.885Z,-23.6046529,-46.8370944,825.736,17.911,17.840,3,129,232
1784772170934,2026-07-23T02:02:50.934Z,-23.6046583,-46.8371020,825.647,17.878,17.960,3,129,232
1784772170983,2026-07-23T02:02:50.983Z,-23.6046638,-46.8371094,825.535,17.882,17.930,3,129,232
1784772171032,2026-07-23T02:02:51.032Z,-23.6046692,-46.8371170,825.447,17.893,17.940,3,129,232
1784772171081,2026-07-23T02:02:51.081Z,-23.6046746,-46.8371247,825.381,17.943,17.950,3,129,232
1784772171131,2026-07-23T02:02:51.131Z,-23.6046799,-46.8371324,825.255,17.951,18.000,3,129,232
1784772171180,2026-07-23T02:02:51.180Z,-23.6046855,-46.8371402,825.091,18.150,18.010,3,129,232
1784772171229,2026-07-23T02:02:51.229Z,-23.6046907,-46.8371480,825.016,18.018,18.210,3,129,232
1784772171278,2026-07-23T02:02:51.278Z,-23.6046955,-46.8371555,824.971,17.634,18.080,3,129,232
1784772171327,2026-07-23T02:02:51.327Z,-23.6047004,-46.8371633,824.940,17.560,17.690,3,129,232
1784772171377,2026-07-23T02:02:51.377Z,-23.6047050,-46.8371713,824.862,17.579,17.610,3,129,232
1784772171426,2026-07-23T02:02:51.426Z,-23.6047090,-46.8371793,824.780,17.222,17.630,3,129,232
1784772171475,2026-07-23T02:02:51.475Z,-23.6047126,-46.8371875,824.751,17.085,17.280,3,129,232
1784772171524,2026-07-23T02:02:51.524Z,-23.6047161,-46.8371960,824.670,17.156,17.140,3,129,232
1784772171574,2026-07-23T02:02:51.574Z,-23.6047190,-46.8372045,824.634,16.929,17.210,3,129,233
1784772171629,2026-07-23T02:02:51.629Z,-23.6047219,-46.8372128,824.594,16.738,16.980,3,129,233
1784772171684,2026-07-23T02:02:51.684Z,-23.6047244,-46.8372210,824.496,16.477,16.790,3,129,233
1784772171739,2026-07-23T02:02:51.739Z,-23.6047265,-46.8372296,824.453,16.452,16.530,3,129,233
1784772171794,2026-07-23T02:02:51.794Z,-23.6047283,-46.8372380,824.413,16.227,16.500,3,129,233
1784772171849,2026-07-23T02:02:51.849Z,-23.6047299,-46.8372462,824.382,15.957,16.280,3,129,233
1784772171904,2026-07-23T02:02:51.904Z,-23.6047311,-46.8372544,824.315,15.687,16.000,3,129,233
1784772171959,2026-07-23T02:02:51.959Z,-23.6047320,-46.8372628,824.323,15.564,15.730,3,129,233
1784772172014,2026-07-23T02:02:52.014Z,-23.6047327,-46.8372711,824.309,15.456,15.610,3,129,233
1784772172069,2026-07-23T02:02:52.069Z,-23.6047331,-46.8372794,824.250,15.346,15.500,3,129,233
1784772172124,2026-07-23T02:02:52.124Z,-23.6047330,-46.8372879,824.203,15.393,15.390,3,129,233
1784772172179,2026-07-23T02:02:52.179Z,-23.6047324,-46.8372967,824.115,15.706,15.430,3,129,233
1784772172234,2026-07-23T02:02:52.234Z,-23.6047316,-46.8373053,824.140,15.604,15.750,3,129,233
1784772172289,2026-07-23T02:02:52.289Z,-23.6047305,-46.8373136,824.121,15.524,15.640,3,129,233
1784772172344,2026-07-23T02:02:52.344Z,-23.6047288,-46.8373220,824.072,15.567,15.560,3,129,233
1784772172399,2026-07-23T02:02:52.399Z,-23.6047270,-46.8373304,824.062,15.664,15.600,3,129,233
1784772172454,2026-07-23T02:02:52.454Z,-23.6047250,-46.8373386,824.038,15.657,15.690,3,129,233
1784772172509,2026-07-23T02:02:52.509Z,-23.6047226,-46.8373467,823.990,15.709,15.690,3,129,233
1784772172564,2026-07-23T02:02:52.564Z,-23.6047199,-46.8373544,823.930,15.626,15.740,3,129,234
1784772172619,2026-07-23T02:02:52.619Z,-23.6047168,-46.8373621,823.881,15.615,15.660,3,129,234
1784772172674,2026-07-23T02:02:52.674Z,-23.6047135,-46.8373698,823.847,15.688,15.640,3,129,234
1784772172729,2026-07-23T02:02:52.729Z,-23.6047099,-46.8373774,823.827,15.729,15.720,3,129,234
1784772172784,2026-07-23T02:02:52.784Z,-23.6047056,-46.8373840,823.919,15.344,15.750,3,129,234
1784772172839,2026-07-23T02:02:52.839Z,-23.6047009,-46.8373904,823.978,15.153,15.370,3,129,234
1784772172894,2026-07-23T02:02:52.894Z,-23.6046962,-46.8373972,823.999,15.328,15.170,3,129,234
1784772172949,2026-07-23T02:02:52.949Z,-23.6046916,-46.8374040,823.992,15.446,15.340,3,129,234
1784772173004,2026-07-23T02:02:53.004Z,-23.6046872,-46.8374108,824.064,15.335,15.460,3,129,234
1784772173059,2026-07-23T02:02:53.059Z,-23.6046831,-46.8374172,824.131,14.891,15.350,3,129,234
1784772173114,2026-07-23T02:02:53.114Z,-23.6046787,-46.8374237,824.115,14.927,14.900,3,129,234
1784772173169,2026-07-23T02:02:53.169Z,-23.6046739,-46.8374300,824.100,15.050,14.940,3,129,234
1784772173224,2026-07-23T02:02:53.224Z,-23.6046692,-46.8374361,824.104,14.976,15.060,3,129,234
1784772173279,2026-07-23T02:02:53.279Z,-23.6046643,-46.8374420,824.084,14.893,14.980,3,129,234
1784772173334,2026-07-23T02:02:53.334Z,-23.6046590,-46.8374476,824.055,14.892,14.900,3,129,234
1784772173389,2026-07-23T02:02:53.389Z,-23.6046534,-46.8374531,824.034,14.991,14.900,3,129,234
1784772173444,2026-07-23T02:02:53.444Z,-23.6046473,-46.8374583,824.058,15.143,15.000,3,129,234
1784772173499,2026-07-23T02:02:53.499Z,-23.6046412,-46.8374631,824.065,15.148,15.150,3,129,234
1784772173554,2026-07-23T02:02:53.554Z,-23.6046349,-46.8374675,824.110,15.060,15.150,3,135,235
1784772173612,2026-07-23T02:02:53.612Z,-23.6046281,-46.8374712,824.101,15.104,15.060,3,135,235
1784772173670,2026-07-23T02:02:53.670Z,-23.6046215,-46.8374754,824.099,15.175,15.110,3,135,235
1784772173728,2026-07-23T02:02:53.728Z,-23.6046149,-46.8374796,824.118,15.240,15.180,3,135,235
1784772173786,2026-07-23T02:02:53.786Z,-23.6046078,-46.8374828,824.147,15.196,15.240,3,135,235
1784772173844,2026-07-23T02:02:53.844Z,-23.6046007,-46.8374862,824.218,15.256,15.200,3,135,235
1784772173902,2026-07-23T02:02:53.902Z,-23.6045936,-46.8374896,824.277,15.310,15.260,3,135,235
1784772173960,2026-07-23T02:02:53.960Z,-23.6045866,-46.8374931,824.348,15.353,15.310,3,135,235
1784772174018,2026-07-23T02:02:54.018Z,-23.6045796,-46.8374968,824.422,15.374,15.350,3,135,235
1784772174076,2026-07-23T02:02:54.076Z,-23.6045724,-46.8375003,824.478,15.467,15.370,3,135,235
1784772174134,2026-07-23T02:02:54.134Z,-23.6045655,-46.8375037,824.520,15.399,15.470,3,135,235
1784772174192,2026-07-23T02:02:54.192Z,-23.6045584,-46.8375071,824.574,15.423,15.400,3,135,235
1784772174250,2026-07-23T02:02:54.250Z,-23.6045512,-46.8375103,824.623,15.449,15.420,3,135,235
1784772174308,2026-07-23T02:02:54.308Z,-23.6045441,-46.8375136,824.690,15.432,15.450,3,135,235
1784772174366,2026-07-23T02:02:54.366Z,-23.6045369,-46.8375169,824.742,15.515,15.430,3,135,235
1784772174424,2026-07-23T02:02:54.424Z,-23.6045295,-46.8375201,824.809,15.646,15.520,3,135,235
1784772174482,2026-07-23T02:02:54.482Z,-23.6045224,-46.8375229,824.887,15.488,15.650,3,135,235
1784772174540,2026-07-23T02:02:54.540Z,-23.6045150,-46.8375255,824.957,15.462,15.490,3,135,235
1784772174599,2026-07-23T02:02:54.599Z,-23.6045077,-46.8375281,825.029,15.464,15.460,3,146,236
1784772174654,2026-07-23T02:02:54.654Z,-23.6045003,-46.8375298,825.075,15.350,15.470,3,146,236
1784772174709,2026-07-23T02:02:54.709Z,-23.6044928,-46.8375316,825.166,15.300,15.350,3,146,236
1784772174764,2026-07-23T02:02:54.764Z,-23.6044852,-46.8375332,825.242,15.370,15.300,3,146,236
1784772174819,2026-07-23T02:02:54.819Z,-23.6044776,-46.8375344,825.320,15.341,15.370,3,146,236
1784772174874,2026-07-23T02:02:54.874Z,-23.6044702,-46.8375354,825.375,15.215,15.350,3,146,236
1784772174929,2026-07-23T02:02:54.929Z,-23.6044628,-46.8375358,825.486,15.016,15.220,3,146,236
1784772174984,2026-07-23T02:02:54.984Z,-23.6044554,-46.8375360,825.604,14.896,15.020,3,146,236
1784772175039,2026-07-23T02:02:55.039Z,-23.6044479,-46.8375356,825.708,14.904,14.900,3,146,236
1784772175094,2026-07-23T02:02:55.094Z,-23.6044408,-46.8375351,825.804,14.652,14.910,3,146,236
1784772175149,2026-07-23T02:02:55.149Z,-23.6044336,-46.8375344,825.864,14.574,14.660,3,146,236
1784772175204,2026-07-23T02:02:55.204Z,-23.6044263,-46.8375334,825.840,14.704,14.590,3,146,236
1784772175259,2026-07-23T02:02:55.259Z,-23.6044194,-46.8375323,825.885,14.442,14.710,3,146,236
1784772175314,2026-07-23T02:02:55.314Z,-23.6044127,-46.8375311,825.916,14.113,14.450,3,146,236
1784772175369,2026-07-23T02:02:55.369Z,-23.6044063,-46.8375296,825.925,13.783,14.120,3,146,236
1784772175424,2026-07-23T02:02:55.424Z,-23.6043998,-46.8375279,826.019,13.585,13.790,3,146,236
1784772175479,2026-07-23T02:02:55.479Z,-23.6043937,-46.8375261,826.090,13.242,13.600,3,146,236
1784772175534,2026-07-23T02:02:55.534Z,-23.6043878,-46.8375241,826.159,12.981,13.260,3,146,236
1784772175589,2026-07-23T02:02:55.589Z,-23.6043820,-46.8375216,826.222,12.742,13.000,3,146,237
1784772175641,2026-07-23T02:02:55.641Z,-23.6043765,-46.8375189,826.263,12.527,12.760,3,146,237
1784772175693,2026-07-23T02:02:55.693Z,-23.6043710,-46.8375161,826.316,12.370,12.540,3,146,237
1784772175745,2026-07-23T02:02:55.745Z,-23.6043658,-46.8375129,826.374,12.222,12.390,3,146,237
1784772175797,2026-07-23T02:02:55.797Z,-23.6043607,-46.8375093,826.459,12.142,12.240,3,146,237
1784772175849,2026-07-23T02:02:55.849Z,-23.6043557,-46.8375054,826.500,12.195,12.160,3,146,237
1784772175901,2026-07-23T02:02:55.901Z,-23.6043509,-46.8375011,826.507,12.229,12.220,3,146,237
1784772175953,2026-07-23T02:02:55.953Z,-23.6043466,-46.8374970,826.515,11.951,12.250,3,146,237
1784772176005,2026-07-23T02:02:56.005Z,-23.6043427,-46.8374924,826.586,11.788,11.970,3,146,237
1784772176057,2026-07-23T02:02:56.057Z,-23.6043392,-46.8374875,826.627,11.634,11.810,3,146,237
1784772176110,2026-07-23T02:02:56.110Z,-23.6043356,-46.8374826,826.661,11.626,11.660,3,146,237
1784772176162,2026-07-23T02:02:56.162Z,-23.6043325,-46.8374775,826.725,11.427,11.650,3,146,237
1784772176214,2026-07-23T02:02:56.214Z,-23.6043295,-46.8374725,826.781,11.243,11.450,3,146,237
1784772176266,2026-07-23T02:02:56.266Z,-23.6043267,-46.8374675,826.860,11.073,11.270,3,146,237
1784772176318,2026-07-23T02:02:56.318Z,-23.6043239,-46.8374626,826.925,10.940,11.100,3,146,237
1784772176370,2026-07-23T02:02:56.370Z,-23.6043210,-46.8374577,826.979,10.915,10.970,3,146,237
1784772176422,2026-07-23T02:02:56.422Z,-23.6043185,-46.8374526,827.044,10.822,10.940,3,146,237
1784772176474,2026-07-23T02:02:56.474Z,-23.6043163,-46.8374475,827.158,10.676,10.850,3,146,237
1784772176526,2026-07-23T02:02:56.526Z,-23.6043139,-46.8374422,827.267,10.803,10.710,3,146,237
1784772176579,2026-07-23T02:02:56.579Z,-23.6043116,-46.8374364,827.288,11.083,10.840,3,146,238
1784772176637,2026-07-23T02:02:56.637Z,-23.6043099,-46.8374305,827.297,11.105,11.110,3,146,238
1784772176695,2026-07-23T02:02:56.695Z,-23.6043086,-46.8374247,827.318,11.063,11.140,3,146,238
1784772176753,2026-07-23T02:02:56.753Z,-23.6043073,-46.8374185,827.285,11.168,11.090,3,146,238
1784772176811,2026-07-23T02:02:56.811Z,-23.6043064,-46.8374122,827.229,11.262,11.190,3,146,238
1784772176869,2026-07-23T02:02:56.869Z,-23.6043062,-46.8374054,827.105,11.453,11.280,3,146,238
1784772176927,2026-07-23T02:02:56.927Z,-23.6043062,-46.8373988,827.065,11.610,11.470,3,146,238
1784772176985,2026-07-23T02:02:56.985Z,-23.6043061,-46.8373924,827.090,11.643,11.620,3,146,238
1784772177043,2026-07-23T02:02:57.043Z,-23.6043064,-46.8373861,827.064,11.640,11.660,3,146,238
1784772177101,2026-07-23T02:02:57.101Z,-23.6043070,-46.8373796,827.029,11.702,11.650,3,146,238
1784772177159,2026-07-23T02:02:57.159Z,-23.6043081,-46.8373731,826.998,11.811,11.710,3,146,238
1784772177217,2026-07-23T02:02:57.217Z,-23.6043092,-46.8373668,826.984,11.834,11.820,3,146,238
1784772177275,2026-07-23T02:02:57.275Z,-23.6043105,-46.8373602,826.962,11.972,11.840,3,146,238
1784772177333,2026-07-23T02:02:57.333Z,-23.6043120,-46.8373540,826.979,11.986,11.980,3,146,238
1784772177391,2026-07-23T02:02:57.391Z,-23.6043134,-46.8373474,826.984,12.115,11.990,3,146,238
1784772177449,2026-07-23T02:02:57.449Z,-23.6043150,-46.8373411,827.044,12.146,12.120,3,146,238
1784772177507,2026-07-23T02:02:57.507Z,-23.6043166,-46.8373347,827.054,12.150,12.150,3,146,238
1784772177565,2026-07-23T02:02:57.565Z,-23.6043184,-46.8373282,827.087,12.326,12.160,3,146,238
1784772177624,2026-07-23T02:02:57.624Z,-23.6043205,-46.8373216,827.074,12.482,12.330,3,146,239
1784772177676,2026-07-23T02:02:57.676Z,-23.6043227,-46.8373149,827.065,12.691,12.490,3,146,239
1784772177728,2026-07-23T02:02:57.728Z,-23.6043252,-46.8373086,827.080,12.635,12.700,3,146,239
1784772177780,2026-07-23T02:02:57.780Z,-23.6043279,-46.8373021,827.060,12.807,12.640,3,146,239
1784772177832,2026-07-23T02:02:57.832Z,-23.6043305,-46.8372956,827.041,12.863,12.810,3,146,239
1784772177884,2026-07-23T02:02:57.884Z,-23.6043333,-46.8372888,827.039,13.175,12.870,3,146,239
1784772177936,2026-07-23T02:02:57.936Z,-23.6043360,-46.8372820,827.028,13.376,13.180,3,146,239
1784772177988,2026-07-23T02:02:57.988Z,-23.6043386,-46.8372754,827.049,13.333,13.380,3,146,239
1784772178040,2026-07-23T02:02:58.040Z,-23.6043409,-46.8372687,827.076,13.312,13.340,3,146,239
1784772178092,2026-07-23T02:02:58.092Z,-23.6043431,-46.8372621,827.051,13.150,13.320,3,146,239
1784772178145,2026-07-23T02:02:58.145Z,-23.6043452,-46.8372556,827.039,12.978,13.150,3,146,239
1784772178197,2026-07-23T02:02:58.197Z,-23.6043472,-46.8372492,827.029,12.810,12.980,3,146,239
1784772178249,2026-07-23T02:02:58.249Z,-23.6043492,-46.8372428,827.030,12.695,12.810,3,146,239
1784772178301,2026-07-23T02:02:58.301Z,-23.6043510,-46.8372363,827.058,12.603,12.700,3,146,239
1784772178353,2026-07-23T02:02:58.353Z,-23.6043527,-46.8372296,827.085,12.684,12.610,3,146,239
1784772178405,2026-07-23T02:02:58.405Z,-23.6043541,-46.8372228,827.113,12.691,12.690,3,146,239
1784772178457,2026-07-23T02:02:58.457Z,-23.6043553,-46.8372159,827.147,12.735,12.690,3,146,239
1784772178509,2026-07-23T02:02:58.509Z,-23.6043563,-46.8372087,827.158,12.921,12.740,3,146,239
1784772178561,2026-07-23T02:02:58.561Z,-23.6043568,-46.8372009,827.090,13.228,12.920,3,146,239
1784772178614,2026-07-23T02:02:58.614Z,-23.6043575,-46.8371936,827.111,13.237,13.230,3,146,240
1784772178672,2026-07-23T02:02:58.672Z,-23.6043577,-46.8371863,827.128,13.222,13.240,3,146,240
1784772178730,2026-07-23T02:02:58.730Z,-23.6043578,-46.8371790,827.128,13.275,13.220,3,146,240
1784772178788,2026-07-23T02:02:58.788Z,-23.6043578,-46.8371716,827.103,13.312,13.280,3,146,240
1784772178846,2026-07-23T02:02:58.846Z,-23.6043576,-46.8371644,827.191,13.333,13.310,3,146,240
1784772178905,2026-07-23T02:02:58.905Z,-23.6043574,-46.8371570,827.233,13.387,13.340,3,146,240
1784772178963,2026-07-23T02:02:58.963Z,-23.6043571,-46.8371499,827.280,13.330,13.390,3,146,240
1784772179021,2026-07-23T02:02:59.021Z,-23.6043566,-46.8371426,827.351,13.350,13.330,3,146,240
1784772179079,2026-07-23T02:02:59.079Z,-23.6043558,-46.8371352,827.408,13.474,13.350,3,146,240
1784772179138,2026-07-23T02:02:59.138Z,-23.6043549,-46.8371279,827.427,13.472,13.480,3,146,240
1784772179196,2026-07-23T02:02:59.196Z,-23.6043540,-46.8371209,827.465,13.327,13.480,3,146,240
1784772179254,2026-07-23T02:02:59.254Z,-23.6043527,-46.8371135,827.522,13.501,13.330,3,146,240
1784772179312,2026-07-23T02:02:59.312Z,-23.6043515,-46.8371062,827.553,13.568,13.500,3,146,240
1784772179371,2026-07-23T02:02:59.371Z,-23.6043502,-46.8370989,827.615,13.580,13.570,3,146,240
1784772179429,2026-07-23T02:02:59.429Z,-23.6043487,-46.8370917,827.630,13.582,13.580,3,146,240
1784772179487,2026-07-23T02:02:59.487Z,-23.6043473,-46.8370848,827.680,13.395,13.590,3,146,240
1784772179545,2026-07-23T02:02:59.545Z,-23.6043456,-46.8370779,827.671,13.337,13.400,3,146,240
1784772179604,2026-07-23T02:02:59.604Z,-23.6043438,-46.8370708,827.731,13.377,13.340,3,135,241
1784772179659,2026-07-23T02:02:59.659Z,-23.6043419,-46.8370637,827.783,13.491,13.380,3,135,241
1784772179714,2026-07-23T02:02:59.714Z,-23.6043397,-46.8370565,827.854,13.596,13.500,3,135,241
1784772179769,2026-07-23T02:02:59.769Z,-23.6043373,-46.8370494,827.918,13.704,13.600,3,135,241
1784772179824,2026-07-23T02:02:59.824Z,-23.6043349,-46.8370425,828.006,13.689,13.710,3,135,241
1784772179879,2026-07-23T02:02:59.879Z,-23.6043323,-46.8370353,828.141,13.833,13.700,3,135,241
1784772179934,2026-07-23T02:02:59.934Z,-23.6043296,-46.8370282,828.248,13.951,13.840,3,135,241
1784772179989,2026-07-23T02:02:59.989Z,-23.6043266,-46.8370212,828.374,14.072,13.960,3,135,241
1784772180044,2026-07-23T02:03:00.044Z,-23.6043237,-46.8370143,828.495,14.100,14.090,3,135,241
1784772180099,2026-07-23T02:03:00.099Z,-23.6043206,-46.8370076,828.569,14.037,14.120,3,135,241
1784772180154,2026-07-23T02:03:00.154Z,-23.6043173,-46.8370008,828.659,14.154,14.050,3,135,241
1784772180209,2026-07-23T02:03:00.209Z,-23.6043138,-46.8369942,828.800,14.134,14.170,3,135,241
1784772180264,2026-07-23T02:03:00.264Z,-23.6043104,-46.8369878,828.923,14.041,14.150,3,135,241
1784772180319,2026-07-23T02:03:00.319Z,-23.6043068,-46.8369814,829.054,14.052,14.060,3,135,241
1784772180374,2026-07-23T02:03:00.374Z,-23.6043030,-46.8369751,829.111,14.019,14.080,3,135,241
1784772180429,2026-07-23T02:03:00.429Z,-23.6042988,-46.8369687,829.233,14.142,14.040,3,135,241
1784772180484,2026-07-23T02:03:00.484Z,-23.6042949,-46.8369626,829.356,14.061,14.170,3,135,241
1784772180539,2026-07-23T02:03:00.539Z,-23.6042910,-46.8369566,829.450,13.928,14.090,3,135,241
1784772180594,2026-07-23T02:03:00.594Z,-23.6042868,-46.8369505,829.530,13.953,13.960,3,135,242
1784772180646,2026-07-23T02:03:00.646Z,-23.6042826,-46.8369446,829.667,13.940,13.990,3,135,242
1784772180698,2026-07-23T02:03:00.698Z,-23.6042782,-46.8369388,829.809,14.013,13.980,3,135,242
1784772180750,2026-07-23T02:03:00.750Z,-23.6042736,-46.8369329,829.935,14.103,14.050,3,135,242
1784772180802,2026-07-23T02:03:00.802Z,-23.6042690,-46.8369273,830.025,14.070,14.150,3,135,242
1784772180854,2026-07-23T02:03:00.854Z,-23.6042642,-46.8369220,830.152,13.980,14.110,3,135,242
1784772180906,2026-07-23T02:03:00.906Z,-23.6042592,-46.8369164,830.262,14.190,14.030,3,135,242
1784772180958,2026-07-23T02:03:00.958Z,-23.6042545,-46.8369111,830.405,14.036,14.240,3,135,242
1784772181010,2026-07-23T02:03:01.010Z,-23.6042496,-46.8369057,830.469,14.016,14.090,3,135,242
1784772181062,2026-07-23T02:03:01.062Z,-23.6042446,-46.8369001,830.562,14.177,14.070,3,135,242
1784772181115,2026-07-23T02:03:01.115Z,-23.6042396,-46.8368947,830.653,14.176,14.230,3,135,242
1784772181167,2026-07-23T02:03:01.167Z,-23.6042348,-46.8368892,830.772,14.126,14.230,3,135,242
1784772181219,2026-07-23T02:03:01.219Z,-23.6042299,-46.8368837,830.851,14.170,14.180,3,135,242
1784772181271,2026-07-23T02:03:01.271Z,-23.6042250,-46.8368782,830.948,14.119,14.230,3,135,242
1784772181323,2026-07-23T02:03:01.323Z,-23.6042203,-46.8368726,831.021,14.118,14.180,3,135,242
1784772181375,2026-07-23T02:03:01.375Z,-23.6042156,-46.8368669,831.111,14.087,14.180,3,135,242
1784772181427,2026-07-23T02:03:01.427Z,-23.6042110,-46.8368612,831.197,14.078,14.150,3,135,242
1784772181479,2026-07-23T02:03:01.479Z,-23.6042066,-46.8368553,831.281,14.114,14.140,3,135,242
1784772181531,2026-07-23T02:03:01.531Z,-23.6042024,-46.8368493,831.387,14.040,14.170,3,135,242
1784772181584,2026-07-23T02:03:01.584Z,-23.6041982,-46.8368432,831.483,14.075,14.100,3,135,243
1784772181642,2026-07-23T02:03:01.642Z,-23.6041942,-46.8368369,831.544,14.062,14.140,3,135,243
1784772181700,2026-07-23T02:03:01.700Z,-23.6041905,-46.8368306,831.666,14.025,14.120,3,135,243
1784772181758,2026-07-23T02:03:01.758Z,-23.6041868,-46.8368242,831.809,14.039,14.090,3,135,243
1784772181816,2026-07-23T02:03:01.816Z,-23.6041832,-46.8368175,831.874,14.075,14.110,3,135,243
1784772181874,2026-07-23T02:03:01.874Z,-23.6041798,-46.8368110,831.912,14.007,14.140,3,135,243
1784772181932,2026-07-23T02:03:01.932Z,-23.6041765,-46.8368043,832.015,13.991,14.070,3,135,243
1784772181990,2026-07-23T02:03:01.990Z,-23.6041734,-46.8367975,832.109,14.029,14.060,3,135,243
1784772182048,2026-07-23T02:03:02.048Z,-23.6041703,-46.8367906,832.151,14.093,14.100,3,135,243
1784772182106,2026-07-23T02:03:02.106Z,-23.6041676,-46.8367836,832.227,14.040,14.160,3,135,243
1784772182164,2026-07-23T02:03:02.164Z,-23.6041651,-46.8367766,832.305,13.913,14.100,3,135,243
1784772182222,2026-07-23T02:03:02.222Z,-23.6041629,-46.8367696,832.356,13.795,13.980,3,135,243
1784772182280,2026-07-23T02:03:02.280Z,-23.6041613,-46.8367623,832.411,13.733,13.860,3,135,243
1784772182338,2026-07-23T02:03:02.338Z,-23.6041601,-46.8367545,832.396,13.902,13.800,3,135,243
1784772182396,2026-07-23T02:03:02.396Z,-23.6041593,-46.8367466,832.420,14.032,13.960,3,135,243
1784772182454,2026-07-23T02:03:02.454Z,-23.6041586,-46.8367391,832.477,13.973,14.090,3,135,243
1784772182512,2026-07-23T02:03:02.512Z,-23.6041581,-46.8367314,832.541,13.981,14.030,3,135,243
1784772182570,2026-07-23T02:03:02.570Z,-23.6041578,-46.8367240,832.543,13.897,14.040,3,135,243
1784772182629,2026-07-23T02:03:02.629Z,-23.6041580,-46.8367165,832.534,13.851,13.950,3,146,244
1784772182680,2026-07-23T02:03:02.680Z,-23.6041583,-46.8367089,832.540,13.936,13.900,3,146,244
1784772182732,2026-07-23T02:03:02.732Z,-23.6041588,-46.8367012,832.565,14.010,13.980,3,146,244
1784772182784,2026-07-23T02:03:02.784Z,-23.6041596,-46.8366938,832.628,13.972,14.050,3,146,244
1784772182836,2026-07-23T02:03:02.836Z,-23.6041607,-46.8366864,832.641,13.973,14.020,3,146,244
1784772182888,2026-07-23T02:03:02.888Z,-23.6041623,-46.8366789,832.650,14.057,14.010,3,146,244
1784772182940,2026-07-23T02:03:02.940Z,-23.6041642,-46.8366716,832.689,14.056,14.100,3,146,244
1784772182992,2026-07-23T02:03:02.992Z,-23.6041664,-46.8366643,832.723,14.082,14.090,3,146,244
1784772183044,2026-07-23T02:03:03.044Z,-23.6041689,-46.8366573,832.764,14.019,14.120,3,146,244
1784772183096,2026-07-23T02:03:03.096Z,-23.6041714,-46.8366503,832.775,14.022,14.060,3,146,244
1784772183148,2026-07-23T02:03:03.148Z,-23.6041743,-46.8366435,832.800,13.947,14.060,3,146,244
1784772183200,2026-07-23T02:03:03.200Z,-23.6041774,-46.8366368,832.812,13.971,13.980,3,146,244
1784772183252,2026-07-23T02:03:03.252Z,-23.6041809,-46.8366299,832.826,14.177,14.000,3,146,244
1784772183304,2026-07-23T02:03:03.304Z,-23.6041846,-46.8366233,832.830,14.223,14.210,3,146,244
1784772183356,2026-07-23T02:03:03.356Z,-23.6041882,-46.8366168,832.830,14.206,14.250,3,146,244
1784772183408,2026-07-23T02:03:03.408Z,-23.6041921,-46.8366105,832.842,14.122,14.230,3,146,244
1784772183460,2026-07-23T02:03:03.460Z,-23.6041964,-46.8366041,832.846,14.331,14.150,3,146,244
1784772183512,2026-07-23T02:03:03.512Z,-23.6042011,-46.8365981,832.858,14.440,14.350,3,146,244
1784772183564,2026-07-23T02:03:03.564Z,-23.6042056,-46.8365922,832.892,14.296,14.460,3,135,245
1784772183619,2026-07-23T02:03:03.619Z,-23.6042102,-46.8365863,832.893,14.292,14.320,3,135,245
1784772183674,2026-07-23T02:03:03.674Z,-23.6042150,-46.8365805,832.872,14.380,14.310,3,135,245
1784772183729,2026-07-23T02:03:03.729Z,-23.6042200,-46.8365750,832.902,14.383,14.400,3,135,245
1784772183784,2026-07-23T02:03:03.784Z,-23.6042252,-46.8365694,832.901,14.515,14.400,3,135,245
1784772183839,2026-07-23T02:03:03.839Z,-23.6042306,-46.8365638,832.908,14.652,14.530,3,135,245
1784772183894,2026-07-23T02:03:03.894Z,-23.6042361,-46.8365586,832.920,14.665,14.670,3,135,245
1784772183949,2026-07-23T02:03:03.949Z,-23.6042419,-46.8365536,832.914,14.793,14.680,3,135,245
1784772184004,2026-07-23T02:03:04.004Z,-23.6042479,-46.8365490,832.933,14.802,14.810,3,135,245
1784772184059,2026-07-23T02:03:04.059Z,-23.6042540,-46.8365447,832.983,14.693,14.810,3,135,245
1784772184114,2026-07-23T02:03:04.114Z,-23.6042601,-46.8365407,833.013,14.589,14.710,3,135,245
1784772184169,2026-07-23T02:03:04.169Z,-23.6042664,-46.8365367,833.028,14.654,14.600,3,135,245
1784772184224,2026-07-23T02:03:04.224Z,-23.6042730,-46.8365329,833.022,14.748,14.670,3,135,245
1784772184279,2026-07-23T02:03:04.279Z,-23.6042797,-46.8365295,833.057,14.769,14.760,3,135,245
1784772184334,2026-07-23T02:03:04.334Z,-23.6042864,-46.8365264,833.074,14.784,14.780,3,135,245
1784772184389,2026-07-23T02:03:04.389Z,-23.6042935,-46.8365237,833.069,14.894,14.790,3,135,245
1784772184444,2026-07-23T02:03:04.444Z,-23.6043005,-46.8365210,833.069,14.951,14.900,3,135,245
1784772184499,2026-07-23T02:03:04.499Z,-23.6043076,-46.8365183,833.079,15.023,14.960,3,135,245
1784772184554,2026-07-23T02:03:04.554Z,-23.6043147,-46.8365155,833.092,15.121,15.030,3,142,246
1784772184615,2026-07-23T02:03:04.615Z,-23.6043219,-46.8365127,833.112,15.181,15.130,3,142,246
1784772184676,2026-07-23T02:03:04.676Z,-23.6043293,-46.8365099,833.069,15.449,15.190,3,142,246
1784772184737,2026-07-23T02:03:04.737Z,-23.6043368,-46.8365072,833.036,15.670,15.460,3,142,246
1784772184798,2026-07-23T02:03:04.798Z,-23.6043442,-46.8365046,833.050,15.659,15.670,3,142,246
1784772184859,2026-07-23T02:03:04.859Z,-23.6043517,-46.8365019,833.079,15.796,15.660,3,142,246
1784772184920,2026-07-23T02:03:04.920Z,-23.6043591,-46.8364991,833.093,15.823,15.800,3,142,246
1784772184981,2026-07-23T02:03:04.981Z,-23.6043663,-46.8364963,833.095,15.669,15.830,3,142,246
1784772185042,2026-07-23T02:03:05.042Z,-23.6043734,-46.8364937,833.087,15.535,15.670,3,142,246
1784772185104,2026-07-23T02:03:05.104Z,-23.6043806,-46.8364913,833.098,15.432,15.540,3,142,246
1784772185165,2026-07-23T02:03:05.165Z,-23.6043880,-46.8364892,833.100,15.439,15.440,3,142,246
1784772185226,2026-07-23T02:03:05.226Z,-23.6043955,-46.8364866,833.109,15.567,15.440,3,142,246
1784772185287,2026-07-23T02:03:05.287Z,-23.6044029,-46.8364841,833.115,15.648,15.570,3,142,246
1784772185348,2026-07-23T02:03:05.348Z,-23.6044103,-46.8364814,833.103,15.683,15.650,3,142,246
1784772185409,2026-07-23T02:03:05.409Z,-23.6044179,-46.8364788,833.093,15.789,15.690,3,142,246
1784772185470,2026-07-23T02:03:05.470Z,-23.6044254,-46.8364761,833.084,15.838,15.790,3,142,246
1784772185531,2026-07-23T02:03:05.531Z,-23.6044329,-46.8364734,833.071,15.922,15.840,3,142,246
1784772185592,2026-07-23T02:03:05.592Z,-23.6044406,-46.8364709,833.075,16.013,15.920,3,142,246
1784772185654,2026-07-23T02:03:05.654Z,-23.6044483,-46.8364681,833.038,16.129,16.020,3,135,247
1784772185703,2026-07-23T02:03:05.703Z,-23.6044561,-46.8364653,833.038,16.287,16.130,3,135,247
1784772185752,2026-07-23T02:03:05.752Z,-23.6044638,-46.8364627,833.027,16.336,16.290,3,135,247
1784772185801,2026-07-23T02:03:05.801Z,-23.6044715,-46.8364599,833.012,16.315,16.340,3,135,247
1784772185850,2026-07-23T02:03:05.850Z,-23.6044793,-46.8364574,833.032,16.345,16.320,3,135,247
1784772185900,2026-07-23T02:03:05.900Z,-23.6044869,-46.8364546,833.040,16.270,16.350,3,135,247
1784772185949,2026-07-23T02:03:05.949Z,-23.6044943,-46.8364516,833.021,16.238,16.270,3,135,247
1784772185998,2026-07-23T02:03:05.998Z,-23.6045021,-46.8364489,833.005,16.321,16.240,3,135,247
1784772186047,2026-07-23T02:03:06.047Z,-23.6045101,-46.8364464,832.977,16.485,16.320,3,135,247
1784772186096,2026-07-23T02:03:06.096Z,-23.6045180,-46.8364437,832.994,16.566,16.490,3,135,247
1784772186146,2026-07-23T02:03:06.146Z,-23.6045260,-46.8364409,832.981,16.727,16.570,3,135,247
1784772186195,2026-07-23T02:03:06.195Z,-23.6045338,-46.8364381,832.926,16.685,16.730,3,135,247
1784772186244,2026-07-23T02:03:06.244Z,-23.6045417,-46.8364352,832.908,16.743,16.690,3,135,247
1784772186293,2026-07-23T02:03:06.293Z,-23.6045497,-46.8364324,832.893,16.822,16.740,3,135,247
1784772186342,2026-07-23T02:03:06.342Z,-23.6045578,-46.8364296,832.901,16.963,16.820,3,135,247
1784772186392,2026-07-23T02:03:06.392Z,-23.6045658,-46.8364266,832.887,17.027,16.960,3,135,247
1784772186441,2026-07-23T02:03:06.441Z,-23.6045738,-46.8364238,832.868,17.037,17.030,3,135,247
1784772186490,2026-07-23T02:03:06.490Z,-23.6045818,-46.8364210,832.832,17.053,17.040,3,135,247
1784772186539,2026-07-23T02:03:06.539Z,-23.6045898,-46.8364182,832.819,17.057,17.050,3,135,247
1784772186589,2026-07-23T02:03:06.589Z,-23.6045980,-46.8364153,832.796,17.169,17.060,3,135,248
1784772186647,2026-07-23T02:03:06.647Z,-23.6046063,-46.8364124,832.750,17.316,17.170,3,135,248
1784772186705,2026-07-23T02:03:06.705Z,-23.6046145,-46.8364095,832.706,17.386,17.320,3,135,248
1784772186763,2026-07-23T02:03:06.763Z,-23.6046228,-46.8364067,832.706,17.415,17.390,3,135,248
1784772186821,2026-07-23T02:03:06.821Z,-23.6046309,-46.8364039,832.684,17.380,17.420,3,135,248
1784772186879,2026-07-23T02:03:06.879Z,-23.6046393,-46.8364011,832.633,17.472,17.380,3,135,248
1784772186937,2026-07-23T02:03:06.937Z,-23.6046476,-46.8363981,832.580,17.562,17.470,3,135,248
1784772186995,2026-07-23T02:03:06.995Z,-23.6046558,-46.8363952,832.550,17.592,17.560,3,135,248
1784772187053,2026-07-23T02:03:07.053Z,-23.6046642,-46.8363923,832.503,17.640,17.590,3,135,248
1784772187111,2026-07-23T02:03:07.111Z,-23.6046726,-46.8363893,832.467,17.771,17.640,3,135,248
1784772187169,2026-07-23T02:03:07.169Z,-23.6046809,-46.8363862,832.416,17.800,17.770,3,135,248
1784772187227,2026-07-23T02:03:07.227Z,-23.6046894,-46.8363832,832.389,17.899,17.800,3,135,248
1784772187285,2026-07-23T02:03:07.285Z,-23.6046979,-46.8363802,832.337,17.977,17.900,3,135,248
1784772187343,2026-07-23T02:03:07.343Z,-23.6047065,-46.8363772,832.304,18.048,17.980,3,135,248
1784772187401,2026-07-23T02:03:07.401Z,-23.6047150,-46.8363742,832.266,18.099,18.050,3,135,248
1784772187459,2026-07-23T02:03:07.459Z,-23.6047235,-46.8363711,832.205,18.137,18.100,3,135,248
1784772187517,2026-07-23T02:03:07.517Z,-23.6047321,-46.8363682,832.195,18.132,18.140,3,135,248
1784772187575,2026-07-23T02:03:07.575Z,-23.6047408,-46.8363655,832.182,18.180,18.130,3,135,248
1784772187634,2026-07-23T02:03:07.634Z,-23.6047494,-46.8363626,832.170,18.217,18.180,3,135,249
1784772187689,2026-07-23T02:03:07.689Z,-23.6047581,-46.8363598,832.209,18.178,18.220,3,135,249
1784772187744,2026-07-23T02:03:07.744Z,-23.6047668,-46.8363569,832.212,18.252,18.180,3,135,249
1784772187799,2026-07-23T02:03:07.799Z,-23.6047755,-46.8363540,832.209,18.288,18.250,3,135,249
1784772187854,2026-07-23T02:03:07.854Z,-23.6047842,-46.8363510,832.193,18.357,18.290,3,135,249
1784772187909,2026-07-23T02:03:07.909Z,-23.6047929,-46.8363481,832.163,18.430,18.360,3,135,249
1784772187964,2026-07-23T02:03:07.964Z,-23.6048019,-46.8363452,832.139,18.584,18.430,3,135,249
1784772188019,2026-07-23T02:03:08.019Z,-23.6048107,-46.8363421,832.118,18.610,18.590,3,135,249
1784772188074,2026-07-23T02:03:08.074Z,-23.6048195,-46.8363391,832.121,18.629,18.610,3,135,249
1784772188129,2026-07-23T02:03:08.129Z,-23.6048284,-46.8363361,832.084,18.743,18.630,3,135,249
1784772188184,2026-07-23T02:03:08.184Z,-23.6048373,-46.8363327,832.027,18.847,18.750,3,135,249
1784772188239,2026-07-23T02:03:08.239Z,-23.6048463,-46.8363296,831.969,18.909,18.850,3,135,249
1784772188294,2026-07-23T02:03:08.294Z,-23.6048552,-46.8363265,831.939,18.909,18.910,3,135,249
1784772188349,2026-07-23T02:03:08.349Z,-23.6048641,-46.8363233,831.902,18.977,18.910,3,135,249
1784772188404,2026-07-23T02:03:08.404Z,-23.6048732,-46.8363203,831.895,19.020,18.980,3,135,249
1784772188459,2026-07-23T02:03:08.459Z,-23.6048822,-46.8363171,831.862,19.067,19.020,3,135,249
1784772188514,2026-07-23T02:03:08.514Z,-23.6048913,-46.8363141,831.848,19.087,19.070,3,135,249
1784772188569,2026-07-23T02:03:08.569Z,-23.6049004,-46.8363110,831.804,19.193,19.090,3,135,249
1784772188624,2026-07-23T02:03:08.624Z,-23.6049097,-46.8363080,831.817,19.299,19.200,3,146,250
1784772188679,2026-07-23T02:03:08.679Z,-23.6049189,-46.8363045,831.736,19.423,19.300,3,146,250
1784772188734,2026-07-23T02:03:08.734Z,-23.6049281,-46.8363012,831.645,19.541,19.430,3,146,250
1784772188789,2026-07-23T02:03:08.789Z,-23.6049373,-46.8362978,831.582,19.565,19.550,3,146,250
1784772188844,2026-07-23T02:03:08.844Z,-23.6049465,-46.8362945,831.525,19.554,19.570,3,146,250
1784772188899,2026-07-23T02:03:08.899Z,-23.6049558,-46.8362914,831.469,19.621,19.560,3,146,250
1784772188954,2026-07-23T02:03:08.954Z,-23.6049650,-46.8362880,831.435,19.642,19.630,3,146,250
1784772189009,2026-07-23T02:03:09.009Z,-23.6049742,-46.8362845,831.352,19.692,19.650,3,146,250
1784772189064,2026-07-23T02:03:09.064Z,-23.6049836,-46.8362813,831.312,19.726,19.700,3,146,250
1784772189119,2026-07-23T02:03:09.119Z,-23.6049929,-46.8362781,831.278,19.726,19.730,3,146,250
1784772189174,2026-07-23T02:03:09.174Z,-23.6050021,-46.8362747,831.183,19.764,19.730,3,146,250
1784772189229,2026-07-23T02:03:09.229Z,-23.6050114,-46.8362712,831.143,19.760,19.770,3,146,250
1784772189284,2026-07-23T02:03:09.284Z,-23.6050209,-46.8362681,831.138,19.891,19.770,3,146,250
1784772189339,2026-07-23T02:03:09.339Z,-23.6050304,-46.8362644,831.037,20.036,19.900,3,146,250
1784772189394,2026-07-23T02:03:09.394Z,-23.6050398,-46.8362606,830.928,20.170,20.040,3,146,250
1784772189449,2026-07-23T02:03:09.449Z,-23.6050493,-46.8362572,830.891,20.167,20.180,3,146,250
1784772189504,2026-07-23T02:03:09.504Z,-23.6050586,-46.8362539,830.862,20.053,20.180,3,146,250
1784772189559,2026-07-23T02:03:09.559Z,-23.6050680,-46.8362506,830.834,20.013,20.060,3,146,250
1784772189614,2026-07-23T02:03:09.614Z,-23.6050776,-46.8362473,830.812,20.089,20.020,3,146,251
1784772189669,2026-07-23T02:03:09.669Z,-23.6050870,-46.8362440,830.791,20.078,20.100,3,146,251
1784772189724,2026-07-23T02:03:09.724Z,-23.6050967,-46.8362406,830.756,20.218,20.090,3,146,251
1784772189779,2026-07-23T02:03:09.779Z,-23.6051063,-46.8362372,830.737,20.295,20.230,3,146,251
1784772189834,2026-07-23T02:03:09.834Z,-23.6051159,-46.8362339,830.678,20.309,20.300,3,146,251
1784772189889,2026-07-23T02:03:09.889Z,-23.6051255,-46.8362305,830.654,20.330,20.320,3,146,251
1784772189944,2026-07-23T02:03:09.944Z,-23.6051352,-46.8362272,830.638,20.337,20.340,3,146,251
1784772189999,2026-07-23T02:03:09.999Z,-23.6051449,-46.8362238,830.623,20.402,20.350,3,146,251
1784772190054,2026-07-23T02:03:10.054Z,-23.6051545,-46.8362205,830.628,20.392,20.410,3,146,251
1784772190109,2026-07-23T02:03:10.109Z,-23.6051641,-46.8362170,830.600,20.385,20.400,3,146,251
1784772190164,2026-07-23T02:03:10.164Z,-23.6051737,-46.8362135,830.565,20.408,20.390,3,146,251
1784772190219,2026-07-23T02:03:10.219Z,-23.6051835,-46.8362101,830.541,20.499,20.420,3,146,251
1784772190274,2026-07-23T02:03:10.274Z,-23.6051933,-46.8362066,830.481,20.625,20.510,3,146,251
1784772190329,2026-07-23T02:03:10.329Z,-23.6052030,-46.8362032,830.470,20.609,20.630,3,146,251
1784772190384,2026-07-23T02:03:10.384Z,-23.6052128,-46.8361996,830.459,20.633,20.620,3,146,251
1784772190439,2026-07-23T02:03:10.439Z,-23.6052225,-46.8361960,830.438,20.649,20.640,3,146,251
1784772190494,2026-07-23T02:03:10.494Z,-23.6052322,-46.8361925,830.424,20.658,20.660,3,146,251
1784772190549,2026-07-23T02:03:10.549Z,-23.6052420,-46.8361891,830.403,20.669,20.670,3,146,251
1784772190604,2026-07-23T02:03:10.604Z,-23.6052518,-46.8361855,830.387,20.700,20.680,3,146,252
1784772190659,2026-07-23T02:03:10.659Z,-23.6052615,-46.8361818,830.310,20.753,20.710,3,146,252
1784772190714,2026-07-23T02:03:10.714Z,-23.6052712,-46.8361782,830.276,20.699,20.760,3,146,252
1784772190769,2026-07-23T02:03:10.769Z,-23.6052809,-46.8361746,830.252,20.724,20.710,3,146,252
1784772190824,2026-07-23T02:03:10.824Z,-23.6052907,-46.8361709,830.207,20.802,20.730,3,146,252
1784772190879,2026-07-23T02:03:10.879Z,-23.6053005,-46.8361672,830.166,20.813,20.810,3,146,252
1784772190934,2026-07-23T02:03:10.934Z,-23.6053102,-46.8361637,830.146,20.746,20.820,3,146,252
1784772190989,2026-07-23T02:03:10.989Z,-23.6053201,-46.8361602,830.122,20.821,20.750,3,146,252
1784772191044,2026-07-23T02:03:11.044Z,-23.6053299,-46.8361564,830.084,20.869,20.830,3,146,252
1784772191099,2026-07-23T02:03:11.099Z,-23.6053397,-46.8361527,830.057,20.887,20.880,3,146,252
1784772191154,2026-07-23T02:03:11.154Z,-23.6053495,-46.8361490,830.019,20.906,20.890,3,146,252
1784772191209,2026-07-23T02:03:11.209Z,-23.6053593,-46.8361454,830.007,20.866,20.910,3,146,252
1784772191264,2026-07-23T02:03:11.264Z,-23.6053691,-46.8361418,829.996,20.900,20.870,3,146,252
1784772191319,2026-07-23T02:03:11.319Z,-23.6053789,-46.8361383,830.000,20.855,20.910,3,146,252
1784772191374,2026-07-23T02:03:11.374Z,-23.6053887,-46.8361346,829.983,20.870,20.860,3,146,252
1784772191429,2026-07-23T02:03:11.429Z,-23.6053984,-46.8361309,829.966,20.802,20.880,3,146,252
1784772191484,2026-07-23T02:03:11.484Z,-23.6054079,-46.8361274,829.948,20.633,20.810,3,146,252
1784772191539,2026-07-23T02:03:11.539Z,-23.6054177,-46.8361239,829.971,20.643,20.640,3,146,252
1784772191594,2026-07-23T02:03:11.594Z,-23.6054274,-46.8361208,829.990,20.571,20.650,3,146,252
1784772191649,2026-07-23T02:03:11.649Z,-23.6054372,-46.8361177,830.001,20.524,20.580,3,146,253
1784772191701,2026-07-23T02:03:11.701Z,-23.6054466,-46.8361142,829.976,20.402,20.530,3,146,253
1784772191753,2026-07-23T02:03:11.753Z,-23.6054558,-46.8361107,829.962,20.189,20.410,3,146,253
1784772191805,2026-07-23T02:03:11.805Z,-23.6054651,-46.8361075,829.942,20.008,20.190,3,146,253
1784772191857,2026-07-23T02:03:11.857Z,-23.6054743,-46.8361042,829.942,19.879,20.010,3,146,253
1784772191909,2026-07-23T02:03:11.909Z,-23.6054833,-46.8361011,829.920,19.611,19.880,3,146,253
1784772191961,2026-07-23T02:03:11.961Z,-23.6054924,-46.8360977,829.929,19.520,19.620,3,146,253
1784772192013,2026-07-23T02:03:12.013Z,-23.6055016,-46.8360945,829.952,19.469,19.530,3,146,253
1784772192065,2026-07-23T02:03:12.065Z,-23.6055106,-46.8360916,829.964,19.334,19.470,3,146,253
1784772192117,2026-07-23T02:03:12.117Z,-23.6055196,-46.8360887,829.983,19.177,19.340,3,146,253
1784772192170,2026-07-23T02:03:12.170Z,-23.6055284,-46.8360860,830.006,18.990,19.180,3,146,253
1784772192222,2026-07-23T02:03:12.222Z,-23.6055370,-46.8360829,829.989,18.812,18.990,3,146,253
1784772192274,2026-07-23T02:03:12.274Z,-23.6055454,-46.8360800,829.968,18.536,18.820,3,146,253
1784772192326,2026-07-23T02:03:12.326Z,-23.6055541,-46.8360774,829.949,18.413,18.540,3,146,253
1784772192378,2026-07-23T02:03:12.378Z,-23.6055623,-46.8360755,829.941,18.109,18.420,3,146,253
1784772192430,2026-07-23T02:03:12.430Z,-23.6055703,-46.8360729,829.898,17.818,18.110,3,146,253
1784772192482,2026-07-23T02:03:12.482Z,-23.6055785,-46.8360707,829.813,17.660,17.820,3,146,253
1784772192534,2026-07-23T02:03:12.534Z,-23.6055866,-46.8360689,829.755,17.394,17.670,3,146,253
1784772192586,2026-07-23T02:03:12.586Z,-23.6055944,-46.8360672,829.733,17.121,17.400,3,146,253
1784772192639,2026-07-23T02:03:12.639Z,-23.6056020,-46.8360656,829.726,16.721,17.130,3,146,254
1784772192700,2026-07-23T02:03:12.700Z,-23.6056098,-46.8360643,829.743,16.519,16.730,3,146,254
1784772192762,2026-07-23T02:03:12.762Z,-23.6056174,-46.8360632,829.737,16.277,16.520,3,146,254
1784772192824,2026-07-23T02:03:12.824Z,-23.6056251,-46.8360626,829.772,16.031,16.280,3,146,254
1784772192886,2026-07-23T02:03:12.886Z,-23.6056326,-46.8360623,829.790,15.738,16.040,3,146,254
1784772192948,2026-07-23T02:03:12.948Z,-23.6056398,-46.8360621,829.748,15.395,15.740,3,146,254
1784772193010,2026-07-23T02:03:13.010Z,-23.6056471,-46.8360619,829.732,15.203,15.400,3,146,254
1784772193072,2026-07-23T02:03:13.072Z,-23.6056545,-46.8360624,829.753,15.103,15.210,3,146,254
1784772193134,2026-07-23T02:03:13.134Z,-23.6056621,-46.8360635,829.800,15.069,15.110,3,146,254
1784772193195,2026-07-23T02:03:13.195Z,-23.6056696,-46.8360651,829.816,15.097,15.070,3,146,254
1784772193257,2026-07-23T02:03:13.257Z,-23.6056773,-46.8360666,829.788,15.240,15.100,3,146,254
1784772193319,2026-07-23T02:03:13.319Z,-23.6056851,-46.8360683,829.756,15.529,15.240,3,146,254
1784772193381,2026-07-23T02:03:13.381Z,-23.6056928,-46.8360701,829.757,15.591,15.530,3,146,254
1784772193443,2026-07-23T02:03:13.443Z,-23.6057004,-46.8360725,829.807,15.553,15.600,3,146,254
1784772193505,2026-07-23T02:03:13.505Z,-23.6057077,-46.8360748,829.781,15.457,15.560,3,146,254
1784772193567,2026-07-23T02:03:13.567Z,-23.6057150,-46.8360775,829.788,15.424,15.460,3,146,254
1784772193629,2026-07-23T02:03:13.629Z,-23.6057222,-46.8360806,829.747,15.403,15.430,3,146,255
1784772193678,2026-07-23T02:03:13.678Z,-23.6057292,-46.8360840,829.674,15.437,15.410,3,146,255
1784772193728,2026-07-23T02:03:13.728Z,-23.6057359,-46.8360871,829.530,15.396,15.440,3,146,255
1784772193777,2026-07-23T02:03:13.777Z,-23.6057425,-46.8360904,829.341,15.363,15.400,3,146,255
1784772193827,2026-07-23T02:03:13.827Z,-23.6057487,-46.8360938,829.158,15.191,15.370,3,146,255
1784772193876,2026-07-23T02:03:13.876Z,-23.6057547,-46.8360973,829.038,14.867,15.200,3,146,255
1784772193926,2026-07-23T02:03:13.926Z,-23.6057608,-46.8361016,828.877,14.970,14.880,3,146,255
1784772193975,2026-07-23T02:03:13.975Z,-23.6057667,-46.8361061,828.830,14.871,14.980,3,146,255
1784772194025,2026-07-23T02:03:14.025Z,-23.6057726,-46.8361106,828.752,14.805,14.890,3,146,255
1784772194074,2026-07-23T02:03:14.074Z,-23.6057784,-46.8361155,828.656,14.874,14.820,3,146,255
1784772194124,2026-07-23T02:03:14.124Z,-23.6057843,-46.8361204,828.562,14.959,14.890,3,146,255
1784772194173,2026-07-23T02:03:14.173Z,-23.6057901,-46.8361256,828.464,15.065,14.980,3,146,255
1784772194223,2026-07-23T02:03:14.223Z,-23.6057960,-46.8361307,828.465,15.061,15.080,3,146,255
1784772194272,2026-07-23T02:03:14.272Z,-23.6058021,-46.8361361,828.475,15.197,15.080,3,146,255
1784772194322,2026-07-23T02:03:14.322Z,-23.6058082,-46.8361415,828.419,15.408,15.210,3,146,255
1784772194371,2026-07-23T02:03:14.371Z,-23.6058139,-46.8361472,828.345,15.485,15.430,3,146,255
1784772194421,2026-07-23T02:03:14.421Z,-23.6058188,-46.8361529,828.201,15.371,15.500,3,146,255
1784772194470,2026-07-23T02:03:14.470Z,-23.6058232,-46.8361593,828.107,15.250,15.390,3,146,255
1784772194520,2026-07-23T02:03:14.520Z,-23.6058266,-46.8361659,828.014,14.994,15.270,3,146,255
1784772194569,2026-07-23T02:03:14.569Z,-23.6058300,-46.8361727,827.961,14.790,15.020,3,146,255
1784772194619,2026-07-23T02:03:14.619Z,-23.6058333,-46.8361800,827.831,14.858,14.810,3,146,256
1784772194674,2026-07-23T02:03:14.674Z,-23.6058363,-46.8361878,827.728,15.026,14.880,3,146,256
1784772194729,2026-07-23T02:03:14.729Z,-23.6058396,-46.8361952,827.677,15.042,15.050,3,146,256
1784772194784,2026-07-23T02:03:14.784Z,-23.6058427,-46.8362031,827.633,15.243,15.070,3,146,256
1784772194839,2026-07-23T02:03:14.839Z,-23.6058457,-46.8362106,827.512,15.311,15.270,3,146,256
1784772194894,2026-07-23T02:03:14.894Z,-23.6058480,-46.8362187,827.494,15.306,15.340,3,146,256
1784772194949,2026-07-23T02:03:14.949Z,-23.6058501,-46.8362269,827.480,15.324,15.330,3,146,256
1784772195004,2026-07-23T02:03:15.004Z,-23.6058524,-46.8362348,827.399,15.368,15.350,3,146,256
1784772195059,2026-07-23T02:03:15.059Z,-23.6058542,-46.8362431,827.302,15.487,15.390,3,146,256
1784772195114,2026-07-23T02:03:15.114Z,-23.6058556,-46.8362519,827.240,15.770,15.510,3,146,256
1784772195169,2026-07-23T02:03:15.169Z,-23.6058567,-46.8362606,827.294,15.748,15.800,3,146,256
1784772195224,2026-07-23T02:03:15.224Z,-23.6058572,-46.8362691,827.272,15.628,15.770,3,146,256
1784772195279,2026-07-23T02:03:15.279Z,-23.6058571,-46.8362771,827.145,15.473,15.650,3,146,256
1784772195334,2026-07-23T02:03:15.334Z,-23.6058560,-46.8362859,827.059,15.597,15.500,3,146,256
1784772195389,2026-07-23T02:03:15.389Z,-23.6058552,-46.8362945,826.949,15.718,15.620,3,146,256
1784772195444,2026-07-23T02:03:15.444Z,-23.6058542,-46.8363032,826.762,15.984,15.740,3,146,256
1784772195499,2026-07-23T02:03:15.499Z,-23.6058533,-46.8363117,826.476,16.228,16.010,3,146,256
1784772195554,2026-07-23T02:03:15.554Z,-23.6058526,-46.8363204,826.314,16.386,16.260,3,146,256
1784772195609,2026-07-23T02:03:15.609Z,-23.6058521,-46.8363291,826.245,16.369,16.420,3,146,257
1784772195667,2026-07-23T02:03:15.667Z,-23.6058515,-46.8363380,826.147,16.444,16.400,3,146,257
1784772195725,2026-07-23T02:03:15.725Z,-23.6058511,-46.8363467,826.053,16.455,16.480,3,146,257
1784772195783,2026-07-23T02:03:15.783Z,-23.6058505,-46.8363555,825.940,16.516,16.490,3,146,257
1784772195841,2026-07-23T02:03:15.841Z,-23.6058501,-46.8363643,825.854,16.519,16.550,3,146,257
1784772195900,2026-07-23T02:03:15.900Z,-23.6058496,-46.8363733,825.809,16.581,16.560,3,146,257
1784772195958,2026-07-23T02:03:15.958Z,-23.6058491,-46.8363823,825.791,16.592,16.620,3,146,257
1784772196016,2026-07-23T02:03:16.016Z,-23.6058487,-46.8363912,825.708,16.618,16.630,3,146,257
1784772196074,2026-07-23T02:03:16.074Z,-23.6058484,-46.8364002,825.666,16.632,16.660,3,146,257
1784772196133,2026-07-23T02:03:16.133Z,-23.6058485,-46.8364094,825.605,16.749,16.670,3,146,257
1784772196191,2026-07-23T02:03:16.191Z,-23.6058486,-46.8364184,825.505,16.801,16.790,3,146,257
1784772196249,2026-07-23T02:03:16.249Z,-23.6058487,-46.8364273,825.323,16.851,16.840,3,146,257
1784772196307,2026-07-23T02:03:16.307Z,-23.6058489,-46.8364364,825.213,16.896,16.890,3,146,257
1784772196366,2026-07-23T02:03:16.366Z,-23.6058493,-46.8364458,825.214,17.013,16.940,3,146,257
1784772196424,2026-07-23T02:03:16.424Z,-23.6058501,-46.8364554,825.222,17.146,17.050,3,146,257
1784772196482,2026-07-23T02:03:16.482Z,-23.6058509,-46.8364647,825.180,17.153,17.180,3,146,257
1784772196540,2026-07-23T02:03:16.540Z,-23.6058521,-46.8364735,825.225,16.874,17.190,3,146,257
1784772196599,2026-07-23T02:03:16.599Z,-23.6058535,-46.8364821,825.161,16.708,16.910,3,129,258
1784772196654,2026-07-23T02:03:16.654Z,-23.6058555,-46.8364912,825.107,16.830,16.740,3,129,258
1784772196709,2026-07-23T02:03:16.709Z,-23.6058581,-46.8365005,824.937,17.153,16.870,3,129,258
1784772196764,2026-07-23T02:03:16.764Z,-23.6058608,-46.8365097,824.815,17.363,17.190,3,129,258
1784772196819,2026-07-23T02:03:16.819Z,-23.6058640,-46.8365188,824.658,17.571,17.400,3,129,258
1784772196874,2026-07-23T02:03:16.874Z,-23.6058674,-46.8365276,824.513,17.689,17.610,3,129,258
1784772196929,2026-07-23T02:03:16.929Z,-23.6058707,-46.8365365,824.415,17.738,17.730,3,129,258
1784772196984,2026-07-23T02:03:16.984Z,-23.6058741,-46.8365451,824.320,17.753,17.780,3,129,258
1784772197039,2026-07-23T02:03:17.039Z,-23.6058779,-46.8365536,824.231,17.748,17.800,3,129,258
1784772197094,2026-07-23T02:03:17.094Z,-23.6058817,-46.8365622,824.173,17.763,17.790,3,129,258
1784772197149,2026-07-23T02:03:17.149Z,-23.6058858,-46.8365705,824.092,17.760,17.810,3,129,258
1784772197204,2026-07-23T02:03:17.204Z,-23.6058905,-46.8365788,823.972,17.973,17.810,3,129,258
1784772197259,2026-07-23T02:03:17.259Z,-23.6058953,-46.8365870,823.878,18.075,18.020,3,129,258
1784772197314,2026-07-23T02:03:17.314Z,-23.6058998,-46.8365950,823.790,18.017,18.120,3,129,258
1784772197369,2026-07-23T02:03:17.369Z,-23.6059045,-46.8366032,823.687,18.053,18.070,3,129,258
1784772197424,2026-07-23T02:03:17.424Z,-23.6059092,-46.8366114,823.593,18.075,18.100,3,129,258
1784772197479,2026-07-23T02:03:17.479Z,-23.6059138,-46.8366199,823.522,18.166,18.120,3,129,258
1784772197534,2026-07-23T02:03:17.534Z,-23.6059183,-46.8366285,823.447,18.212,18.220,3,129,258
1784772197589,2026-07-23T02:03:17.589Z,-23.6059230,-46.8366370,823.372,18.283,18.260,3,129,258
1784772197644,2026-07-23T02:03:17.644Z,-23.6059270,-46.8366451,823.284,18.038,18.330,3,137,259
1784772197699,2026-07-23T02:03:17.699Z,-23.6059310,-46.8366536,823.237,17.925,18.090,3,137,259
1784772197754,2026-07-23T02:03:17.754Z,-23.6059348,-46.8366624,823.174,17.884,17.970,3,137,259
1784772197809,2026-07-23T02:03:17.809Z,-23.6059382,-46.8366716,823.116,17.913,17.930,3,137,259
1784772197864,2026-07-23T02:03:17.864Z,-23.6059415,-46.8366805,823.029,17.871,17.960,3,137,259
1784772197919,2026-07-23T02:03:17.919Z,-23.6059442,-46.8366897,822.948,17.785,17.920,3,137,259
1784772197974,2026-07-23T02:03:17.974Z,-23.6059467,-46.8366990,822.895,17.718,17.830,3,137,259
1784772198029,2026-07-23T02:03:18.029Z,-23.6059486,-46.8367083,822.813,17.591,17.770,3,137,259
1784772198084,2026-07-23T02:03:18.084Z,-23.6059503,-46.8367179,822.717,17.593,17.640,3,137,259
1784772198139,2026-07-23T02:03:18.139Z,-23.6059516,-46.8367272,822.579,17.468,17.640,3,137,259
1784772198194,2026-07-23T02:03:18.194Z,-23.6059528,-46.8367366,822.468,17.439,17.520,3,137,259
1784772198249,2026-07-23T02:03:18.249Z,-23.6059537,-46.8367468,822.410,17.635,17.490,3,137,259
1784772198304,2026-07-23T02:03:18.304Z,-23.6059544,-46.8367565,822.321,17.639,17.690,3,137,259
1784772198359,2026-07-23T02:03:18.359Z,-23.6059549,-46.8367662,822.244,17.626,17.690,3,137,259
1784772198414,2026-07-23T02:03:18.414Z,-23.6059550,-46.8367761,822.182,17.603,17.680,3,137,259
1784772198469,2026-07-23T02:03:18.469Z,-23.6059547,-46.8367858,822.061,17.602,17.660,3,137,259
1784772198524,2026-07-23T02:03:18.524Z,-23.6059541,-46.8367952,821.891,17.456,17.660,3,137,259
1784772198579,2026-07-23T02:03:18.579Z,-23.6059534,-46.8368048,821.787,17.446,17.510,3,137,259
1784772198634,2026-07-23T02:03:18.634Z,-23.6059523,-46.8368145,821.677,17.508,17.500,3,137,260
1784772198689,2026-07-23T02:03:18.689Z,-23.6059507,-46.8368237,821.534,17.343,17.570,3,137,260
1784772198744,2026-07-23T02:03:18.744Z,-23.6059487,-46.8368331,821.441,17.282,17.400,3,137,260
1784772198799,2026-07-23T02:03:18.799Z,-23.6059459,-46.8368433,821.373,17.598,17.340,3,137,260
1784772198854,2026-07-23T02:03:18.854Z,-23.6059427,-46.8368534,821.315,17.874,17.660,3,137,260
1784772198909,2026-07-23T02:03:18.909Z,-23.6059392,-46.8368631,821.214,18.047,17.930,3,137,260
1784772198964,2026-07-23T02:03:18.964Z,-23.6059358,-46.8368731,821.171,18.328,18.110,3,137,260
1784772199019,2026-07-23T02:03:19.019Z,-23.6059322,-46.8368829,821.135,18.550,18.380,3,137,260
1784772199074,2026-07-23T02:03:19.074Z,-23.6059285,-46.8368926,821.094,18.762,18.600,3,137,260
1784772199129,2026-07-23T02:03:19.129Z,-23.6059244,-46.8369021,821.052,18.882,18.820,3,137,260
1784772199184,2026-07-23T02:03:19.184Z,-23.6059201,-46.8369112,821.001,18.880,18.930,3,137,260
1784772199239,2026-07-23T02:03:19.239Z,-23.6059155,-46.8369202,820.948,18.932,18.930,3,137,260
1784772199294,2026-07-23T02:03:19.294Z,-23.6059101,-46.8369287,820.693,19.096,18.980,3,137,260
1784772199349,2026-07-23T02:03:19.349Z,-23.6059048,-46.8369372,820.684,19.075,19.150,3,137,260
1784772199404,2026-07-23T02:03:19.404Z,-23.6058992,-46.8369455,820.584,19.090,19.130,3,137,260
1784772199459,2026-07-23T02:03:19.459Z,-23.6058938,-46.8369536,820.589,18.957,19.140,3,137,260
1784772199514,2026-07-23T02:03:19.514Z,-23.6058877,-46.8369611,820.524,18.909,19.010,3,137,260
1784772199569,2026-07-23T02:03:19.569Z,-23.6058817,-46.8369687,820.548,18.863,18.960,3,137,260
1784772199624,2026-07-23T02:03:19.624Z,-23.6058757,-46.8369763,820.601,18.755,18.910,3,134,261
1784772199682,2026-07-23T02:03:19.682Z,-23.6058697,-46.8369835,820.651,18.574,18.800,3,134,261
1784772199740,2026-07-23T02:03:19.740Z,-23.6058634,-46.8369904,820.601,18.456,18.620,3,134,261
1784772199798,2026-07-23T02:03:19.798Z,-23.6058565,-46.8369970,820.545,18.487,18.500,3,134,261
1784772199856,2026-07-23T02:03:19.856Z,-23.6058494,-46.8370036,820.491,18.577,18.530,3,134,261
1784772199914,2026-07-23T02:03:19.914Z,-23.6058424,-46.8370102,820.458,18.610,18.620,3,134,261
1784772199972,2026-07-23T02:03:19.972Z,-23.6058356,-46.8370169,820.477,18.580,18.650,3,134,261
1784772200030,2026-07-23T02:03:20.030Z,-23.6058284,-46.8370231,820.511,18.543,18.620,3,134,261
1784772200088,2026-07-23T02:03:20.088Z,-23.6058209,-46.8370294,820.524,18.697,18.580,3,134,261
1784772200146,2026-07-23T02:03:20.146Z,-23.6058134,-46.8370354,820.501,18.723,18.730,3,134,261
1784772200204,2026-07-23T02:03:20.204Z,-23.6058058,-46.8370412,820.474,18.679,18.760,3,134,261
1784772200262,2026-07-23T02:03:20.262Z,-23.6057980,-46.8370466,820.439,18.676,18.710,3,134,261
1784772200320,2026-07-23T02:03:20.320Z,-23.6057899,-46.8370523,820.418,18.855,18.710,3,134,261
1784772200378,2026-07-23T02:03:20.378Z,-23.6057820,-46.8370579,820.361,18.917,18.890,3,134,261
1784772200436,2026-07-23T02:03:20.436Z,-23.6057741,-46.8370633,820.335,18.895,18.950,3,134,261
1784772200494,2026-07-23T02:03:20.494Z,-23.6057662,-46.8370686,820.301,18.830,18.920,3,134,261
1784772200552,2026-07-23T02:03:20.552Z,-23.6057582,-46.8370737,820.255,18.824,18.860,3,134,261
1784772200610,2026-07-23T02:03:20.610Z,-23.6057498,-46.8370787,820.246,18.920,18.850,3,134,261
1784772200669,2026-07-23T02:03:20.669Z,-23.6057415,-46.8370835,820.201,18.929,18.950,3,128,262
1784772200718,2026-07-23T02:03:20.718Z,-23.6057331,-46.8370880,820.178,18.928,18.960,3,128,262
1784772200767,2026-07-23T02:03:20.767Z,-23.6057244,-46.8370924,820.152,19.039,18.950,3,128,262
1784772200816,2026-07-23T02:03:20.816Z,-23.6057157,-46.8370967,820.145,19.070,19.060,3,128,262
1784772200865,2026-07-23T02:03:20.865Z,-23.6057071,-46.8371007,820.166,19.041,19.090,3,128,262
1784772200915,2026-07-23T02:03:20.915Z,-23.6056983,-46.8371046,820.198,19.033,19.060,3,128,262
1784772200964,2026-07-23T02:03:20.964Z,-23.6056896,-46.8371084,820.199,19.006,19.050,3,128,262
1784772201013,2026-07-23T02:03:21.013Z,-23.6056808,-46.8371121,820.157,18.958,19.020,3,128,262
1784772201062,2026-07-23T02:03:21.062Z,-23.6056720,-46.8371157,820.136,18.968,18.980,3,128,262
1784772201111,2026-07-23T02:03:21.111Z,-23.6056631,-46.8371193,820.203,18.992,18.990,3,128,262
1784772201161,2026-07-23T02:03:21.161Z,-23.6056542,-46.8371226,820.219,18.979,19.010,3,128,262
1784772201210,2026-07-23T02:03:21.210Z,-23.6056451,-46.8371258,820.222,19.003,18.990,3,128,262
1784772201259,2026-07-23T02:03:21.259Z,-23.6056360,-46.8371290,820.236,19.055,19.020,3,128,262
1784772201308,2026-07-23T02:03:21.308Z,-23.6056268,-46.8371320,820.234,19.157,19.070,3,128,262
1784772201357,2026-07-23T02:03:21.357Z,-23.6056175,-46.8371348,820.208,19.214,19.170,3,128,262
1784772201407,2026-07-23T02:03:21.407Z,-23.6056083,-46.8371377,820.263,19.204,19.230,3,128,262
1784772201456,2026-07-23T02:03:21.456Z,-23.6055990,-46.8371403,820.355,19.263,19.210,3,128,262
1784772201505,2026-07-23T02:03:21.505Z,-23.6055894,-46.8371428,820.428,19.401,19.270,3,128,262
1784772201554,2026-07-23T02:03:21.554Z,-23.6055799,-46.8371452,820.378,19.526,19.410,3,128,262
1784772201604,2026-07-23T02:03:21.604Z,-23.6055704,-46.8371475,820.442,19.536,19.530,3,128,263
1784772201662,2026-07-23T02:03:21.662Z,-23.6055613,-46.8371498,820.479,19.302,19.540,3,128,263
1784772201720,2026-07-23T02:03:21.720Z,-23.6055520,-46.8371524,820.550,19.294,19.310,3,128,263
1784772201778,2026-07-23T02:03:21.778Z,-23.6055428,-46.8371553,820.716,19.343,19.300,3,128,263
1784772201836,2026-07-23T02:03:21.836Z,-23.6055336,-46.8371582,820.834,19.331,19.350,3,128,263
1784772201894,2026-07-23T02:03:21.894Z,-23.6055247,-46.8371612,820.856,19.187,19.330,3,128,263
1784772201952,2026-07-23T02:03:21.952Z,-23.6055155,-46.8371640,820.908,19.213,19.190,3,128,263
1784772202010,2026-07-23T02:03:22.010Z,-23.6055063,-46.8371669,820.940,19.280,19.220,3,128,263
1784772202068,2026-07-23T02:03:22.068Z,-23.6054971,-46.8371701,820.995,19.321,19.280,3,128,263
1784772202126,2026-07-23T02:03:22.126Z,-23.6054882,-46.8371731,821.127,19.187,19.320,3,128,263
1784772202184,2026-07-23T02:03:22.184Z,-23.6054793,-46.8371761,821.220,19.073,19.190,3,128,263
1784772202242,2026-07-23T02:03:22.242Z,-23.6054704,-46.8371786,821.259,18.881,19.070,3,128,263
1784772202300,2026-07-23T02:03:22.300Z,-23.6054612,-46.8371808,821.265,18.894,18.880,3,128,263
1784772202358,2026-07-23T02:03:22.358Z,-23.6054519,-46.8371829,821.285,19.004,18.890,3,128,263
1784772202416,2026-07-23T02:03:22.416Z,-23.6054426,-46.8371853,821.296,19.040,19.000,3,128,263
1784772202474,2026-07-23T02:03:22.474Z,-23.6054333,-46.8371879,821.340,19.125,19.040,3,128,263
1784772202532,2026-07-23T02:03:22.532Z,-23.6054239,-46.8371902,821.411,19.178,19.130,3,128,263
1784772202590,2026-07-23T02:03:22.590Z,-23.6054145,-46.8371925,821.458,19.211,19.180,3,128,263
1784772202649,2026-07-23T02:03:22.649Z,-23.6054050,-46.8371950,821.529,19.299,19.210,3,128,264
1784772202707,2026-07-23T02:03:22.707Z,-23.6053958,-46.8371971,821.500,19.199,19.300,3,128,264
1784772202765,2026-07-23T02:03:22.765Z,-23.6053863,-46.8371994,821.525,19.315,19.200,3,128,264
1784772202823,2026-07-23T02:03:22.823Z,-23.6053766,-46.8372015,821.556,19.493,19.310,3,128,264
1784772202881,2026-07-23T02:03:22.881Z,-23.6053672,-46.8372039,821.651,19.428,19.490,3,128,264
1784772202940,2026-07-23T02:03:22.940Z,-23.6053579,-46.8372061,821.646,19.336,19.430,3,128,264
1784772202998,2026-07-23T02:03:22.998Z,-23.6053486,-46.8372080,821.652,19.238,19.340,3,128,264
1784772203056,2026-07-23T02:03:23.056Z,-23.6053392,-46.8372100,821.677,19.248,19.240,3,128,264
1784772203114,2026-07-23T02:03:23.114Z,-23.6053298,-46.8372119,821.720,19.203,19.250,3,128,264
1784772203173,2026-07-23T02:03:23.173Z,-23.6053203,-46.8372135,821.761,19.251,19.200,3,128,264
1784772203231,2026-07-23T02:03:23.231Z,-23.6053108,-46.8372153,821.761,19.398,19.250,3,128,264
1784772203289,2026-07-23T02:03:23.289Z,-23.6053014,-46.8372171,821.804,19.335,19.400,3,128,264
1784772203347,2026-07-23T02:03:23.347Z,-23.6052920,-46.8372188,821.845,19.291,19.340,3,128,264
1784772203406,2026-07-23T02:03:23.406Z,-23.6052825,-46.8372203,821.856,19.324,19.290,3,128,264
1784772203464,2026-07-23T02:03:23.464Z,-23.6052728,-46.8372216,821.876,19.394,19.320,3,128,264
1784772203522,2026-07-23T02:03:23.522Z,-23.6052536,-46.8372240,821.918,19.297,19.400,3,128,264
1784772203580,2026-07-23T02:03:23.580Z,-23.6052440,-46.8372251,821.954,19.290,19.300,3,128,264
1784772203639,2026-07-23T02:03:23.639Z,-23.6052344,-46.8372259,822.021,19.272,19.290,3,128,265
1784772203694,2026-07-23T02:03:23.694Z,-23.6052247,-46.8372263,822.026,19.309,19.280,3,128,265
1784772203749,2026-07-23T02:03:23.749Z,-23.6052151,-46.8372265,822.042,19.299,19.310,3,128,265
1784772203804,2026-07-23T02:03:23.804Z,-23.6052054,-46.8372267,822.071,19.243,19.300,3,128,265
1784772203859,2026-07-23T02:03:23.859Z,-23.6051957,-46.8372267,822.082,19.348,19.250,3,128,265
1784772203914,2026-07-23T02:03:23.914Z,-23.6051859,-46.8372267,822.103,19.456,19.350,3,128,265
1784772203969,2026-07-23T02:03:23.969Z,-23.6051763,-46.8372266,822.137,19.384,19.460,3,128,265
1784772204024,2026-07-23T02:03:24.024Z,-23.6051665,-46.8372260,822.168,19.432,19.390,3,128,265
1784772204079,2026-07-23T02:03:24.079Z,-23.6051568,-46.8372253,822.215,19.483,19.440,3,128,265
1784772204134,2026-07-23T02:03:24.134Z,-23.6051472,-46.8372245,822.295,19.288,19.490,3,128,265
1784772204189,2026-07-23T02:03:24.189Z,-23.6051377,-46.8372236,822.371,19.177,19.290,3,128,265
1784772204244,2026-07-23T02:03:24.244Z,-23.6051282,-46.8372226,822.446,19.172,19.180,3,128,265
1784772204299,2026-07-23T02:03:24.299Z,-23.6051186,-46.8372214,822.524,19.155,19.180,3,128,265
1784772204354,2026-07-23T02:03:24.354Z,-23.6051092,-46.8372203,822.567,19.075,19.160,3,128,265
1784772204409,2026-07-23T02:03:24.409Z,-23.6050998,-46.8372188,822.621,19.073,19.080,3,128,265
1784772204464,2026-07-23T02:03:24.464Z,-23.6050903,-46.8372171,822.674,19.183,19.080,3,128,265
1784772204519,2026-07-23T02:03:24.519Z,-23.6050809,-46.8372152,822.751,19.138,19.190,3,128,265
1784772204574,2026-07-23T02:03:24.574Z,-23.6050716,-46.8372130,822.817,19.055,19.150,3,128,265
1784772204629,2026-07-23T02:03:24.629Z,-23.6050624,-46.8372106,822.856,19.081,19.060,3,128,266
1784772204678,2026-07-23T02:03:24.678Z,-23.6050532,-46.8372077,822.917,19.058,19.090,3,128,266
1784772204727,2026-07-23T02:03:24.727Z,-23.6050441,-46.8372046,822.993,19.090,19.070,3,128,266
1784772204776,2026-07-23T02:03:24.776Z,-23.6050350,-46.8372014,823.087,19.074,19.100,3,128,266
1784772204825,2026-07-23T02:03:24.825Z,-23.6050260,-46.8371979,823.144,19.064,19.090,3,128,266
1784772204875,2026-07-23T02:03:24.875Z,-23.6050170,-46.8371943,823.209,19.128,19.080,3,128,266
1784772204924,2026-07-23T02:03:24.924Z,-23.6050081,-46.8371909,823.250,19.107,19.140,3,128,266
1784772204973,2026-07-23T02:03:24.973Z,-23.6049991,-46.8371872,823.319,19.144,19.120,3,128,266
1784772205022,2026-07-23T02:03:25.022Z,-23.6049902,-46.8371832,823.375,19.245,19.160,3,128,266
1784772205071,2026-07-23T02:03:25.071Z,-23.6049813,-46.8371792,823.460,19.215,19.260,3,128,266
1784772205121,2026-07-23T02:03:25.121Z,-23.6049727,-46.8371749,823.547,19.074,19.230,3,128,266
1784772205170,2026-07-23T02:03:25.170Z,-23.6049641,-46.8371705,823.614,19.095,19.090,3,128,266
1784772205219,2026-07-23T02:03:25.219Z,-23.6049555,-46.8371659,823.680,19.089,19.110,3,128,266
1784772205268,2026-07-23T02:03:25.268Z,-23.6049469,-46.8371614,823.735,19.102,19.110,3,128,266
1784772205317,2026-07-23T02:03:25.317Z,-23.6049385,-46.8371568,823.774,19.047,19.120,3,128,266
1784772205367,2026-07-23T02:03:25.367Z,-23.6049302,-46.8371518,823.845,19.015,19.060,3,128,266
1784772205416,2026-07-23T02:03:25.416Z,-23.6049220,-46.8371466,823.894,19.025,19.030,3,128,266
1784772205465,2026-07-23T02:03:25.465Z,-23.6049139,-46.8371412,823.975,18.978,19.040,3,128,266
1784772205514,2026-07-23T02:03:25.514Z,-23.6049059,-46.8371357,824.061,18.981,19.000,3,128,266
1784772205564,2026-07-23T02:03:25.564Z,-23.6048982,-46.8371298,824.078,18.953,19.000,3,128,267
1784772205622,2026-07-23T02:03:25.622Z,-23.6048906,-46.8371239,824.135,18.900,18.970,3,128,267
1784772205680,2026-07-23T02:03:25.680Z,-23.6048831,-46.8371178,824.209,18.870,18.920,3,128,267
1784772205738,2026-07-23T02:03:25.738Z,-23.6048756,-46.8371114,824.264,18.984,18.890,3,128,267
1784772205796,2026-07-23T02:03:25.796Z,-23.6048684,-46.8371047,824.337,18.950,19.000,3,128,267
1784772205854,2026-07-23T02:03:25.854Z,-23.6048614,-46.8370979,824.420,18.933,18.970,3,128,267
1784772205912,2026-07-23T02:03:25.912Z,-23.6048545,-46.8370910,824.504,18.866,18.950,3,128,267
1784772205970,2026-07-23T02:03:25.970Z,-23.6048479,-46.8370839,824.576,18.788,18.890,3,128,267
1784772206028,2026-07-23T02:03:26.028Z,-23.6048414,-46.8370768,824.634,18.720,18.810,3,128,267
1784772206086,2026-07-23T02:03:26.086Z,-23.6048349,-46.8370695,824.713,18.735,18.740,3,128,267
1784772206144,2026-07-23T02:03:26.144Z,-23.6048286,-46.8370621,824.776,18.691,18.760,3,128,267
1784772206202,2026-07-23T02:03:26.202Z,-23.6048226,-46.8370546,824.838,18.583,18.720,3,128,267
1784772206260,2026-07-23T02:03:26.260Z,-23.6048167,-46.8370472,824.870,18.479,18.610,3,128,267
1784772206318,2026-07-23T02:03:26.318Z,-23.6048110,-46.8370395,824.883,18.423,18.500,3,128,267
1784772206376,2026-07-23T02:03:26.376Z,-23.6048055,-46.8370319,824.957,18.235,18.450,3,128,267
1784772206434,2026-07-23T02:03:26.434Z,-23.6048006,-46.8370241,824.983,17.940,18.260,3,128,267
1784772206492,2026-07-23T02:03:26.492Z,-23.6047960,-46.8370165,825.034,17.624,17.960,3,128,267
1784772206550,2026-07-23T02:03:26.550Z,-23.6047918,-46.8370089,825.088,17.242,17.650,3,128,267
1784772206609,2026-07-23T02:03:26.609Z,-23.6047878,-46.8370011,825.124,17.093,17.270,3,128,268
1784772206670,2026-07-23T02:03:26.670Z,-23.6047841,-46.8369935,825.174,16.790,17.120,3,128,268
1784772206731,2026-07-23T02:03:26.731Z,-23.6047809,-46.8369861,825.219,16.326,16.810,3,128,268
1784772206793,2026-07-23T02:03:26.793Z,-23.6047778,-46.8369788,825.300,15.940,16.350,3,128,268
1784772206854,2026-07-23T02:03:26.854Z,-23.6047750,-46.8369715,825.386,15.607,15.970,3,128,268
1784772206916,2026-07-23T02:03:26.916Z,-23.6047723,-46.8369643,825.481,15.275,15.630,3,128,268
1784772206977,2026-07-23T02:03:26.977Z,-23.6047701,-46.8369571,825.532,14.902,15.310,3,128,268
1784772207039,2026-07-23T02:03:27.039Z,-23.6047685,-46.8369501,825.559,14.519,14.930,3,128,268
1784772207100,2026-07-23T02:03:27.100Z,-23.6047671,-46.8369429,825.573,14.239,14.550,3,128,268
1784772207162,2026-07-23T02:03:27.162Z,-23.6047657,-46.8369361,825.633,13.881,14.270,3,128,268
1784772207223,2026-07-23T02:03:27.223Z,-23.6047643,-46.8369294,825.708,13.591,13.910,3,128,268
1784772207285,2026-07-23T02:03:27.285Z,-23.6047632,-46.8369229,825.801,13.262,13.620,3,128,268
1784772207346,2026-07-23T02:03:27.346Z,-23.6047620,-46.8369164,825.873,12.992,13.300,3,128,268
1784772207408,2026-07-23T02:03:27.408Z,-23.6047613,-46.8369102,825.915,12.647,13.030,3,128,268
1784772207469,2026-07-23T02:03:27.469Z,-23.6047611,-46.8369041,825.955,12.244,12.680,3,128,268
1784772207531,2026-07-23T02:03:27.531Z,-23.6047608,-46.8368923,826.069,11.538,12.280,3,128,268
1784772207592,2026-07-23T02:03:27.592Z,-23.6047616,-46.8368869,826.145,11.152,11.570,3,128,268
1784772207654,2026-07-23T02:03:27.654Z,-23.6047622,-46.8368817,826.224,10.797,11.190,3,128,269
1784772207709,2026-07-23T02:03:27.709Z,-23.6047632,-46.8368766,826.243,10.465,10.840,3,128,269
1784772207764,2026-07-23T02:03:27.764Z,-23.6047644,-46.8368716,826.278,10.256,10.500,3,128,269
1784772207819,2026-07-23T02:03:27.819Z,-23.6047655,-46.8368666,826.370,10.131,10.290,3,128,269
1784772207874,2026-07-23T02:03:27.874Z,-23.6047666,-46.8368617,826.482,9.965,10.170,3,128,269
1784772207929,2026-07-23T02:03:27.929Z,-23.6047681,-46.8368569,826.543,9.887,10.010,3,128,269
1784772207984,2026-07-23T02:03:27.984Z,-23.6047699,-46.8368522,826.602,9.880,9.930,3,128,269
1784772208039,2026-07-23T02:03:28.039Z,-23.6047729,-46.8368487,826.659,9.630,9.920,3,128,269
1784772208094,2026-07-23T02:03:28.094Z,-23.6047756,-46.8368448,826.732,9.519,9.670,3,128,269
1784772208149,2026-07-23T02:03:28.149Z,-23.6047788,-46.8368412,826.795,9.420,9.560,3,128,269
1784772208204,2026-07-23T02:03:28.204Z,-23.6047823,-46.8368378,826.822,9.430,9.470,3,128,269
1784772208259,2026-07-23T02:03:28.259Z,-23.6047859,-46.8368345,826.845,9.456,9.470,3,128,269
1784772208314,2026-07-23T02:03:28.314Z,-23.6047895,-46.8368313,826.870,9.363,9.500,3,128,269
1784772208369,2026-07-23T02:03:28.369Z,-23.6047931,-46.8368282,826.909,9.309,9.400,3,128,269
1784772208424,2026-07-23T02:03:28.424Z,-23.6047971,-46.8368251,826.921,9.415,9.350,3,128,269
1784772208479,2026-07-23T02:03:28.479Z,-23.6048014,-46.8368226,826.932,9.506,9.450,3,128,269
1784772208534,2026-07-23T02:03:28.534Z,-23.6048059,-46.8368204,826.941,9.583,9.540,3,128,269
1784772208589,2026-07-23T02:03:28.589Z,-23.6048103,-46.8368183,826.960,9.593,9.620,3,128,269
1784772208644,2026-07-23T02:03:28.644Z,-23.6048147,-46.8368163,826.945,9.591,9.620,3,128,270
1784772208696,2026-07-23T02:03:28.696Z,-23.6048193,-46.8368146,826.959,9.613,9.620,3,128,270
1784772208748,2026-07-23T02:03:28.748Z,-23.6048240,-46.8368134,827.028,9.655,9.640,3,128,270
1784772208800,2026-07-23T02:03:28.800Z,-23.6048285,-46.8368118,827.031,9.610,9.680,3,128,270
1784772208852,2026-07-23T02:03:28.852Z,-23.6048330,-46.8368103,827.041,9.595,9.640,3,128,270
1784772208904,2026-07-23T02:03:28.904Z,-23.6048378,-46.8368091,827.075,9.732,9.620,3,128,270
1784772208956,2026-07-23T02:03:28.956Z,-23.6048427,-46.8368080,827.075,9.895,9.760,3,128,270
1784772209008,2026-07-23T02:03:29.008Z,-23.6048478,-46.8368073,827.069,10.073,9.920,3,128,270
1784772209060,2026-07-23T02:03:29.060Z,-23.6048530,-46.8368070,827.006,10.208,10.090,3,128,270
1784772209112,2026-07-23T02:03:29.112Z,-23.6048581,-46.8368069,826.894,10.299,10.220,3,128,270
1784772209165,2026-07-23T02:03:29.165Z,-23.6048632,-46.8368076,826.847,10.362,10.310,3,128,270
1784772209217,2026-07-23T02:03:29.217Z,-23.6048682,-46.8368083,826.820,10.329,10.370,3,128,270
1784772209269,2026-07-23T02:03:29.269Z,-23.6048734,-46.8368091,826.825,10.458,10.340,3,128,270
1784772209321,2026-07-23T02:03:29.321Z,-23.6048786,-46.8368105,826.777,10.591,10.470,3,128,270
1784772209373,2026-07-23T02:03:29.373Z,-23.6048836,-46.8368123,826.726,10.710,10.600,3,128,270
1784772209425,2026-07-23T02:03:29.425Z,-23.6048887,-46.8368143,826.659,10.812,10.710,3,128,270
1784772209477,2026-07-23T02:03:29.477Z,-23.6048935,-46.8368168,826.636,10.830,10.810,3,128,270
1784772209529,2026-07-23T02:03:29.529Z,-23.6048979,-46.8368195,826.547,10.619,10.830,3,128,270
1784772209581,2026-07-23T02:03:29.581Z,-23.6049026,-46.8368228,826.494,10.939,10.620,3,128,270
1784772209634,2026-07-23T02:03:29.634Z,-23.6049071,-46.8368261,826.426,10.970,10.940,3,128,271
1784772209692,2026-07-23T02:03:29.692Z,-23.6049113,-46.8368297,826.387,10.930,10.970,3,128,271
1784772209750,2026-07-23T02:03:29.750Z,-23.6049155,-46.8368336,826.340,11.047,10.930,3,128,271
1784772209808,2026-07-23T02:03:29.808Z,-23.6049195,-46.8368377,826.284,11.144,11.050,3,128,271
1784772209866,2026-07-23T02:03:29.866Z,-23.6049233,-46.8368420,826.243,11.152,11.140,3,128,271
1784772209925,2026-07-23T02:03:29.925Z,-23.6049272,-46.8368466,826.164,11.368,11.150,3,128,271
1784772209983,2026-07-23T02:03:29.983Z,-23.6049309,-46.8368512,826.059,11.473,11.370,3,128,271
1784772210041,2026-07-23T02:03:30.041Z,-23.6049345,-46.8368558,826.024,11.417,11.470,3,128,271
1784772210099,2026-07-23T02:03:30.099Z,-23.6049380,-46.8368608,825.962,11.593,11.420,3,128,271
1784772210158,2026-07-23T02:03:30.158Z,-23.6049415,-46.8368659,825.897,11.748,11.600,3,128,271
1784772210216,2026-07-23T02:03:30.216Z,-23.6049451,-46.8368710,825.867,11.863,11.750,3,128,271
1784772210274,2026-07-23T02:03:30.274Z,-23.6049486,-46.8368762,825.794,11.978,11.870,3,128,271
1784772210332,2026-07-23T02:03:30.332Z,-23.6049523,-46.8368813,825.734,12.076,11.980,3,128,271
1784772210391,2026-07-23T02:03:30.391Z,-23.6049559,-46.8368862,825.691,12.024,12.080,3,128,271
1784772210449,2026-07-23T02:03:30.449Z,-23.6049597,-46.8368911,825.630,12.051,12.030,3,128,271
1784772210507,2026-07-23T02:03:30.507Z,-23.6049673,-46.8369011,825.569,12.092,12.060,3,128,271
1784772210565,2026-07-23T02:03:30.565Z,-23.6049715,-46.8369056,825.536,12.064,12.100,3,128,271
1784772210624,2026-07-23T02:03:30.624Z,-23.6049767,-46.8369093,825.463,12.171,12.070,3,128,272
1784772210682,2026-07-23T02:03:30.682Z,-23.6049816,-46.8369131,825.435,12.182,12.180,3,128,272
1784772210740,2026-07-23T02:03:30.740Z,-23.6049866,-46.8369167,825.391,12.145,12.190,3,128,272
1784772210798,2026-07-23T02:03:30.798Z,-23.6049920,-46.8369204,825.346,12.408,12.150,3,128,272
1784772210856,2026-07-23T02:03:30.856Z,-23.6049972,-46.8369237,825.306,12.343,12.420,3,128,272
1784772210915,2026-07-23T02:03:30.915Z,-23.6050027,-46.8369266,825.282,12.323,12.350,3,128,272
1784772210973,2026-07-23T02:03:30.973Z,-23.6050083,-46.8369294,825.280,12.365,12.330,3,128,272
1784772211031,2026-07-23T02:03:31.031Z,-23.6050142,-46.8369320,825.260,12.569,12.370,3,128,272
1784772211089,2026-07-23T02:03:31.089Z,-23.6050201,-46.8369341,825.207,12.578,12.580,3,128,272
1784772211148,2026-07-23T02:03:31.148Z,-23.6050261,-46.8369358,825.156,12.512,12.590,3,128,272
1784772211206,2026-07-23T02:03:31.206Z,-23.6050320,-46.8369371,825.150,12.361,12.520,3,128,272
1784772211264,2026-07-23T02:03:31.264Z,-23.6050381,-46.8369382,825.147,12.373,12.370,3,128,272
1784772211322,2026-07-23T02:03:31.322Z,-23.6050443,-46.8369388,825.111,12.372,12.380,3,128,272
1784772211381,2026-07-23T02:03:31.381Z,-23.6050505,-46.8369392,825.099,12.427,12.380,3,128,272
1784772211439,2026-07-23T02:03:31.439Z,-23.6050568,-46.8369393,825.082,12.456,12.440,3,128,272
1784772211497,2026-07-23T02:03:31.497Z,-23.6050691,-46.8369390,825.028,12.348,12.460,3,128,272
1784772211555,2026-07-23T02:03:31.555Z,-23.6050755,-46.8369377,824.929,12.575,12.360,3,128,272
1784772211614,2026-07-23T02:03:31.614Z,-23.6050816,-46.8369364,824.895,12.557,12.590,3,128,273
1784772211675,2026-07-23T02:03:31.675Z,-23.6050878,-46.8369349,824.830,12.618,12.570,3,128,273
1784772211737,2026-07-23T02:03:31.737Z,-23.6050936,-46.8369335,824.802,12.388,12.630,3,128,273
1784772211799,2026-07-23T02:03:31.799Z,-23.6050992,-46.8369316,824.760,12.103,12.400,3,128,273
1784772211861,2026-07-23T02:03:31.861Z,-23.6051052,-46.8369291,824.684,12.296,12.120,3,128,273
1784772211923,2026-07-23T02:03:31.923Z,-23.6051111,-46.8369267,824.658,12.388,12.310,3,128,273
1784772211985,2026-07-23T02:03:31.985Z,-23.6051167,-46.8369239,824.665,12.352,12.400,3,128,273
1784772212047,2026-07-23T02:03:32.047Z,-23.6051224,-46.8369207,824.635,12.443,12.360,3,128,273
1784772212109,2026-07-23T02:03:32.109Z,-23.6051279,-46.8369170,824.592,12.540,12.460,3,128,273
1784772212170,2026-07-23T02:03:32.170Z,-23.6051332,-46.8369129,824.554,12.595,12.550,3,128,273
1784772212232,2026-07-23T02:03:32.232Z,-23.6051381,-46.8369088,824.538,12.501,12.610,3,128,273
1784772212294,2026-07-23T02:03:32.294Z,-23.6051430,-46.8369040,824.514,12.644,12.510,3,128,273
1784772212356,2026-07-23T02:03:32.356Z,-23.6051475,-46.8368992,824.491,12.654,12.660,3,128,273
1784772212418,2026-07-23T02:03:32.418Z,-23.6051518,-46.8368941,824.467,12.670,12.670,3,128,273
1784772212480,2026-07-23T02:03:32.480Z,-23.6051560,-46.8368887,824.446,12.800,12.680,3,128,273
1784772212542,2026-07-23T02:03:32.542Z,-23.6051638,-46.8368781,824.404,12.547,12.810,3,128,273
1784772212604,2026-07-23T02:03:32.604Z,-23.6051670,-46.8368723,824.400,12.490,12.560,3,128,274
1784772212662,2026-07-23T02:03:32.662Z,-23.6051701,-46.8368661,824.391,12.712,12.500,3,128,274
1784772212720,2026-07-23T02:03:32.720Z,-23.6051730,-46.8368597,824.388,12.836,12.720,3,128,274
1784772212778,2026-07-23T02:03:32.778Z,-23.6051757,-46.8368532,824.382,12.921,12.840,3,128,274
1784772212836,2026-07-23T02:03:32.836Z,-23.6051783,-46.8368466,824.339,13.066,12.930,3,128,274
1784772212894,2026-07-23T02:03:32.894Z,-23.6051809,-46.8368401,824.336,13.060,13.070,3,128,274
1784772212952,2026-07-23T02:03:32.952Z,-23.6051830,-46.8368333,824.351,13.101,13.070,3,128,274
1784772213010,2026-07-23T02:03:33.010Z,-23.6051850,-46.8368262,824.326,13.277,13.110,3,128,274
1784772213068,2026-07-23T02:03:33.068Z,-23.6051870,-46.8368193,824.304,13.307,13.280,3,128,274
1784772213126,2026-07-23T02:03:33.126Z,-23.6051889,-46.8368123,824.289,13.403,13.310,3,128,274
1784772213184,2026-07-23T02:03:33.184Z,-23.6051908,-46.8368052,824.304,13.508,13.410,3,128,274
1784772213242,2026-07-23T02:03:33.242Z,-23.6051928,-46.8367980,824.291,13.628,13.510,3,128,274
1784772213300,2026-07-23T02:03:33.300Z,-23.6051946,-46.8367909,824.302,13.640,13.630,3,128,274
1784772213358,2026-07-23T02:03:33.358Z,-23.6051964,-46.8367837,824.282,13.700,13.650,3,128,274
1784772213416,2026-07-23T02:03:33.416Z,-23.6051982,-46.8367765,824.269,13.774,13.710,3,128,274
1784772213474,2026-07-23T02:03:33.474Z,-23.6051999,-46.8367691,824.263,13.914,13.780,3,128,274
1784772213532,2026-07-23T02:03:33.532Z,-23.6052039,-46.8367546,824.221,14.029,13.920,3,128,274
1784772213590,2026-07-23T02:03:33.590Z,-23.6052061,-46.8367473,824.222,14.098,14.030,3,128,274
1784772213649,2026-07-23T02:03:33.649Z,-23.6052082,-46.8367400,824.222,14.142,14.100,3,128,275
1784772213707,2026-07-23T02:03:33.707Z,-23.6052105,-46.8367327,824.187,14.197,14.150,3,128,275
1784772213765,2026-07-23T02:03:33.765Z,-23.6052130,-46.8367255,824.171,14.286,14.200,3,128,275
1784772213823,2026-07-23T02:03:33.823Z,-23.6052157,-46.8367183,824.172,14.351,14.290,3,128,275
1784772213881,2026-07-23T02:03:33.881Z,-23.6052187,-46.8367115,824.198,14.276,14.360,3,128,275
1784772213940,2026-07-23T02:03:33.940Z,-23.6052221,-46.8367046,824.158,14.352,14.280,3,128,275
1784772213998,2026-07-23T02:03:33.998Z,-23.6052259,-46.8366977,824.100,14.626,14.360,3,128,275
1784772214056,2026-07-23T02:03:34.056Z,-23.6052296,-46.8366909,824.147,14.645,14.630,3,128,275
1784772214114,2026-07-23T02:03:34.114Z,-23.6052336,-46.8366846,824.163,14.505,14.650,3,128,275
1784772214173,2026-07-23T02:03:34.173Z,-23.6052378,-46.8366785,824.104,14.426,14.510,3,128,275
1784772214231,2026-07-23T02:03:34.231Z,-23.6052425,-46.8366723,824.027,14.695,14.430,3,128,275
1784772214289,2026-07-23T02:03:34.289Z,-23.6052472,-46.8366665,824.044,14.616,14.700,3,128,275
1784772214347,2026-07-23T02:03:34.347Z,-23.6052520,-46.8366609,823.968,14.573,14.620,3,128,275
1784772214406,2026-07-23T02:03:34.406Z,-23.6052571,-46.8366555,823.932,14.519,14.580,3,128,275
1784772214464,2026-07-23T02:03:34.464Z,-23.6052625,-46.8366504,823.938,14.555,14.520,3,128,275
1784772214522,2026-07-23T02:03:34.522Z,-23.6052731,-46.8366402,823.909,14.406,14.560,3,128,275
1784772214580,2026-07-23T02:03:34.580Z,-23.6052787,-46.8366355,823.882,14.370,14.410,3,128,275
1784772214639,2026-07-23T02:03:34.639Z,-23.6052844,-46.8366311,823.852,14.252,14.370,3,128,276
1784772214694,2026-07-23T02:03:34.694Z,-23.6052903,-46.8366268,823.794,14.276,14.260,3,128,276
1784772214749,2026-07-23T02:03:34.749Z,-23.6052963,-46.8366229,823.788,14.202,14.280,3,128,276
1784772214804,2026-07-23T02:03:34.804Z,-23.6053021,-46.8366190,823.801,14.086,14.210,3,128,276
1784772214859,2026-07-23T02:03:34.859Z,-23.6053082,-46.8366156,823.788,13.913,14.090,3,128,276
1784772214914,2026-07-23T02:03:34.914Z,-23.6053145,-46.8366126,823.807,13.934,13.920,3,128,276
1784772214969,2026-07-23T02:03:34.969Z,-23.6053210,-46.8366098,823.690,13.959,13.940,3,128,276
1784772215024,2026-07-23T02:03:35.024Z,-23.6053276,-46.8366073,823.599,14.019,13.970,3,128,276
1784772215079,2026-07-23T02:03:35.079Z,-23.6053341,-46.8366052,823.597,13.916,14.030,3,128,276
1784772215134,2026-07-23T02:03:35.134Z,-23.6053405,-46.8366031,823.656,13.788,13.920,3,128,276
1784772215189,2026-07-23T02:03:35.189Z,-23.6053472,-46.8366015,823.647,13.816,13.790,3,128,276
1784772215244,2026-07-23T02:03:35.244Z,-23.6053538,-46.8366005,823.569,13.775,13.820,3,128,276
1784772215299,2026-07-23T02:03:35.299Z,-23.6053602,-46.8365996,823.543,13.508,13.780,3,128,276
1784772215354,2026-07-23T02:03:35.354Z,-23.6053667,-46.8365990,823.550,13.411,13.520,3,128,276
1784772215409,2026-07-23T02:03:35.409Z,-23.6053733,-46.8365990,823.459,13.378,13.420,3,128,276
1784772215464,2026-07-23T02:03:35.464Z,-23.6053799,-46.8365994,823.353,13.415,13.390,3,128,276
1784772215519,2026-07-23T02:03:35.519Z,-23.6053861,-46.8366003,823.357,13.165,13.420,3,128,276
1784772215574,2026-07-23T02:03:35.574Z,-23.6053923,-46.8366013,823.347,12.952,13.170,3,128,276
1784772215629,2026-07-23T02:03:35.629Z,-23.6053984,-46.8366029,823.306,12.908,12.960,3,128,277
1784772215681,2026-07-23T02:03:35.681Z,-23.6054046,-46.8366047,823.236,12.891,12.920,3,128,277
1784772215733,2026-07-23T02:03:35.733Z,-23.6054106,-46.8366067,823.179,12.824,12.900,3,128,277
1784772215785,2026-07-23T02:03:35.785Z,-23.6054165,-46.8366094,823.081,12.870,12.840,3,128,277
1784772215837,2026-07-23T02:03:35.837Z,-23.6054223,-46.8366123,823.042,12.860,12.880,3,128,277
1784772215889,2026-07-23T02:03:35.889Z,-23.6054277,-46.8366153,823.029,12.615,12.870,3,128,277
1784772215941,2026-07-23T02:03:35.941Z,-23.6054329,-46.8366185,822.984,12.411,12.630,3,128,277
1784772215993,2026-07-23T02:03:35.993Z,-23.6054381,-46.8366221,822.940,12.363,12.420,3,128,277
1784772216045,2026-07-23T02:03:36.045Z,-23.6054429,-46.8366263,822.915,12.262,12.380,3,128,277
1784772216097,2026-07-23T02:03:36.097Z,-23.6054477,-46.8366303,822.911,12.188,12.280,3,128,277
1784772216150,2026-07-23T02:03:36.150Z,-23.6054522,-46.8366345,822.934,12.073,12.200,3,128,277
1784772216202,2026-07-23T02:03:36.202Z,-23.6054563,-46.8366387,822.883,11.840,12.080,3,128,277
1784772216254,2026-07-23T02:03:36.254Z,-23.6054604,-46.8366434,822.823,11.794,11.850,3,128,277
1784772216306,2026-07-23T02:03:36.306Z,-23.6054642,-46.8366487,822.841,11.932,11.810,3,128,277
1784772216358,2026-07-23T02:03:36.358Z,-23.6054679,-46.8366536,822.856,11.819,11.940,3,128,277
1784772216410,2026-07-23T02:03:36.410Z,-23.6054713,-46.8366584,822.836,11.662,11.830,3,128,277
1784772216462,2026-07-23T02:03:36.462Z,-23.6054745,-46.8366636,822.777,11.554,11.670,3,128,277
1784772216514,2026-07-23T02:03:36.514Z,-23.6054771,-46.8366696,822.695,11.613,11.570,3,128,277
1784772216566,2026-07-23T02:03:36.566Z,-23.6054795,-46.8366754,822.649,11.604,11.630,3,128,277
1784772216619,2026-07-23T02:03:36.619Z,-23.6054815,-46.8366814,822.571,11.571,11.620,3,128,278
1784772216677,2026-07-23T02:03:36.677Z,-23.6054830,-46.8366877,822.441,11.586,11.580,3,128,278
1784772216735,2026-07-23T02:03:36.735Z,-23.6054843,-46.8366943,822.309,11.752,11.600,3,128,278
1784772216793,2026-07-23T02:03:36.793Z,-23.6054858,-46.8367010,822.198,11.960,11.770,3,128,278
1784772216851,2026-07-23T02:03:36.851Z,-23.6054875,-46.8367076,822.141,12.168,11.980,3,128,278
1784772216909,2026-07-23T02:03:36.909Z,-23.6054892,-46.8367142,822.035,12.333,12.190,3,128,278
1784772216967,2026-07-23T02:03:36.967Z,-23.6054907,-46.8367208,821.963,12.419,12.360,3,128,278
1784772217025,2026-07-23T02:03:37.025Z,-23.6054922,-46.8367274,821.915,12.482,12.440,3,128,278
1784772217083,2026-07-23T02:03:37.083Z,-23.6054938,-46.8367342,821.842,12.694,12.510,3,128,278
1784772217141,2026-07-23T02:03:37.141Z,-23.6054956,-46.8367409,821.765,12.744,12.720,3,128,278
1784772217199,2026-07-23T02:03:37.199Z,-23.6054972,-46.8367475,821.695,12.797,12.770,3,128,278
1784772217257,2026-07-23T02:03:37.257Z,-23.6054990,-46.8367543,821.621,12.867,12.820,3,128,278
1784772217315,2026-07-23T02:03:37.315Z,-23.6055009,-46.8367610,821.561,12.937,12.890,3,128,278
1784772217373,2026-07-23T02:03:37.373Z,-23.6055030,-46.8367677,821.499,13.028,12.960,3,128,278
1784772217431,2026-07-23T02:03:37.431Z,-23.6055053,-46.8367742,821.450,13.002,13.050,3,128,278
1784772217489,2026-07-23T02:03:37.489Z,-23.6055078,-46.8367807,821.383,13.054,13.030,3,128,278
1784772217547,2026-07-23T02:03:37.547Z,-23.6055106,-46.8367872,821.328,13.142,13.080,3,128,278
1784772217605,2026-07-23T02:03:37.605Z,-23.6055136,-46.8367935,821.286,13.151,13.170,3,128,278
1784772217664,2026-07-23T02:03:37.664Z,-23.6055169,-46.8367997,821.229,13.221,13.180,3,128,279
1784772217722,2026-07-23T02:03:37.722Z,-23.6055205,-46.8368058,821.191,13.259,13.250,3,128,279
1784772217780,2026-07-23T02:03:37.780Z,-23.6055245,-46.8368114,821.168,13.201,13.290,3,128,279
1784772217838,2026-07-23T02:03:37.838Z,-23.6055286,-46.8368171,821.161,13.209,13.230,3,128,279
1784772217896,2026-07-23T02:03:37.896Z,-23.6055331,-46.8368226,821.151,13.361,13.230,3,128,279
1784772217955,2026-07-23T02:03:37.955Z,-23.6055377,-46.8368280,821.076,13.444,13.380,3,128,279
1784772218013,2026-07-23T02:03:38.013Z,-23.6055424,-46.8368329,821.012,13.365,13.470,3,128,279
1784772218071,2026-07-23T02:03:38.071Z,-23.6055473,-46.8368376,820.964,13.290,13.390,3,128,279
1784772218129,2026-07-23T02:03:38.129Z,-23.6055529,-46.8368425,820.945,13.677,13.320,3,128,279
1784772218188,2026-07-23T02:03:38.188Z,-23.6055582,-46.8368469,820.903,13.590,13.700,3,128,279
1784772218246,2026-07-23T02:03:38.246Z,-23.6055637,-46.8368510,820.912,13.491,13.610,3,128,279
1784772218304,2026-07-23T02:03:38.304Z,-23.6055696,-46.8368547,820.915,13.575,13.510,3,128,279
1784772218362,2026-07-23T02:03:38.362Z,-23.6055758,-46.8368582,820.871,13.729,13.600,3,128,279
1784772218421,2026-07-23T02:03:38.421Z,-23.6055820,-46.8368615,820.796,13.806,13.750,3,128,279
1784772218479,2026-07-23T02:03:38.479Z,-23.6055883,-46.8368643,820.776,13.765,13.830,3,128,279
1784772218537,2026-07-23T02:03:38.537Z,-23.6056012,-46.8368698,820.695,13.883,13.790,3,128,279
1784772218595,2026-07-23T02:03:38.595Z,-23.6056077,-46.8368718,820.694,13.686,13.900,3,128,279
1784772218654,2026-07-23T02:03:38.654Z,-23.6056143,-46.8368736,820.670,13.680,13.700,3,128,280
1784772218709,2026-07-23T02:03:38.709Z,-23.6056209,-46.8368753,820.607,13.643,13.700,3,128,280
1784772218764,2026-07-23T02:03:38.764Z,-23.6056276,-46.8368766,820.553,13.629,13.660,3,128,280
1784772218819,2026-07-23T02:03:38.819Z,-23.6056344,-46.8368775,820.537,13.681,13.650,3,128,280
1784772218874,2026-07-23T02:03:38.874Z,-23.6056412,-46.8368778,820.507,13.586,13.700,3,128,280
1784772218929,2026-07-23T02:03:38.929Z,-23.6056476,-46.8368779,820.511,13.178,13.600,3,128,280
1784772218984,2026-07-23T02:03:38.984Z,-23.6056540,-46.8368776,820.501,12.987,13.200,3,128,280
1784772219039,2026-07-23T02:03:39.039Z,-23.6056608,-46.8368768,820.473,13.124,13.000,3,128,280
1784772219094,2026-07-23T02:03:39.094Z,-23.6056677,-46.8368757,820.570,13.285,13.140,3,128,280
1784772219149,2026-07-23T02:03:39.149Z,-23.6056739,-46.8368742,820.672,13.034,13.300,3,128,280
1784772219204,2026-07-23T02:03:39.204Z,-23.6056800,-46.8368722,820.758,12.823,13.040,3,128,280
1784772219259,2026-07-23T02:03:39.259Z,-23.6056863,-46.8368700,820.796,12.903,12.830,3,128,280
1784772219314,2026-07-23T02:03:39.314Z,-23.6056926,-46.8368673,820.743,13.070,12.910,3,128,280
1784772219369,2026-07-23T02:03:39.369Z,-23.6056987,-46.8368648,820.737,13.020,13.070,3,128,280
1784772219424,2026-07-23T02:03:39.424Z,-23.6057040,-46.8368618,820.775,12.592,13.030,3,128,280
1784772219479,2026-07-23T02:03:39.479Z,-23.6057092,-46.8368581,820.773,12.466,12.600,3,128,280
1784772219534,2026-07-23T02:03:39.534Z,-23.6057147,-46.8368541,820.746,12.685,12.470,3,128,280
1784772219589,2026-07-23T02:03:39.589Z,-23.6057198,-46.8368500,820.738,12.706,12.690,3,128,280
1784772219644,2026-07-23T02:03:39.644Z,-23.6057245,-46.8368460,820.757,12.392,12.710,3,128,281
1784772219696,2026-07-23T02:03:39.696Z,-23.6057291,-46.8368418,820.784,12.223,12.390,3,128,281
1784772219748,2026-07-23T02:03:39.748Z,-23.6057335,-46.8368370,820.741,12.216,12.230,3,128,281
1784772219800,2026-07-23T02:03:39.800Z,-23.6057376,-46.8368321,820.743,12.207,12.220,3,128,281
1784772219852,2026-07-23T02:03:39.852Z,-23.6057417,-46.8368274,820.830,12.105,12.210,3,128,281
1784772219904,2026-07-23T02:03:39.904Z,-23.6057453,-46.8368226,820.930,11.859,12.110,3,128,281
1784772219956,2026-07-23T02:03:39.956Z,-23.6057484,-46.8368171,820.961,11.833,11.860,3,128,281
1784772220008,2026-07-23T02:03:40.008Z,-23.6057512,-46.8368110,820.919,11.962,11.830,3,128,281
1784772220060,2026-07-23T02:03:40.060Z,-23.6057539,-46.8368051,820.948,12.038,11.960,3,128,281
1784772220112,2026-07-23T02:03:40.112Z,-23.6057563,-46.8367992,821.006,11.970,12.040,3,128,281
1784772220165,2026-07-23T02:03:40.165Z,-23.6057582,-46.8367931,821.014,11.944,11.970,3,128,281
1784772220217,2026-07-23T02:03:40.217Z,-23.6057597,-46.8367871,821.014,11.713,11.940,3,128,281
1784772220269,2026-07-23T02:03:40.269Z,-23.6057611,-46.8367809,821.016,11.668,11.710,3,128,281
1784772220321,2026-07-23T02:03:40.321Z,-23.6057624,-46.8367747,821.004,11.731,11.670,3,128,281
1784772220373,2026-07-23T02:03:40.373Z,-23.6057631,-46.8367684,821.013,11.647,11.730,3,128,281
1784772220425,2026-07-23T02:03:40.425Z,-23.6057635,-46.8367621,821.006,11.606,11.650,3,128,281
1784772220477,2026-07-23T02:03:40.477Z,-23.6057635,-46.8367557,821.041,11.642,11.610,3,128,281
1784772220529,2026-07-23T02:03:40.529Z,-23.6057634,-46.8367491,821.065,11.835,11.640,3,128,281
1784772220581,2026-07-23T02:03:40.581Z,-23.6057632,-46.8367429,821.130,11.749,11.840,3,128,281
1784772220634,2026-07-23T02:03:40.634Z,-23.6057625,-46.8367368,821.186,11.597,11.750,3,128,282
1784772220692,2026-07-23T02:03:40.692Z,-23.6057615,-46.8367306,821.184,11.573,11.600,3,128,282
1784772220750,2026-07-23T02:03:40.750Z,-23.6057603,-46.8367244,821.245,11.679,11.570,3,128,282
1784772220808,2026-07-23T02:03:40.808Z,-23.6057590,-46.8367181,821.261,11.782,11.680,3,128,282
1784772220866,2026-07-23T02:03:40.866Z,-23.6057572,-46.8367119,821.305,11.871,11.780,3,128,282
1784772220925,2026-07-23T02:03:40.925Z,-23.6057552,-46.8367056,821.334,12.068,11.870,3,128,282
1784772220983,2026-07-23T02:03:40.983Z,-23.6057533,-46.8366994,821.371,12.093,12.070,3,128,282
1784772221041,2026-07-23T02:03:41.041Z,-23.6057512,-46.8366930,821.438,12.328,12.090,3,128,282
1784772221099,2026-07-23T02:03:41.099Z,-23.6057493,-46.8366867,821.514,12.340,12.330,3,128,282
1784772221158,2026-07-23T02:03:41.158Z,-23.6057476,-46.8366802,821.582,12.428,12.340,3,128,282
1784772221216,2026-07-23T02:03:41.216Z,-23.6057459,-46.8366738,821.638,12.433,12.430,3,128,282
1784772221274,2026-07-23T02:03:41.274Z,-23.6057443,-46.8366672,821.708,12.499,12.440,3,128,282
1784772221332,2026-07-23T02:03:41.332Z,-23.6057426,-46.8366609,821.805,12.414,12.500,3,128,282
1784772221391,2026-07-23T02:03:41.391Z,-23.6057410,-46.8366548,821.894,12.250,12.420,3,128,282
1784772221449,2026-07-23T02:03:41.449Z,-23.6057394,-46.8366487,821.975,12.035,12.260,3,128,282
1784772221507,2026-07-23T02:03:41.507Z,-23.6057363,-46.8366363,822.016,11.944,12.040,3,128,282
1784772221565,2026-07-23T02:03:41.565Z,-23.6057348,-46.8366300,822.052,11.984,11.950,3,128,282
1784772221624,2026-07-23T02:03:41.624Z,-23.6057333,-46.8366237,822.086,12.008,11.990,3,128,283
1784772221679,2026-07-23T02:03:41.679Z,-23.6057318,-46.8366173,822.133,12.072,12.020,3,128,283
1784772221734,2026-07-23T02:03:41.734Z,-23.6057306,-46.8366110,822.200,12.020,12.080,3,128,283
1784772221789,2026-07-23T02:03:41.789Z,-23.6057292,-46.8366046,822.252,12.076,12.030,3,128,283
1784772221844,2026-07-23T02:03:41.844Z,-23.6057275,-46.8365981,822.321,12.192,12.090,3,128,283
1784772221899,2026-07-23T02:03:41.899Z,-23.6057260,-46.8365916,822.394,12.279,12.200,3,128,283
1784772221954,2026-07-23T02:03:41.954Z,-23.6057243,-46.8365849,822.468,12.447,12.290,3,128,283
1784772222009,2026-07-23T02:03:42.009Z,-23.6057227,-46.8365785,822.526,12.408,12.460,3,128,283
1784772222064,2026-07-23T02:03:42.064Z,-23.6057211,-46.8365720,822.571,12.421,12.420,3,128,283
1784772222119,2026-07-23T02:03:42.119Z,-23.6057195,-46.8365653,822.611,12.519,12.440,3,128,283
1784772222174,2026-07-23T02:03:42.174Z,-23.6057178,-46.8365587,822.668,12.579,12.540,3,128,283
1784772222229,2026-07-23T02:03:42.229Z,-23.6057161,-46.8365523,822.742,12.555,12.600,3,128,283
1784772222284,2026-07-23T02:03:42.284Z,-23.6057145,-46.8365455,822.782,12.662,12.570,3,128,283
1784772222339,2026-07-23T02:03:42.339Z,-23.6057129,-46.8365388,822.825,12.752,12.680,3,128,283
1784772222394,2026-07-23T02:03:42.394Z,-23.6057112,-46.8365320,822.866,12.833,12.770,3,128,283
1784772222449,2026-07-23T02:03:42.449Z,-23.6057077,-46.8365186,822.956,12.881,12.850,3,128,283
1784772222504,2026-07-23T02:03:42.504Z,-23.6057059,-46.8365119,823.020,12.910,12.900,3,128,283
1784772222559,2026-07-23T02:03:42.559Z,-23.6057040,-46.8365053,823.082,12.894,12.930,3,128,283
1784772222614,2026-07-23T02:03:42.614Z,-23.6057022,-46.8364986,823.145,12.932,12.920,3,128,284
1784772222675,2026-07-23T02:03:42.675Z,-23.6057004,-46.8364919,823.200,12.947,12.950,3,128,284
1784772222737,2026-07-23T02:03:42.737Z,-23.6056984,-46.8364852,823.270,12.980,12.970,3,128,284
1784772222799,2026-07-23T02:03:42.799Z,-23.6056963,-46.8364784,823.321,13.078,13.000,3,128,284
1784772222861,2026-07-23T02:03:42.861Z,-23.6056943,-46.8364717,823.378,13.079,13.100,3,128,284
1784772222923,2026-07-23T02:03:42.923Z,-23.6056921,-46.8364652,823.463,13.060,13.100,3,128,284
1784772222985,2026-07-23T02:03:42.985Z,-23.6056898,-46.8364586,823.518,13.043,13.090,3,128,284
1784772223047,2026-07-23T02:03:43.047Z,-23.6056872,-46.8364521,823.571,13.067,13.070,3,128,284
1784772223109,2026-07-23T02:03:43.109Z,-23.6056846,-46.8364456,823.628,13.124,13.090,3,128,284
1784772223170,2026-07-23T02:03:43.170Z,-23.6056817,-46.8364393,823.701,13.091,13.150,3,128,284
1784772223232,2026-07-23T02:03:43.232Z,-23.6056788,-46.8364330,823.735,13.097,13.120,3,128,284
1784772223294,2026-07-23T02:03:43.294Z,-23.6056758,-46.8364267,823.792,13.142,13.120,3,128,284
1784772223356,2026-07-23T02:03:43.356Z,-23.6056724,-46.8364205,823.863,13.196,13.170,3,128,284
1784772223418,2026-07-23T02:03:43.418Z,-23.6056689,-46.8364146,823.921,13.236,13.220,3,128,284
1784772223480,2026-07-23T02:03:43.480Z,-23.6056617,-46.8364029,824.017,13.120,13.260,3,128,284
1784772223542,2026-07-23T02:03:43.542Z,-23.6056575,-46.8363974,824.051,13.159,13.150,3,128,284
1784772223604,2026-07-23T02:03:43.604Z,-23.6056531,-46.8363922,824.125,13.189,13.190,3,128,285
1784772223665,2026-07-23T02:03:43.665Z,-23.6056486,-46.8363871,824.183,13.201,13.220,3,128,285
1784772223726,2026-07-23T02:03:43.726Z,-23.6056438,-46.8363821,824.236,13.311,13.230,3,128,285
1784772223788,2026-07-23T02:03:43.788Z,-23.6056389,-46.8363773,824.329,13.366,13.340,3,128,285
1784772223849,2026-07-23T02:03:43.849Z,-23.6056340,-46.8363728,824.387,13.198,13.400,3,128,285
1784772223911,2026-07-23T02:03:43.911Z,-23.6056288,-46.8363685,824.471,13.227,13.230,3,128,285
1784772223972,2026-07-23T02:03:43.972Z,-23.6056235,-46.8363644,824.510,13.249,13.260,3,128,285
1784772224034,2026-07-23T02:03:44.034Z,-23.6056180,-46.8363603,824.579,13.286,13.280,3,128,285
1784772224095,2026-07-23T02:03:44.095Z,-23.6056123,-46.8363563,824.627,13.458,13.320,3,128,285
1784772224157,2026-07-23T02:03:44.157Z,-23.6056067,-46.8363527,824.680,13.389,13.490,3,128,285
1784772224218,2026-07-23T02:03:44.218Z,-23.6056010,-46.8363492,824.710,13.343,13.420,3,128,285
1784772224280,2026-07-23T02:03:44.280Z,-23.6055952,-46.8363458,824.734,13.350,13.370,3,128,285
1784772224341,2026-07-23T02:03:44.341Z,-23.6055892,-46.8363427,824.798,13.404,13.380,3,128,285
1784772224403,2026-07-23T02:03:44.403Z,-23.6055831,-46.8363396,824.816,13.456,13.430,3,128,285
1784772224464,2026-07-23T02:03:44.464Z,-23.6055768,-46.8363367,824.841,13.597,13.480,3,128,285
1784772224526,2026-07-23T02:03:44.526Z,-23.6055642,-46.8363313,824.945,13.592,13.620,3,128,285
1784772224587,2026-07-23T02:03:44.587Z,-23.6055575,-46.8363293,824.930,13.676,13.620,3,128,285
1784772224649,2026-07-23T02:03:44.649Z,-23.6055511,-46.8363275,824.965,13.569,13.700,3,128,286
1784772224704,2026-07-23T02:03:44.704Z,-23.6055443,-46.8363258,824.981,13.703,13.590,3,128,286
1784772224759,2026-07-23T02:03:44.759Z,-23.6055374,-46.8363243,825.014,13.805,13.730,3,128,286
1784772224814,2026-07-23T02:03:44.814Z,-23.6055307,-46.8363232,825.008,13.716,13.830,3,128,286
1784772224869,2026-07-23T02:03:44.869Z,-23.6055239,-46.8363223,825.036,13.744,13.740,3,128,286
1784772224924,2026-07-23T02:03:44.924Z,-23.6055170,-46.8363213,825.090,13.866,13.760,3,128,286
1784772224979,2026-07-23T02:03:44.979Z,-23.6055102,-46.8363204,825.117,13.883,13.890,3,128,286
1784772225034,2026-07-23T02:03:45.034Z,-23.6055033,-46.8363200,825.125,13.880,13.900,3,128,286
1784772225089,2026-07-23T02:03:45.089Z,-23.6054964,-46.8363197,825.136,13.883,13.900,3,128,286
1784772225144,2026-07-23T02:03:45.144Z,-23.6054894,-46.8363196,825.138,13.949,13.900,3,128,286
1784772225199,2026-07-23T02:03:45.199Z,-23.6054823,-46.8363195,825.159,14.072,13.970,3,128,286
1784772225254,2026-07-23T02:03:45.254Z,-23.6054754,-46.8363197,825.221,13.923,14.090,3,128,286
1784772225309,2026-07-23T02:03:45.309Z,-23.6054686,-46.8363200,825.230,13.873,13.940,3,128,286
1784772225364,2026-07-23T02:03:45.364Z,-23.6054615,-46.8363206,825.238,14.014,13.890,3,128,286
1784772225419,2026-07-23T02:03:45.419Z,-23.6054544,-46.8363213,825.249,14.107,14.030,3,128,286
1784772225474,2026-07-23T02:03:45.474Z,-23.6054474,-46.8363220,825.295,14.138,14.120,3,128,286
1784772225529,2026-07-23T02:03:45.529Z,-23.6054402,-46.8363232,825.317,14.242,14.150,3,128,286
1784772225584,2026-07-23T02:03:45.584Z,-23.6054332,-46.8363243,825.352,14.268,14.250,3,128,286
1784772225639,2026-07-23T02:03:45.639Z,-23.6054261,-46.8363257,825.397,14.292,14.280,3,128,287
1784772225691,2026-07-23T02:03:45.691Z,-23.6054191,-46.8363274,825.436,14.327,14.300,3,128,287
1784772225743,2026-07-23T02:03:45.743Z,-23.6054123,-46.8363290,825.466,14.250,14.340,3,128,287
1784772225795,2026-07-23T02:03:45.795Z,-23.6054052,-46.8363307,825.490,14.375,14.260,3,128,287
1784772225847,2026-07-23T02:03:45.847Z,-23.6053981,-46.8363327,825.533,14.510,14.390,3,128,287
1784772225899,2026-07-23T02:03:45.899Z,-23.6053911,-46.8363347,825.575,14.557,14.520,3,128,287
1784772225951,2026-07-23T02:03:45.951Z,-23.6053839,-46.8363369,825.610,14.694,14.570,3,128,287
1784772226003,2026-07-23T02:03:46.003Z,-23.6053768,-46.8363391,825.645,14.763,14.710,3,128,287
1784772226055,2026-07-23T02:03:46.055Z,-23.6053696,-46.8363414,825.672,14.895,14.770,3,128,287
1784772226107,2026-07-23T02:03:46.107Z,-23.6053623,-46.8363438,825.700,15.080,14.910,3,128,287
1784772226160,2026-07-23T02:03:46.160Z,-23.6053550,-46.8363463,825.731,15.201,15.090,3,128,287
1784772226212,2026-07-23T02:03:46.212Z,-23.6053476,-46.8363486,825.770,15.342,15.210,3,128,287
1784772226264,2026-07-23T02:03:46.264Z,-23.6053403,-46.8363513,825.848,15.425,15.350,3,128,287
1784772226316,2026-07-23T02:03:46.316Z,-23.6053329,-46.8363536,825.877,15.433,15.440,3,128,287
1784772226368,2026-07-23T02:03:46.368Z,-23.6053257,-46.8363558,825.940,15.329,15.440,3,128,287
1784772226420,2026-07-23T02:03:46.420Z,-23.6053187,-46.8363581,826.001,15.075,15.340,3,128,287
1784772226472,2026-07-23T02:03:46.472Z,-23.6053116,-46.8363604,826.008,15.009,15.090,3,128,287
1784772226524,2026-07-23T02:03:46.524Z,-23.6053045,-46.8363627,826.034,14.989,15.020,3,128,287
1784772226576,2026-07-23T02:03:46.576Z,-23.6052975,-46.8363651,826.081,14.955,15.000,3,128,287
1784772226629,2026-07-23T02:03:46.629Z,-23.6052904,-46.8363675,826.142,14.928,14.970,3,128,288
1784772226684,2026-07-23T02:03:46.684Z,-23.6052833,-46.8363697,826.189,14.897,14.940,3,128,288
1784772226739,2026-07-23T02:03:46.739Z,-23.6052763,-46.8363720,826.253,14.827,14.910,3,128,288
1784772226794,2026-07-23T02:03:46.794Z,-23.6052692,-46.8363744,826.332,14.879,14.840,3,128,288
1784772226849,2026-07-23T02:03:46.849Z,-23.6052620,-46.8363766,826.355,15.001,14.890,3,128,288
1784772226904,2026-07-23T02:03:46.904Z,-23.6052547,-46.8363789,826.353,15.122,15.010,3,128,288
1784772226959,2026-07-23T02:03:46.959Z,-23.6052475,-46.8363814,826.415,15.149,15.130,3,128,288
1784772227014,2026-07-23T02:03:47.014Z,-23.6052403,-46.8363839,826.472,15.205,15.160,3,128,288
1784772227069,2026-07-23T02:03:47.069Z,-23.6052330,-46.8363865,826.535,15.276,15.220,3,128,288
1784772227124,2026-07-23T02:03:47.124Z,-23.6052258,-46.8363890,826.600,15.277,15.290,3,128,288
1784772227179,2026-07-23T02:03:47.179Z,-23.6052185,-46.8363916,826.655,15.328,15.290,3,128,288
1784772227234,2026-07-23T02:03:47.234Z,-23.6052112,-46.8363941,826.688,15.318,15.340,3,128,288
1784772227289,2026-07-23T02:03:47.289Z,-23.6052038,-46.8363968,826.762,15.455,15.330,3,128,288
1784772227344,2026-07-23T02:03:47.344Z,-23.6051965,-46.8363993,826.829,15.467,15.470,3,128,288
1784772227399,2026-07-23T02:03:47.399Z,-23.6051891,-46.8364018,826.896,15.516,15.480,3,128,288
1784772227454,2026-07-23T02:03:47.454Z,-23.6051817,-46.8364044,826.980,15.557,15.530,3,128,288
1784772227509,2026-07-23T02:03:47.509Z,-23.6051742,-46.8364070,827.056,15.610,15.570,3,128,288
1784772227564,2026-07-23T02:03:47.564Z,-23.6051667,-46.8364096,827.142,15.668,15.630,3,128,288
1784772227619,2026-07-23T02:03:47.619Z,-23.6051594,-46.8364122,827.225,15.592,15.690,3,128,289
1784772227674,2026-07-23T02:03:47.674Z,-23.6051520,-46.8364148,827.297,15.644,15.610,3,128,289
1784772227729,2026-07-23T02:03:47.729Z,-23.6051444,-46.8364173,827.359,15.715,15.660,3,128,289
1784772227784,2026-07-23T02:03:47.784Z,-23.6051370,-46.8364198,827.431,15.663,15.730,3,128,289
1784772227839,2026-07-23T02:03:47.839Z,-23.6051297,-46.8364223,827.490,15.614,15.680,3,128,289
1784772227894,2026-07-23T02:03:47.894Z,-23.6051223,-46.8364249,827.536,15.640,15.630,3,128,289
1784772227949,2026-07-23T02:03:47.949Z,-23.6051147,-46.8364275,827.603,15.779,15.660,3,128,289
1784772228004,2026-07-23T02:03:48.004Z,-23.6051072,-46.8364300,827.663,15.779,15.800,3,128,289
1784772228059,2026-07-23T02:03:48.059Z,-23.6050998,-46.8364326,827.726,15.712,15.800,3,128,289
1784772228114,2026-07-23T02:03:48.114Z,-23.6050923,-46.8364351,827.769,15.733,15.730,3,128,289
1784772228169,2026-07-23T02:03:48.169Z,-23.6050848,-46.8364377,827.838,15.821,15.750,3,128,289
1784772228224,2026-07-23T02:03:48.224Z,-23.6050771,-46.8364402,827.889,15.918,15.840,3,128,289
1784772228279,2026-07-23T02:03:48.279Z,-23.6050697,-46.8364428,827.960,15.824,15.940,3,128,289
1784772228334,2026-07-23T02:03:48.334Z,-23.6050621,-46.8364454,828.041,15.837,15.850,3,128,289
1784772228389,2026-07-23T02:03:48.389Z,-23.6050544,-46.8364480,828.138,15.964,15.860,3,128,289
1784772228444,2026-07-23T02:03:48.444Z,-23.6050467,-46.8364506,828.201,16.107,15.990,3,128,289
1784772228499,2026-07-23T02:03:48.499Z,-23.6050391,-46.8364531,828.235,16.082,16.130,3,128,289
1784772228554,2026-07-23T02:03:48.554Z,-23.6050315,-46.8364556,828.317,16.023,16.110,3,128,289
1784772228609,2026-07-23T02:03:48.609Z,-23.6050239,-46.8364581,828.387,15.988,16.050,3,128,290
1784772228664,2026-07-23T02:03:48.664Z,-23.6050162,-46.8364606,828.465,16.046,16.010,3,128,290
1784772228719,2026-07-23T02:03:48.719Z,-23.6050086,-46.8364630,828.512,15.991,16.070,3,128,290
1784772228774,2026-07-23T02:03:48.774Z,-23.6050011,-46.8364655,828.606,15.960,16.020,3,128,290
1784772228829,2026-07-23T02:03:48.829Z,-23.6049934,-46.8364680,828.701,16.018,15.990,3,128,290
1784772228884,2026-07-23T02:03:48.884Z,-23.6049857,-46.8364705,828.767,16.090,16.050,3,128,290
1784772228939,2026-07-23T02:03:48.939Z,-23.6049780,-46.8364730,828.815,16.143,16.120,3,128,290
1784772228994,2026-07-23T02:03:48.994Z,-23.6049702,-46.8364755,828.895,16.217,16.170,3,128,290
1784772229049,2026-07-23T02:03:49.049Z,-23.6049626,-46.8364780,828.966,16.150,16.250,3,128,290
1784772229104,2026-07-23T02:03:49.104Z,-23.6049550,-46.8364805,829.022,16.116,16.180,3,128,290
1784772229159,2026-07-23T02:03:49.159Z,-23.6049473,-46.8364832,829.090,16.170,16.150,3,128,290
1784772229214,2026-07-23T02:03:49.214Z,-23.6049397,-46.8364859,829.166,16.165,16.200,3,128,290
1784772229269,2026-07-23T02:03:49.269Z,-23.6049321,-46.8364885,829.236,16.197,16.200,3,128,290
1784772229324,2026-07-23T02:03:49.324Z,-23.6049243,-46.8364912,829.311,16.315,16.230,3,128,290
1784772229379,2026-07-23T02:03:49.379Z,-23.6049166,-46.8364938,829.355,16.339,16.350,3,128,290
1784772229434,2026-07-23T02:03:49.434Z,-23.6049011,-46.8364993,829.484,16.418,16.370,3,128,290
1784772229489,2026-07-23T02:03:49.489Z,-23.6048934,-46.8365021,829.559,16.353,16.450,3,128,290
1784772229544,2026-07-23T02:03:49.544Z,-23.6048856,-46.8365047,829.617,16.339,16.380,3,128,290
1784772229599,2026-07-23T02:03:49.599Z,-23.6048780,-46.8365075,829.658,16.353,16.370,3,128,291
1784772229664,2026-07-23T02:03:49.664Z,-23.6048703,-46.8365103,829.694,16.338,16.380,3,128,291
1784772229729,2026-07-23T02:03:49.729Z,-23.6048625,-46.8365130,829.711,16.468,16.370,3,128,291
1784772229794,2026-07-23T02:03:49.794Z,-23.6048547,-46.8365158,829.750,16.578,16.490,3,128,291
1784772229860,2026-07-23T02:03:49.860Z,-23.6048467,-46.8365187,829.817,16.676,16.600,3,128,291
1784772229925,2026-07-23T02:03:49.925Z,-23.6048390,-46.8365215,829.850,16.590,16.700,3,128,291
1784772229990,2026-07-23T02:03:49.990Z,-23.6048311,-46.8365243,829.889,16.681,16.610,3,128,291
1784772230056,2026-07-23T02:03:50.056Z,-23.6048233,-46.8365272,829.918,16.717,16.700,3,128,291
1784772230121,2026-07-23T02:03:50.121Z,-23.6048155,-46.8365303,829.940,16.684,16.740,3,128,291
1784772230186,2026-07-23T02:03:50.186Z,-23.6048078,-46.8365334,829.944,16.696,16.710,3,128,291
1784772230252,2026-07-23T02:03:50.252Z,-23.6048000,-46.8365368,829.971,16.777,16.720,3,128,291
1784772230317,2026-07-23T02:03:50.317Z,-23.6047924,-46.8365403,829.991,16.785,16.800,3,128,291
1784772230382,2026-07-23T02:03:50.382Z,-23.6047847,-46.8365437,829.995,16.779,16.800,3,128,291
1784772230448,2026-07-23T02:03:50.448Z,-23.6047773,-46.8365474,830.004,16.720,16.800,3,128,291
1784772230513,2026-07-23T02:03:50.513Z,-23.6047624,-46.8365553,830.043,16.685,16.740,3,128,291
1784772230578,2026-07-23T02:03:50.578Z,-23.6047551,-46.8365595,830.035,16.763,16.700,3,128,291
1784772230644,2026-07-23T02:03:50.644Z,-23.6047479,-46.8365641,830.018,16.806,16.780,3,128,292
1784772230696,2026-07-23T02:03:50.696Z,-23.6047409,-46.8365686,829.969,16.732,16.820,3,128,292
1784772230748,2026-07-23T02:03:50.748Z,-23.6047339,-46.8365734,829.955,16.750,16.740,3,128,292
1784772230800,2026-07-23T02:03:50.800Z,-23.6047269,-46.8365785,829.955,16.817,16.760,3,128,292
1784772230852,2026-07-23T02:03:50.852Z,-23.6047202,-46.8365838,829.959,16.821,16.820,3,128,292
1784772230904,2026-07-23T02:03:50.904Z,-23.6047133,-46.8365894,829.986,16.995,16.830,3,128,292
1784772230956,2026-07-23T02:03:50.956Z,-23.6047066,-46.8365951,830.005,17.084,17.000,3,128,292
1784772231008,2026-07-23T02:03:51.008Z,-23.6047001,-46.8366009,830.006,17.082,17.090,3,128,292
1784772231060,2026-07-23T02:03:51.060Z,-23.6046935,-46.8366068,829.998,17.220,17.090,3,128,292
1784772231112,2026-07-23T02:03:51.112Z,-23.6046872,-46.8366129,829.993,17.240,17.220,3,128,292
1784772231165,2026-07-23T02:03:51.165Z,-23.6046810,-46.8366192,829.995,17.192,17.240,3,128,292
1784772231217,2026-07-23T02:03:51.217Z,-23.6046749,-46.8366257,829.987,17.272,17.200,3,128,292
1784772231269,2026-07-23T02:03:51.269Z,-23.6046690,-46.8366325,829.998,17.295,17.280,3,128,292
1784772231321,2026-07-23T02:03:51.321Z,-23.6046634,-46.8366394,830.020,17.251,17.300,3,128,292
1784772231373,2026-07-23T02:03:51.373Z,-23.6046579,-46.8366465,829.980,17.291,17.250,3,128,292
1784772231425,2026-07-23T02:03:51.425Z,-23.6046522,-46.8366538,829.943,17.476,17.290,3,128,292
1784772231477,2026-07-23T02:03:51.477Z,-23.6046468,-46.8366610,829.882,17.540,17.480,3,128,292
1784772231529,2026-07-23T02:03:51.529Z,-23.6046414,-46.8366684,829.861,17.578,17.540,3,128,292
1784772231581,2026-07-23T02:03:51.581Z,-23.6046362,-46.8366758,829.842,17.601,17.580,3,128,292
1784772231634,2026-07-23T02:03:51.634Z,-23.6046312,-46.8366835,829.804,17.605,17.600,3,137,293
1784772231695,2026-07-23T02:03:51.695Z,-23.6046262,-46.8366911,829.765,17.587,17.600,3,137,293
1784772231756,2026-07-23T02:03:51.756Z,-23.6046215,-46.8366989,829.684,17.562,17.590,3,137,293
1784772231818,2026-07-23T02:03:51.818Z,-23.6046171,-46.8367068,829.603,17.498,17.560,3,137,293
1784772231879,2026-07-23T02:03:51.879Z,-23.6046128,-46.8367151,829.533,17.633,17.500,3,137,293
1784772231941,2026-07-23T02:03:51.941Z,-23.6046086,-46.8367236,829.442,17.786,17.630,3,137,293
1784772232002,2026-07-23T02:03:52.002Z,-23.6046046,-46.8367322,829.401,17.880,17.790,3,137,293
1784772232064,2026-07-23T02:03:52.064Z,-23.6046008,-46.8367409,829.341,17.900,17.880,3,137,293
1784772232125,2026-07-23T02:03:52.125Z,-23.6045973,-46.8367497,829.271,17.919,17.900,3,137,293
1784772232187,2026-07-23T02:03:52.187Z,-23.6045940,-46.8367586,829.195,17.911,17.920,3,137,293
1784772232248,2026-07-23T02:03:52.248Z,-23.6045909,-46.8367674,829.117,17.840,17.910,3,137,293
1784772232310,2026-07-23T02:03:52.310Z,-23.6045879,-46.8367765,829.037,17.958,17.840,3,137,293
1784772232371,2026-07-23T02:03:52.371Z,-23.6045850,-46.8367857,828.947,18.065,17.960,3,137,293
1784772232433,2026-07-23T02:03:52.433Z,-23.6045822,-46.8367949,828.879,18.114,18.070,3,137,293
1784772232494,2026-07-23T02:03:52.494Z,-23.6045795,-46.8368042,828.795,18.154,18.120,3,137,293
1784772232556,2026-07-23T02:03:52.556Z,-23.6045741,-46.8368229,828.718,18.218,18.160,3,137,293
1784772232617,2026-07-23T02:03:52.617Z,-23.6045720,-46.8368323,828.678,18.194,18.230,3,137,293
1784772232679,2026-07-23T02:03:52.679Z,-23.6045710,-46.8368418,828.534,18.071,18.200,3,137,294
1784772232737,2026-07-23T02:03:52.737Z,-23.6045700,-46.8368511,828.408,17.928,18.080,3,137,294
1784772232795,2026-07-23T02:03:52.795Z,-23.6045691,-46.8368605,828.283,17.883,17.940,3,137,294
1784772232853,2026-07-23T02:03:52.853Z,-23.6045683,-46.8368699,828.192,17.814,17.900,3,137,294
1784772232911,2026-07-23T02:03:52.911Z,-23.6045678,-46.8368791,828.068,17.644,17.840,3,137,294
1784772232970,2026-07-23T02:03:52.970Z,-23.6045676,-46.8368885,827.945,17.591,17.670,3,137,294
1784772233028,2026-07-23T02:03:53.028Z,-23.6045676,-46.8368979,827.809,17.616,17.620,3,137,294
1784772233086,2026-07-23T02:03:53.086Z,-23.6045678,-46.8369074,827.716,17.649,17.650,3,137,294
1784772233144,2026-07-23T02:03:53.144Z,-23.6045683,-46.8369166,827.586,17.493,17.680,3,137,294
1784772233203,2026-07-23T02:03:53.203Z,-23.6045693,-46.8369257,827.450,17.363,17.530,3,137,294
1784772233261,2026-07-23T02:03:53.261Z,-23.6045708,-46.8369350,827.328,17.415,17.400,3,137,294
1784772233319,2026-07-23T02:03:53.319Z,-23.6045724,-46.8369442,827.208,17.491,17.460,3,137,294
1784772233377,2026-07-23T02:03:53.377Z,-23.6045742,-46.8369531,827.082,17.346,17.540,3,137,294
1784772233436,2026-07-23T02:03:53.436Z,-23.6045765,-46.8369616,826.921,17.062,17.390,3,137,294
1784772233494,2026-07-23T02:03:53.494Z,-23.6045791,-46.8369705,826.793,17.253,17.110,3,137,294
1784772233552,2026-07-23T02:03:53.552Z,-23.6045845,-46.8369880,826.638,17.139,17.310,3,137,294
1784772233610,2026-07-23T02:03:53.610Z,-23.6045880,-46.8369962,826.489,17.044,17.200,3,137,294
1784772233669,2026-07-23T02:03:53.669Z,-23.6045918,-46.8370040,826.351,16.912,17.100,3,137,295
1784772233727,2026-07-23T02:03:53.727Z,-23.6045960,-46.8370119,826.259,16.954,16.980,3,137,295
1784772233785,2026-07-23T02:03:53.785Z,-23.6046005,-46.8370202,826.166,17.288,17.020,3,137,295
1784772233843,2026-07-23T02:03:53.843Z,-23.6046053,-46.8370278,826.032,17.297,17.350,3,137,295
1784772233901,2026-07-23T02:03:53.901Z,-23.6046102,-46.8370350,825.905,17.141,17.370,3,137,295
1784772233960,2026-07-23T02:03:53.960Z,-23.6046155,-46.8370425,825.815,17.278,17.210,3,137,295
1784772234018,2026-07-23T02:03:54.018Z,-23.6046209,-46.8370499,825.768,17.452,17.350,3,137,295
1784772234076,2026-07-23T02:03:54.076Z,-23.6046267,-46.8370572,825.679,17.590,17.520,3,137,295
1784772234134,2026-07-23T02:03:54.134Z,-23.6046326,-46.8370641,825.612,17.658,17.660,3,137,295
1784772234193,2026-07-23T02:03:54.193Z,-23.6046385,-46.8370711,825.512,17.662,17.730,3,137,295
1784772234251,2026-07-23T02:03:54.251Z,-23.6046443,-46.8370784,825.438,17.777,17.730,3,137,295
1784772234309,2026-07-23T02:03:54.309Z,-23.6046500,-46.8370856,825.360,17.784,17.840,3,137,295
1784772234367,2026-07-23T02:03:54.367Z,-23.6046554,-46.8370929,825.281,17.660,17.850,3,137,295
1784772234426,2026-07-23T02:03:54.426Z,-23.6046609,-46.8371002,825.188,17.663,17.730,3,137,295
1784772234484,2026-07-23T02:03:54.484Z,-23.6046664,-46.8371076,825.109,17.705,17.730,3,137,295
1784772234542,2026-07-23T02:03:54.542Z,-23.6046769,-46.8371232,824.896,17.895,17.770,3,137,295
1784772234600,2026-07-23T02:03:54.600Z,-23.6046818,-46.8371314,824.836,17.943,17.970,3,137,295
1784772234659,2026-07-23T02:03:54.659Z,-23.6046865,-46.8371400,824.760,18.147,18.010,3,128,296
1784772234714,2026-07-23T02:03:54.714Z,-23.6046911,-46.8371486,824.706,18.192,18.210,3,128,296
1784772234769,2026-07-23T02:03:54.769Z,-23.6046952,-46.8371572,824.619,18.147,18.260,3,128,296
1784772234824,2026-07-23T02:03:54.824Z,-23.6046996,-46.8371661,824.565,18.295,18.210,3,128,296
1784772234879,2026-07-23T02:03:54.879Z,-23.6047036,-46.8371748,824.512,18.191,18.360,3,128,296
1784772234934,2026-07-23T02:03:54.934Z,-23.6047072,-46.8371838,824.452,18.189,18.250,3,128,296
1784772234989,2026-07-23T02:03:54.989Z,-23.6047107,-46.8371931,824.413,18.321,18.250,3,128,296
1784772235044,2026-07-23T02:03:55.044Z,-23.6047140,-46.8372026,824.403,18.432,18.380,3,128,296
1784772235099,2026-07-23T02:03:55.099Z,-23.6047170,-46.8372123,824.370,18.609,18.490,3,128,296
1784772235154,2026-07-23T02:03:55.154Z,-23.6047197,-46.8372217,824.302,18.544,18.660,3,128,296
1784772235209,2026-07-23T02:03:55.209Z,-23.6047218,-46.8372315,824.220,18.588,18.600,3,128,296
1784772235264,2026-07-23T02:03:55.264Z,-23.6047236,-46.8372411,824.165,18.501,18.640,3,128,296
1784772235319,2026-07-23T02:03:55.319Z,-23.6047249,-46.8372507,824.100,18.371,18.550,3,128,296
1784772235374,2026-07-23T02:03:55.374Z,-23.6047257,-46.8372601,824.071,18.130,18.420,3,128,296
1784772235429,2026-07-23T02:03:55.429Z,-23.6047264,-46.8372699,824.026,18.150,18.180,3,128,296
1784772235484,2026-07-23T02:03:55.484Z,-23.6047273,-46.8372893,823.868,18.135,18.200,3,128,296
1784772235539,2026-07-23T02:03:55.539Z,-23.6047270,-46.8372988,823.826,18.001,18.180,3,128,296
1784772235594,2026-07-23T02:03:55.594Z,-23.6047262,-46.8373080,823.825,17.725,18.050,3,128,296
1784772235649,2026-07-23T02:03:55.649Z,-23.6047247,-46.8373174,823.780,17.699,17.770,3,128,297
1784772235710,2026-07-23T02:03:55.710Z,-23.6047228,-46.8373268,823.769,17.674,17.740,3,128,297
1784772235772,2026-07-23T02:03:55.772Z,-23.6047207,-46.8373357,823.781,17.450,17.710,3,128,297
1784772235834,2026-07-23T02:03:55.834Z,-23.6047179,-46.8373448,823.756,17.537,17.490,3,128,297
1784772235896,2026-07-23T02:03:55.896Z,-23.6047150,-46.8373539,823.743,17.598,17.570,3,128,297
1784772235958,2026-07-23T02:03:55.958Z,-23.6047122,-46.8373626,823.739,17.440,17.630,3,128,297
1784772236020,2026-07-23T02:03:56.020Z,-23.6047091,-46.8373713,823.804,17.314,17.470,3,128,297
1784772236082,2026-07-23T02:03:56.082Z,-23.6047057,-46.8373795,823.860,17.090,17.340,3,128,297
1784772236144,2026-07-23T02:03:56.144Z,-23.6047020,-46.8373876,823.918,16.911,17.110,3,128,297
1784772236205,2026-07-23T02:03:56.205Z,-23.6046977,-46.8373959,823.924,17.086,16.930,3,128,297
1784772236267,2026-07-23T02:03:56.267Z,-23.6046935,-46.8374043,823.991,17.265,17.110,3,128,297
1784772236329,2026-07-23T02:03:56.329Z,-23.6046893,-46.8374123,824.077,17.116,17.280,3,128,297
1784772236391,2026-07-23T02:03:56.391Z,-23.6046851,-46.8374203,824.153,17.051,17.130,3,128,297
1784772236453,2026-07-23T02:03:56.453Z,-23.6046806,-46.8374281,824.147,17.011,17.060,3,128,297
1784772236515,2026-07-23T02:03:56.515Z,-23.6046711,-46.8374428,824.186,16.683,17.020,3,128,297
1784772236577,2026-07-23T02:03:56.577Z,-23.6046660,-46.8374491,824.251,16.263,16.690,3,128,297
1784772236639,2026-07-23T02:03:56.639Z,-23.6046601,-46.8374553,824.244,16.293,16.270,3,128,298
1784772236691,2026-07-23T02:03:56.691Z,-23.6046538,-46.8374612,824.289,16.415,16.300,3,128,298
1784772236743,2026-07-23T02:03:56.743Z,-23.6046476,-46.8374675,824.312,16.632,16.420,3,128,298
1784772236795,2026-07-23T02:03:56.795Z,-23.6046413,-46.8374734,824.315,16.727,16.640,3,128,298
1784772236847,2026-07-23T02:03:56.847Z,-23.6046345,-46.8374783,824.280,16.641,16.730,3,128,298
1784772236899,2026-07-23T02:03:56.899Z,-23.6046276,-46.8374831,824.284,16.591,16.640,3,128,298
1784772236951,2026-07-23T02:03:56.951Z,-23.6046209,-46.8374877,824.310,16.428,16.590,3,128,298
1784772237003,2026-07-23T02:03:57.003Z,-23.6046138,-46.8374920,824.306,16.403,16.430,3,128,298
1784772237055,2026-07-23T02:03:57.055Z,-23.6046067,-46.8374959,824.326,16.310,16.410,3,128,298
1784772237107,2026-07-23T02:03:57.107Z,-23.6045996,-46.8374997,824.390,16.175,16.310,3,128,298
1784772237160,2026-07-23T02:03:57.160Z,-23.6045924,-46.8375032,824.454,16.095,16.180,3,128,298
1784772237212,2026-07-23T02:03:57.212Z,-23.6045852,-46.8375056,824.439,15.819,16.100,3,128,298
1784772237264,2026-07-23T02:03:57.264Z,-23.6045778,-46.8375084,824.488,15.748,15.820,3,128,298
1784772237316,2026-07-23T02:03:57.316Z,-23.6045704,-46.8375110,824.548,15.694,15.750,3,128,298
1784772237368,2026-07-23T02:03:57.368Z,-23.6045629,-46.8375134,824.637,15.687,15.690,3,128,298
1784772237420,2026-07-23T02:03:57.420Z,-23.6045556,-46.8375155,824.699,15.502,15.690,3,128,298
1784772237472,2026-07-23T02:03:57.472Z,-23.6045480,-46.8375173,824.806,15.467,15.500,3,128,298
1784772237524,2026-07-23T02:03:57.524Z,-23.6045406,-46.8375191,824.933,15.341,15.470,3,128,298
1784772237576,2026-07-23T02:03:57.576Z,-23.6045332,-46.8375211,825.017,15.323,15.340,3,128,298
1784772237629,2026-07-23T02:03:57.629Z,-23.6045257,-46.8375229,825.151,15.224,15.320,3,128,299
1784772237690,2026-07-23T02:03:57.690Z,-23.6045187,-46.8375246,825.286,14.912,15.230,3,128,299
1784772237751,2026-07-23T02:03:57.751Z,-23.6045112,-46.8375256,825.306,14.945,14.910,3,128,299
1784772237813,2026-07-23T02:03:57.813Z,-23.6045037,-46.8375266,825.354,14.974,14.950,3,128,299
1784772237874,2026-07-23T02:03:57.874Z,-23.6044965,-46.8375275,825.418,14.795,14.980,3,128,299
1784772237936,2026-07-23T02:03:57.936Z,-23.6044891,-46.8375285,825.525,14.837,14.800,3,128,299
1784772237997,2026-07-23T02:03:57.997Z,-23.6044816,-46.8375296,825.634,14.944,14.840,3,128,299
1784772238059,2026-07-23T02:03:58.059Z,-23.6044738,-46.8375308,825.739,15.163,14.950,3,128,299
1784772238120,2026-07-23T02:03:58.120Z,-23.6044663,-46.8375316,825.817,15.140,15.170,3,128,299
1784772238182,2026-07-23T02:03:58.182Z,-23.6044592,-46.8375320,825.925,14.834,15.150,3,128,299
1784772238243,2026-07-23T02:03:58.243Z,-23.6044521,-46.8375320,825.997,14.588,14.840,3,128,299
1784772238305,2026-07-23T02:03:58.305Z,-23.6044450,-46.8375318,826.054,14.461,14.600,3,128,299
1784772238366,2026-07-23T02:03:58.366Z,-23.6044380,-46.8375312,826.098,14.325,14.470,3,128,299
1784772238428,2026-07-23T02:03:58.428Z,-23.6044313,-46.8375301,826.183,14.101,14.340,3,128,299
1784772238489,2026-07-23T02:03:58.489Z,-23.6044247,-46.8375289,826.194,13.905,14.110,3,128,299
1784772238551,2026-07-23T02:03:58.551Z,-23.6044118,-46.8375256,826.204,13.463,13.920,3,128,299
1784772238612,2026-07-23T02:03:58.612Z,-23.6044057,-46.8375232,826.249,13.280,13.480,3,128,299
1784772238674,2026-07-23T02:03:58.674Z,-23.6043996,-46.8375204,826.264,13.274,13.290,3,128,300
1784772238729,2026-07-23T02:03:58.729Z,-23.6043936,-46.8375176,826.290,13.217,13.290,3,128,300
1784772238784,2026-07-23T02:03:58.784Z,-23.6043879,-46.8375145,826.341,13.050,13.230,3,128,300
1784772238839,2026-07-23T02:03:58.839Z,-23.6043823,-46.8375108,826.385,13.030,13.060,3,128,300
1784772238894,2026-07-23T02:03:58.894Z,-23.6043769,-46.8375070,826.421,12.964,13.040,3,128,300
1784772238949,2026-07-23T02:03:58.949Z,-23.6043716,-46.8375033,826.504,12.804,12.980,3,128,300
1784772239004,2026-07-23T02:03:59.004Z,-23.6043665,-46.8374998,826.582,12.526,12.820,3,128,300
1784772239059,2026-07-23T02:03:59.059Z,-23.6043615,-46.8374959,826.664,12.417,12.540,3,128,300
1784772239114,2026-07-23T02:03:59.114Z,-23.6043567,-46.8374918,826.717,12.356,12.440,3,128,300
1784772239169,2026-07-23T02:03:59.169Z,-23.6043521,-46.8374872,826.770,12.364,12.380,3,128,300
1784772239224,2026-07-23T02:03:59.224Z,-23.6043477,-46.8374824,826.795,12.344,12.380,3,128,300
1784772239279,2026-07-23T02:03:59.279Z,-23.6043437,-46.8374774,826.837,12.178,12.360,3,128,300
1784772239334,2026-07-23T02:03:59.334Z,-23.6043402,-46.8374722,826.867,12.025,12.200,3,128,300
1784772239389,2026-07-23T02:03:59.389Z,-23.6043367,-46.8374669,826.924,11.955,12.050,3,128,300
1784772239444,2026-07-23T02:03:59.444Z,-23.6043334,-46.8374615,827.010,11.899,11.980,3,128,300
1784772239499,2026-07-23T02:03:59.499Z,-23.6043303,-46.8374561,827.036,11.823,11.920,3,128,300
1784772239554,2026-07-23T02:03:59.554Z,-23.6043273,-46.8374505,827.031,11.835,11.850,3,128,300
1784772239609,2026-07-23T02:03:59.609Z,-23.6043244,-46.8374447,827.056,11.926,11.860,3,128,300
1784772239664,2026-07-23T02:03:59.664Z,-23.6043217,-46.8374391,827.096,11.867,11.950,3,128,301
1784772239719,2026-07-23T02:03:59.719Z,-23.6043195,-46.8374330,827.120,11.901,11.890,3,128,301
1784772239774,2026-07-23T02:03:59.774Z,-23.6043176,-46.8374265,827.113,12.096,11.920,3,128,301
1784772239829,2026-07-23T02:03:59.829Z,-23.6043163,-46.8374201,827.052,12.046,12.110,3,128,301
1784772239884,2026-07-23T02:03:59.884Z,-23.6043151,-46.8374142,827.042,11.725,12.060,3,128,301
1784772239939,2026-07-23T02:03:59.939Z,-23.6043140,-46.8374079,827.087,11.758,11.740,3,128,301
1784772239994,2026-07-23T02:03:59.994Z,-23.6043132,-46.8374017,827.181,11.774,11.770,3,128,301
1784772240049,2026-07-23T02:04:00.049Z,-23.6043123,-46.8373949,827.202,12.075,11.790,3,128,301
1784772240104,2026-07-23T02:04:00.104Z,-23.6043116,-46.8373884,827.201,12.136,12.090,3,128,301
1784772240159,2026-07-23T02:04:00.159Z,-23.6043113,-46.8373819,827.252,12.139,12.150,3,128,301
1784772240214,2026-07-23T02:04:00.214Z,-23.6043116,-46.8373758,827.349,11.969,12.150,3,128,301
1784772240269,2026-07-23T02:04:00.269Z,-23.6043118,-46.8373697,827.401,11.833,11.980,3,128,301
1784772240324,2026-07-23T02:04:00.324Z,-23.6043127,-46.8373634,827.432,11.873,11.850,3,128,301
1784772240379,2026-07-23T02:04:00.379Z,-23.6043136,-46.8373569,827.451,12.026,11.890,3,128,301
1784772240434,2026-07-23T02:04:00.434Z,-23.6043150,-46.8373505,827.463,12.068,12.040,3,128,301
1784772240489,2026-07-23T02:04:00.489Z,-23.6043167,-46.8373441,827.500,12.132,12.080,3,128,301
1784772240544,2026-07-23T02:04:00.544Z,-23.6043183,-46.8373377,827.545,12.186,12.150,3,128,301
1784772240599,2026-07-23T02:04:00.599Z,-23.6043198,-46.8373312,827.533,12.263,12.200,3,128,301
1784772240654,2026-07-23T02:04:00.654Z,-23.6043213,-46.8373245,827.476,12.366,12.280,3,128,302
1784772240709,2026-07-23T02:04:00.709Z,-23.6043227,-46.8373176,827.410,12.589,12.380,3,128,302
1784772240764,2026-07-23T02:04:00.764Z,-23.6043241,-46.8373109,827.449,12.628,12.600,3,128,302
1784772240819,2026-07-23T02:04:00.819Z,-23.6043257,-46.8373043,827.463,12.635,12.640,3,128,302
1784772240874,2026-07-23T02:04:00.874Z,-23.6043275,-46.8372977,827.470,12.638,12.640,3,128,302
1784772240929,2026-07-23T02:04:00.929Z,-23.6043295,-46.8372912,827.497,12.643,12.650,3,128,302
1784772240984,2026-07-23T02:04:00.984Z,-23.6043312,-46.8372845,827.502,12.665,12.650,3,128,302
1784772241039,2026-07-23T02:04:01.039Z,-23.6043330,-46.8372781,827.520,12.579,12.670,3,128,302
1784772241094,2026-07-23T02:04:01.094Z,-23.6043349,-46.8372716,827.548,12.579,12.590,3,128,302
1784772241149,2026-07-23T02:04:01.149Z,-23.6043370,-46.8372650,827.547,12.674,12.590,3,128,302
1784772241204,2026-07-23T02:04:01.204Z,-23.6043391,-46.8372581,827.526,12.850,12.680,3,128,302
1784772241259,2026-07-23T02:04:01.259Z,-23.6043413,-46.8372515,827.504,12.869,12.860,3,128,302
1784772241314,2026-07-23T02:04:01.314Z,-23.6043434,-46.8372446,827.487,13.015,12.870,3,128,302
1784772241369,2026-07-23T02:04:01.369Z,-23.6043454,-46.8372377,827.503,13.121,13.020,3,128,302
1784772241424,2026-07-23T02:04:01.424Z,-23.6043473,-46.8372308,827.509,13.180,13.120,3,128,302
1784772241479,2026-07-23T02:04:01.479Z,-23.6043490,-46.8372237,827.521,13.355,13.180,3,128,302
1784772241534,2026-07-23T02:04:01.534Z,-23.6043505,-46.8372165,827.512,13.459,13.360,3,128,302
1784772241589,2026-07-23T02:04:01.589Z,-23.6043518,-46.8372096,827.534,13.371,13.460,3,128,302
1784772241644,2026-07-23T02:04:01.644Z,-23.6043529,-46.8372025,827.544,13.350,13.370,3,128,302
1784772241699,2026-07-23T02:04:01.699Z,-23.6043537,-46.8371953,827.579,13.431,13.350,3,128,303
1784772241750,2026-07-23T02:04:01.750Z,-23.6043543,-46.8371878,827.628,13.645,13.430,3,128,303
1784772241802,2026-07-23T02:04:01.802Z,-23.6043546,-46.8371806,827.693,13.623,13.650,3,128,303
1784772241854,2026-07-23T02:04:01.854Z,-23.6043550,-46.8371730,827.655,13.722,13.630,3,128,303
1784772241906,2026-07-23T02:04:01.906Z,-23.6043553,-46.8371656,827.666,13.707,13.730,3,128,303
1784772241958,2026-07-23T02:04:01.958Z,-23.6043556,-46.8371583,827.712,13.735,13.710,3,128,303
1784772242010,2026-07-23T02:04:02.010Z,-23.6043558,-46.8371508,827.731,13.752,13.740,3,128,303
1784772242062,2026-07-23T02:04:02.062Z,-23.6043563,-46.8371434,827.820,13.814,13.760,3,128,303
1784772242114,2026-07-23T02:04:02.114Z,-23.6043563,-46.8371362,827.875,13.677,13.820,3,128,303
1784772242166,2026-07-23T02:04:02.166Z,-23.6043561,-46.8371288,827.909,13.706,13.680,3,128,303
1784772242218,2026-07-23T02:04:02.218Z,-23.6043555,-46.8371212,827.972,13.879,13.710,3,128,303
1784772242270,2026-07-23T02:04:02.270Z,-23.6043547,-46.8371139,828.061,13.828,13.880,3,128,303
1784772242322,2026-07-23T02:04:02.322Z,-23.6043536,-46.8371064,828.130,13.904,13.840,3,128,303
1784772242374,2026-07-23T02:04:02.374Z,-23.6043525,-46.8370987,828.179,14.135,13.910,3,128,303
1784772242426,2026-07-23T02:04:02.426Z,-23.6043513,-46.8370912,828.221,14.153,14.140,3,128,303
1784772242478,2026-07-23T02:04:02.478Z,-23.6043498,-46.8370839,828.288,14.061,14.160,3,128,303
1784772242530,2026-07-23T02:04:02.530Z,-23.6043481,-46.8370765,828.348,14.041,14.070,3,128,303
1784772242582,2026-07-23T02:04:02.582Z,-23.6043462,-46.8370692,828.379,14.048,14.050,3,128,303
1784772242634,2026-07-23T02:04:02.634Z,-23.6043442,-46.8370618,828.450,14.172,14.060,3,128,304
1784772242692,2026-07-23T02:04:02.692Z,-23.6043422,-46.8370547,828.529,14.041,14.180,3,128,304
1784772242750,2026-07-23T02:04:02.750Z,-23.6043399,-46.8370477,828.604,13.988,14.050,3,128,304
1784772242808,2026-07-23T02:04:02.808Z,-23.6043375,-46.8370405,828.666,14.041,14.000,3,128,304
1784772242866,2026-07-23T02:04:02.866Z,-23.6043349,-46.8370333,828.732,14.145,14.050,3,128,304
1784772242925,2026-07-23T02:04:02.925Z,-23.6043322,-46.8370263,828.809,14.133,14.160,3,128,304
1784772242983,2026-07-23T02:04:02.983Z,-23.6043297,-46.8370195,828.901,14.021,14.150,3,128,304
1784772243041,2026-07-23T02:04:03.041Z,-23.6043269,-46.8370125,828.989,14.102,14.040,3,128,304
1784772243099,2026-07-23T02:04:03.099Z,-23.6043239,-46.8370057,829.087,14.111,14.120,3,128,304
1784772243158,2026-07-23T02:04:03.158Z,-23.6043209,-46.8369989,829.171,14.091,14.130,3,128,304
1784772243216,2026-07-23T02:04:03.216Z,-23.6043177,-46.8369923,829.274,14.083,14.110,3,128,304
1784772243274,2026-07-23T02:04:03.274Z,-23.6043145,-46.8369857,829.366,14.011,14.110,3,128,304
1784772243332,2026-07-23T02:04:03.332Z,-23.6043110,-46.8369793,829.455,13.982,14.030,3,128,304
1784772243391,2026-07-23T02:04:03.391Z,-23.6043074,-46.8369728,829.558,14.072,14.010,3,128,304
1784772243449,2026-07-23T02:04:03.449Z,-23.6043036,-46.8369664,829.645,14.052,14.100,3,128,304
1784772243507,2026-07-23T02:04:03.507Z,-23.6042963,-46.8369535,829.760,14.117,14.080,3,128,304
1784772243565,2026-07-23T02:04:03.565Z,-23.6042923,-46.8369471,829.821,14.235,14.140,3,128,304
1784772243624,2026-07-23T02:04:03.624Z,-23.6042877,-46.8369416,829.978,14.083,14.260,3,128,305
1784772243682,2026-07-23T02:04:03.682Z,-23.6042835,-46.8369360,830.091,13.914,14.120,3,128,305
1784772243740,2026-07-23T02:04:03.740Z,-23.6042790,-46.8369301,830.164,14.024,13.950,3,128,305
1784772243798,2026-07-23T02:04:03.798Z,-23.6042745,-46.8369245,830.305,14.011,14.060,3,128,305
1784772243856,2026-07-23T02:04:03.856Z,-23.6042700,-46.8369189,830.449,13.945,14.050,3,128,305
1784772243914,2026-07-23T02:04:03.914Z,-23.6042651,-46.8369133,830.572,14.066,13.990,3,128,305
1784772243972,2026-07-23T02:04:03.972Z,-23.6042601,-46.8369078,830.716,14.179,14.110,3,128,305
1784772244030,2026-07-23T02:04:04.030Z,-23.6042552,-46.8369024,830.826,14.160,14.230,3,128,305
1784772244088,2026-07-23T02:04:04.088Z,-23.6042504,-46.8368971,830.936,14.036,14.210,3,128,305
1784772244146,2026-07-23T02:04:04.146Z,-23.6042457,-46.8368918,831.046,13.944,14.090,3,128,305
1784772244204,2026-07-23T02:04:04.204Z,-23.6042407,-46.8368865,831.136,13.973,14.000,3,128,305
1784772244262,2026-07-23T02:04:04.262Z,-23.6042358,-46.8368812,831.212,13.990,14.030,3,128,305
1784772244320,2026-07-23T02:04:04.320Z,-23.6042308,-46.8368759,831.302,14.006,14.050,3,128,305
1784772244378,2026-07-23T02:04:04.378Z,-23.6042260,-46.8368705,831.413,13.974,14.060,3,128,305
1784772244436,2026-07-23T02:04:04.436Z,-23.6042212,-46.8368650,831.498,14.030,14.030,3,128,305
1784772244494,2026-07-23T02:04:04.494Z,-23.6042118,-46.8368538,831.625,14.031,14.090,3,128,305
1784772244552,2026-07-23T02:04:04.552Z,-23.6042074,-46.8368482,831.739,13.896,14.090,3,128,305
1784772244610,2026-07-23T02:04:04.610Z,-23.6042032,-46.8368422,831.824,13.871,13.960,3,128,305
1784772244669,2026-07-23T02:04:04.669Z,-23.6041991,-46.8368362,831.917,13.896,13.930,3,128,306
1784772244727,2026-07-23T02:04:04.727Z,-23.6041951,-46.8368298,831.959,14.000,13.960,3,128,306
1784772244785,2026-07-23T02:04:04.785Z,-23.6041914,-46.8368236,832.024,13.901,14.060,3,128,306
1784772244843,2026-07-23T02:04:04.843Z,-23.6041878,-46.8368174,832.132,13.760,13.960,3,128,306
1784772244901,2026-07-23T02:04:04.901Z,-23.6041843,-46.8368109,832.216,13.810,13.820,3,128,306
1784772244960,2026-07-23T02:04:04.960Z,-23.6041810,-46.8368041,832.287,13.876,13.870,3,128,306
1784772245018,2026-07-23T02:04:05.018Z,-23.6041778,-46.8367974,832.325,13.917,13.940,3,128,306
1784772245076,2026-07-23T02:04:05.076Z,-23.6041749,-46.8367908,832.394,13.795,13.980,3,128,306
1784772245134,2026-07-23T02:04:05.134Z,-23.6041720,-46.8367840,832.460,13.845,13.860,3,128,306
1784772245193,2026-07-23T02:04:05.193Z,-23.6041696,-46.8367768,832.469,13.889,13.910,3,128,306
1784772245251,2026-07-23T02:04:05.251Z,-23.6041673,-46.8367694,832.480,14.069,13.950,3,128,306
1784772245309,2026-07-23T02:04:05.309Z,-23.6041648,-46.8367624,832.565,14.031,14.120,3,128,306
1784772245367,2026-07-23T02:04:05.367Z,-23.6041628,-46.8367551,832.624,14.034,14.090,3,128,306
1784772245426,2026-07-23T02:04:05.426Z,-23.6041612,-46.8367475,832.655,14.139,14.090,3,128,306
1784772245484,2026-07-23T02:04:05.484Z,-23.6041585,-46.8367327,832.731,14.067,14.190,3,128,306
1784772245542,2026-07-23T02:04:05.542Z,-23.6041578,-46.8367252,832.752,14.058,14.120,3,128,306
1784772245600,2026-07-23T02:04:05.600Z,-23.6041572,-46.8367177,832.785,14.039,14.110,3,128,306
1784772245659,2026-07-23T02:04:05.659Z,-23.6041568,-46.8367101,832.829,14.076,14.090,3,128,307
1784772245717,2026-07-23T02:04:05.717Z,-23.6041568,-46.8367023,832.836,14.203,14.120,3,128,307
1784772245775,2026-07-23T02:04:05.775Z,-23.6041570,-46.8366949,832.825,14.148,14.250,3,128,307
1784772245833,2026-07-23T02:04:05.833Z,-23.6041576,-46.8366874,832.830,14.114,14.190,3,128,307
1784772245891,2026-07-23T02:04:05.891Z,-23.6041584,-46.8366801,832.869,14.039,14.150,3,128,307
1784772245950,2026-07-23T02:04:05.950Z,-23.6041597,-46.8366726,832.841,14.109,14.080,3,128,307
1784772246008,2026-07-23T02:04:06.008Z,-23.6041613,-46.8366653,832.792,14.119,14.140,3,128,307
1784772246066,2026-07-23T02:04:06.066Z,-23.6041631,-46.8366581,832.800,14.078,14.150,3,128,307
1784772246124,2026-07-23T02:04:06.124Z,-23.6041652,-46.8366509,832.811,14.086,14.110,3,128,307
1784772246183,2026-07-23T02:04:06.183Z,-23.6041676,-46.8366438,832.840,14.088,14.110,3,128,307
1784772246241,2026-07-23T02:04:06.241Z,-23.6041702,-46.8366367,832.812,14.186,14.110,3,128,307
1784772246299,2026-07-23T02:04:06.299Z,-23.6041733,-46.8366298,832.809,14.229,14.210,3,128,307
1784772246357,2026-07-23T02:04:06.357Z,-23.6041766,-46.8366230,832.823,14.272,14.250,3,128,307
1784772246416,2026-07-23T02:04:06.416Z,-23.6041800,-46.8366163,832.834,14.257,14.290,3,128,307
1784772246474,2026-07-23T02:04:06.474Z,-23.6041873,-46.8366032,832.866,14.287,14.280,3,128,307
1784772246532,2026-07-23T02:04:06.532Z,-23.6041916,-46.8365970,832.855,14.345,14.300,3,128,307
1784772246590,2026-07-23T02:04:06.590Z,-23.6041961,-46.8365909,832.872,14.437,14.360,3,128,307
1784772246649,2026-07-23T02:04:06.649Z,-23.6042007,-46.8365849,832.910,14.466,14.450,3,128,308
1784772246710,2026-07-23T02:04:06.710Z,-23.6042050,-46.8365791,832.952,14.301,14.480,3,128,308
1784772246772,2026-07-23T02:04:06.772Z,-23.6042096,-46.8365735,832.967,14.204,14.320,3,128,308
1784772246834,2026-07-23T02:04:06.834Z,-23.6042145,-46.8365676,832.932,14.362,14.220,3,128,308
1784772246896,2026-07-23T02:04:06.896Z,-23.6042198,-46.8365623,832.950,14.464,14.370,3,128,308
1784772246958,2026-07-23T02:04:06.958Z,-23.6042251,-46.8365570,832.963,14.471,14.480,3,128,308
1784772247020,2026-07-23T02:04:07.020Z,-23.6042304,-46.8365522,833.043,14.354,14.480,3,128,308
1784772247082,2026-07-23T02:04:07.082Z,-23.6042360,-46.8365474,833.046,14.359,14.370,3,128,308
1784772247144,2026-07-23T02:04:07.144Z,-23.6042419,-46.8365425,833.020,14.553,14.370,3,128,308
1784772247205,2026-07-23T02:04:07.205Z,-23.6042478,-46.8365379,833.013,14.594,14.560,3,128,308
1784772247267,2026-07-23T02:04:07.267Z,-23.6042539,-46.8365335,833.040,14.642,14.600,3,128,308
1784772247329,2026-07-23T02:04:07.329Z,-23.6042601,-46.8365291,833.012,14.727,14.650,3,128,308
1784772247391,2026-07-23T02:04:07.391Z,-23.6042666,-46.8365250,832.996,14.817,14.740,3,128,308
1784772247453,2026-07-23T02:04:07.453Z,-23.6042731,-46.8365213,833.026,14.805,14.820,3,128,308
1784772247515,2026-07-23T02:04:07.515Z,-23.6042860,-46.8365139,833.060,14.763,14.810,3,128,308
1784772247577,2026-07-23T02:04:07.577Z,-23.6042928,-46.8365105,833.079,14.856,14.770,3,128,308
1784772247639,2026-07-23T02:04:07.639Z,-23.6042998,-46.8365077,833.126,14.841,14.860,3,128,309
1784772247694,2026-07-23T02:04:07.694Z,-23.6043069,-46.8365050,833.165,14.943,14.850,3,128,309
1784772247749,2026-07-23T02:04:07.749Z,-23.6043139,-46.8365023,833.171,15.002,14.950,3,128,309
1784772247804,2026-07-23T02:04:07.804Z,-23.6043210,-46.8364996,833.173,15.056,15.010,3,128,309
1784772247859,2026-07-23T02:04:07.859Z,-23.6043282,-46.8364969,833.146,15.143,15.060,3,128,309
1784772247914,2026-07-23T02:04:07.914Z,-23.6043357,-46.8364945,833.124,15.321,15.150,3,128,309
1784772247969,2026-07-23T02:04:07.969Z,-23.6043431,-46.8364920,833.114,15.498,15.330,3,128,309
1784772248024,2026-07-23T02:04:08.024Z,-23.6043505,-46.8364898,833.121,15.457,15.500,3,128,309
1784772248079,2026-07-23T02:04:08.079Z,-23.6043579,-46.8364875,833.121,15.470,15.460,3,128,309
1784772248134,2026-07-23T02:04:08.134Z,-23.6043653,-46.8364854,833.127,15.501,15.470,3,128,309
1784772248189,2026-07-23T02:04:08.189Z,-23.6043728,-46.8364835,833.136,15.480,15.500,3,128,309
1784772248244,2026-07-23T02:04:08.244Z,-23.6043802,-46.8364812,833.136,15.489,15.480,3,128,309
1784772248299,2026-07-23T02:04:08.299Z,-23.6043877,-46.8364791,833.142,15.554,15.490,3,128,309
1784772248354,2026-07-23T02:04:08.354Z,-23.6043953,-46.8364768,833.192,15.670,15.560,3,128,309
1784772248409,2026-07-23T02:04:08.409Z,-23.6044028,-46.8364742,833.200,15.764,15.670,3,128,309
1784772248464,2026-07-23T02:04:08.464Z,-23.6044102,-46.8364716,833.212,15.745,15.770,3,128,309
1784772248519,2026-07-23T02:04:08.519Z,-23.6044179,-46.8364689,833.232,15.896,15.750,3,128,309
1784772248574,2026-07-23T02:04:08.574Z,-23.6044253,-46.8364662,833.251,15.873,15.900,3,128,309
1784772248629,2026-07-23T02:04:08.629Z,-23.6044328,-46.8364634,833.261,15.897,15.880,3,128,309
1784772248684,2026-07-23T02:04:08.684Z,-23.6044403,-46.8364606,833.245,15.920,15.900,3,137,310
1784772248739,2026-07-23T02:04:08.739Z,-23.6044479,-46.8364578,833.228,16.017,15.920,3,137,310
1784772248794,2026-07-23T02:04:08.794Z,-23.6044554,-46.8364550,833.201,16.040,16.020,3,137,310
1784772248849,2026-07-23T02:04:08.849Z,-23.6044631,-46.8364523,833.199,16.096,16.040,3,137,310
1784772248904,2026-07-23T02:04:08.904Z,-23.6044706,-46.8364494,833.183,16.111,16.100,3,137,310
1784772248959,2026-07-23T02:04:08.959Z,-23.6044782,-46.8364464,833.125,16.158,16.110,3,137,310
1784772249014,2026-07-23T02:04:09.014Z,-23.6044858,-46.8364435,833.119,16.242,16.160,3,137,310
1784772249069,2026-07-23T02:04:09.069Z,-23.6044933,-46.8364406,833.076,16.196,16.240,3,137,310
1784772249124,2026-07-23T02:04:09.124Z,-23.6045009,-46.8364375,833.050,16.258,16.200,3,137,310
1784772249179,2026-07-23T02:04:09.179Z,-23.6045086,-46.8364345,833.050,16.324,16.260,3,137,310
1784772249234,2026-07-23T02:04:09.234Z,-23.6045164,-46.8364315,833.028,16.432,16.320,3,137,310
1784772249289,2026-07-23T02:04:09.289Z,-23.6045242,-46.8364287,833.018,16.494,16.430,3,137,310
1784772249344,2026-07-23T02:04:09.344Z,-23.6045321,-46.8364258,832.973,16.616,16.490,3,137,310
1784772249399,2026-07-23T02:04:09.399Z,-23.6045398,-46.8364228,832.943,16.603,16.620,3,137,310
1784772249454,2026-07-23T02:04:09.454Z,-23.6045476,-46.8364199,832.892,16.615,16.600,3,137,310
1784772249509,2026-07-23T02:04:09.509Z,-23.6045556,-46.8364171,832.868,16.737,16.610,3,137,310
1784772249564,2026-07-23T02:04:09.564Z,-23.6045635,-46.8364143,832.842,16.798,16.740,3,137,310
1784772249619,2026-07-23T02:04:09.619Z,-23.6045716,-46.8364117,832.833,16.862,16.800,3,137,310
1784772249674,2026-07-23T02:04:09.674Z,-23.6045795,-46.8364089,832.824,16.845,16.860,3,137,311
1784772249729,2026-07-23T02:04:09.729Z,-23.6045874,-46.8364062,832.790,16.854,16.850,3,137,311
1784772249784,2026-07-23T02:04:09.784Z,-23.6045954,-46.8364034,832.754,16.911,16.850,3,137,311
1784772249839,2026-07-23T02:04:09.839Z,-23.6046036,-46.8364006,832.712,17.075,16.910,3,137,311
1784772249894,2026-07-23T02:04:09.894Z,-23.6046118,-46.8363978,832.675,17.166,17.080,3,137,311
1784772249949,2026-07-23T02:04:09.949Z,-23.6046201,-46.8363951,832.671,17.296,17.170,3,137,311
1784772250004,2026-07-23T02:04:10.004Z,-23.6046283,-46.8363922,832.658,17.335,17.300,3,137,311
1784772250059,2026-07-23T02:04:10.059Z,-23.6046365,-46.8363894,832.623,17.410,17.340,3,137,311
1784772250114,2026-07-23T02:04:10.114Z,-23.6046450,-46.8363866,832.584,17.550,17.410,3,137,311
1784772250169,2026-07-23T02:04:10.169Z,-23.6046534,-46.8363838,832.574,17.638,17.550,3,137,311
1784772250224,2026-07-23T02:04:10.224Z,-23.6046617,-46.8363809,832.537,17.664,17.640,3,137,311
1784772250279,2026-07-23T02:04:10.279Z,-23.6046701,-46.8363781,832.476,17.699,17.660,3,137,311
1784772250334,2026-07-23T02:04:10.334Z,-23.6046785,-46.8363752,832.455,17.711,17.700,3,137,311
1784772250389,2026-07-23T02:04:10.389Z,-23.6046870,-46.8363722,832.397,17.889,17.710,3,137,311
1784772250444,2026-07-23T02:04:10.444Z,-23.6046956,-46.8363692,832.339,17.955,17.890,3,137,311
1784772250499,2026-07-23T02:04:10.499Z,-23.6047040,-46.8363661,832.265,17.991,17.960,3,137,311
1784772250554,2026-07-23T02:04:10.554Z,-23.6047126,-46.8363632,832.188,18.039,17.990,3,137,311
1784772250609,2026-07-23T02:04:10.609Z,-23.6047213,-46.8363603,832.124,18.170,18.040,3,137,311
1784772250664,2026-07-23T02:04:10.664Z,-23.6047300,-46.8363572,832.093,18.302,18.170,3,137,312
1784772250719,2026-07-23T02:04:10.719Z,-23.6047388,-46.8363543,832.079,18.387,18.310,3,137,312
1784772250774,2026-07-23T02:04:10.774Z,-23.6047476,-46.8363514,832.055,18.450,18.390,3,137,312
1784772250829,2026-07-23T02:04:10.829Z,-23.6047563,-46.8363484,831.996,18.497,18.450,3,137,312
1784772250884,2026-07-23T02:04:10.884Z,-23.6047652,-46.8363454,831.933,18.591,18.500,3,137,312
1784772250939,2026-07-23T02:04:10.939Z,-23.6047740,-46.8363425,831.873,18.630,18.590,3,137,312
1784772250994,2026-07-23T02:04:10.994Z,-23.6047828,-46.8363395,831.834,18.638,18.630,3,137,312
1784772251049,2026-07-23T02:04:11.049Z,-23.6047917,-46.8363365,831.794,18.709,18.640,3,137,312
1784772251104,2026-07-23T02:04:11.104Z,-23.6048006,-46.8363333,831.766,18.782,18.710,3,137,312
1784772251159,2026-07-23T02:04:11.159Z,-23.6048096,-46.8363304,831.731,18.830,18.790,3,137,312
1784772251214,2026-07-23T02:04:11.214Z,-23.6048185,-46.8363274,831.732,18.841,18.830,3,137,312
1784772251269,2026-07-23T02:04:11.269Z,-23.6048274,-46.8363244,831.700,18.873,18.840,3,137,312
1784772251324,2026-07-23T02:04:11.324Z,-23.6048364,-46.8363215,831.640,18.888,18.880,3,137,312
1784772251379,2026-07-23T02:04:11.379Z,-23.6048452,-46.8363184,831.583,18.815,18.890,3,137,312
1784772251434,2026-07-23T02:04:11.434Z,-23.6048540,-46.8363150,831.536,18.845,18.820,3,137,312
1784772251489,2026-07-23T02:04:11.489Z,-23.6048630,-46.8363117,831.511,18.964,18.850,3,137,312
1784772251544,2026-07-23T02:04:11.544Z,-23.6048722,-46.8363087,831.484,19.062,18.970,3,137,312
1784772251599,2026-07-23T02:04:11.599Z,-23.6048812,-46.8363053,831.414,19.179,19.070,3,137,312
1784772251654,2026-07-23T02:04:11.654Z,-23.6048904,-46.8363019,831.350,19.287,19.180,3,137,312
1784772251709,2026-07-23T02:04:11.709Z,-23.6048995,-46.8362987,831.321,19.294,19.290,3,137,313
1784772251764,2026-07-23T02:04:11.764Z,-23.6049086,-46.8362953,831.260,19.351,19.300,3,137,313
1784772251819,2026-07-23T02:04:11.819Z,-23.6049178,-46.8362922,831.257,19.335,19.360,3,137,313
1784772251874,2026-07-23T02:04:11.874Z,-23.6049269,-46.8362894,831.247,19.263,19.340,3,137,313
1784772251929,2026-07-23T02:04:11.929Z,-23.6049361,-46.8362862,831.203,19.308,19.270,3,137,313
1784772251984,2026-07-23T02:04:11.984Z,-23.6049452,-46.8362828,831.159,19.382,19.310,3,137,313
1784772252039,2026-07-23T02:04:12.039Z,-23.6049545,-46.8362796,831.124,19.467,19.390,3,137,313
1784772252094,2026-07-23T02:04:12.094Z,-23.6049638,-46.8362763,831.113,19.547,19.470,3,137,313
1784772252149,2026-07-23T02:04:12.149Z,-23.6049731,-46.8362730,831.081,19.614,19.550,3,137,313
1784772252204,2026-07-23T02:04:12.204Z,-23.6049824,-46.8362696,831.025,19.627,19.620,3,137,313
1784772252259,2026-07-23T02:04:12.259Z,-23.6049918,-46.8362665,830.994,19.712,19.630,3,137,313
1784772252314,2026-07-23T02:04:12.314Z,-23.6050012,-46.8362633,830.945,19.785,19.720,3,137,313
1784772252369,2026-07-23T02:04:12.369Z,-23.6050107,-46.8362602,830.908,19.849,19.790,3,137,313
1784772252424,2026-07-23T02:04:12.424Z,-23.6050201,-46.8362569,830.887,19.843,19.860,3,137,313
1784772252479,2026-07-23T02:04:12.479Z,-23.6050390,-46.8362503,830.819,20.007,19.850,3,137,313
1784772252534,2026-07-23T02:04:12.534Z,-23.6050483,-46.8362468,830.737,19.974,20.010,3,137,313
1784772252589,2026-07-23T02:04:12.589Z,-23.6050578,-46.8362434,830.706,20.023,19.980,3,137,313
1784772252644,2026-07-23T02:04:12.644Z,-23.6050674,-46.8362400,830.682,20.120,20.030,3,137,314
1784772252699,2026-07-23T02:04:12.699Z,-23.6050770,-46.8362369,830.643,20.154,20.130,3,137,314
1784772252754,2026-07-23T02:04:12.754Z,-23.6050865,-46.8362334,830.605,20.188,20.160,3,137,314
1784772252809,2026-07-23T02:04:12.809Z,-23.6050961,-46.8362299,830.547,20.274,20.190,3,137,314
1784772252864,2026-07-23T02:04:12.864Z,-23.6051058,-46.8362264,830.500,20.330,20.280,3,137,314
1784772252919,2026-07-23T02:04:12.919Z,-23.6051153,-46.8362230,830.458,20.280,20.340,3,137,314
1784772252974,2026-07-23T02:04:12.974Z,-23.6051249,-46.8362196,830.434,20.304,20.290,3,137,314
1784772253029,2026-07-23T02:04:13.029Z,-23.6051345,-46.8362159,830.396,20.370,20.310,3,137,314
1784772253084,2026-07-23T02:04:13.084Z,-23.6051441,-46.8362125,830.349,20.406,20.380,3,137,314
1784772253139,2026-07-23T02:04:13.139Z,-23.6051538,-46.8362090,830.306,20.434,20.410,3,137,314
1784772253194,2026-07-23T02:04:13.194Z,-23.6051634,-46.8362056,830.271,20.464,20.440,3,137,314
1784772253249,2026-07-23T02:04:13.249Z,-23.6051731,-46.8362020,830.241,20.495,20.470,3,137,314
1784772253304,2026-07-23T02:04:13.304Z,-23.6051828,-46.8361985,830.217,20.563,20.500,3,137,314
1784772253359,2026-07-23T02:04:13.359Z,-23.6051926,-46.8361950,830.186,20.677,20.570,3,137,314
1784772253414,2026-07-23T02:04:13.414Z,-23.6052025,-46.8361916,830.171,20.719,20.690,3,137,314
1784772253469,2026-07-23T02:04:13.469Z,-23.6052122,-46.8361880,830.169,20.693,20.730,3,137,314
1784772253524,2026-07-23T02:04:13.524Z,-23.6052220,-46.8361845,830.178,20.787,20.700,3,137,314
1784772253579,2026-07-23T02:04:13.579Z,-23.6052317,-46.8361810,830.143,20.716,20.790,3,137,314
1784772253634,2026-07-23T02:04:13.634Z,-23.6052413,-46.8361773,830.094,20.654,20.720,3,137,315
1784772253692,2026-07-23T02:04:13.692Z,-23.6052511,-46.8361737,830.081,20.736,20.660,3,137,315
1784772253750,2026-07-23T02:04:13.750Z,-23.6052609,-46.8361700,830.065,20.758,20.740,3,137,315
1784772253808,2026-07-23T02:04:13.808Z,-23.6052706,-46.8361663,830.019,20.810,20.770,3,137,315
1784772253866,2026-07-23T02:04:13.866Z,-23.6052803,-46.8361626,830.008,20.775,20.820,3,137,315
1784772253925,2026-07-23T02:04:13.925Z,-23.6052900,-46.8361586,829.938,20.806,20.780,3,137,315
1784772253983,2026-07-23T02:04:13.983Z,-23.6052999,-46.8361551,829.904,20.880,20.810,3,137,315
1784772254041,2026-07-23T02:04:14.041Z,-23.6053098,-46.8361519,829.878,20.875,20.890,3,137,315
1784772254099,2026-07-23T02:04:14.099Z,-23.6053197,-46.8361484,829.854,20.927,20.880,3,137,315
1784772254158,2026-07-23T02:04:14.158Z,-23.6053296,-46.8361450,829.829,20.913,20.930,3,137,315
1784772254216,2026-07-23T02:04:14.216Z,-23.6053394,-46.8361413,829.802,20.915,20.920,3,137,315
1784772254274,2026-07-23T02:04:14.274Z,-23.6053493,-46.8361378,829.770,20.930,20.920,3,137,315
1784772254332,2026-07-23T02:04:14.332Z,-23.6053592,-46.8361343,829.752,20.963,20.940,3,137,315
1784772254391,2026-07-23T02:04:14.391Z,-23.6053690,-46.8361308,829.730,20.920,20.970,3,137,315
1784772254449,2026-07-23T02:04:14.449Z,-23.6053790,-46.8361271,829.702,21.021,20.930,3,137,315
1784772254507,2026-07-23T02:04:14.507Z,-23.6053987,-46.8361198,829.643,20.995,21.030,3,137,315
1784772254565,2026-07-23T02:04:14.565Z,-23.6054084,-46.8361160,829.625,20.928,21.000,3,137,315
1784772254624,2026-07-23T02:04:14.624Z,-23.6054183,-46.8361118,829.623,21.039,20.940,3,155,316
1784772254682,2026-07-23T02:04:14.682Z,-23.6054279,-46.8361078,829.578,20.930,21.050,3,155,316
1784772254740,2026-07-23T02:04:14.740Z,-23.6054374,-46.8361036,829.586,20.886,20.940,3,155,316
1784772254798,2026-07-23T02:04:14.798Z,-23.6054473,-46.8361004,829.578,20.880,20.890,3,155,316
1784772254856,2026-07-23T02:04:14.856Z,-23.6054569,-46.8360968,829.585,20.790,20.890,3,155,316
1784772254914,2026-07-23T02:04:14.914Z,-23.6054665,-46.8360933,829.585,20.678,20.800,3,155,316
1784772254972,2026-07-23T02:04:14.972Z,-23.6054759,-46.8360897,829.573,20.541,20.680,3,155,316
1784772255030,2026-07-23T02:04:15.030Z,-23.6054856,-46.8360864,829.564,20.501,20.550,3,155,316
1784772255088,2026-07-23T02:04:15.088Z,-23.6054952,-46.8360829,829.520,20.437,20.510,3,155,316
1784772255146,2026-07-23T02:04:15.146Z,-23.6055047,-46.8360797,829.526,20.327,20.440,3,155,316
1784772255204,2026-07-23T02:04:15.204Z,-23.6055142,-46.8360764,829.547,20.276,20.330,3,155,316
1784772255262,2026-07-23T02:04:15.262Z,-23.6055236,-46.8360733,829.586,20.160,20.280,3,155,316
1784772255320,2026-07-23T02:04:15.320Z,-23.6055329,-46.8360703,829.661,20.056,20.170,3,155,316
1784772255378,2026-07-23T02:04:15.378Z,-23.6055422,-46.8360671,829.667,19.895,20.060,3,155,316
1784772255436,2026-07-23T02:04:15.436Z,-23.6055516,-46.8360639,829.542,19.816,19.900,3,155,316
1784772255494,2026-07-23T02:04:15.494Z,-23.6055614,-46.8360613,829.406,19.853,19.820,3,155,316
1784772255552,2026-07-23T02:04:15.552Z,-23.6055706,-46.8360587,829.333,19.731,19.860,3,155,316
1784772255610,2026-07-23T02:04:15.610Z,-23.6055796,-46.8360556,829.259,19.570,19.740,3,155,316
1784772255669,2026-07-23T02:04:15.669Z,-23.6055890,-46.8360533,829.161,19.491,19.580,3,155,317
1784772255724,2026-07-23T02:04:15.724Z,-23.6055979,-46.8360507,829.095,19.299,19.500,3,155,317
1784772255779,2026-07-23T02:04:15.779Z,-23.6056073,-46.8360486,829.044,19.287,19.310,3,155,317
1784772255834,2026-07-23T02:04:15.834Z,-23.6056165,-46.8360465,828.972,19.184,19.300,3,155,317
1784772255889,2026-07-23T02:04:15.889Z,-23.6056251,-46.8360451,828.845,18.930,19.190,3,155,317
1784772255944,2026-07-23T02:04:15.944Z,-23.6056333,-46.8360442,828.719,18.565,18.940,3,155,317
1784772255999,2026-07-23T02:04:15.999Z,-23.6056411,-46.8360437,828.592,18.103,18.580,3,155,317
1784772256054,2026-07-23T02:04:16.054Z,-23.6056489,-46.8360433,828.482,17.767,18.120,3,155,317
1784772256109,2026-07-23T02:04:16.109Z,-23.6056562,-46.8360432,828.408,17.278,17.780,3,155,317
1784772256164,2026-07-23T02:04:16.164Z,-23.6056632,-46.8360438,828.337,16.816,17.300,3,155,317
1784772256219,2026-07-23T02:04:16.219Z,-23.6056701,-46.8360449,828.339,16.396,16.840,3,155,317
1784772256274,2026-07-23T02:04:16.274Z,-23.6056770,-46.8360465,828.399,16.058,16.420,3,155,317
1784772256329,2026-07-23T02:04:16.329Z,-23.6056836,-46.8360483,828.445,15.631,16.080,3,155,317
1784772256384,2026-07-23T02:04:16.384Z,-23.6056910,-46.8360505,828.480,15.610,15.650,3,155,317
1784772256439,2026-07-23T02:04:16.439Z,-23.6056982,-46.8360529,828.538,15.586,15.630,3,155,317
1784772256494,2026-07-23T02:04:16.494Z,-23.6057053,-46.8360547,828.451,15.519,15.600,3,155,317
1784772256549,2026-07-23T02:04:16.549Z,-23.6057123,-46.8360569,828.311,15.511,15.530,3,155,317
1784772256604,2026-07-23T02:04:16.604Z,-23.6057195,-46.8360596,828.206,15.589,15.530,3,155,317
1784772256659,2026-07-23T02:04:16.659Z,-23.6057261,-46.8360633,828.254,15.469,15.610,3,155,317
1784772256714,2026-07-23T02:04:16.714Z,-23.6057325,-46.8360666,828.098,15.392,15.490,3,128,318
1784772256772,2026-07-23T02:04:16.772Z,-23.6057394,-46.8360701,828.148,15.347,15.410,3,128,318
1784772256830,2026-07-23T02:04:16.830Z,-23.6057458,-46.8360737,828.110,15.207,15.370,3,128,318
1784772256888,2026-07-23T02:04:16.888Z,-23.6057522,-46.8360769,827.866,15.202,15.230,3,128,318
1784772256946,2026-07-23T02:04:16.946Z,-23.6057586,-46.8360807,827.742,15.208,15.230,3,128,318
1784772257005,2026-07-23T02:04:17.005Z,-23.6057651,-46.8360846,827.669,15.151,15.230,3,128,318
1784772257063,2026-07-23T02:04:17.063Z,-23.6057714,-46.8360888,827.570,15.179,15.180,3,128,318
1784772257121,2026-07-23T02:04:17.121Z,-23.6057783,-46.8360932,827.515,15.462,15.210,3,128,318
1784772257179,2026-07-23T02:04:17.179Z,-23.6057849,-46.8360978,827.418,15.578,15.490,3,128,318
1784772257238,2026-07-23T02:04:17.238Z,-23.6057909,-46.8361025,827.364,15.432,15.610,3,128,318
1784772257296,2026-07-23T02:04:17.296Z,-23.6057971,-46.8361072,827.355,15.300,15.460,3,128,318
1784772257354,2026-07-23T02:04:17.354Z,-23.6058030,-46.8361128,827.340,15.378,15.330,3,128,318
1784772257412,2026-07-23T02:04:17.412Z,-23.6058090,-46.8361179,827.231,15.495,15.410,3,128,318
1784772257471,2026-07-23T02:04:17.471Z,-23.6058148,-46.8361234,827.129,15.530,15.520,3,128,318
1784772257529,2026-07-23T02:04:17.529Z,-23.6058203,-46.8361292,826.989,15.625,15.560,3,128,318
1784772257587,2026-07-23T02:04:17.587Z,-23.6058254,-46.8361355,826.820,15.744,15.660,3,128,318
1784772257645,2026-07-23T02:04:17.645Z,-23.6058300,-46.8361417,826.694,15.567,15.780,3,128,318
1784772257704,2026-07-23T02:04:17.704Z,-23.6058338,-46.8361482,826.670,15.159,15.610,3,128,319
1784772257753,2026-07-23T02:04:17.753Z,-23.6058377,-46.8361547,826.672,14.897,15.200,3,128,319
1784772257803,2026-07-23T02:04:17.803Z,-23.6058415,-46.8361622,826.787,14.880,14.940,3,128,319
1784772257852,2026-07-23T02:04:17.852Z,-23.6058447,-46.8361693,826.781,14.726,14.910,3,128,319
1784772257902,2026-07-23T02:04:17.902Z,-23.6058469,-46.8361769,826.645,14.716,14.760,3,128,319
1784772257951,2026-07-23T02:04:17.951Z,-23.6058490,-46.8361847,826.519,14.800,14.750,3,128,319
1784772258001,2026-07-23T02:04:18.001Z,-23.6058512,-46.8361928,826.447,14.973,14.840,3,128,319
1784772258050,2026-07-23T02:04:18.050Z,-23.6058530,-46.8362002,826.315,14.875,15.010,3,128,319
1784772258100,2026-07-23T02:04:18.100Z,-23.6058544,-46.8362080,826.203,14.873,14.920,3,128,319
1784772258149,2026-07-23T02:04:18.149Z,-23.6058556,-46.8362160,826.088,14.952,14.920,3,128,319
1784772258199,2026-07-23T02:04:18.199Z,-23.6058564,-46.8362239,825.907,15.065,15.000,3,128,319
1784772258248,2026-07-23T02:04:18.248Z,-23.6058570,-46.8362325,825.789,15.429,15.110,3,128,319
1784772258298,2026-07-23T02:04:18.298Z,-23.6058575,-46.8362409,825.794,15.351,15.480,3,128,319
1784772258347,2026-07-23T02:04:18.347Z,-23.6058577,-46.8362493,825.796,15.302,15.400,3,128,319
1784772258397,2026-07-23T02:04:18.397Z,-23.6058576,-46.8362575,825.752,15.251,15.350,3,128,319
1784772258446,2026-07-23T02:04:18.446Z,-23.6058575,-46.8362660,825.698,15.367,15.300,3,128,319
1784772258496,2026-07-23T02:04:18.496Z,-23.6058574,-46.8362746,825.644,15.585,15.410,3,128,319
1784772258545,2026-07-23T02:04:18.545Z,-23.6058571,-46.8362831,825.518,15.752,15.630,3,128,319
1784772258595,2026-07-23T02:04:18.595Z,-23.6058566,-46.8362913,825.361,15.773,15.800,3,128,319
1784772258644,2026-07-23T02:04:18.644Z,-23.6058562,-46.8362998,825.259,15.811,15.820,3,128,319
1784772258694,2026-07-23T02:04:18.694Z,-23.6058559,-46.8363083,825.151,15.894,15.860,3,128,320
1784772258752,2026-07-23T02:04:18.752Z,-23.6058552,-46.8363166,825.061,15.871,15.940,3,128,320
1784772258810,2026-07-23T02:04:18.810Z,-23.6058547,-46.8363256,825.056,16.005,15.920,3,128,320
1784772258868,2026-07-23T02:04:18.868Z,-23.6058539,-46.8363337,824.945,15.875,16.050,3,128,320
1784772258926,2026-07-23T02:04:18.926Z,-23.6058531,-46.8363424,824.901,15.953,15.930,3,128,320
1784772258985,2026-07-23T02:04:18.985Z,-23.6058522,-46.8363512,824.854,16.101,16.000,3,128,320
1784772259043,2026-07-23T02:04:19.043Z,-23.6058514,-46.8363600,824.823,16.171,16.150,3,128,320
1784772259101,2026-07-23T02:04:19.101Z,-23.6058507,-46.8363689,824.794,16.204,16.220,3,128,320
1784772259159,2026-07-23T02:04:19.159Z,-23.6058501,-46.8363777,824.769,16.185,16.250,3,128,320
1784772259218,2026-07-23T02:04:19.218Z,-23.6058499,-46.8363862,824.679,16.048,16.230,3,128,320
1784772259276,2026-07-23T02:04:19.276Z,-23.6058500,-46.8363949,824.545,16.104,16.090,3,128,320
1784772259334,2026-07-23T02:04:19.334Z,-23.6058505,-46.8364039,824.489,16.230,16.150,3,128,320
1784772259392,2026-07-23T02:04:19.392Z,-23.6058511,-46.8364128,824.451,16.184,16.280,3,128,320
1784772259451,2026-07-23T02:04:19.451Z,-23.6058519,-46.8364216,824.384,16.229,16.230,3,128,320
1784772259509,2026-07-23T02:04:19.509Z,-23.6058527,-46.8364301,824.269,16.191,16.280,3,128,320
1784772259567,2026-07-23T02:04:19.567Z,-23.6058537,-46.8364388,824.139,16.283,16.240,3,128,320
1784772259625,2026-07-23T02:04:19.625Z,-23.6058550,-46.8364480,824.114,16.556,16.330,3,128,320
1784772259684,2026-07-23T02:04:19.684Z,-23.6058567,-46.8364567,824.064,16.478,16.600,3,137,321
1784772259742,2026-07-23T02:04:19.742Z,-23.6058589,-46.8364652,823.938,16.461,16.530,3,137,321
1784772259800,2026-07-23T02:04:19.800Z,-23.6058613,-46.8364739,823.767,16.670,16.510,3,137,321
1784772259858,2026-07-23T02:04:19.858Z,-23.6058639,-46.8364826,823.748,16.678,16.720,3,137,321
1784772259916,2026-07-23T02:04:19.916Z,-23.6058664,-46.8364912,823.738,16.566,16.730,3,137,321
1784772259975,2026-07-23T02:04:19.975Z,-23.6058692,-46.8364991,823.652,16.350,16.610,3,137,321
1784772260033,2026-07-23T02:04:20.033Z,-23.6058724,-46.8365070,823.582,16.256,16.400,3,137,321
1784772260091,2026-07-23T02:04:20.091Z,-23.6058758,-46.8365153,823.641,16.207,16.300,3,137,321
1784772260149,2026-07-23T02:04:20.149Z,-23.6058795,-46.8365232,823.631,16.219,16.250,3,137,321
1784772260208,2026-07-23T02:04:20.208Z,-23.6058834,-46.8365310,823.553,16.257,16.260,3,137,321
1784772260266,2026-07-23T02:04:20.266Z,-23.6058877,-46.8365390,823.475,16.462,16.300,3,137,321
1784772260324,2026-07-23T02:04:20.324Z,-23.6058920,-46.8365470,823.381,16.690,16.500,3,137,321
1784772260382,2026-07-23T02:04:20.382Z,-23.6058963,-46.8365549,823.306,16.743,16.730,3,137,321
1784772260441,2026-07-23T02:04:20.441Z,-23.6059006,-46.8365629,823.244,16.902,16.790,3,137,321
1784772260499,2026-07-23T02:04:20.499Z,-23.6059049,-46.8365706,823.129,16.853,16.940,3,137,321
1784772260557,2026-07-23T02:04:20.557Z,-23.6059133,-46.8365866,822.994,17.018,16.900,3,137,321
1784772260615,2026-07-23T02:04:20.615Z,-23.6059174,-46.8365947,822.885,17.075,17.060,3,137,321
1784772260674,2026-07-23T02:04:20.674Z,-23.6059218,-46.8366031,822.861,17.338,17.120,3,128,322
1784772260729,2026-07-23T02:04:20.729Z,-23.6059258,-46.8366114,822.774,17.374,17.380,3,128,322
1784772260784,2026-07-23T02:04:20.784Z,-23.6059297,-46.8366200,822.717,17.484,17.420,3,128,322
1784772260839,2026-07-23T02:04:20.839Z,-23.6059333,-46.8366285,822.638,17.383,17.530,3,128,322
1784772260894,2026-07-23T02:04:20.894Z,-23.6059368,-46.8366372,822.562,17.471,17.430,3,128,322
1784772260949,2026-07-23T02:04:20.949Z,-23.6059400,-46.8366462,822.469,17.597,17.510,3,128,322
1784772261004,2026-07-23T02:04:21.004Z,-23.6059431,-46.8366553,822.291,17.873,17.640,3,128,322
1784772261059,2026-07-23T02:04:21.059Z,-23.6059459,-46.8366643,822.158,17.858,17.920,3,128,322
1784772261114,2026-07-23T02:04:21.114Z,-23.6059483,-46.8366734,822.093,17.726,17.910,3,128,322
1784772261169,2026-07-23T02:04:21.169Z,-23.6059502,-46.8366826,821.995,17.618,17.770,3,128,322
1784772261224,2026-07-23T02:04:21.224Z,-23.6059516,-46.8366920,821.900,17.590,17.670,3,128,322
1784772261279,2026-07-23T02:04:21.279Z,-23.6059531,-46.8367014,821.807,17.632,17.640,3,128,322
1784772261334,2026-07-23T02:04:21.334Z,-23.6059542,-46.8367109,821.802,17.585,17.680,3,128,322
1784772261389,2026-07-23T02:04:21.389Z,-23.6059550,-46.8367206,821.689,17.742,17.640,3,128,322
1784772261444,2026-07-23T02:04:21.444Z,-23.6059557,-46.8367304,821.517,17.967,17.790,3,128,322
1784772261499,2026-07-23T02:04:21.499Z,-23.6059563,-46.8367494,821.273,17.757,18.020,3,128,322
1784772261554,2026-07-23T02:04:21.554Z,-23.6059556,-46.8367592,821.134,17.934,17.820,3,128,322
1784772261609,2026-07-23T02:04:21.609Z,-23.6059549,-46.8367691,821.074,17.988,18.000,3,128,322
1784772261664,2026-07-23T02:04:21.664Z,-23.6059541,-46.8367787,820.981,17.980,18.050,3,128,323
1784772261729,2026-07-23T02:04:21.729Z,-23.6059527,-46.8367887,820.974,18.089,18.040,3,128,323
1784772261794,2026-07-23T02:04:21.794Z,-23.6059510,-46.8367984,820.858,18.224,18.150,3,128,323
1784772261859,2026-07-23T02:04:21.859Z,-23.6059491,-46.8368082,820.780,18.398,18.280,3,128,323
1784772261925,2026-07-23T02:04:21.925Z,-23.6059473,-46.8368178,820.741,18.300,18.460,3,128,323
1784772261990,2026-07-23T02:04:21.990Z,-23.6059451,-46.8368275,820.685,18.343,18.360,3,128,323
1784772262055,2026-07-23T02:04:22.055Z,-23.6059429,-46.8368370,820.606,18.365,18.400,3,128,323
1784772262121,2026-07-23T02:04:22.121Z,-23.6059402,-46.8368462,820.500,18.281,18.420,3,128,323
1784772262186,2026-07-23T02:04:22.186Z,-23.6059376,-46.8368557,820.422,18.347,18.340,3,128,323
1784772262251,2026-07-23T02:04:22.251Z,-23.6059345,-46.8368652,820.357,18.494,18.410,3,128,323
1784772262317,2026-07-23T02:04:22.317Z,-23.6059310,-46.8368743,820.255,18.413,18.550,3,128,323
1784772262382,2026-07-23T02:04:22.382Z,-23.6059274,-46.8368839,820.179,18.690,18.470,3,128,323
1784772262447,2026-07-23T02:04:22.447Z,-23.6059238,-46.8368933,820.130,18.753,18.750,3,128,323
1784772262513,2026-07-23T02:04:22.513Z,-23.6059200,-46.8369030,820.101,18.922,18.810,3,128,323
1784772262578,2026-07-23T02:04:22.578Z,-23.6059118,-46.8369208,819.962,18.758,18.980,3,128,323
1784772262643,2026-07-23T02:04:22.643Z,-23.6059068,-46.8369295,819.894,18.867,18.810,3,128,323
1784772262709,2026-07-23T02:04:22.709Z,-23.6059018,-46.8369377,819.791,18.767,18.920,3,128,324
1784772262761,2026-07-23T02:04:22.761Z,-23.6058964,-46.8369458,819.685,18.744,18.820,3,128,324
1784772262813,2026-07-23T02:04:22.813Z,-23.6058908,-46.8369538,819.617,18.754,18.800,3,128,324
1784772262865,2026-07-23T02:04:22.865Z,-23.6058847,-46.8369614,819.651,18.669,18.810,3,128,324
1784772262917,2026-07-23T02:04:22.917Z,-23.6058790,-46.8369690,819.665,18.463,18.720,3,128,324
1784772262969,2026-07-23T02:04:22.969Z,-23.6058732,-46.8369764,819.642,18.304,18.510,3,128,324
1784772263021,2026-07-23T02:04:23.021Z,-23.6058669,-46.8369837,819.586,18.429,18.350,3,128,324
1784772263073,2026-07-23T02:04:23.073Z,-23.6058604,-46.8369913,819.543,18.675,18.480,3,128,324
1784772263125,2026-07-23T02:04:23.125Z,-23.6058541,-46.8369986,819.545,18.612,18.720,3,128,324
1784772263177,2026-07-23T02:04:23.177Z,-23.6058476,-46.8370056,819.533,18.493,18.660,3,128,324
1784772263230,2026-07-23T02:04:23.230Z,-23.6058405,-46.8370125,819.541,18.627,18.540,3,128,324
1784772263282,2026-07-23T02:04:23.282Z,-23.6058333,-46.8370196,819.573,18.841,18.670,3,128,324
1784772263334,2026-07-23T02:04:23.334Z,-23.6058261,-46.8370262,819.567,18.789,18.880,3,128,324
1784772263386,2026-07-23T02:04:23.386Z,-23.6058188,-46.8370322,819.536,18.695,18.820,3,128,324
1784772263438,2026-07-23T02:04:23.438Z,-23.6058110,-46.8370383,819.545,18.809,18.730,3,128,324
1784772263490,2026-07-23T02:04:23.490Z,-23.6058032,-46.8370439,819.554,18.709,18.840,3,128,324
1784772263542,2026-07-23T02:04:23.542Z,-23.6057947,-46.8370487,819.597,18.748,18.740,3,128,324
1784772263594,2026-07-23T02:04:23.594Z,-23.6057861,-46.8370533,819.622,18.764,18.780,3,128,324
1784772263646,2026-07-23T02:04:23.646Z,-23.6057777,-46.8370575,819.563,18.602,18.790,3,128,324
1784772263699,2026-07-23T02:04:23.699Z,-23.6057695,-46.8370623,819.598,18.622,18.630,3,128,325
1784772263751,2026-07-23T02:04:23.751Z,-23.6057611,-46.8370666,819.629,18.593,18.650,3,128,325
1784772263803,2026-07-23T02:04:23.803Z,-23.6057525,-46.8370709,819.633,18.657,18.620,3,128,325
1784772263855,2026-07-23T02:04:23.855Z,-23.6057437,-46.8370746,819.591,18.711,18.680,3,128,325
1784772263907,2026-07-23T02:04:23.907Z,-23.6057348,-46.8370781,819.555,18.801,18.730,3,128,325
1784772263959,2026-07-23T02:04:23.959Z,-23.6057260,-46.8370819,819.495,18.899,18.820,3,128,325
1784772264011,2026-07-23T02:04:24.011Z,-23.6057171,-46.8370855,819.393,18.945,18.920,3,128,325
1784772264063,2026-07-23T02:04:24.063Z,-23.6057080,-46.8370889,819.336,19.069,18.970,3,128,325
1784772264115,2026-07-23T02:04:24.115Z,-23.6056988,-46.8370924,819.299,19.253,19.090,3,128,325
1784772264167,2026-07-23T02:04:24.167Z,-23.6056896,-46.8370959,819.317,19.376,19.280,3,128,325
1784772264220,2026-07-23T02:04:24.220Z,-23.6056803,-46.8370994,819.298,19.510,19.400,3,128,325
1784772264272,2026-07-23T02:04:24.272Z,-23.6056709,-46.8371024,819.273,19.500,19.530,3,128,325
1784772264324,2026-07-23T02:04:24.324Z,-23.6056619,-46.8371053,819.276,19.252,19.520,3,128,325
1784772264376,2026-07-23T02:04:24.376Z,-23.6056531,-46.8371080,819.341,18.932,19.270,3,128,325
1784772264428,2026-07-23T02:04:24.428Z,-23.6056445,-46.8371108,819.350,18.587,18.950,3,128,325
1784772264480,2026-07-23T02:04:24.480Z,-23.6056359,-46.8371137,819.344,18.416,18.600,3,128,325
1784772264532,2026-07-23T02:04:24.532Z,-23.6056272,-46.8371167,819.367,18.405,18.430,3,128,325
1784772264584,2026-07-23T02:04:24.584Z,-23.6056182,-46.8371197,819.376,18.579,18.420,3,128,325
1784772264636,2026-07-23T02:04:24.636Z,-23.6056092,-46.8371229,819.402,18.710,18.590,3,128,325
1784772264689,2026-07-23T02:04:24.689Z,-23.6056001,-46.8371263,819.388,18.930,18.720,3,128,326
1784772264750,2026-07-23T02:04:24.750Z,-23.6055909,-46.8371297,819.469,19.058,18.940,3,128,326
1784772264812,2026-07-23T02:04:24.812Z,-23.6055818,-46.8371334,819.549,19.154,19.070,3,128,326
1784772264874,2026-07-23T02:04:24.874Z,-23.6055727,-46.8371372,819.684,19.230,19.160,3,128,326
1784772264936,2026-07-23T02:04:24.936Z,-23.6055638,-46.8371408,819.742,19.150,19.240,3,128,326
1784772264998,2026-07-23T02:04:24.998Z,-23.6055550,-46.8371448,819.778,19.064,19.150,3,128,326
1784772265060,2026-07-23T02:04:25.060Z,-23.6055463,-46.8371481,819.766,18.939,19.070,3,128,326
1784772265122,2026-07-23T02:04:25.122Z,-23.6055375,-46.8371511,819.778,18.843,18.940,3,128,326
1784772265184,2026-07-23T02:04:25.184Z,-23.6055284,-46.8371540,819.794,18.956,18.850,3,128,326
1784772265245,2026-07-23T02:04:25.245Z,-23.6055192,-46.8371571,819.854,19.112,18.960,3,128,326
1784772265307,2026-07-23T02:04:25.307Z,-23.6055100,-46.8371603,819.873,19.244,19.120,3,128,326
1784772265369,2026-07-23T02:04:25.369Z,-23.6055008,-46.8371631,819.922,19.189,19.250,3,128,326
1784772265431,2026-07-23T02:04:25.431Z,-23.6054916,-46.8371661,819.959,19.271,19.190,3,128,326
1784772265493,2026-07-23T02:04:25.493Z,-23.6054823,-46.8371689,820.011,19.273,19.270,3,128,326
1784772265555,2026-07-23T02:04:25.555Z,-23.6054638,-46.8371746,819.994,19.313,19.270,3,128,326
1784772265617,2026-07-23T02:04:25.617Z,-23.6054544,-46.8371773,819.977,19.428,19.310,3,128,326
1784772265679,2026-07-23T02:04:25.679Z,-23.6054449,-46.8371801,820.011,19.476,19.430,3,128,327
1784772265737,2026-07-23T02:04:25.737Z,-23.6054359,-46.8371825,820.067,19.263,19.480,3,128,327
1784772265795,2026-07-23T02:04:25.795Z,-23.6054265,-46.8371852,820.059,19.292,19.260,3,128,327
1784772265853,2026-07-23T02:04:25.853Z,-23.6054171,-46.8371876,820.070,19.336,19.290,3,128,327
1784772265911,2026-07-23T02:04:25.911Z,-23.6054078,-46.8371903,820.139,19.300,19.340,3,128,327
1784772265969,2026-07-23T02:04:25.969Z,-23.6053985,-46.8371927,820.193,19.241,19.300,3,128,327
1784772266027,2026-07-23T02:04:26.027Z,-23.6053890,-46.8371948,820.187,19.299,19.240,3,128,327
1784772266085,2026-07-23T02:04:26.085Z,-23.6053795,-46.8371970,820.128,19.381,19.300,3,128,327
1784772266143,2026-07-23T02:04:26.143Z,-23.6053699,-46.8371991,820.158,19.390,19.380,3,128,327
1784772266201,2026-07-23T02:04:26.201Z,-23.6053606,-46.8372011,820.205,19.236,19.390,3,128,327
1784772266259,2026-07-23T02:04:26.259Z,-23.6053511,-46.8372029,820.196,19.256,19.240,3,128,327
1784772266317,2026-07-23T02:04:26.317Z,-23.6053417,-46.8372046,820.213,19.188,19.260,3,128,327
1784772266375,2026-07-23T02:04:26.375Z,-23.6053322,-46.8372062,820.253,19.205,19.190,3,128,327
1784772266433,2026-07-23T02:04:26.433Z,-23.6053226,-46.8372079,820.292,19.234,19.210,3,128,327
1784772266491,2026-07-23T02:04:26.491Z,-23.6053132,-46.8372095,820.302,19.242,19.230,3,128,327
1784772266549,2026-07-23T02:04:26.549Z,-23.6052941,-46.8372127,820.324,19.367,19.240,3,128,327
1784772266607,2026-07-23T02:04:26.607Z,-23.6052844,-46.8372141,820.305,19.421,19.370,3,128,327
1784772266665,2026-07-23T02:04:26.665Z,-23.6052746,-46.8372153,820.303,19.512,19.420,3,128,327
1784772266724,2026-07-23T02:04:26.724Z,-23.6052649,-46.8372161,820.319,19.442,19.510,3,128,328
1784772266785,2026-07-23T02:04:26.785Z,-23.6052553,-46.8372169,820.386,19.308,19.440,3,128,328
1784772266847,2026-07-23T02:04:26.847Z,-23.6052457,-46.8372175,820.433,19.294,19.310,3,128,328
1784772266909,2026-07-23T02:04:26.909Z,-23.6052361,-46.8372179,820.495,19.291,19.290,3,128,328
1784772266971,2026-07-23T02:04:26.971Z,-23.6052266,-46.8372182,820.557,19.183,19.290,3,128,328
1784772267033,2026-07-23T02:04:27.033Z,-23.6052170,-46.8372183,820.604,19.198,19.180,3,128,328
1784772267095,2026-07-23T02:04:27.095Z,-23.6052075,-46.8372185,820.667,19.145,19.200,3,128,328
1784772267157,2026-07-23T02:04:27.157Z,-23.6051979,-46.8372186,820.694,19.188,19.150,3,128,328
1784772267219,2026-07-23T02:04:27.219Z,-23.6051883,-46.8372185,820.748,19.255,19.190,3,128,328
1784772267280,2026-07-23T02:04:27.280Z,-23.6051787,-46.8372182,820.794,19.223,19.260,3,128,328
1784772267342,2026-07-23T02:04:27.342Z,-23.6051690,-46.8372176,820.818,19.337,19.230,3,128,328
1784772267404,2026-07-23T02:04:27.404Z,-23.6051594,-46.8372167,820.866,19.371,19.340,3,128,328
1784772267466,2026-07-23T02:04:27.466Z,-23.6051499,-46.8372155,820.940,19.226,19.370,3,128,328
1784772267528,2026-07-23T02:04:27.528Z,-23.6051404,-46.8372143,821.008,19.206,19.230,3,128,328
1784772267590,2026-07-23T02:04:27.590Z,-23.6051214,-46.8372118,821.123,19.125,19.210,3,128,328
1784772267652,2026-07-23T02:04:27.652Z,-23.6051119,-46.8372100,821.162,19.176,19.130,3,128,328
1784772267714,2026-07-23T02:04:27.714Z,-23.6051026,-46.8372085,821.240,19.011,19.180,3,128,329
1784772267766,2026-07-23T02:04:27.766Z,-23.6050932,-46.8372061,821.326,19.014,19.020,3,128,329
1784772267818,2026-07-23T02:04:27.818Z,-23.6050836,-46.8372035,821.451,19.170,19.020,3,128,329
1784772267870,2026-07-23T02:04:27.870Z,-23.6050743,-46.8372008,821.506,19.228,19.180,3,128,329
1784772267922,2026-07-23T02:04:27.922Z,-23.6050650,-46.8371979,821.565,19.247,19.240,3,128,329
1784772267974,2026-07-23T02:04:27.974Z,-23.6050559,-46.8371948,821.612,19.158,19.260,3,128,329
1784772268026,2026-07-23T02:04:28.026Z,-23.6050467,-46.8371914,821.698,19.166,19.170,3,128,329
1784772268078,2026-07-23T02:04:28.078Z,-23.6050376,-46.8371879,821.767,19.205,19.180,3,128,329
1784772268130,2026-07-23T02:04:28.130Z,-23.6050286,-46.8371843,821.839,19.144,19.220,3,128,329
1784772268182,2026-07-23T02:04:28.182Z,-23.6050197,-46.8371805,821.904,19.108,19.160,3,128,329
1784772268235,2026-07-23T02:04:28.235Z,-23.6050108,-46.8371769,821.981,19.106,19.120,3,128,329
1784772268287,2026-07-23T02:04:28.287Z,-23.6050018,-46.8371730,822.047,19.203,19.120,3,128,329
1784772268339,2026-07-23T02:04:28.339Z,-23.6049929,-46.8371689,822.096,19.242,19.220,3,128,329
1784772268391,2026-07-23T02:04:28.391Z,-23.6049843,-46.8371648,822.182,19.044,19.260,3,128,329
1784772268443,2026-07-23T02:04:28.443Z,-23.6049757,-46.8371602,822.206,19.102,19.060,3,128,329
1784772268495,2026-07-23T02:04:28.495Z,-23.6049585,-46.8371511,822.289,19.221,19.120,3,128,329
1784772268547,2026-07-23T02:04:28.547Z,-23.6049501,-46.8371463,822.330,19.123,19.240,3,128,329
1784772268599,2026-07-23T02:04:28.599Z,-23.6049419,-46.8371414,822.392,19.020,19.140,3,128,329
1784772268651,2026-07-23T02:04:28.651Z,-23.6049335,-46.8371361,822.455,19.128,19.040,3,128,329
1784772268704,2026-07-23T02:04:28.704Z,-23.6049252,-46.8371309,822.534,19.135,19.140,3,128,330
1784772268759,2026-07-23T02:04:28.759Z,-23.6049170,-46.8371256,822.570,19.164,19.150,3,128,330
1784772268814,2026-07-23T02:04:28.814Z,-23.6049089,-46.8371203,822.662,19.062,19.180,3,128,330
1784772268869,2026-07-23T02:04:28.869Z,-23.6049009,-46.8371150,822.744,18.983,19.080,3,128,330
1784772268924,2026-07-23T02:04:28.924Z,-23.6048930,-46.8371096,822.831,18.902,19.000,3,128,330
1784772268979,2026-07-23T02:04:28.979Z,-23.6048852,-46.8371040,822.860,18.873,18.920,3,128,330
1784772269034,2026-07-23T02:04:29.034Z,-23.6048773,-46.8370981,822.925,18.929,18.890,3,128,330
1784772269089,2026-07-23T02:04:29.089Z,-23.6048699,-46.8370923,822.994,18.776,18.950,3,128,330
1784772269144,2026-07-23T02:04:29.144Z,-23.6048627,-46.8370862,823.051,18.579,18.800,3,128,330
1784772269199,2026-07-23T02:04:29.199Z,-23.6048556,-46.8370801,823.114,18.401,18.600,3,128,330
1784772269254,2026-07-23T02:04:29.254Z,-23.6048487,-46.8370738,823.180,18.308,18.430,3,128,330
1784772269309,2026-07-23T02:04:29.309Z,-23.6048421,-46.8370672,823.258,18.186,18.330,3,128,330
1784772269364,2026-07-23T02:04:29.364Z,-23.6048356,-46.8370607,823.330,18.060,18.210,3,128,330
1784772269419,2026-07-23T02:04:29.419Z,-23.6048292,-46.8370544,823.419,17.816,18.090,3,128,330
1784772269474,2026-07-23T02:04:29.474Z,-23.6048231,-46.8370479,823.472,17.540,17.840,3,128,330
1784772269529,2026-07-23T02:04:29.529Z,-23.6048172,-46.8370415,823.532,17.221,17.570,3,128,330
1784772269584,2026-07-23T02:04:29.584Z,-23.6048115,-46.8370348,823.584,17.139,17.250,3,128,330
1784772269639,2026-07-23T02:04:29.639Z,-23.6048059,-46.8370282,823.645,16.926,17.170,3,128,331
1784772269694,2026-07-23T02:04:29.694Z,-23.6048007,-46.8370214,823.705,16.685,16.950,3,128,331
1784772269749,2026-07-23T02:04:29.749Z,-23.6047958,-46.8370145,823.744,16.456,16.710,3,128,331
1784772269804,2026-07-23T02:04:29.804Z,-23.6047913,-46.8370076,823.818,16.158,16.490,3,128,331
1784772269859,2026-07-23T02:04:29.859Z,-23.6047872,-46.8370006,823.858,15.859,16.190,3,128,331
1784772269914,2026-07-23T02:04:29.914Z,-23.6047836,-46.8369933,823.930,15.617,15.890,3,128,331
1784772269969,2026-07-23T02:04:29.969Z,-23.6047803,-46.8369862,823.987,15.315,15.650,3,128,331
1784772270024,2026-07-23T02:04:30.024Z,-23.6047771,-46.8369791,824.060,15.059,15.350,3,128,331
1784772270079,2026-07-23T02:04:30.079Z,-23.6047741,-46.8369720,824.112,14.830,15.090,3,128,331
1784772270134,2026-07-23T02:04:30.134Z,-23.6047713,-46.8369653,824.198,14.401,14.860,3,128,331
1784772270189,2026-07-23T02:04:30.189Z,-23.6047691,-46.8369587,824.316,13.941,14.440,3,128,331
1784772270244,2026-07-23T02:04:30.244Z,-23.6047672,-46.8369518,824.410,13.737,13.980,3,128,331
1784772270299,2026-07-23T02:04:30.299Z,-23.6047657,-46.8369451,824.481,13.382,13.780,3,128,331
1784772270354,2026-07-23T02:04:30.354Z,-23.6047644,-46.8369385,824.559,13.038,13.420,3,128,331
1784772270409,2026-07-23T02:04:30.409Z,-23.6047633,-46.8369318,824.599,12.799,13.080,3,128,331
1784772270464,2026-07-23T02:04:30.464Z,-23.6047625,-46.8369254,824.680,12.551,12.840,3,128,331
1784772270519,2026-07-23T02:04:30.519Z,-23.6047619,-46.8369190,824.760,12.290,12.590,3,128,331
1784772270574,2026-07-23T02:04:30.574Z,-23.6047611,-46.8369129,824.831,11.991,12.330,3,128,331
1784772270629,2026-07-23T02:04:30.629Z,-23.6047610,-46.8369069,824.889,11.660,12.040,3,128,331
1784772270684,2026-07-23T02:04:30.684Z,-23.6047613,-46.8369009,824.949,11.430,11.710,3,128,332
1784772270739,2026-07-23T02:04:30.739Z,-23.6047619,-46.8368951,825.061,11.188,11.480,3,128,332
1784772270794,2026-07-23T02:04:30.794Z,-23.6047626,-46.8368894,825.123,10.987,11.240,3,128,332
1784772270849,2026-07-23T02:04:30.849Z,-23.6047637,-46.8368842,825.203,10.615,11.040,3,128,332
1784772270904,2026-07-23T02:04:30.904Z,-23.6047653,-46.8368790,825.296,10.349,10.670,3,128,332
1784772270959,2026-07-23T02:04:30.959Z,-23.6047668,-46.8368741,825.339,10.067,10.400,3,128,332
1784772271014,2026-07-23T02:04:31.014Z,-23.6047684,-46.8368693,825.392,9.827,10.120,3,128,332
1784772271069,2026-07-23T02:04:31.069Z,-23.6047704,-46.8368645,825.449,9.733,9.880,3,128,332
1784772271124,2026-07-23T02:04:31.124Z,-23.6047722,-46.8368602,825.549,9.374,9.790,3,128,332
1784772271179,2026-07-23T02:04:31.179Z,-23.6047743,-46.8368557,825.604,9.349,9.430,3,128,332
1784772271234,2026-07-23T02:04:31.234Z,-23.6047769,-46.8368514,825.605,9.352,9.410,3,128,332
1784772271289,2026-07-23T02:04:31.289Z,-23.6047797,-46.8368472,825.637,9.475,9.410,3,128,332
1784772271344,2026-07-23T02:04:31.344Z,-23.6047825,-46.8368432,825.694,9.398,9.530,3,128,332
1784772271399,2026-07-23T02:04:31.399Z,-23.6047856,-46.8368393,825.695,9.437,9.450,3,128,332
1784772271454,2026-07-23T02:04:31.454Z,-23.6047891,-46.8368358,825.668,9.423,9.490,3,128,332
1784772271509,2026-07-23T02:04:31.509Z,-23.6047928,-46.8368325,825.679,9.408,9.470,3,128,332
1784772271564,2026-07-23T02:04:31.564Z,-23.6047965,-46.8368294,825.675,9.420,9.450,3,128,332
1784772271619,2026-07-23T02:04:31.619Z,-23.6048003,-46.8368265,825.673,9.333,9.460,3,128,332
1784772271674,2026-07-23T02:04:31.674Z,-23.6048041,-46.8368238,825.697,9.231,9.370,3,128,333
1784772271732,2026-07-23T02:04:31.732Z,-23.6048081,-46.8368214,825.723,9.267,9.260,3,128,333
1784772271790,2026-07-23T02:04:31.790Z,-23.6048123,-46.8368188,825.736,9.397,9.300,3,128,333
1784772271848,2026-07-23T02:04:31.848Z,-23.6048166,-46.8368166,825.787,9.525,9.430,3,128,333
1784772271906,2026-07-23T02:04:31.906Z,-23.6048213,-46.8368145,825.816,9.735,9.550,3,128,333
1784772271965,2026-07-23T02:04:31.965Z,-23.6048259,-46.8368131,825.873,9.642,9.760,3,128,333
1784772272023,2026-07-23T02:04:32.023Z,-23.6048306,-46.8368116,825.851,9.720,9.670,3,128,333
1784772272081,2026-07-23T02:04:32.081Z,-23.6048354,-46.8368105,825.830,9.782,9.750,3,128,333
1784772272139,2026-07-23T02:04:32.139Z,-23.6048403,-46.8368096,825.820,9.854,9.800,3,128,333
1784772272198,2026-07-23T02:04:32.198Z,-23.6048453,-46.8368089,825.817,9.957,9.870,3,128,333
1784772272256,2026-07-23T02:04:32.256Z,-23.6048504,-46.8368086,825.809,10.066,9.970,3,128,333
1784772272314,2026-07-23T02:04:32.314Z,-23.6048555,-46.8368087,825.825,10.118,10.080,3,128,333
1784772272372,2026-07-23T02:04:32.372Z,-23.6048607,-46.8368088,825.812,10.240,10.130,3,128,333
1784772272431,2026-07-23T02:04:32.431Z,-23.6048660,-46.8368093,825.829,10.371,10.250,3,128,333
1784772272489,2026-07-23T02:04:32.489Z,-23.6048762,-46.8368108,825.829,10.439,10.380,3,128,333
1784772272547,2026-07-23T02:04:32.547Z,-23.6048812,-46.8368124,825.775,10.478,10.450,3,128,333
1784772272605,2026-07-23T02:04:32.605Z,-23.6048861,-46.8368143,825.759,10.466,10.480,3,128,333
1784772272664,2026-07-23T02:04:32.664Z,-23.6048910,-46.8368163,825.705,10.593,10.470,3,128,334
1784772272725,2026-07-23T02:04:32.725Z,-23.6048959,-46.8368186,825.663,10.632,10.600,3,128,334
1784772272786,2026-07-23T02:04:32.786Z,-23.6049006,-46.8368210,825.589,10.691,10.630,3,128,334
1784772272848,2026-07-23T02:04:32.848Z,-23.6049055,-46.8368238,825.553,10.873,10.690,3,128,334
1784772272909,2026-07-23T02:04:32.909Z,-23.6049103,-46.8368269,825.526,11.047,10.870,3,128,334
1784772272971,2026-07-23T02:04:32.971Z,-23.6049150,-46.8368302,825.505,11.220,11.050,3,128,334
1784772273032,2026-07-23T02:04:33.032Z,-23.6049195,-46.8368337,825.466,11.259,11.220,3,128,334
1784772273094,2026-07-23T02:04:33.094Z,-23.6049239,-46.8368375,825.435,11.323,11.260,3,128,334
1784772273155,2026-07-23T02:04:33.155Z,-23.6049282,-46.8368416,825.377,11.476,11.320,3,128,334
1784772273217,2026-07-23T02:04:33.217Z,-23.6049326,-46.8368459,825.319,11.691,11.480,3,128,334
1784772273278,2026-07-23T02:04:33.278Z,-23.6049369,-46.8368500,825.307,11.641,11.690,3,128,334
1784772273340,2026-07-23T02:04:33.340Z,-23.6049409,-46.8368543,825.248,11.644,11.640,3,128,334
1784772273401,2026-07-23T02:04:33.401Z,-23.6049450,-46.8368588,825.191,11.743,11.640,3,128,334
1784772273463,2026-07-23T02:04:33.463Z,-23.6049491,-46.8368634,825.165,11.789,11.740,3,128,334
1784772273524,2026-07-23T02:04:33.524Z,-23.6049575,-46.8368725,825.105,12.020,11.790,3,128,334
1784772273586,2026-07-23T02:04:33.586Z,-23.6049617,-46.8368771,825.067,12.068,12.020,3,128,334
1784772273647,2026-07-23T02:04:33.647Z,-23.6049660,-46.8368817,825.049,12.128,12.070,3,128,334
1784772273709,2026-07-23T02:04:33.709Z,-23.6049705,-46.8368863,824.972,12.280,12.130,3,128,335
1784772273767,2026-07-23T02:04:33.767Z,-23.6049751,-46.8368908,824.933,12.390,12.280,3,128,335
1784772273825,2026-07-23T02:04:33.825Z,-23.6049799,-46.8368952,824.888,12.555,12.390,3,128,335
1784772273883,2026-07-23T02:04:33.883Z,-23.6049849,-46.8368994,824.823,12.638,12.560,3,128,335
1784772273941,2026-07-23T02:04:33.941Z,-23.6049900,-46.8369033,824.786,12.675,12.640,3,128,335
1784772274000,2026-07-23T02:04:34.000Z,-23.6049952,-46.8369072,824.738,12.700,12.680,3,128,335
1784772274058,2026-07-23T02:04:34.058Z,-23.6050005,-46.8369108,824.678,12.670,12.710,3,128,335
1784772274116,2026-07-23T02:04:34.116Z,-23.6050060,-46.8369141,824.648,12.729,12.680,3,128,335
1784772274174,2026-07-23T02:04:34.174Z,-23.6050117,-46.8369172,824.664,12.722,12.740,3,128,335
1784772274233,2026-07-23T02:04:34.233Z,-23.6050173,-46.8369203,824.656,12.704,12.730,3,128,335
1784772274291,2026-07-23T02:04:34.291Z,-23.6050231,-46.8369231,824.637,12.759,12.710,3,128,335
1784772274349,2026-07-23T02:04:34.349Z,-23.6050289,-46.8369253,824.597,12.563,12.770,3,128,335
1784772274407,2026-07-23T02:04:34.407Z,-23.6050349,-46.8369274,824.619,12.643,12.570,3,128,335
1784772274466,2026-07-23T02:04:34.466Z,-23.6050412,-46.8369294,824.621,12.782,12.650,3,128,335
1784772274524,2026-07-23T02:04:34.524Z,-23.6050535,-46.8369323,824.554,12.622,12.790,3,128,335
1784772274582,2026-07-23T02:04:34.582Z,-23.6050601,-46.8369330,824.578,12.776,12.630,3,128,335
1784772274640,2026-07-23T02:04:34.640Z,-23.6050665,-46.8369334,824.557,12.768,12.780,3,128,335
1784772274699,2026-07-23T02:04:34.699Z,-23.6050729,-46.8369332,824.517,12.708,12.770,3,128,336
1784772274754,2026-07-23T02:04:34.754Z,-23.6050791,-46.8369328,824.484,12.540,12.710,3,128,336
1784772274809,2026-07-23T02:04:34.809Z,-23.6050857,-46.8369320,824.471,12.714,12.540,3,128,336
1784772274864,2026-07-23T02:04:34.864Z,-23.6050921,-46.8369311,824.509,12.771,12.720,3,128,336
1784772274919,2026-07-23T02:04:34.919Z,-23.6050982,-46.8369299,824.512,12.636,12.770,3,128,336
1784772274974,2026-07-23T02:04:34.974Z,-23.6051047,-46.8369279,824.437,12.875,12.640,3,128,336
1784772275029,2026-07-23T02:04:35.029Z,-23.6051112,-46.8369255,824.360,13.093,12.880,3,128,336
1784772275084,2026-07-23T02:04:35.084Z,-23.6051171,-46.8369234,824.413,12.933,13.100,3,128,336
1784772275139,2026-07-23T02:04:35.139Z,-23.6051232,-46.8369209,824.426,13.006,12.940,3,128,336
1784772275194,2026-07-23T02:04:35.194Z,-23.6051292,-46.8369178,824.402,13.183,13.010,3,128,336
1784772275249,2026-07-23T02:04:35.249Z,-23.6051351,-46.8369145,824.403,13.253,13.190,3,128,336
1784772275304,2026-07-23T02:04:35.304Z,-23.6051408,-46.8369110,824.424,13.262,13.260,3,128,336
1784772275359,2026-07-23T02:04:35.359Z,-23.6051462,-46.8369072,824.429,13.246,13.260,3,128,336
1784772275414,2026-07-23T02:04:35.414Z,-23.6051513,-46.8369030,824.418,13.082,13.250,3,128,336
1784772275469,2026-07-23T02:04:35.469Z,-23.6051561,-46.8368986,824.413,12.991,13.080,3,128,336
1784772275524,2026-07-23T02:04:35.524Z,-23.6051609,-46.8368939,824.438,13.000,12.990,3,128,336
1784772275579,2026-07-23T02:04:35.579Z,-23.6051653,-46.8368889,824.411,12.967,13.000,3,128,336
1784772275634,2026-07-23T02:04:35.634Z,-23.6051693,-46.8368835,824.398,12.921,12.970,3,128,336
1784772275689,2026-07-23T02:04:35.689Z,-23.6051731,-46.8368778,824.361,12.901,12.920,3,137,337
1784772275741,2026-07-23T02:04:35.741Z,-23.6051768,-46.8368720,824.317,12.957,12.900,3,137,337
1784772275793,2026-07-23T02:04:35.793Z,-23.6051805,-46.8368660,824.312,13.084,12.960,3,137,337
1784772275845,2026-07-23T02:04:35.845Z,-23.6051839,-46.8368598,824.249,13.110,13.090,3,137,337
1784772275897,2026-07-23T02:04:35.897Z,-23.6051869,-46.8368536,824.218,13.054,13.110,3,137,337
1784772275949,2026-07-23T02:04:35.949Z,-23.6051898,-46.8368471,824.183,13.124,13.060,3,137,337
1784772276001,2026-07-23T02:04:36.001Z,-23.6051927,-46.8368405,824.156,13.248,13.130,3,137,337
1784772276053,2026-07-23T02:04:36.053Z,-23.6051952,-46.8368340,824.168,13.219,13.250,3,137,337
1784772276105,2026-07-23T02:04:36.105Z,-23.6051973,-46.8368273,824.167,13.172,13.220,3,137,337
1784772276157,2026-07-23T02:04:36.157Z,-23.6051992,-46.8368203,824.137,13.292,13.180,3,137,337
1784772276210,2026-07-23T02:04:36.210Z,-23.6052008,-46.8368130,824.116,13.485,13.300,3,137,337
1784772276262,2026-07-23T02:04:36.262Z,-23.6052022,-46.8368060,824.115,13.479,13.490,3,137,337
1784772276314,2026-07-23T02:04:36.314Z,-23.6052035,-46.8367988,824.108,13.533,13.480,3,137,337
1784772276366,2026-07-23T02:04:36.366Z,-23.6052048,-46.8367916,824.091,13.597,13.540,3,137,337
1784772276418,2026-07-23T02:04:36.418Z,-23.6052059,-46.8367842,824.091,13.725,13.600,3,137,337
1784772276470,2026-07-23T02:04:36.470Z,-23.6052072,-46.8367767,824.072,13.840,13.730,3,137,337
1784772276522,2026-07-23T02:04:36.522Z,-23.6052086,-46.8367694,824.062,13.874,13.840,3,137,337
1784772276574,2026-07-23T02:04:36.574Z,-23.6052100,-46.8367620,824.043,13.906,13.880,3,137,337
1784772276626,2026-07-23T02:04:36.626Z,-23.6052115,-46.8367547,824.053,13.948,13.910,3,137,337
1784772276679,2026-07-23T02:04:36.679Z,-23.6052131,-46.8367473,824.038,14.026,13.950,3,128,338
1784772276740,2026-07-23T02:04:36.740Z,-23.6052147,-46.8367400,824.036,14.040,14.030,3,128,338
1784772276801,2026-07-23T02:04:36.801Z,-23.6052164,-46.8367326,824.044,14.077,14.040,3,128,338
1784772276863,2026-07-23T02:04:36.863Z,-23.6052184,-46.8367253,824.016,14.135,14.080,3,128,338
1784772276924,2026-07-23T02:04:36.924Z,-23.6052206,-46.8367177,823.987,14.371,14.140,3,128,338
1784772276986,2026-07-23T02:04:36.986Z,-23.6052229,-46.8367104,823.992,14.315,14.370,3,128,338
1784772277047,2026-07-23T02:04:37.047Z,-23.6052254,-46.8367035,823.990,14.188,14.320,3,128,338
1784772277109,2026-07-23T02:04:37.109Z,-23.6052282,-46.8366966,823.954,14.114,14.190,3,128,338
1784772277170,2026-07-23T02:04:37.170Z,-23.6052312,-46.8366898,823.923,14.082,14.120,3,128,338
1784772277232,2026-07-23T02:04:37.232Z,-23.6052345,-46.8366831,823.905,14.068,14.090,3,128,338
1784772277293,2026-07-23T02:04:37.293Z,-23.6052378,-46.8366769,823.903,13.773,14.070,3,128,338
1784772277355,2026-07-23T02:04:37.355Z,-23.6052413,-46.8366709,823.892,13.594,13.780,3,128,338
1784772277416,2026-07-23T02:04:37.416Z,-23.6052455,-46.8366651,823.883,13.628,13.600,3,128,338
1784772277478,2026-07-23T02:04:37.478Z,-23.6052498,-46.8366593,823.859,13.639,13.630,3,128,338
1784772277539,2026-07-23T02:04:37.539Z,-23.6052587,-46.8366481,823.830,13.717,13.640,3,128,338
1784772277601,2026-07-23T02:04:37.601Z,-23.6052637,-46.8366433,823.822,13.597,13.720,3,128,338
1784772277662,2026-07-23T02:04:37.662Z,-23.6052685,-46.8366387,823.851,13.439,13.600,3,128,338
1784772277724,2026-07-23T02:04:37.724Z,-23.6052737,-46.8366341,823.812,13.475,13.440,3,128,339
1784772277782,2026-07-23T02:04:37.782Z,-23.6052790,-46.8366300,823.791,13.346,13.480,3,128,339
1784772277840,2026-07-23T02:04:37.840Z,-23.6052846,-46.8366261,823.752,13.352,13.350,3,128,339
1784772277898,2026-07-23T02:04:37.898Z,-23.6052903,-46.8366223,823.708,13.339,13.360,3,128,339
1784772277956,2026-07-23T02:04:37.956Z,-23.6052959,-46.8366186,823.679,13.336,13.340,3,128,339
1784772278015,2026-07-23T02:04:38.015Z,-23.6053014,-46.8366151,823.625,13.174,13.340,3,128,339
1784772278073,2026-07-23T02:04:38.073Z,-23.6053070,-46.8366118,823.588,13.074,13.180,3,128,339
1784772278131,2026-07-23T02:04:38.131Z,-23.6053126,-46.8366087,823.556,12.929,13.080,3,128,339
1784772278189,2026-07-23T02:04:38.189Z,-23.6053182,-46.8366057,823.472,12.828,12.930,3,128,339
1784772278248,2026-07-23T02:04:38.248Z,-23.6053240,-46.8366030,823.419,12.740,12.840,3,128,339
1784772278306,2026-07-23T02:04:38.306Z,-23.6053300,-46.8366009,823.384,12.690,12.750,3,128,339
1784772278364,2026-07-23T02:04:38.364Z,-23.6053358,-46.8365989,823.330,12.545,12.700,3,128,339
1784772278422,2026-07-23T02:04:38.422Z,-23.6053420,-46.8365977,823.239,12.484,12.550,3,128,339
1784772278481,2026-07-23T02:04:38.481Z,-23.6053484,-46.8365965,823.145,12.597,12.500,3,128,339
1784772278539,2026-07-23T02:04:38.539Z,-23.6053608,-46.8365948,823.027,12.537,12.610,3,128,339
1784772278597,2026-07-23T02:04:38.597Z,-23.6053674,-46.8365952,822.956,12.658,12.550,3,128,339
1784772278655,2026-07-23T02:04:38.655Z,-23.6053735,-46.8365954,822.861,12.559,12.670,3,128,339
1784772278714,2026-07-23T02:04:38.714Z,-23.6053798,-46.8365959,822.833,12.568,12.580,3,128,340
1784772278772,2026-07-23T02:04:38.772Z,-23.6053858,-46.8365969,822.813,12.433,12.590,3,128,340
1784772278830,2026-07-23T02:04:38.830Z,-23.6053920,-46.8365981,822.815,12.465,12.450,3,128,340
1784772278888,2026-07-23T02:04:38.888Z,-23.6053977,-46.8365997,822.813,12.230,12.480,3,128,340
1784772278946,2026-07-23T02:04:38.946Z,-23.6054035,-46.8366021,822.855,12.177,12.250,3,128,340
1784772279005,2026-07-23T02:04:39.005Z,-23.6054092,-46.8366049,822.872,12.178,12.190,3,128,340
1784772279063,2026-07-23T02:04:39.063Z,-23.6054144,-46.8366077,822.824,12.023,12.190,3,128,340
1784772279121,2026-07-23T02:04:39.121Z,-23.6054193,-46.8366106,822.736,11.794,12.040,3,128,340
1784772279179,2026-07-23T02:04:39.179Z,-23.6054246,-46.8366138,822.676,11.899,11.810,3,128,340
1784772279238,2026-07-23T02:04:39.238Z,-23.6054293,-46.8366174,822.579,11.850,11.920,3,128,340
1784772279296,2026-07-23T02:04:39.296Z,-23.6054340,-46.8366213,822.485,11.858,11.870,3,128,340
1784772279354,2026-07-23T02:04:39.354Z,-23.6054385,-46.8366258,822.364,12.031,11.880,3,128,340
1784772279412,2026-07-23T02:04:39.412Z,-23.6054427,-46.8366304,822.266,12.105,12.060,3,128,340
1784772279471,2026-07-23T02:04:39.471Z,-23.6054466,-46.8366351,822.205,12.014,12.130,3,128,340
1784772279529,2026-07-23T02:04:39.529Z,-23.6054544,-46.8366449,822.099,12.142,12.040,3,128,340
1784772279587,2026-07-23T02:04:39.587Z,-23.6054580,-46.8366504,822.073,12.234,12.170,3,128,340
1784772279645,2026-07-23T02:04:39.645Z,-23.6054612,-46.8366561,822.038,12.319,12.270,3,128,340
1784772279704,2026-07-23T02:04:39.704Z,-23.6054641,-46.8366619,821.955,12.298,12.350,3,128,341
1784772279756,2026-07-23T02:04:39.756Z,-23.6054670,-46.8366682,821.919,12.548,12.330,3,128,341
1784772279808,2026-07-23T02:04:39.808Z,-23.6054697,-46.8366744,821.844,12.638,12.580,3,128,341
1784772279860,2026-07-23T02:04:39.860Z,-23.6054721,-46.8366806,821.764,12.651,12.670,3,128,341
1784772279912,2026-07-23T02:04:39.912Z,-23.6054743,-46.8366869,821.697,12.640,12.690,3,128,341
1784772279964,2026-07-23T02:04:39.964Z,-23.6054759,-46.8366932,821.594,12.576,12.680,3,128,341
1784772280016,2026-07-23T02:04:40.016Z,-23.6054777,-46.8366999,821.513,12.753,12.610,3,128,341
1784772280068,2026-07-23T02:04:40.068Z,-23.6054797,-46.8367065,821.463,12.872,12.790,3,128,341
1784772280120,2026-07-23T02:04:40.120Z,-23.6054819,-46.8367133,821.425,12.982,12.910,3,128,341
1784772280172,2026-07-23T02:04:40.172Z,-23.6054841,-46.8367198,821.352,13.002,13.020,3,128,341
1784772280225,2026-07-23T02:04:40.225Z,-23.6054862,-46.8367266,821.302,13.079,13.040,3,128,341
1784772280277,2026-07-23T02:04:40.277Z,-23.6054887,-46.8367332,821.243,13.154,13.120,3,128,341
1784772280329,2026-07-23T02:04:40.329Z,-23.6054912,-46.8367397,821.176,13.156,13.190,3,128,341
1784772280381,2026-07-23T02:04:40.381Z,-23.6054936,-46.8367465,821.117,13.261,13.200,3,128,341
1784772280433,2026-07-23T02:04:40.433Z,-23.6054961,-46.8367531,821.064,13.268,13.300,3,128,341
1784772280485,2026-07-23T02:04:40.485Z,-23.6054987,-46.8367598,821.011,13.325,13.310,3,128,341
1784772280537,2026-07-23T02:04:40.537Z,-23.6055016,-46.8367666,820.978,13.439,13.370,3,128,341
1784772280589,2026-07-23T02:04:40.589Z,-23.6055047,-46.8367731,820.934,13.436,13.480,3,128,341
1784772280641,2026-07-23T02:04:40.641Z,-23.6055077,-46.8367795,820.871,13.413,13.470,3,128,341
1784772280694,2026-07-23T02:04:40.694Z,-23.6055111,-46.8367858,820.819,13.452,13.450,3,128,342
1784772280755,2026-07-23T02:04:40.755Z,-23.6055148,-46.8367922,820.788,13.546,13.490,3,128,342
1784772280817,2026-07-23T02:04:40.817Z,-23.6055186,-46.8367984,820.737,13.622,13.580,3,128,342
1784772280879,2026-07-23T02:04:40.879Z,-23.6055228,-46.8368045,820.712,13.678,13.660,3,128,342
1784772280941,2026-07-23T02:04:40.941Z,-23.6055272,-46.8368104,820.701,13.662,13.720,3,128,342
1784772281003,2026-07-23T02:04:41.003Z,-23.6055321,-46.8368163,820.735,13.770,13.700,3,128,342
1784772281065,2026-07-23T02:04:41.065Z,-23.6055372,-46.8368218,820.658,13.931,13.800,3,128,342
1784772281127,2026-07-23T02:04:41.127Z,-23.6055424,-46.8368270,820.587,13.936,13.960,3,128,342
1784772281189,2026-07-23T02:04:41.189Z,-23.6055476,-46.8368321,820.518,13.960,13.970,3,128,342
1784772281250,2026-07-23T02:04:41.250Z,-23.6055530,-46.8368371,820.432,14.099,13.990,3,128,342
1784772281312,2026-07-23T02:04:41.312Z,-23.6055585,-46.8368420,820.420,14.112,14.130,3,128,342
1784772281374,2026-07-23T02:04:41.374Z,-23.6055641,-46.8368462,820.416,13.820,14.150,3,128,342
1784772281436,2026-07-23T02:04:41.436Z,-23.6055700,-46.8368500,820.384,13.681,13.850,3,128,342
1784772281498,2026-07-23T02:04:41.498Z,-23.6055762,-46.8368535,820.351,13.782,13.710,3,128,342
1784772281560,2026-07-23T02:04:41.560Z,-23.6055880,-46.8368610,820.260,13.747,13.810,3,128,342
1784772281622,2026-07-23T02:04:41.622Z,-23.6055942,-46.8368641,820.208,13.741,13.780,3,128,342
1784772281684,2026-07-23T02:04:41.684Z,-23.6056010,-46.8368657,820.150,13.717,13.770,3,128,343
1784772281736,2026-07-23T02:04:41.736Z,-23.6056081,-46.8368679,820.161,13.938,13.750,3,128,343
1784772281788,2026-07-23T02:04:41.788Z,-23.6056149,-46.8368691,820.033,13.907,13.970,3,128,343
1784772281840,2026-07-23T02:04:41.840Z,-23.6056215,-46.8368705,820.014,13.718,13.940,3,128,343
1784772281892,2026-07-23T02:04:41.892Z,-23.6056283,-46.8368715,820.042,13.643,13.750,3,128,343
1784772281944,2026-07-23T02:04:41.944Z,-23.6056352,-46.8368723,820.084,13.632,13.670,3,128,343
1784772281996,2026-07-23T02:04:41.996Z,-23.6056421,-46.8368729,820.120,13.619,13.660,3,128,343
1784772282048,2026-07-23T02:04:42.048Z,-23.6056488,-46.8368730,820.209,13.390,13.640,3,128,343
1784772282100,2026-07-23T02:04:42.100Z,-23.6056553,-46.8368725,820.254,13.213,13.410,3,128,343
1784772282152,2026-07-23T02:04:42.152Z,-23.6056620,-46.8368717,820.299,13.208,13.230,3,128,343
1784772282205,2026-07-23T02:04:42.205Z,-23.6056686,-46.8368706,820.389,13.250,13.220,3,128,343
1784772282257,2026-07-23T02:04:42.257Z,-23.6056748,-46.8368690,820.484,13.022,13.260,3,128,343
1784772282309,2026-07-23T02:04:42.309Z,-23.6056805,-46.8368670,820.555,12.708,13.030,3,128,343
1784772282361,2026-07-23T02:04:42.361Z,-23.6056858,-46.8368642,820.551,12.405,12.710,3,128,343
1784772282413,2026-07-23T02:04:42.413Z,-23.6056916,-46.8368614,820.543,12.534,12.410,3,128,343
1784772282465,2026-07-23T02:04:42.465Z,-23.6056975,-46.8368584,820.548,12.725,12.540,3,128,343
1784772282517,2026-07-23T02:04:42.517Z,-23.6057024,-46.8368549,820.538,12.429,12.730,3,128,343
1784772282569,2026-07-23T02:04:42.569Z,-23.6057073,-46.8368514,820.564,12.239,12.430,3,128,343
1784772282621,2026-07-23T02:04:42.621Z,-23.6057121,-46.8368474,820.589,12.224,12.240,3,128,343
1784772282674,2026-07-23T02:04:42.674Z,-23.6057169,-46.8368430,820.610,12.372,12.230,3,128,344
1784772282726,2026-07-23T02:04:42.726Z,-23.6057215,-46.8368384,820.639,12.425,12.370,3,128,344
1784772282778,2026-07-23T02:04:42.778Z,-23.6057256,-46.8368335,820.681,12.340,12.430,3,128,344
1784772282830,2026-07-23T02:04:42.830Z,-23.6057294,-46.8368286,820.710,12.184,12.340,3,128,344
1784772282882,2026-07-23T02:04:42.882Z,-23.6057330,-46.8368233,820.735,12.096,12.180,3,128,344
1784772282934,2026-07-23T02:04:42.934Z,-23.6057362,-46.8368182,820.825,11.919,12.100,3,128,344
1784772282986,2026-07-23T02:04:42.986Z,-23.6057394,-46.8368129,820.912,11.859,11.920,3,128,344
1784772283038,2026-07-23T02:04:43.038Z,-23.6057422,-46.8368073,821.024,11.862,11.860,3,128,344
1784772283090,2026-07-23T02:04:43.090Z,-23.6057447,-46.8368018,821.125,11.708,11.860,3,128,344
1784772283142,2026-07-23T02:04:43.142Z,-23.6057468,-46.8367960,821.181,11.645,11.710,3,128,344
1784772283195,2026-07-23T02:04:43.195Z,-23.6057487,-46.8367904,821.294,11.548,11.650,3,128,344
1784772283247,2026-07-23T02:04:43.247Z,-23.6057500,-46.8367841,821.283,11.551,11.550,3,128,344
1784772283299,2026-07-23T02:04:43.299Z,-23.6057511,-46.8367779,821.322,11.558,11.550,3,128,344
1784772283351,2026-07-23T02:04:43.351Z,-23.6057520,-46.8367718,821.315,11.473,11.560,3,128,344
1784772283403,2026-07-23T02:04:43.403Z,-23.6057526,-46.8367656,821.317,11.436,11.470,3,128,344
1784772283455,2026-07-23T02:04:43.455Z,-23.6057532,-46.8367595,821.352,11.393,11.440,3,128,344
1784772283507,2026-07-23T02:04:43.507Z,-23.6057535,-46.8367535,821.428,11.329,11.390,3,128,344
1784772283559,2026-07-23T02:04:43.559Z,-23.6057533,-46.8367471,821.443,11.443,11.330,3,128,344
1784772283611,2026-07-23T02:04:43.611Z,-23.6057530,-46.8367407,821.459,11.595,11.440,3,128,344
1784772283664,2026-07-23T02:04:43.664Z,-23.6057526,-46.8367342,821.495,11.729,11.600,3,128,345
1784772283729,2026-07-23T02:04:43.729Z,-23.6057522,-46.8367280,821.606,11.811,11.730,3,128,345
1784772283794,2026-07-23T02:04:43.794Z,-23.6057518,-46.8367215,821.662,11.911,11.810,3,128,345
1784772283859,2026-07-23T02:04:43.859Z,-23.6057513,-46.8367149,821.667,12.011,11.910,3,128,345
1784772283925,2026-07-23T02:04:43.925Z,-23.6057509,-46.8367083,821.663,12.084,12.010,3,128,345
1784772283990,2026-07-23T02:04:43.990Z,-23.6057504,-46.8367018,821.728,12.193,12.090,3,128,345
1784772284055,2026-07-23T02:04:44.055Z,-23.6057497,-46.8366951,821.756,12.296,12.200,3,128,345
1784772284121,2026-07-23T02:04:44.121Z,-23.6057490,-46.8366884,821.790,12.438,12.300,3,128,345
1784772284186,2026-07-23T02:04:44.186Z,-23.6057483,-46.8366819,821.904,12.413,12.440,3,128,345
1784772284251,2026-07-23T02:04:44.251Z,-23.6057475,-46.8366758,822.060,12.247,12.420,3,128,345
1784772284317,2026-07-23T02:04:44.317Z,-23.6057466,-46.8366695,822.136,12.180,12.250,3,128,345
1784772284382,2026-07-23T02:04:44.382Z,-23.6057458,-46.8366633,822.185,11.959,12.190,3,128,345
1784772284447,2026-07-23T02:04:44.447Z,-23.6057449,-46.8366571,822.211,11.862,11.970,3,128,345
1784772284513,2026-07-23T02:04:44.513Z,-23.6057427,-46.8366444,822.263,11.988,11.870,3,128,345
1784772284578,2026-07-23T02:04:44.578Z,-23.6057412,-46.8366381,822.291,12.013,12.000,3,128,345
1784772284643,2026-07-23T02:04:44.643Z,-23.6057399,-46.8366318,822.357,11.996,12.020,3,128,345
1784772284709,2026-07-23T02:04:44.709Z,-23.6057388,-46.8366257,822.472,11.956,12.010,3,128,346
1784772284770,2026-07-23T02:04:44.770Z,-23.6057376,-46.8366193,822.540,12.034,11.970,3,128,346
1784772284831,2026-07-23T02:04:44.831Z,-23.6057360,-46.8366127,822.549,12.232,12.050,3,128,346
1784772284893,2026-07-23T02:04:44.893Z,-23.6057346,-46.8366062,822.600,12.360,12.250,3,128,346
1784772284954,2026-07-23T02:04:44.954Z,-23.6057330,-46.8365998,822.665,12.372,12.370,3,128,346
1784772285016,2026-07-23T02:04:45.016Z,-23.6057313,-46.8365932,822.727,12.535,12.390,3,128,346
1784772285077,2026-07-23T02:04:45.077Z,-23.6057295,-46.8365868,822.772,12.476,12.550,3,128,346
1784772285139,2026-07-23T02:04:45.139Z,-23.6057277,-46.8365802,822.819,12.616,12.490,3,128,346
1784772285200,2026-07-23T02:04:45.200Z,-23.6057259,-46.8365736,822.886,12.640,12.630,3,128,346
1784772285262,2026-07-23T02:04:45.262Z,-23.6057242,-46.8365671,822.932,12.635,12.660,3,128,346
1784772285323,2026-07-23T02:04:45.323Z,-23.6057224,-46.8365605,822.985,12.713,12.650,3,128,346
1784772285385,2026-07-23T02:04:45.385Z,-23.6057206,-46.8365539,823.032,12.786,12.730,3,128,346
1784772285446,2026-07-23T02:04:45.446Z,-23.6057188,-46.8365472,823.102,12.886,12.800,3,128,346
1784772285508,2026-07-23T02:04:45.508Z,-23.6057169,-46.8365406,823.153,12.884,12.900,3,128,346
1784772285569,2026-07-23T02:04:45.569Z,-23.6057133,-46.8365277,823.284,12.634,12.900,3,128,346
1784772285631,2026-07-23T02:04:45.631Z,-23.6057112,-46.8365211,823.296,12.739,12.660,3,128,346
1784772285692,2026-07-23T02:04:45.692Z,-23.6057092,-46.8365144,823.369,12.884,12.760,3,128,346
1784772285754,2026-07-23T02:04:45.754Z,-23.6057072,-46.8365077,823.433,12.976,12.910,3,128,347
1784772285803,2026-07-23T02:04:45.803Z,-23.6057052,-46.8365011,823.500,12.981,13.000,3,128,347
1784772285852,2026-07-23T02:04:45.852Z,-23.6057031,-46.8364944,823.602,13.028,13.000,3,128,347
1784772285901,2026-07-23T02:04:45.901Z,-23.6057010,-46.8364878,823.667,13.006,13.050,3,128,347
1784772285950,2026-07-23T02:04:45.950Z,-23.6056987,-46.8364813,823.696,13.019,13.030,3,128,347
1784772286000,2026-07-23T02:04:46.000Z,-23.6056963,-46.8364747,823.748,13.125,13.040,3,128,347
1784772286049,2026-07-23T02:04:46.049Z,-23.6056938,-46.8364683,823.858,13.037,13.150,3,128,347
1784772286098,2026-07-23T02:04:46.098Z,-23.6056909,-46.8364619,823.922,13.139,13.070,3,128,347
1784772286147,2026-07-23T02:04:46.147Z,-23.6056880,-46.8364554,823.955,13.262,13.170,3,128,347
1784772286196,2026-07-23T02:04:46.196Z,-23.6056849,-46.8364494,824.039,13.132,13.290,3,128,347
1784772286246,2026-07-23T02:04:46.246Z,-23.6056817,-46.8364432,824.107,13.158,13.160,3,128,347
1784772286295,2026-07-23T02:04:46.295Z,-23.6056784,-46.8364370,824.166,13.240,13.190,3,128,347
1784772286344,2026-07-23T02:04:46.344Z,-23.6056749,-46.8364310,824.234,13.260,13.270,3,128,347
1784772286393,2026-07-23T02:04:46.393Z,-23.6056713,-46.8364249,824.275,13.297,13.290,3,128,347
1784772286442,2026-07-23T02:04:46.442Z,-23.6056676,-46.8364191,824.294,13.317,13.330,3,128,347
1784772286492,2026-07-23T02:04:46.492Z,-23.6056637,-46.8364133,824.330,13.277,13.340,3,128,347
1784772286541,2026-07-23T02:04:46.541Z,-23.6056596,-46.8364077,824.402,13.315,13.300,3,128,347
1784772286590,2026-07-23T02:04:46.590Z,-23.6056553,-46.8364020,824.441,13.486,13.340,3,128,347
1784772286639,2026-07-23T02:04:46.639Z,-23.6056509,-46.8363965,824.484,13.498,13.510,3,128,347
1784772286689,2026-07-23T02:04:46.689Z,-23.6056464,-46.8363912,824.560,13.497,13.530,3,129,348
1784772286744,2026-07-23T02:04:46.744Z,-23.6056417,-46.8363859,824.611,13.549,13.530,3,129,348
1784772286799,2026-07-23T02:04:46.799Z,-23.6056369,-46.8363806,824.697,13.630,13.580,3,129,348
1784772286854,2026-07-23T02:04:46.854Z,-23.6056320,-46.8363761,824.805,13.406,13.660,3,129,348
1784772286909,2026-07-23T02:04:46.909Z,-23.6056268,-46.8363714,824.847,13.488,13.440,3,129,348
1784772286964,2026-07-23T02:04:46.964Z,-23.6056215,-46.8363669,824.924,13.560,13.520,3,129,348
1784772287019,2026-07-23T02:04:47.019Z,-23.6056162,-46.8363624,824.960,13.536,13.590,3,129,348
1784772287074,2026-07-23T02:04:47.074Z,-23.6056107,-46.8363581,824.987,13.605,13.570,3,129,348
1784772287129,2026-07-23T02:04:47.129Z,-23.6056051,-46.8363540,825.064,13.598,13.630,3,129,348
1784772287184,2026-07-23T02:04:47.184Z,-23.6055994,-46.8363502,825.133,13.499,13.630,3,129,348
1784772287239,2026-07-23T02:04:47.239Z,-23.6055935,-46.8363466,825.151,13.571,13.530,3,129,348
1784772287294,2026-07-23T02:04:47.294Z,-23.6055874,-46.8363435,825.179,13.645,13.600,3,129,348
1784772287349,2026-07-23T02:04:47.349Z,-23.6055812,-46.8363403,825.239,13.769,13.670,3,129,348
1784772287404,2026-07-23T02:04:47.404Z,-23.6055752,-46.8363376,825.313,13.515,13.800,3,129,348
1784772287459,2026-07-23T02:04:47.459Z,-23.6055690,-46.8363349,825.353,13.510,13.540,3,129,348
1784772287514,2026-07-23T02:04:47.514Z,-23.6055625,-46.8363327,825.353,13.614,13.540,3,129,348
1784772287569,2026-07-23T02:04:47.569Z,-23.6055560,-46.8363307,825.408,13.601,13.640,3,129,348
1784772287624,2026-07-23T02:04:47.624Z,-23.6055495,-46.8363287,825.470,13.657,13.620,3,129,348
1784772287679,2026-07-23T02:04:47.679Z,-23.6055427,-46.8363271,825.539,13.752,13.680,3,129,349
1784772287737,2026-07-23T02:04:47.737Z,-23.6055358,-46.8363254,825.536,13.982,13.780,3,129,349
1784772287795,2026-07-23T02:04:47.795Z,-23.6055291,-46.8363245,825.578,13.846,14.010,3,129,349
1784772287853,2026-07-23T02:04:47.853Z,-23.6055225,-46.8363236,825.586,13.719,13.870,3,129,349
1784772287911,2026-07-23T02:04:47.911Z,-23.6055159,-46.8363230,825.588,13.582,13.740,3,129,349
1784772287969,2026-07-23T02:04:47.969Z,-23.6055093,-46.8363225,825.564,13.534,13.600,3,129,349
1784772288027,2026-07-23T02:04:48.027Z,-23.6055021,-46.8363220,825.590,13.878,13.550,3,129,349
1784772288085,2026-07-23T02:04:48.085Z,-23.6054949,-46.8363222,825.641,13.975,13.900,3,129,349
1784772288143,2026-07-23T02:04:48.143Z,-23.6054879,-46.8363224,825.663,13.994,13.990,3,129,349
1784772288201,2026-07-23T02:04:48.201Z,-23.6054810,-46.8363226,825.673,13.957,14.010,3,129,349
1784772288259,2026-07-23T02:04:48.259Z,-23.6054741,-46.8363231,825.677,13.908,13.970,3,129,349
1784772288317,2026-07-23T02:04:48.317Z,-23.6054671,-46.8363237,825.675,13.978,13.920,3,129,349
1784772288375,2026-07-23T02:04:48.375Z,-23.6054602,-46.8363244,825.691,13.960,13.990,3,129,349
1784772288433,2026-07-23T02:04:48.433Z,-23.6054533,-46.8363252,825.725,13.958,13.970,3,129,349
1784772288491,2026-07-23T02:04:48.491Z,-23.6054464,-46.8363262,825.758,13.975,13.970,3,129,349
1784772288549,2026-07-23T02:04:48.549Z,-23.6054394,-46.8363276,825.779,14.077,13.990,3,129,349
1784772288607,2026-07-23T02:04:48.607Z,-23.6054323,-46.8363290,825.777,14.190,14.090,3,129,349
1784772288665,2026-07-23T02:04:48.665Z,-23.6054253,-46.8363306,825.794,14.302,14.200,3,129,349
1784772288724,2026-07-23T02:04:48.724Z,-23.6054182,-46.8363324,825.794,14.390,14.310,3,129,350
1784772288775,2026-07-23T02:04:48.775Z,-23.6054112,-46.8363344,825.783,14.495,14.400,3,129,350
1784772288827,2026-07-23T02:04:48.827Z,-23.6054041,-46.8363366,825.781,14.619,14.500,3,129,350
1784772288879,2026-07-23T02:04:48.879Z,-23.6053971,-46.8363391,825.792,14.689,14.630,3,129,350
1784772288931,2026-07-23T02:04:48.931Z,-23.6053900,-46.8363418,825.807,14.876,14.700,3,129,350
1784772288983,2026-07-23T02:04:48.983Z,-23.6053829,-46.8363443,825.820,14.939,14.880,3,129,350
1784772289035,2026-07-23T02:04:49.035Z,-23.6053759,-46.8363469,825.870,14.870,14.950,3,129,350
1784772289087,2026-07-23T02:04:49.087Z,-23.6053690,-46.8363495,825.905,14.818,14.880,3,129,350
1784772289139,2026-07-23T02:04:49.139Z,-23.6053620,-46.8363521,825.913,14.890,14.830,3,129,350
1784772289191,2026-07-23T02:04:49.191Z,-23.6053549,-46.8363549,825.922,15.007,14.900,3,129,350
1784772289243,2026-07-23T02:04:49.243Z,-23.6053478,-46.8363578,825.950,15.085,15.010,3,129,350
1784772289295,2026-07-23T02:04:49.295Z,-23.6053409,-46.8363608,825.994,15.069,15.090,3,129,350
1784772289347,2026-07-23T02:04:49.347Z,-23.6053338,-46.8363636,826.048,15.082,15.080,3,129,350
1784772289399,2026-07-23T02:04:49.399Z,-23.6053267,-46.8363665,826.074,15.195,15.090,3,129,350
1784772289451,2026-07-23T02:04:49.451Z,-23.6053197,-46.8363695,826.113,15.191,15.200,3,129,350
1784772289503,2026-07-23T02:04:49.503Z,-23.6053125,-46.8363725,826.159,15.316,15.200,3,129,350
1784772289555,2026-07-23T02:04:49.555Z,-23.6053053,-46.8363753,826.172,15.386,15.330,3,129,350
1784772289607,2026-07-23T02:04:49.607Z,-23.6052979,-46.8363783,826.231,15.531,15.390,3,129,350
1784772289659,2026-07-23T02:04:49.659Z,-23.6052906,-46.8363813,826.284,15.669,15.540,3,129,351
1784772289714,2026-07-23T02:04:49.714Z,-23.6052831,-46.8363842,826.349,15.783,15.680,3,129,351
1784772289769,2026-07-23T02:04:49.769Z,-23.6052759,-46.8363872,826.414,15.697,15.790,3,129,351
1784772289824,2026-07-23T02:04:49.824Z,-23.6052687,-46.8363902,826.495,15.647,15.710,3,129,351
1784772289879,2026-07-23T02:04:49.879Z,-23.6052617,-46.8363932,826.554,15.425,15.660,3,129,351
1784772289934,2026-07-23T02:04:49.934Z,-23.6052548,-46.8363960,826.585,15.244,15.440,3,129,351
1784772289989,2026-07-23T02:04:49.989Z,-23.6052478,-46.8363986,826.595,15.122,15.260,3,129,351
1784772290044,2026-07-23T02:04:50.044Z,-23.6052406,-46.8364013,826.641,15.189,15.130,3,129,351
1784772290099,2026-07-23T02:04:50.099Z,-23.6052334,-46.8364042,826.683,15.256,15.200,3,129,351
1784772290154,2026-07-23T02:04:50.154Z,-23.6052262,-46.8364073,826.776,15.388,15.270,3,129,351
1784772290209,2026-07-23T02:04:50.209Z,-23.6052190,-46.8364101,826.860,15.311,15.400,3,129,351
1784772290264,2026-07-23T02:04:50.264Z,-23.6052121,-46.8364129,826.876,15.119,15.330,3,129,351
1784772290319,2026-07-23T02:04:50.319Z,-23.6052048,-46.8364157,826.919,15.323,15.130,3,129,351
1784772290374,2026-07-23T02:04:50.374Z,-23.6051973,-46.8364185,826.978,15.527,15.340,3,129,351
1784772290429,2026-07-23T02:04:50.429Z,-23.6051901,-46.8364214,827.027,15.557,15.540,3,129,351
1784772290484,2026-07-23T02:04:50.484Z,-23.6051826,-46.8364242,827.100,15.599,15.570,3,129,351
1784772290539,2026-07-23T02:04:50.539Z,-23.6051752,-46.8364270,827.170,15.632,15.610,3,129,351
1784772290594,2026-07-23T02:04:50.594Z,-23.6051676,-46.8364296,827.264,15.793,15.650,3,129,351
1784772290649,2026-07-23T02:04:50.649Z,-23.6051601,-46.8364325,827.356,15.797,15.810,3,129,351
1784772290704,2026-07-23T02:04:50.704Z,-23.6051527,-46.8364353,827.446,15.740,15.810,3,129,352
1784772290762,2026-07-23T02:04:50.762Z,-23.6051452,-46.8364381,827.519,15.793,15.760,3,129,352
1784772290820,2026-07-23T02:04:50.820Z,-23.6051378,-46.8364410,827.566,15.817,15.810,3,129,352
1784772290878,2026-07-23T02:04:50.878Z,-23.6051302,-46.8364438,827.616,15.915,15.840,3,129,352
1784772290936,2026-07-23T02:04:50.936Z,-23.6051227,-46.8364465,827.713,15.915,15.930,3,129,352
1784772290995,2026-07-23T02:04:50.995Z,-23.6051152,-46.8364492,827.780,15.918,15.940,3,129,352
1784772291053,2026-07-23T02:04:51.053Z,-23.6051076,-46.8364518,827.862,15.908,15.940,3,129,352
1784772291111,2026-07-23T02:04:51.111Z,-23.6051000,-46.8364543,827.933,15.920,15.930,3,129,352
1784772291169,2026-07-23T02:04:51.169Z,-23.6050923,-46.8364569,828.020,15.997,15.940,3,129,352
1784772291228,2026-07-23T02:04:51.228Z,-23.6050847,-46.8364595,828.092,16.049,16.020,3,129,352
1784772291286,2026-07-23T02:04:51.286Z,-23.6050770,-46.8364621,828.152,16.114,16.070,3,129,352
1784772291344,2026-07-23T02:04:51.344Z,-23.6050694,-46.8364647,828.215,16.053,16.140,3,129,352
1784772291402,2026-07-23T02:04:51.402Z,-23.6050618,-46.8364672,828.286,16.080,16.080,3,129,352
1784772291461,2026-07-23T02:04:51.461Z,-23.6050540,-46.8364698,828.364,16.174,16.100,3,129,352
1784772291519,2026-07-23T02:04:51.519Z,-23.6050463,-46.8364724,828.425,16.208,16.200,3,129,352
1784772291577,2026-07-23T02:04:51.577Z,-23.6050386,-46.8364750,828.480,16.245,16.230,3,129,352
1784772291635,2026-07-23T02:04:51.635Z,-23.6050308,-46.8364775,828.537,16.342,16.270,3,129,352
1784772291694,2026-07-23T02:04:51.694Z,-23.6050232,-46.8364801,828.617,16.216,16.370,3,129,353
1784772291746,2026-07-23T02:04:51.746Z,-23.6050156,-46.8364827,828.681,16.146,16.240,3,129,353
1784772291798,2026-07-23T02:04:51.798Z,-23.6050078,-46.8364854,828.753,16.288,16.170,3,129,353
1784772291850,2026-07-23T02:04:51.850Z,-23.6050001,-46.8364879,828.796,16.321,16.320,3,129,353
1784772291902,2026-07-23T02:04:51.902Z,-23.6049924,-46.8364905,828.891,16.266,16.350,3,129,353
1784772291954,2026-07-23T02:04:51.954Z,-23.6049847,-46.8364930,828.966,16.182,16.300,3,129,353
1784772292006,2026-07-23T02:04:52.006Z,-23.6049770,-46.8364956,829.016,16.223,16.210,3,129,353
1784772292058,2026-07-23T02:04:52.058Z,-23.6049692,-46.8364980,829.079,16.264,16.250,3,129,353
1784772292110,2026-07-23T02:04:52.110Z,-23.6049615,-46.8365006,829.141,16.284,16.290,3,129,353
1784772292162,2026-07-23T02:04:52.162Z,-23.6049537,-46.8365031,829.190,16.325,16.310,3,129,353
1784772292215,2026-07-23T02:04:52.215Z,-23.6049459,-46.8365056,829.250,16.318,16.350,3,129,353
1784772292267,2026-07-23T02:04:52.267Z,-23.6049382,-46.8365081,829.319,16.262,16.350,3,129,353
1784772292319,2026-07-23T02:04:52.319Z,-23.6049303,-46.8365106,829.396,16.440,16.290,3,129,353
1784772292371,2026-07-23T02:04:52.371Z,-23.6049224,-46.8365131,829.434,16.491,16.470,3,129,353
1784772292423,2026-07-23T02:04:52.423Z,-23.6049145,-46.8365157,829.503,16.563,16.520,3,129,353
1784772292475,2026-07-23T02:04:52.475Z,-23.6049066,-46.8365182,829.564,16.552,16.590,3,129,353
1784772292527,2026-07-23T02:04:52.527Z,-23.6048988,-46.8365207,829.617,16.470,16.580,3,129,353
1784772292579,2026-07-23T02:04:52.579Z,-23.6048909,-46.8365232,829.664,16.534,16.500,3,129,353
1784772292631,2026-07-23T02:04:52.631Z,-23.6048830,-46.8365258,829.700,16.622,16.560,3,129,353
1784772292684,2026-07-23T02:04:52.684Z,-23.6048752,-46.8365285,829.745,16.556,16.650,3,129,354
1784772292742,2026-07-23T02:04:52.742Z,-23.6048673,-46.8365312,829.804,16.611,16.580,3,129,354
1784772292800,2026-07-23T02:04:52.800Z,-23.6048593,-46.8365339,829.838,16.728,16.640,3,129,354
1784772292858,2026-07-23T02:04:52.858Z,-23.6048514,-46.8365368,829.873,16.786,16.750,3,129,354
1784772292916,2026-07-23T02:04:52.916Z,-23.6048436,-46.8365397,829.888,16.775,16.810,3,129,354
1784772292974,2026-07-23T02:04:52.974Z,-23.6048359,-46.8365428,829.917,16.781,16.800,3,129,354
1784772293032,2026-07-23T02:04:53.032Z,-23.6048279,-46.8365459,829.951,16.904,16.800,3,129,354
1784772293090,2026-07-23T02:04:53.090Z,-23.6048202,-46.8365491,829.991,16.831,16.930,3,129,354
1784772293148,2026-07-23T02:04:53.148Z,-23.6048125,-46.8365523,830.048,16.763,16.850,3,129,354
1784772293206,2026-07-23T02:04:53.206Z,-23.6048046,-46.8365559,830.074,16.962,16.780,3,129,354
1784772293264,2026-07-23T02:04:53.264Z,-23.6047968,-46.8365595,830.095,17.014,16.980,3,129,354
1784772293322,2026-07-23T02:04:53.322Z,-23.6047892,-46.8365631,830.100,16.952,17.030,3,129,354
1784772293380,2026-07-23T02:04:53.380Z,-23.6047816,-46.8365669,830.117,16.936,16.970,3,129,354
1784772293438,2026-07-23T02:04:53.438Z,-23.6047740,-46.8365709,830.136,17.052,16.950,3,129,354
1784772293496,2026-07-23T02:04:53.496Z,-23.6047664,-46.8365752,830.152,17.154,17.070,3,129,354
1784772293554,2026-07-23T02:04:53.554Z,-23.6047589,-46.8365795,830.163,17.083,17.170,3,129,354
1784772293612,2026-07-23T02:04:53.612Z,-23.6047515,-46.8365839,830.167,17.061,17.100,3,129,354
1784772293670,2026-07-23T02:04:53.670Z,-23.6047441,-46.8365886,830.196,17.163,17.070,3,129,354
1784772293729,2026-07-23T02:04:53.729Z,-23.6047369,-46.8365932,830.173,17.068,17.180,3,129,355
1784772293780,2026-07-23T02:04:53.780Z,-23.6047297,-46.8365983,830.198,17.179,17.080,3,129,355
1784772293832,2026-07-23T02:04:53.832Z,-23.6047226,-46.8366034,830.213,17.222,17.190,3,129,355
1784772293884,2026-07-23T02:04:53.884Z,-23.6047156,-46.8366086,830.197,17.198,17.230,3,129,355
1784772293936,2026-07-23T02:04:53.936Z,-23.6047086,-46.8366141,830.182,17.304,17.210,3,129,355
1784772293988,2026-07-23T02:04:53.988Z,-23.6047018,-46.8366198,830.172,17.358,17.310,3,129,355
1784772294040,2026-07-23T02:04:54.040Z,-23.6046950,-46.8366257,830.185,17.346,17.360,3,129,355
1784772294092,2026-07-23T02:04:54.092Z,-23.6046882,-46.8366317,830.171,17.514,17.350,3,129,355
1784772294144,2026-07-23T02:04:54.144Z,-23.6046815,-46.8366378,830.155,17.525,17.520,3,129,355
1784772294196,2026-07-23T02:04:54.196Z,-23.6046751,-46.8366440,830.130,17.482,17.530,3,129,355
1784772294248,2026-07-23T02:04:54.248Z,-23.6046687,-46.8366505,830.091,17.518,17.490,3,129,355
1784772294300,2026-07-23T02:04:54.300Z,-23.6046624,-46.8366571,830.078,17.604,17.520,3,129,355
1784772294352,2026-07-23T02:04:54.352Z,-23.6046563,-46.8366638,830.060,17.570,17.610,3,129,355
1784772294404,2026-07-23T02:04:54.404Z,-23.6046504,-46.8366709,830.039,17.639,17.570,3,129,355
1784772294456,2026-07-23T02:04:54.456Z,-23.6046447,-46.8366780,830.021,17.640,17.640,3,129,355
1784772294508,2026-07-23T02:04:54.508Z,-23.6046392,-46.8366856,830.015,17.693,17.640,3,129,355
1784772294560,2026-07-23T02:04:54.560Z,-23.6046340,-46.8366930,829.967,17.569,17.690,3,129,355
1784772294612,2026-07-23T02:04:54.612Z,-23.6046291,-46.8367008,829.924,17.577,17.570,3,129,355
1784772294664,2026-07-23T02:04:54.664Z,-23.6046242,-46.8367088,829.856,17.637,17.580,3,129,356
1784772294719,2026-07-23T02:04:54.719Z,-23.6046194,-46.8367167,829.780,17.735,17.640,3,129,356
1784772294774,2026-07-23T02:04:54.774Z,-23.6046148,-46.8367248,829.708,17.748,17.730,3,129,356
1784772294829,2026-07-23T02:04:54.829Z,-23.6046103,-46.8367330,829.666,17.701,17.750,3,129,356
1784772294884,2026-07-23T02:04:54.884Z,-23.6046061,-46.8367413,829.600,17.672,17.700,3,129,356
1784772294939,2026-07-23T02:04:54.939Z,-23.6046021,-46.8367499,829.529,17.712,17.670,3,129,356
1784772294994,2026-07-23T02:04:54.994Z,-23.6045982,-46.8367585,829.424,17.789,17.710,3,129,356
1784772295049,2026-07-23T02:04:55.049Z,-23.6045946,-46.8367672,829.359,17.742,17.790,3,129,356
1784772295104,2026-07-23T02:04:55.104Z,-23.6045912,-46.8367760,829.267,17.720,17.740,3,129,356
1784772295159,2026-07-23T02:04:55.159Z,-23.6045880,-46.8367850,829.200,17.777,17.720,3,129,356
1784772295214,2026-07-23T02:04:55.214Z,-23.6045851,-46.8367941,829.142,17.758,17.780,3,129,356
1784772295269,2026-07-23T02:04:55.269Z,-23.6045826,-46.8368032,829.068,17.696,17.760,3,129,356
1784772295324,2026-07-23T02:04:55.324Z,-23.6045802,-46.8368125,828.983,17.794,17.700,3,129,356
1784772295379,2026-07-23T02:04:55.379Z,-23.6045778,-46.8368221,828.897,18.013,17.800,3,129,356
1784772295434,2026-07-23T02:04:55.434Z,-23.6045759,-46.8368316,828.794,18.048,18.020,3,129,356
1784772295489,2026-07-23T02:04:55.489Z,-23.6045743,-46.8368409,828.693,17.891,18.060,3,129,356
1784772295544,2026-07-23T02:04:55.544Z,-23.6045730,-46.8368503,828.579,17.775,17.900,3,129,356
1784772295599,2026-07-23T02:04:55.599Z,-23.6045721,-46.8368599,828.491,17.809,17.790,3,129,356
1784772295654,2026-07-23T02:04:55.654Z,-23.6045713,-46.8368693,828.395,17.720,17.830,3,129,356
1784772295709,2026-07-23T02:04:55.709Z,-23.6045707,-46.8368785,828.288,17.536,17.740,3,128,357
1784772295767,2026-07-23T02:04:55.767Z,-23.6045704,-46.8368879,828.150,17.474,17.560,3,128,357
1784772295825,2026-07-23T02:04:55.825Z,-23.6045705,-46.8368975,828.048,17.570,17.500,3,128,357
1784772295883,2026-07-23T02:04:55.883Z,-23.6045707,-46.8369067,827.956,17.446,17.600,3,128,357
1784772295941,2026-07-23T02:04:55.941Z,-23.6045713,-46.8369161,827.856,17.398,17.480,3,128,357
1784772296000,2026-07-23T02:04:56.000Z,-23.6045722,-46.8369253,827.731,17.330,17.430,3,128,357
1784772296058,2026-07-23T02:04:56.058Z,-23.6045735,-46.8369343,827.611,17.229,17.360,3,128,357
1784772296116,2026-07-23T02:04:56.116Z,-23.6045751,-46.8369435,827.501,17.242,17.270,3,128,357
1784772296174,2026-07-23T02:04:56.174Z,-23.6045770,-46.8369522,827.396,17.044,17.280,3,128,357
1784772296233,2026-07-23T02:04:56.233Z,-23.6045794,-46.8369607,827.245,16.906,17.090,3,128,357
1784772296291,2026-07-23T02:04:56.291Z,-23.6045823,-46.8369695,827.112,17.069,16.950,3,128,357
1784772296349,2026-07-23T02:04:56.349Z,-23.6045850,-46.8369782,826.996,17.130,17.120,3,128,357
1784772296407,2026-07-23T02:04:56.407Z,-23.6045878,-46.8369865,826.950,16.823,17.180,3,128,357
1784772296466,2026-07-23T02:04:56.466Z,-23.6045912,-46.8369945,826.823,16.698,16.880,3,128,357
1784772296524,2026-07-23T02:04:56.524Z,-23.6045948,-46.8370026,826.725,16.708,16.750,3,128,357
1784772296582,2026-07-23T02:04:56.582Z,-23.6045987,-46.8370105,826.644,16.732,16.770,3,128,357
1784772296640,2026-07-23T02:04:56.640Z,-23.6046030,-46.8370182,826.538,16.732,16.790,3,128,357
1784772296699,2026-07-23T02:04:56.699Z,-23.6046074,-46.8370256,826.420,16.666,16.790,3,128,358
1784772296757,2026-07-23T02:04:56.757Z,-23.6046123,-46.8370327,826.289,16.586,16.730,3,128,358
1784772296815,2026-07-23T02:04:56.815Z,-23.6046173,-46.8370400,826.140,16.790,16.650,3,128,358
1784772296873,2026-07-23T02:04:56.873Z,-23.6046224,-46.8370472,826.034,16.834,16.860,3,128,358
1784772296931,2026-07-23T02:04:56.931Z,-23.6046275,-46.8370543,825.945,16.782,16.900,3,128,358
1784772296989,2026-07-23T02:04:56.989Z,-23.6046327,-46.8370611,825.858,16.664,16.850,3,128,358
1784772297047,2026-07-23T02:04:57.047Z,-23.6046380,-46.8370681,825.769,16.685,16.730,3,128,358
1784772297105,2026-07-23T02:04:57.105Z,-23.6046431,-46.8370750,825.724,16.595,16.760,3,128,358
1784772297163,2026-07-23T02:04:57.163Z,-23.6046480,-46.8370817,825.657,16.342,16.660,3,128,358
1784772297221,2026-07-23T02:04:57.221Z,-23.6046530,-46.8370885,825.579,16.239,16.410,3,128,358
1784772297279,2026-07-23T02:04:57.279Z,-23.6046581,-46.8370953,825.484,16.279,16.310,3,128,358
1784772297337,2026-07-23T02:04:57.337Z,-23.6046638,-46.8371020,825.466,16.452,16.350,3,128,358
1784772297395,2026-07-23T02:04:57.395Z,-23.6046697,-46.8371090,825.392,16.847,16.520,3,128,358
1784772297453,2026-07-23T02:04:57.453Z,-23.6046756,-46.8371160,825.354,17.103,16.910,3,128,358
1784772297511,2026-07-23T02:04:57.511Z,-23.6046813,-46.8371230,825.288,17.193,17.160,3,128,358
1784772297569,2026-07-23T02:04:57.569Z,-23.6046867,-46.8371301,825.223,17.163,17.250,3,128,358
1784772297627,2026-07-23T02:04:57.627Z,-23.6046919,-46.8371375,825.097,17.263,17.220,3,128,358
1784772297685,2026-07-23T02:04:57.685Z,-23.6046969,-46.8371452,824.974,17.325,17.320,3,128,358
1784772297744,2026-07-23T02:04:57.744Z,-23.6047018,-46.8371529,824.884,17.344,17.390,3,128,359
1784772297793,2026-07-23T02:04:57.793Z,-23.6047065,-46.8371608,824.813,17.365,17.410,3,128,359
1784772297842,2026-07-23T02:04:57.842Z,-23.6047109,-46.8371685,824.770,17.134,17.430,3,128,359
1784772297891,2026-07-23T02:04:57.891Z,-23.6047152,-46.8371766,824.685,17.227,17.200,3,128,359
1784772297940,2026-07-23T02:04:57.940Z,-23.6047195,-46.8371850,824.643,17.437,17.290,3,128,359
1784772297990,2026-07-23T02:04:57.990Z,-23.6047236,-46.8371934,824.571,17.449,17.500,3,128,359
1784772298039,2026-07-23T02:04:58.039Z,-23.6047272,-46.8372019,824.554,17.349,17.510,3,128,359
1784772298088,2026-07-23T02:04:58.088Z,-23.6047305,-46.8372108,824.566,17.377,17.410,3,128,359
1784772298137,2026-07-23T02:04:58.137Z,-23.6047337,-46.8372197,824.509,17.433,17.430,3,128,359
1784772298186,2026-07-23T02:04:58.186Z,-23.6047366,-46.8372289,824.467,17.619,17.490,3,128,359
1784772298236,2026-07-23T02:04:58.236Z,-23.6047392,-46.8372381,824.418,17.626,17.670,3,128,359
1784772298285,2026-07-23T02:04:58.285Z,-23.6047412,-46.8372475,824.391,17.653,17.680,3,128,359
1784772298334,2026-07-23T02:04:58.334Z,-23.6047430,-46.8372569,824.351,17.649,17.700,3,128,359
1784772298383,2026-07-23T02:04:58.383Z,-23.6047447,-46.8372663,824.348,17.616,17.700,3,128,359
1784772298432,2026-07-23T02:04:58.432Z,-23.6047461,-46.8372755,824.273,17.469,17.660,3,128,359
1784772298482,2026-07-23T02:04:58.482Z,-23.6047470,-46.8372848,824.204,17.378,17.510,3,128,359
1784772298531,2026-07-23T02:04:58.531Z,-23.6047476,-46.8372943,824.202,17.394,17.420,3,128,359
1784772298580,2026-07-23T02:04:58.580Z,-23.6047477,-46.8373032,824.201,17.014,17.440,3,128,359
1784772298629,2026-07-23T02:04:58.629Z,-23.6047471,-46.8373123,824.176,16.884,17.050,3,128,359
1784772298679,2026-07-23T02:04:58.679Z,-23.6047465,-46.8373215,824.168,16.860,16.920,3,128,360
1784772298734,2026-07-23T02:04:58.734Z,-23.6047458,-46.8373306,824.164,16.851,16.900,3,128,360
1784772298789,2026-07-23T02:04:58.789Z,-23.6047447,-46.8373396,824.162,16.779,16.890,3,128,360
1784772298844,2026-07-23T02:04:58.844Z,-23.6047434,-46.8373483,824.143,16.598,16.810,3,128,360
1784772298899,2026-07-23T02:04:58.899Z,-23.6047418,-46.8373569,824.110,16.483,16.630,3,128,360
1784772298954,2026-07-23T02:04:58.954Z,-23.6047396,-46.8373655,824.117,16.428,16.510,3,128,360
1784772299009,2026-07-23T02:04:59.009Z,-23.6047373,-46.8373739,824.122,16.338,16.460,3,128,360
1784772299064,2026-07-23T02:04:59.064Z,-23.6047344,-46.8373821,824.189,16.226,16.360,3,128,360
1784772299119,2026-07-23T02:04:59.119Z,-23.6047308,-46.8373902,824.253,16.253,16.250,3,128,360
1784772299174,2026-07-23T02:04:59.174Z,-23.6047267,-46.8373978,824.269,16.277,16.270,3,128,360
1784772299229,2026-07-23T02:04:59.229Z,-23.6047226,-46.8374051,824.288,16.163,16.300,3,128,360
1784772299284,2026-07-23T02:04:59.284Z,-23.6047183,-46.8374124,824.334,16.017,16.180,3,128,360
1784772299339,2026-07-23T02:04:59.339Z,-23.6047139,-46.8374195,824.405,15.895,16.030,3,128,360
1784772299394,2026-07-23T02:04:59.394Z,-23.6047090,-46.8374262,824.466,15.806,15.910,3,128,360
1784772299449,2026-07-23T02:04:59.449Z,-23.6047038,-46.8374326,824.515,15.740,15.820,3,128,360
1784772299504,2026-07-23T02:04:59.504Z,-23.6046982,-46.8374386,824.541,15.766,15.750,3,128,360
1784772299559,2026-07-23T02:04:59.559Z,-23.6046926,-46.8374444,824.552,15.659,15.770,3,128,360
1784772299614,2026-07-23T02:04:59.614Z,-23.6046870,-46.8374501,824.616,15.483,15.670,3,128,360
1784772299669,2026-07-23T02:04:59.669Z,-23.6046814,-46.8374555,824.662,15.307,15.490,3,128,361
1784772299727,2026-07-23T02:04:59.727Z,-23.6046754,-46.8374609,824.718,15.323,15.310,3,128,361
1784772299785,2026-07-23T02:04:59.785Z,-23.6046690,-46.8374657,824.743,15.415,15.330,3,128,361
1784772299843,2026-07-23T02:04:59.843Z,-23.6046625,-46.8374701,824.770,15.341,15.420,3,128,361
1784772299901,2026-07-23T02:04:59.901Z,-23.6046558,-46.8374741,824.815,15.287,15.340,3,128,361
1784772299959,2026-07-23T02:04:59.959Z,-23.6046490,-46.8374778,824.862,15.264,15.290,3,128,361
1784772300017,2026-07-23T02:05:00.017Z,-23.6046422,-46.8374813,824.894,15.121,15.270,3,128,361
1784772300075,2026-07-23T02:05:00.075Z,-23.6046354,-46.8374849,824.940,15.157,15.120,3,128,361
1784772300133,2026-07-23T02:05:00.133Z,-23.6046284,-46.8374887,824.995,15.302,15.160,3,128,361
1784772300191,2026-07-23T02:05:00.191Z,-23.6046213,-46.8374923,825.002,15.474,15.300,3,128,361
1784772300249,2026-07-23T02:05:00.249Z,-23.6046140,-46.8374958,825.031,15.612,15.470,3,128,361
1784772300307,2026-07-23T02:05:00.307Z,-23.6046068,-46.8374994,825.104,15.709,15.610,3,128,361
1784772300365,2026-07-23T02:05:00.365Z,-23.6045997,-46.8375029,825.209,15.588,15.710,3,128,361
1784772300423,2026-07-23T02:05:00.423Z,-23.6045929,-46.8375060,825.334,15.203,15.590,3,128,361
1784772300481,2026-07-23T02:05:00.481Z,-23.6045861,-46.8375089,825.411,14.941,15.200,3,128,361
1784772300539,2026-07-23T02:05:00.539Z,-23.6045792,-46.8375117,825.460,14.889,14.940,3,128,361
1784772300597,2026-07-23T02:05:00.597Z,-23.6045721,-46.8375142,825.491,14.904,14.890,3,128,361
1784772300655,2026-07-23T02:05:00.655Z,-23.6045651,-46.8375167,825.525,14.853,14.900,3,128,361
1784772300714,2026-07-23T02:05:00.714Z,-23.6045579,-46.8375192,825.569,14.952,14.850,3,128,362
1784772300769,2026-07-23T02:05:00.769Z,-23.6045507,-46.8375217,825.652,15.022,14.950,3,128,362
1784772300824,2026-07-23T02:05:00.824Z,-23.6045436,-46.8375241,825.747,14.891,15.020,3,128,362
1784772300879,2026-07-23T02:05:00.879Z,-23.6045365,-46.8375260,825.818,14.743,14.890,3,128,362
1784772300934,2026-07-23T02:05:00.934Z,-23.6045295,-46.8375280,825.916,14.628,14.750,3,128,362
1784772300989,2026-07-23T02:05:00.989Z,-23.6045222,-46.8375301,825.992,14.803,14.630,3,128,362
1784772301044,2026-07-23T02:05:01.044Z,-23.6045144,-46.8375322,826.074,15.229,14.810,3,128,362
1784772301099,2026-07-23T02:05:01.099Z,-23.6045066,-46.8375342,826.141,15.573,15.240,3,128,362
1784772301154,2026-07-23T02:05:01.154Z,-23.6044989,-46.8375361,826.226,15.620,15.580,3,128,362
1784772301209,2026-07-23T02:05:01.209Z,-23.6044909,-46.8375371,826.365,15.678,15.630,3,128,362
1784772301264,2026-07-23T02:05:01.264Z,-23.6044830,-46.8375378,826.467,15.720,15.690,3,128,362
1784772301319,2026-07-23T02:05:01.319Z,-23.6044752,-46.8375383,826.513,15.689,15.730,3,128,362
1784772301374,2026-07-23T02:05:01.374Z,-23.6044675,-46.8375384,826.593,15.616,15.700,3,128,362
1784772301429,2026-07-23T02:05:01.429Z,-23.6044597,-46.8375386,826.663,15.569,15.630,3,128,362
1784772301484,2026-07-23T02:05:01.484Z,-23.6044522,-46.8375382,826.723,15.393,15.580,3,128,362
1784772301539,2026-07-23T02:05:01.539Z,-23.6044446,-46.8375375,826.794,15.321,15.410,3,128,362
1784772301594,2026-07-23T02:05:01.594Z,-23.6044370,-46.8375366,826.882,15.316,15.340,3,128,362
1784772301649,2026-07-23T02:05:01.649Z,-23.6044296,-46.8375355,826.948,15.158,15.330,3,128,362
1784772301704,2026-07-23T02:05:01.704Z,-23.6044225,-46.8375339,826.982,14.902,15.180,3,128,363
1784772301759,2026-07-23T02:05:01.759Z,-23.6044155,-46.8375320,827.042,14.727,14.920,3,128,363
1784772301814,2026-07-23T02:05:01.814Z,-23.6044084,-46.8375299,827.104,14.736,14.750,3,128,363
1784772301869,2026-07-23T02:05:01.869Z,-23.6044017,-46.8375276,827.129,14.546,14.760,3,128,363
1784772301924,2026-07-23T02:05:01.924Z,-23.6043952,-46.8375252,827.197,14.241,14.570,3,128,363
1784772301979,2026-07-23T02:05:01.979Z,-23.6043888,-46.8375225,827.317,14.020,14.260,3,128,363
1784772302034,2026-07-23T02:05:02.034Z,-23.6043825,-46.8375195,827.407,13.872,14.040,3,128,363
1784772302089,2026-07-23T02:05:02.089Z,-23.6043765,-46.8375164,827.488,13.675,13.900,3,128,363
1784772302144,2026-07-23T02:05:02.144Z,-23.6043710,-46.8375128,827.551,13.306,13.700,3,128,363
1784772302199,2026-07-23T02:05:02.199Z,-23.6043656,-46.8375090,827.597,13.134,13.340,3,128,363
1784772302254,2026-07-23T02:05:02.254Z,-23.6043601,-46.8375048,827.639,13.212,13.160,3,128,363
1784772302309,2026-07-23T02:05:02.309Z,-23.6043552,-46.8375004,827.649,13.035,13.240,3,128,363
1784772302364,2026-07-23T02:05:02.364Z,-23.6043505,-46.8374957,827.688,12.900,13.060,3,128,363
1784772302419,2026-07-23T02:05:02.419Z,-23.6043461,-46.8374909,827.712,12.728,12.930,3,128,363
1784772302474,2026-07-23T02:05:02.474Z,-23.6043419,-46.8374862,827.770,12.515,12.760,3,128,363
1784772302529,2026-07-23T02:05:02.529Z,-23.6043379,-46.8374812,827.818,12.428,12.540,3,128,363
1784772302584,2026-07-23T02:05:02.584Z,-23.6043340,-46.8374760,827.849,12.372,12.460,3,128,363
1784772302639,2026-07-23T02:05:02.639Z,-23.6043304,-46.8374705,827.859,12.438,12.400,3,128,363
1784772302694,2026-07-23T02:05:02.694Z,-23.6043270,-46.8374650,827.927,12.373,12.470,3,128,363
1784772302749,2026-07-23T02:05:02.749Z,-23.6043237,-46.8374596,828.029,12.264,12.400,3,128,364
1784772302807,2026-07-23T02:05:02.807Z,-23.6043207,-46.8374542,828.108,12.095,12.300,3,128,364
1784772302865,2026-07-23T02:05:02.865Z,-23.6043177,-46.8374487,828.139,11.984,12.130,3,128,364
1784772302923,2026-07-23T02:05:02.923Z,-23.6043150,-46.8374434,828.175,11.726,12.020,3,128,364
1784772302981,2026-07-23T02:05:02.981Z,-23.6043128,-46.8374381,828.187,11.397,11.760,3,128,364
1784772303040,2026-07-23T02:05:03.040Z,-23.6043110,-46.8374325,828.160,11.182,11.430,3,128,364
1784772303098,2026-07-23T02:05:03.098Z,-23.6043089,-46.8374269,828.188,11.188,11.210,3,128,364
1784772303156,2026-07-23T02:05:03.156Z,-23.6043070,-46.8374207,828.200,11.333,11.220,3,128,364
1784772303214,2026-07-23T02:05:03.214Z,-23.6043053,-46.8374143,828.230,11.567,11.360,3,128,364
1784772303273,2026-07-23T02:05:03.273Z,-23.6043039,-46.8374078,828.288,11.715,11.590,3,128,364
1784772303331,2026-07-23T02:05:03.331Z,-23.6043024,-46.8374009,828.330,12.007,11.740,3,128,364
1784772303389,2026-07-23T02:05:03.389Z,-23.6043011,-46.8373942,828.385,12.206,12.030,3,128,364
1784772303447,2026-07-23T02:05:03.447Z,-23.6042998,-46.8373872,828.469,12.443,12.230,3,128,364
1784772303506,2026-07-23T02:05:03.506Z,-23.6042985,-46.8373802,828.568,12.657,12.470,3,128,364
1784772303564,2026-07-23T02:05:03.564Z,-23.6042979,-46.8373733,828.628,12.689,12.680,3,128,364
1784772303622,2026-07-23T02:05:03.622Z,-23.6042976,-46.8373662,828.661,12.825,12.720,3,128,364
1784772303680,2026-07-23T02:05:03.680Z,-23.6042978,-46.8373594,828.705,12.737,12.850,3,128,364
1784772303739,2026-07-23T02:05:03.739Z,-23.6042989,-46.8373529,828.716,12.562,12.760,3,128,365
1784772303785,2026-07-23T02:05:03.785Z,-23.6043005,-46.8373464,828.730,12.406,12.590,3,128,365
1784772303832,2026-07-23T02:05:03.832Z,-23.6043019,-46.8373400,828.755,12.314,12.430,3,128,365
1784772303879,2026-07-23T02:05:03.879Z,-23.6043035,-46.8373335,828.766,12.299,12.340,3,128,365
1784772303926,2026-07-23T02:05:03.926Z,-23.6043055,-46.8373273,828.722,12.166,12.320,3,128,365
1784772303972,2026-07-23T02:05:03.972Z,-23.6043076,-46.8373210,828.709,12.144,12.190,3,128,365
1784772304019,2026-07-23T02:05:04.019Z,-23.6043095,-46.8373146,828.682,12.135,12.160,3,128,365
1784772304066,2026-07-23T02:05:04.066Z,-23.6043117,-46.8373081,828.575,12.219,12.150,3,128,365
1784772304113,2026-07-23T02:05:04.113Z,-23.6043142,-46.8373016,828.506,12.289,12.230,3,128,365
1784772304159,2026-07-23T02:05:04.159Z,-23.6043172,-46.8372952,828.450,12.431,12.300,3,128,365
1784772304206,2026-07-23T02:05:04.206Z,-23.6043202,-46.8372886,828.425,12.647,12.440,3,128,365
1784772304253,2026-07-23T02:05:04.253Z,-23.6043233,-46.8372821,828.440,12.844,12.650,3,128,365
1784772304300,2026-07-23T02:05:04.300Z,-23.6043259,-46.8372755,828.461,12.966,12.850,3,128,365
1784772304346,2026-07-23T02:05:04.346Z,-23.6043283,-46.8372689,828.466,13.013,12.970,3,128,365
1784772304393,2026-07-23T02:05:04.393Z,-23.6043305,-46.8372624,828.492,12.995,13.020,3,128,365
1784772304440,2026-07-23T02:05:04.440Z,-23.6043325,-46.8372560,828.466,12.868,13.000,3,128,365
1784772304487,2026-07-23T02:05:04.487Z,-23.6043344,-46.8372491,828.472,12.968,12.870,3,128,365
1784772304533,2026-07-23T02:05:04.533Z,-23.6043360,-46.8372421,828.490,13.057,12.970,3,128,365
1784772304580,2026-07-23T02:05:04.580Z,-23.6043375,-46.8372352,828.503,13.101,13.060,3,128,365
1784772304627,2026-07-23T02:05:04.627Z,-23.6043387,-46.8372280,828.524,13.162,13.110,3,128,365
1784772304674,2026-07-23T02:05:04.674Z,-23.6043397,-46.8372208,828.514,13.203,13.170,3,128,366
1784772304735,2026-07-23T02:05:04.735Z,-23.6043407,-46.8372134,828.505,13.341,13.210,3,128,366
1784772304796,2026-07-23T02:05:04.796Z,-23.6043412,-46.8372061,828.509,13.324,13.350,3,128,366
1784772304858,2026-07-23T02:05:04.858Z,-23.6043416,-46.8371988,828.549,13.314,13.330,3,128,366
1784772304919,2026-07-23T02:05:04.919Z,-23.6043416,-46.8371914,828.594,13.380,13.320,3,128,366
1784772304981,2026-07-23T02:05:04.981Z,-23.6043417,-46.8371841,828.637,13.371,13.390,3,128,366
1784772305042,2026-07-23T02:05:05.042Z,-23.6043416,-46.8371768,828.663,13.330,13.380,3,128,366
1784772305104,2026-07-23T02:05:05.104Z,-23.6043413,-46.8371695,828.701,13.338,13.340,3,128,366
1784772305165,2026-07-23T02:05:05.165Z,-23.6043407,-46.8371616,828.655,13.608,13.340,3,128,366
1784772305227,2026-07-23T02:05:05.227Z,-23.6043401,-46.8371539,828.680,13.739,13.610,3,128,366
1784772305288,2026-07-23T02:05:05.288Z,-23.6043400,-46.8371464,828.791,13.861,13.740,3,128,366
1784772305350,2026-07-23T02:05:05.350Z,-23.6043396,-46.8371390,828.890,13.818,13.870,3,128,366
1784772305411,2026-07-23T02:05:05.411Z,-23.6043388,-46.8371315,828.926,13.845,13.830,3,128,366
1784772305473,2026-07-23T02:05:05.473Z,-23.6043383,-46.8371239,828.951,13.913,13.850,3,128,366
1784772305534,2026-07-23T02:05:05.534Z,-23.6043375,-46.8371166,828.983,13.790,13.920,3,128,366
1784772305596,2026-07-23T02:05:05.596Z,-23.6043365,-46.8371092,829.017,13.833,13.800,3,128,366
1784772305657,2026-07-23T02:05:05.657Z,-23.6043351,-46.8371019,829.054,13.797,13.840,3,128,366
1784772305719,2026-07-23T02:05:05.719Z,-23.6043334,-46.8370942,829.135,14.090,13.810,3,128,367
1784772305774,2026-07-23T02:05:05.774Z,-23.6043316,-46.8370868,829.186,14.148,14.100,3,128,367
1784772305829,2026-07-23T02:05:05.829Z,-23.6043298,-46.8370796,829.226,14.075,14.160,3,128,367
1784772305884,2026-07-23T02:05:05.884Z,-23.6043280,-46.8370723,829.294,14.077,14.090,3,128,367
1784772305939,2026-07-23T02:05:05.939Z,-23.6043260,-46.8370649,829.393,14.162,14.090,3,128,367
1784772305994,2026-07-23T02:05:05.994Z,-23.6043240,-46.8370578,829.513,14.159,14.170,3,128,367
1784772306049,2026-07-23T02:05:06.049Z,-23.6043217,-46.8370505,829.573,14.231,14.170,3,128,367
1784772306104,2026-07-23T02:05:06.104Z,-23.6043196,-46.8370432,829.682,14.252,14.240,3,128,367
1784772306159,2026-07-23T02:05:06.159Z,-23.6043174,-46.8370361,829.794,14.176,14.270,3,128,367
1784772306214,2026-07-23T02:05:06.214Z,-23.6043150,-46.8370290,829.867,14.158,14.190,3,128,367
1784772306269,2026-07-23T02:05:06.269Z,-23.6043127,-46.8370219,829.958,14.121,14.180,3,128,367
1784772306324,2026-07-23T02:05:06.324Z,-23.6043101,-46.8370149,830.036,14.098,14.140,3,128,367
1784772306379,2026-07-23T02:05:06.379Z,-23.6043075,-46.8370080,830.115,14.090,14.120,3,128,367
1784772306434,2026-07-23T02:05:06.434Z,-23.6043048,-46.8370011,830.222,14.081,14.110,3,128,367
1784772306489,2026-07-23T02:05:06.489Z,-23.6043018,-46.8369941,830.301,14.123,14.100,3,128,367
1784772306544,2026-07-23T02:05:06.544Z,-23.6042988,-46.8369875,830.436,13.991,14.150,3,128,367
1784772306599,2026-07-23T02:05:06.599Z,-23.6042956,-46.8369808,830.515,14.022,14.020,3,128,367
1784772306654,2026-07-23T02:05:06.654Z,-23.6042923,-46.8369742,830.615,14.024,14.050,3,128,367
1784772306709,2026-07-23T02:05:06.709Z,-23.6042886,-46.8369679,830.740,14.017,14.050,3,128,368
1784772306761,2026-07-23T02:05:06.761Z,-23.6042849,-46.8369618,830.873,13.838,14.050,3,128,368
1784772306813,2026-07-23T02:05:06.813Z,-23.6042813,-46.8369560,831.055,13.574,13.870,3,128,368
1784772306865,2026-07-23T02:05:06.865Z,-23.6042771,-46.8369500,831.151,13.730,13.610,3,128,368
1784772306917,2026-07-23T02:05:06.917Z,-23.6042730,-46.8369440,831.163,13.755,13.770,3,128,368
1784772306969,2026-07-23T02:05:06.969Z,-23.6042689,-46.8369384,831.278,13.610,13.790,3,128,368
1784772307021,2026-07-23T02:05:07.021Z,-23.6042646,-46.8369333,831.506,13.344,13.650,3,128,368
1784772307073,2026-07-23T02:05:07.073Z,-23.6042601,-46.8369276,831.635,13.552,13.390,3,128,368
1784772307125,2026-07-23T02:05:07.125Z,-23.6042556,-46.8369220,831.752,13.652,13.600,3,128,368
1784772307177,2026-07-23T02:05:07.177Z,-23.6042512,-46.8369166,831.837,13.543,13.710,3,128,368
1784772307230,2026-07-23T02:05:07.230Z,-23.6042468,-46.8369115,831.946,13.340,13.600,3,128,368
1784772307282,2026-07-23T02:05:07.282Z,-23.6042423,-46.8369066,832.124,13.164,13.400,3,128,368
1784772307334,2026-07-23T02:05:07.334Z,-23.6042374,-46.8369016,832.221,13.324,13.230,3,128,368
1784772307386,2026-07-23T02:05:07.386Z,-23.6042327,-46.8368968,832.325,13.264,13.390,3,128,368
1784772307438,2026-07-23T02:05:07.438Z,-23.6042278,-46.8368919,832.415,13.367,13.330,3,128,368
1784772307490,2026-07-23T02:05:07.490Z,-23.6042229,-46.8368869,832.496,13.423,13.430,3,128,368
1784772307542,2026-07-23T02:05:07.542Z,-23.6042182,-46.8368820,832.575,13.365,13.490,3,128,368
1784772307594,2026-07-23T02:05:07.594Z,-23.6042132,-46.8368771,832.653,13.449,13.430,3,128,368
1784772307646,2026-07-23T02:05:07.646Z,-23.6042083,-46.8368720,832.736,13.532,13.510,3,128,368
1784772307699,2026-07-23T02:05:07.699Z,-23.6042035,-46.8368669,832.840,13.577,13.600,3,128,369
1784772307764,2026-07-23T02:05:07.764Z,-23.6041988,-46.8368617,832.960,13.540,13.640,3,128,369
1784772307829,2026-07-23T02:05:07.829Z,-23.6041943,-46.8368563,833.058,13.537,13.610,3,128,369
1784772307894,2026-07-23T02:05:07.894Z,-23.6041899,-46.8368509,833.113,13.457,13.610,3,128,369
1784772307960,2026-07-23T02:05:07.960Z,-23.6041859,-46.8368452,833.197,13.373,13.530,3,128,369
1784772308025,2026-07-23T02:05:08.025Z,-23.6041818,-46.8368396,833.276,13.332,13.440,3,128,369
1784772308090,2026-07-23T02:05:08.090Z,-23.6041779,-46.8368340,833.346,13.243,13.400,3,128,369
1784772308156,2026-07-23T02:05:08.156Z,-23.6041742,-46.8368285,833.471,12.960,13.310,3,128,369
1784772308221,2026-07-23T02:05:08.221Z,-23.6041705,-46.8368229,833.515,12.947,13.030,3,128,369
1784772308286,2026-07-23T02:05:08.286Z,-23.6041667,-46.8368174,833.589,12.836,13.020,3,128,369
1784772308352,2026-07-23T02:05:08.352Z,-23.6041629,-46.8368117,833.654,12.895,12.910,3,128,369
1784772308417,2026-07-23T02:05:08.417Z,-23.6041592,-46.8368061,833.698,12.855,12.970,3,128,369
1784772308482,2026-07-23T02:05:08.482Z,-23.6041558,-46.8368004,833.762,12.726,12.930,3,128,369
1784772308548,2026-07-23T02:05:08.548Z,-23.6041457,-46.8367831,833.969,12.605,12.800,3,128,369
1784772308613,2026-07-23T02:05:08.613Z,-23.6041440,-46.8367770,834.030,12.261,12.680,3,128,369
1784772308678,2026-07-23T02:05:08.678Z,-23.6041428,-46.8367700,834.073,12.362,12.330,3,128,369
1784772308744,2026-07-23T02:05:08.744Z,-23.6041414,-46.8367635,834.122,12.297,12.430,3,128,370
1784772308795,2026-07-23T02:05:08.795Z,-23.6041399,-46.8367569,834.175,12.343,12.370,3,128,370
1784772308847,2026-07-23T02:05:08.847Z,-23.6041383,-46.8367504,834.215,12.333,12.410,3,128,370
1784772308899,2026-07-23T02:05:08.899Z,-23.6041367,-46.8367440,834.241,12.323,12.400,3,128,370
1784772308951,2026-07-23T02:05:08.951Z,-23.6041349,-46.8367376,834.288,12.333,12.390,3,128,370
1784772309003,2026-07-23T02:05:09.003Z,-23.6041340,-46.8367304,834.286,12.495,12.400,3,128,370
1784772309055,2026-07-23T02:05:09.055Z,-23.6041335,-46.8367238,834.292,12.354,12.550,3,128,370
1784772309107,2026-07-23T02:05:09.107Z,-23.6041332,-46.8367171,834.358,12.289,12.410,3,128,370
1784772309159,2026-07-23T02:05:09.159Z,-23.6041334,-46.8367105,834.411,12.139,12.350,3,128,370
1784772309211,2026-07-23T02:05:09.211Z,-23.6041339,-46.8367037,834.449,12.144,12.200,3,128,370
1784772309263,2026-07-23T02:05:09.263Z,-23.6041346,-46.8366972,834.504,12.091,12.200,3,128,370
1784772309315,2026-07-23T02:05:09.315Z,-23.6041357,-46.8366910,834.544,11.903,12.150,3,128,370
1784772309367,2026-07-23T02:05:09.367Z,-23.6041370,-46.8366847,834.589,11.825,11.960,3,128,370
1784772309419,2026-07-23T02:05:09.419Z,-23.6041382,-46.8366790,834.593,11.489,11.880,3,128,370
1784772309471,2026-07-23T02:05:09.471Z,-23.6041404,-46.8366666,834.639,11.629,11.540,3,128,370
1784772309523,2026-07-23T02:05:09.523Z,-23.6041418,-46.8366601,834.663,11.834,11.680,3,128,370
1784772309575,2026-07-23T02:05:09.575Z,-23.6041436,-46.8366540,834.709,11.838,11.880,3,128,370
1784772309627,2026-07-23T02:05:09.627Z,-23.6041457,-46.8366480,834.706,11.769,11.890,3,128,370
1784772309679,2026-07-23T02:05:09.679Z,-23.6041486,-46.8366425,834.672,11.607,11.810,3,128,371
1784772309744,2026-07-23T02:05:09.744Z,-23.6041521,-46.8366371,834.645,11.596,11.650,3,128,371
1784772309809,2026-07-23T02:05:09.809Z,-23.6041552,-46.8366316,834.651,11.639,11.630,3,128,371
1784772309874,2026-07-23T02:05:09.874Z,-23.6041586,-46.8366260,834.649,11.791,11.680,3,128,371
1784772309940,2026-07-23T02:05:09.940Z,-23.6041621,-46.8366204,834.625,11.931,11.820,3,128,371
1784772310005,2026-07-23T02:05:10.005Z,-23.6041659,-46.8366145,834.471,12.202,11.960,3,128,371
1784772310070,2026-07-23T02:05:10.070Z,-23.6041699,-46.8366086,834.273,12.477,12.230,3,128,371
1784772310136,2026-07-23T02:05:10.136Z,-23.6041734,-46.8366031,834.240,12.359,12.490,3,128,371
1784772310201,2026-07-23T02:05:10.201Z,-23.6041771,-46.8365982,834.240,12.128,12.370,3,128,371
1784772310266,2026-07-23T02:05:10.266Z,-23.6041811,-46.8365935,834.296,11.987,12.140,3,128,371
1784772310332,2026-07-23T02:05:10.332Z,-23.6041853,-46.8365892,834.359,11.895,12.000,3,128,371
1784772310397,2026-07-23T02:05:10.397Z,-23.6041898,-46.8365851,834.388,11.769,11.910,3,128,371
1784772310462,2026-07-23T02:05:10.462Z,-23.6041941,-46.8365810,834.415,11.710,11.780,3,128,371
1784772310528,2026-07-23T02:05:10.528Z,-23.6042023,-46.8365723,834.480,11.647,11.720,3,128,371
1784772310593,2026-07-23T02:05:10.593Z,-23.6042066,-46.8365680,834.497,11.703,11.660,3,128,371
1784772310658,2026-07-23T02:05:10.658Z,-23.6042111,-46.8365640,834.484,11.638,11.720,3,128,371
1784772310724,2026-07-23T02:05:10.724Z,-23.6042159,-46.8365605,834.452,11.579,11.650,3,128,372
1784772310776,2026-07-23T02:05:10.776Z,-23.6042210,-46.8365569,834.425,11.697,11.590,3,128,372
1784772310828,2026-07-23T02:05:10.828Z,-23.6042259,-46.8365533,834.445,11.734,11.710,3,128,372
1784772310880,2026-07-23T02:05:10.880Z,-23.6042310,-46.8365499,834.499,11.820,11.740,3,128,372
1784772310932,2026-07-23T02:05:10.932Z,-23.6042362,-46.8365467,834.521,11.902,11.830,3,128,372
1784772310984,2026-07-23T02:05:10.984Z,-23.6042417,-46.8365433,834.547,12.166,11.910,3,128,372
1784772311036,2026-07-23T02:05:11.036Z,-23.6042472,-46.8365399,834.566,12.294,12.180,3,128,372
1784772311088,2026-07-23T02:05:11.088Z,-23.6042528,-46.8365365,834.548,12.477,12.300,3,128,372
1784772311140,2026-07-23T02:05:11.140Z,-23.6042580,-46.8365334,834.521,12.303,12.490,3,128,372
1784772311192,2026-07-23T02:05:11.192Z,-23.6042635,-46.8365306,834.468,12.182,12.310,3,128,372
1784772311245,2026-07-23T02:05:11.245Z,-23.6042689,-46.8365282,834.430,11.992,12.190,3,128,372
1784772311297,2026-07-23T02:05:11.297Z,-23.6042743,-46.8365259,834.427,11.859,12.000,3,128,372
1784772311349,2026-07-23T02:05:11.349Z,-23.6042799,-46.8365237,834.418,11.875,11.860,3,128,372
1784772311401,2026-07-23T02:05:11.401Z,-23.6042857,-46.8365215,834.369,11.979,11.880,3,128,372
1784772311453,2026-07-23T02:05:11.453Z,-23.6042912,-46.8365192,834.284,11.927,11.980,3,128,372
1784772311505,2026-07-23T02:05:11.505Z,-23.6042969,-46.8365173,834.261,11.935,11.930,3,128,372
1784772311557,2026-07-23T02:05:11.557Z,-23.6043027,-46.8365154,834.278,11.979,11.940,3,128,372
1784772311609,2026-07-23T02:05:11.609Z,-23.6043085,-46.8365134,834.252,12.059,11.980,3,128,372
1784772311661,2026-07-23T02:05:11.661Z,-23.6043143,-46.8365114,834.216,12.118,12.060,3,128,372
1784772311714,2026-07-23T02:05:11.714Z,-23.6043202,-46.8365094,834.219,12.219,12.120,3,134,373
1784772311769,2026-07-23T02:05:11.769Z,-23.6043263,-46.8365077,834.244,12.383,12.220,3,134,373
1784772311824,2026-07-23T02:05:11.824Z,-23.6043324,-46.8365060,834.230,12.445,12.380,3,134,373
1784772311879,2026-07-23T02:05:11.879Z,-23.6043385,-46.8365043,834.202,12.531,12.450,3,134,373
1784772311934,2026-07-23T02:05:11.934Z,-23.6043445,-46.8365027,834.170,12.547,12.530,3,134,373
1784772311989,2026-07-23T02:05:11.989Z,-23.6043507,-46.8365011,834.180,12.638,12.550,3,134,373
1784772312044,2026-07-23T02:05:12.044Z,-23.6043572,-46.8364997,834.181,12.843,12.640,3,134,373
1784772312099,2026-07-23T02:05:12.099Z,-23.6043636,-46.8364982,834.203,12.956,12.840,3,134,373
1784772312154,2026-07-23T02:05:12.154Z,-23.6043698,-46.8364967,834.196,12.960,12.960,3,134,373
1784772312209,2026-07-23T02:05:12.209Z,-23.6043761,-46.8364952,834.193,12.945,12.960,3,134,373
1784772312264,2026-07-23T02:05:12.264Z,-23.6043824,-46.8364936,834.154,13.023,12.950,3,134,373
1784772312319,2026-07-23T02:05:12.319Z,-23.6043888,-46.8364918,834.138,13.090,13.020,3,134,373
1784772312374,2026-07-23T02:05:12.374Z,-23.6043948,-46.8364897,834.048,12.953,13.090,3,134,373
1784772312429,2026-07-23T02:05:12.429Z,-23.6044008,-46.8364874,833.915,12.903,12.950,3,134,373
1784772312484,2026-07-23T02:05:12.484Z,-23.6044072,-46.8364855,833.915,13.024,12.900,3,134,373
1784772312539,2026-07-23T02:05:12.539Z,-23.6044137,-46.8364835,833.905,13.202,13.020,3,134,373
1784772312594,2026-07-23T02:05:12.594Z,-23.6044203,-46.8364814,833.894,13.401,13.200,3,134,373
1784772312649,2026-07-23T02:05:12.649Z,-23.6044269,-46.8364793,833.912,13.560,13.400,3,134,373
1784772312704,2026-07-23T02:05:12.704Z,-23.6044338,-46.8364770,833.909,13.838,13.560,3,137,374
1784772312762,2026-07-23T02:05:12.762Z,-23.6044408,-46.8364747,833.893,14.054,13.840,3,137,374
1784772312820,2026-07-23T02:05:12.820Z,-23.6044476,-46.8364725,833.861,14.137,14.050,3,137,374
1784772312878,2026-07-23T02:05:12.878Z,-23.6044544,-46.8364702,833.835,14.198,14.140,3,137,374
1784772312936,2026-07-23T02:05:12.936Z,-23.6044613,-46.8364681,833.840,14.258,14.200,3,137,374
1784772312994,2026-07-23T02:05:12.994Z,-23.6044684,-46.8364660,833.833,14.408,14.260,3,137,374
1784772313052,2026-07-23T02:05:13.052Z,-23.6044753,-46.8364635,833.836,14.485,14.410,3,137,374
1784772313110,2026-07-23T02:05:13.110Z,-23.6044822,-46.8364612,833.846,14.526,14.490,3,137,374
1784772313168,2026-07-23T02:05:13.168Z,-23.6044891,-46.8364587,833.871,14.530,14.530,3,137,374
1784772313226,2026-07-23T02:05:13.226Z,-23.6044960,-46.8364562,833.902,14.581,14.530,3,137,374
1784772313284,2026-07-23T02:05:13.284Z,-23.6045031,-46.8364536,833.927,14.701,14.580,3,137,374
1784772313342,2026-07-23T02:05:13.342Z,-23.6045103,-46.8364511,833.919,14.857,14.700,3,137,374
1784772313400,2026-07-23T02:05:13.400Z,-23.6045174,-46.8364482,833.887,14.988,14.860,3,137,374
1784772313458,2026-07-23T02:05:13.458Z,-23.6045245,-46.8364453,833.888,15.093,14.990,3,137,374
1784772313516,2026-07-23T02:05:13.516Z,-23.6045319,-46.8364419,833.826,15.355,15.090,3,137,374
1784772313574,2026-07-23T02:05:13.574Z,-23.6045395,-46.8364388,833.794,15.590,15.350,3,137,374
1784772313632,2026-07-23T02:05:13.632Z,-23.6045471,-46.8364361,833.797,15.737,15.590,3,137,374
1784772313690,2026-07-23T02:05:13.690Z,-23.6045544,-46.8364333,833.861,15.707,15.740,3,137,374
1784772313749,2026-07-23T02:05:13.749Z,-23.6045618,-46.8364308,833.916,15.678,15.710,3,137,375
1784772313810,2026-07-23T02:05:13.810Z,-23.6045689,-46.8364277,833.884,15.628,15.680,3,137,375
1784772313872,2026-07-23T02:05:13.872Z,-23.6045759,-46.8364250,833.868,15.417,15.630,3,137,375
1784772313934,2026-07-23T02:05:13.934Z,-23.6045833,-46.8364222,833.797,15.418,15.420,3,137,375
1784772313996,2026-07-23T02:05:13.996Z,-23.6045906,-46.8364195,833.695,15.436,15.420,3,137,375
1784772314058,2026-07-23T02:05:14.058Z,-23.6045981,-46.8364174,833.649,15.459,15.440,3,137,375
1784772314120,2026-07-23T02:05:14.120Z,-23.6046054,-46.8364154,833.610,15.332,15.460,3,137,375
1784772314182,2026-07-23T02:05:14.182Z,-23.6046124,-46.8364133,833.562,15.138,15.330,3,137,375
1784772314244,2026-07-23T02:05:14.244Z,-23.6046192,-46.8364110,833.533,14.948,15.140,3,137,375
1784772314305,2026-07-23T02:05:14.305Z,-23.6046264,-46.8364083,833.502,15.067,14.950,3,137,375
1784772314367,2026-07-23T02:05:14.367Z,-23.6046340,-46.8364056,833.506,15.341,15.070,3,137,375
1784772314429,2026-07-23T02:05:14.429Z,-23.6046416,-46.8364025,833.518,15.617,15.340,3,137,375
1784772314491,2026-07-23T02:05:14.491Z,-23.6046492,-46.8363994,833.499,15.836,15.620,3,137,375
1784772314553,2026-07-23T02:05:14.553Z,-23.6046570,-46.8363962,833.481,16.059,15.840,3,137,375
1784772314615,2026-07-23T02:05:14.615Z,-23.6046725,-46.8363902,833.428,16.344,16.060,3,137,375
1784772314677,2026-07-23T02:05:14.677Z,-23.6046803,-46.8363871,833.417,16.441,16.340,3,137,375
1784772314739,2026-07-23T02:05:14.739Z,-23.6046881,-46.8363833,833.389,16.592,16.440,3,144,376
1784772314791,2026-07-23T02:05:14.791Z,-23.6046959,-46.8363797,833.367,16.712,16.590,3,144,376
1784772314843,2026-07-23T02:05:14.843Z,-23.6047036,-46.8363763,833.358,16.725,16.710,3,144,376
1784772314895,2026-07-23T02:05:14.895Z,-23.6047115,-46.8363731,833.334,16.751,16.730,3,144,376
1784772314947,2026-07-23T02:05:14.947Z,-23.6047194,-46.8363700,833.309,16.782,16.750,3,144,376
1784772314999,2026-07-23T02:05:14.999Z,-23.6047272,-46.8363667,833.274,16.801,16.780,3,144,376
1784772315051,2026-07-23T02:05:15.051Z,-23.6047349,-46.8363634,833.240,16.776,16.800,3,144,376
1784772315103,2026-07-23T02:05:15.103Z,-23.6047429,-46.8363604,833.202,16.822,16.780,3,144,376
1784772315155,2026-07-23T02:05:15.155Z,-23.6047509,-46.8363573,833.185,16.902,16.820,3,144,376
1784772315207,2026-07-23T02:05:15.207Z,-23.6047589,-46.8363542,833.146,16.926,16.900,3,144,376
1784772315260,2026-07-23T02:05:15.260Z,-23.6047670,-46.8363513,833.111,16.990,16.930,3,144,376
1784772315312,2026-07-23T02:05:15.312Z,-23.6047751,-46.8363485,833.095,17.043,16.990,3,144,376
1784772315364,2026-07-23T02:05:15.364Z,-23.6047833,-46.8363455,833.066,17.119,17.050,3,144,376
1784772315416,2026-07-23T02:05:15.416Z,-23.6047915,-46.8363422,832.935,17.276,17.120,3,144,376
1784772315468,2026-07-23T02:05:15.468Z,-23.6047996,-46.8363392,832.904,17.288,17.280,3,144,376
1784772315520,2026-07-23T02:05:15.520Z,-23.6048079,-46.8363359,832.849,17.396,17.290,3,144,376
1784772315572,2026-07-23T02:05:15.572Z,-23.6048162,-46.8363328,832.813,17.501,17.400,3,144,376
1784772315624,2026-07-23T02:05:15.624Z,-23.6048248,-46.8363295,832.705,17.738,17.500,3,144,376
1784772315676,2026-07-23T02:05:15.676Z,-23.6048332,-46.8363267,832.681,17.723,17.740,3,144,376
1784772315729,2026-07-23T02:05:15.729Z,-23.6048417,-46.8363240,832.654,17.753,17.730,3,148,377
1784772315781,2026-07-23T02:05:15.781Z,-23.6048501,-46.8363209,832.624,17.760,17.760,3,148,377
1784772315833,2026-07-23T02:05:15.833Z,-23.6048586,-46.8363177,832.546,17.861,17.770,3,148,377
1784772315885,2026-07-23T02:05:15.885Z,-23.6048673,-46.8363148,832.506,17.982,17.870,3,148,377
1784772315937,2026-07-23T02:05:15.937Z,-23.6048759,-46.8363119,832.480,18.045,17.990,3,148,377
1784772315989,2026-07-23T02:05:15.989Z,-23.6048845,-46.8363089,832.458,18.072,18.050,3,148,377
1784772316041,2026-07-23T02:05:16.041Z,-23.6048933,-46.8363062,832.515,18.140,18.080,3,148,377
1784772316093,2026-07-23T02:05:16.093Z,-23.6049018,-46.8363031,832.470,18.152,18.150,3,148,377
1784772316145,2026-07-23T02:05:16.145Z,-23.6049105,-46.8362998,832.390,18.247,18.160,3,148,377
1784772316197,2026-07-23T02:05:16.197Z,-23.6049191,-46.8362968,832.391,18.254,18.250,3,148,377
1784772316250,2026-07-23T02:05:16.250Z,-23.6049277,-46.8362942,832.475,18.194,18.260,3,148,377
1784772316302,2026-07-23T02:05:16.302Z,-23.6049364,-46.8362913,832.484,18.227,18.200,3,148,377
1784772316354,2026-07-23T02:05:16.354Z,-23.6049453,-46.8362882,832.425,18.383,18.230,3,148,377
1784772316406,2026-07-23T02:05:16.406Z,-23.6049541,-46.8362848,832.344,18.555,18.390,3,148,377
1784772316458,2026-07-23T02:05:16.458Z,-23.6049630,-46.8362814,832.294,18.629,18.560,3,148,377
1784772316510,2026-07-23T02:05:16.510Z,-23.6049718,-46.8362783,832.292,18.649,18.630,3,148,377
1784772316562,2026-07-23T02:05:16.562Z,-23.6049807,-46.8362752,832.218,18.682,18.650,3,148,377
1784772316614,2026-07-23T02:05:16.614Z,-23.6049896,-46.8362719,832.138,18.787,18.690,3,148,377
1784772316666,2026-07-23T02:05:16.666Z,-23.6049985,-46.8362687,832.115,18.808,18.790,3,148,377
1784772316719,2026-07-23T02:05:16.719Z,-23.6050075,-46.8362656,832.098,18.873,18.810,3,157,378
1784772316780,2026-07-23T02:05:16.780Z,-23.6050165,-46.8362623,832.071,18.942,18.880,3,157,378
1784772316841,2026-07-23T02:05:16.841Z,-23.6050256,-46.8362593,832.053,19.010,18.950,3,157,378
1784772316903,2026-07-23T02:05:16.903Z,-23.6050346,-46.8362560,831.998,19.071,19.020,3,157,378
1784772316964,2026-07-23T02:05:16.964Z,-23.6050438,-46.8362528,831.984,19.152,19.080,3,157,378
1784772317026,2026-07-23T02:05:17.026Z,-23.6050528,-46.8362497,831.948,19.180,19.160,3,157,378
1784772317087,2026-07-23T02:05:17.087Z,-23.6050620,-46.8362465,831.926,19.226,19.190,3,157,378
1784772317149,2026-07-23T02:05:17.149Z,-23.6050712,-46.8362433,831.891,19.261,19.230,3,157,378
1784772317210,2026-07-23T02:05:17.210Z,-23.6050802,-46.8362402,831.868,19.212,19.270,3,157,378
1784772317272,2026-07-23T02:05:17.272Z,-23.6050895,-46.8362369,831.827,19.347,19.220,3,157,378
1784772317333,2026-07-23T02:05:17.333Z,-23.6050987,-46.8362330,831.700,19.469,19.350,3,157,378
1784772317395,2026-07-23T02:05:17.395Z,-23.6051081,-46.8362298,831.676,19.539,19.480,3,157,378
1784772317456,2026-07-23T02:05:17.456Z,-23.6051173,-46.8362266,831.653,19.535,19.550,3,157,378
1784772317518,2026-07-23T02:05:17.518Z,-23.6051266,-46.8362230,831.613,19.618,19.540,3,157,378
1784772317579,2026-07-23T02:05:17.579Z,-23.6051360,-46.8362196,831.574,19.672,19.630,3,157,378
1784772317641,2026-07-23T02:05:17.641Z,-23.6051454,-46.8362164,831.549,19.728,19.680,3,157,378
1784772317702,2026-07-23T02:05:17.702Z,-23.6051548,-46.8362132,831.536,19.782,19.740,3,157,378
1784772317764,2026-07-23T02:05:17.764Z,-23.6051639,-46.8362096,831.516,19.704,19.790,3,192,379
1784772317813,2026-07-23T02:05:17.813Z,-23.6051734,-46.8362063,831.489,19.797,19.710,3,192,379
1784772317863,2026-07-23T02:05:17.863Z,-23.6051829,-46.8362030,831.465,19.883,19.800,3,192,379
1784772317912,2026-07-23T02:05:17.912Z,-23.6051923,-46.8361995,831.438,19.922,19.890,3,192,379
1784772317962,2026-07-23T02:05:17.962Z,-23.6052016,-46.8361961,831.436,19.880,19.930,3,192,379
1784772318011,2026-07-23T02:05:18.011Z,-23.6052111,-46.8361926,831.420,19.990,19.890,3,192,379
1784772318061,2026-07-23T02:05:18.061Z,-23.6052204,-46.8361889,831.370,19.947,20.000,3,192,379
1784772318110,2026-07-23T02:05:18.110Z,-23.6052298,-46.8361853,831.330,19.984,19.950,3,192,379
1784772318160,2026-07-23T02:05:18.160Z,-23.6052394,-46.8361819,831.320,20.092,19.990,3,192,379
1784772318209,2026-07-23T02:05:18.209Z,-23.6052489,-46.8361787,831.306,20.129,20.100,3,192,379
1784772318259,2026-07-23T02:05:18.259Z,-23.6052584,-46.8361749,831.274,20.189,20.140,3,192,379
1784772318308,2026-07-23T02:05:18.308Z,-23.6052679,-46.8361716,831.264,20.182,20.200,3,192,379
1784772318358,2026-07-23T02:05:18.358Z,-23.6052775,-46.8361680,831.237,20.244,20.190,3,192,379
1784772318407,2026-07-23T02:05:18.407Z,-23.6052868,-46.8361645,831.242,20.143,20.250,3,192,379
1784772318457,2026-07-23T02:05:18.457Z,-23.6052965,-46.8361607,831.216,20.311,20.150,3,192,379
1784772318506,2026-07-23T02:05:18.506Z,-23.6053057,-46.8361566,831.162,20.221,20.320,3,192,379
1784772318556,2026-07-23T02:05:18.556Z,-23.6053150,-46.8361525,831.111,20.180,20.230,3,192,379
1784772318605,2026-07-23T02:05:18.605Z,-23.6053242,-46.8361485,831.080,20.152,20.190,3,192,379
1784772318655,2026-07-23T02:05:18.655Z,-23.6053336,-46.8361445,831.044,20.236,20.160,3,192,379
1784772318704,2026-07-23T02:05:18.704Z,-23.6053434,-46.8361411,831.030,20.364,20.240,3,192,379
1784772318754,2026-07-23T02:05:18.754Z,-23.6053531,-46.8361377,831.028,20.419,20.370,3,188,380
1784772318815,2026-07-23T02:05:18.815Z,-23.6053627,-46.8361344,831.025,20.389,20.430,3,188,380
1784772318877,2026-07-23T02:05:18.877Z,-23.6053726,-46.8361309,830.963,20.555,20.390,3,188,380
1784772318939,2026-07-23T02:05:18.939Z,-23.6053824,-46.8361273,830.927,20.625,20.560,3,188,380
1784772319001,2026-07-23T02:05:19.001Z,-23.6053918,-46.8361240,830.890,20.386,20.630,3,188,380
1784772319063,2026-07-23T02:05:19.063Z,-23.6054011,-46.8361208,830.864,20.200,20.390,3,188,380
1784772319125,2026-07-23T02:05:19.125Z,-23.6054107,-46.8361173,830.889,20.233,20.210,3,188,380
1784772319187,2026-07-23T02:05:19.187Z,-23.6054201,-46.8361138,830.849,20.178,20.240,3,188,380
1784772319249,2026-07-23T02:05:19.249Z,-23.6054296,-46.8361106,830.787,20.130,20.180,3,188,380
1784772319310,2026-07-23T02:05:19.310Z,-23.6054391,-46.8361073,830.769,20.137,20.140,3,188,380
1784772319372,2026-07-23T02:05:19.372Z,-23.6054486,-46.8361038,830.748,20.156,20.140,3,188,380
1784772319434,2026-07-23T02:05:19.434Z,-23.6054577,-46.8361005,830.710,19.910,20.160,3,188,380
1784772319496,2026-07-23T02:05:19.496Z,-23.6054664,-46.8360971,830.679,19.593,19.920,3,188,380
1784772319558,2026-07-23T02:05:19.558Z,-23.6054751,-46.8360938,830.650,19.363,19.600,3,188,380
1784772319620,2026-07-23T02:05:19.620Z,-23.6054841,-46.8360905,830.620,19.306,19.370,3,188,380
1784772319682,2026-07-23T02:05:19.682Z,-23.6054926,-46.8360871,830.568,19.045,19.310,3,188,380
1784772319744,2026-07-23T02:05:19.744Z,-23.6055012,-46.8360847,830.522,18.724,19.050,3,188,381
1784772319793,2026-07-23T02:05:19.793Z,-23.6055098,-46.8360814,830.484,18.638,18.730,3,188,381
1784772319843,2026-07-23T02:05:19.843Z,-23.6055182,-46.8360784,830.459,18.450,18.650,3,188,381
1784772319892,2026-07-23T02:05:19.892Z,-23.6055265,-46.8360752,830.432,18.294,18.460,3,188,381
1784772319942,2026-07-23T02:05:19.942Z,-23.6055348,-46.8360723,830.416,18.127,18.300,3,188,381
1784772319991,2026-07-23T02:05:19.991Z,-23.6055434,-46.8360702,830.406,18.011,18.130,3,188,381
1784772320041,2026-07-23T02:05:20.041Z,-23.6055517,-46.8360676,830.374,17.905,18.020,3,188,381
1784772320090,2026-07-23T02:05:20.090Z,-23.6055592,-46.8360640,830.320,17.576,17.910,3,188,381
1784772320140,2026-07-23T02:05:20.140Z,-23.6055670,-46.8360614,830.303,17.334,17.580,3,188,381
1784772320189,2026-07-23T02:05:20.189Z,-23.6055748,-46.8360592,830.331,17.123,17.340,3,188,381
1784772320239,2026-07-23T02:05:20.239Z,-23.6055826,-46.8360563,830.324,17.006,17.130,3,188,381
1784772320288,2026-07-23T02:05:20.288Z,-23.6055902,-46.8360538,830.326,16.802,17.010,3,188,381
1784772320338,2026-07-23T02:05:20.338Z,-23.6055977,-46.8360517,830.349,16.509,16.810,3,188,381
1784772320387,2026-07-23T02:05:20.387Z,-23.6056050,-46.8360495,830.384,16.253,16.520,3,188,381
1784772320437,2026-07-23T02:05:20.437Z,-23.6056120,-46.8360479,830.364,15.855,16.260,3,188,381
1784772320486,2026-07-23T02:05:20.486Z,-23.6056190,-46.8360463,830.323,15.489,15.860,3,188,381
1784772320536,2026-07-23T02:05:20.536Z,-23.6056263,-46.8360450,830.272,15.292,15.500,3,188,381
1784772320585,2026-07-23T02:05:20.585Z,-23.6056333,-46.8360439,830.231,15.023,15.300,3,188,381
1784772320635,2026-07-23T02:05:20.635Z,-23.6056402,-46.8360432,830.218,14.732,15.030,3,188,381
1784772320684,2026-07-23T02:05:20.684Z,-23.6056472,-46.8360426,830.239,14.510,14.740,3,188,381
1784772320734,2026-07-23T02:05:20.734Z,-23.6056539,-46.8360419,830.233,14.238,14.520,3,154,382
1784772320792,2026-07-23T02:05:20.792Z,-23.6056607,-46.8360417,830.258,14.014,14.250,3,154,382
1784772320850,2026-07-23T02:05:20.850Z,-23.6056676,-46.8360419,830.336,13.857,14.020,3,154,382
1784772320908,2026-07-23T02:05:20.908Z,-23.6056741,-46.8360420,830.304,13.540,13.860,3,154,382
1784772320966,2026-07-23T02:05:20.966Z,-23.6056806,-46.8360419,830.297,13.358,13.550,3,154,382
1784772321025,2026-07-23T02:05:21.025Z,-23.6056869,-46.8360419,830.274,13.119,13.370,3,154,382
1784772321083,2026-07-23T02:05:21.083Z,-23.6056931,-46.8360419,830.180,12.874,13.130,3,154,382
1784772321141,2026-07-23T02:05:21.141Z,-23.6056994,-46.8360427,830.171,12.760,12.880,3,154,382
1784772321199,2026-07-23T02:05:21.199Z,-23.6057053,-46.8360430,830.098,12.481,12.770,3,154,382
1784772321258,2026-07-23T02:05:21.258Z,-23.6057112,-46.8360437,830.100,12.260,12.490,3,154,382
1784772321316,2026-07-23T02:05:21.316Z,-23.6057171,-46.8360445,830.039,12.156,12.270,3,154,382
1784772321374,2026-07-23T02:05:21.374Z,-23.6057231,-46.8360456,829.989,12.131,12.170,3,154,382
1784772321432,2026-07-23T02:05:21.432Z,-23.6057289,-46.8360473,830.072,11.964,12.140,3,154,382
1784772321491,2026-07-23T02:05:21.491Z,-23.6057344,-46.8360482,829.988,11.754,11.970,3,154,382
1784772321549,2026-07-23T02:05:21.549Z,-23.6057402,-46.8360500,829.931,11.846,11.770,3,154,382
1784772321607,2026-07-23T02:05:21.607Z,-23.6057460,-46.8360523,829.951,11.905,11.860,3,154,382
1784772321665,2026-07-23T02:05:21.665Z,-23.6057518,-46.8360542,829.923,11.976,11.920,3,154,382
1784772321724,2026-07-23T02:05:21.724Z,-23.6057575,-46.8360562,829.881,12.018,11.990,3,142,383
1784772321779,2026-07-23T02:05:21.779Z,-23.6057632,-46.8360587,829.840,12.112,12.030,3,142,383
1784772321834,2026-07-23T02:05:21.834Z,-23.6057687,-46.8360611,829.731,12.105,12.120,3,142,383
1784772321889,2026-07-23T02:05:21.889Z,-23.6057744,-46.8360643,829.715,12.276,12.120,3,142,383
1784772321944,2026-07-23T02:05:21.944Z,-23.6057799,-46.8360674,829.661,12.336,12.290,3,142,383
1784772321999,2026-07-23T02:05:21.999Z,-23.6057853,-46.8360707,829.633,12.353,12.350,3,142,383
1784772322054,2026-07-23T02:05:22.054Z,-23.6057903,-46.8360744,829.655,12.207,12.370,3,142,383
1784772322109,2026-07-23T02:05:22.109Z,-23.6057950,-46.8360782,829.637,12.049,12.220,3,142,383
1784772322164,2026-07-23T02:05:22.164Z,-23.6057997,-46.8360823,829.601,12.050,12.060,3,142,383
1784772322219,2026-07-23T02:05:22.219Z,-23.6058043,-46.8360868,829.574,12.133,12.060,3,142,383
1784772322274,2026-07-23T02:05:22.274Z,-23.6058087,-46.8360920,829.613,12.230,12.150,3,142,383
1784772322329,2026-07-23T02:05:22.329Z,-23.6058129,-46.8360971,829.629,12.271,12.240,3,142,383
1784772322384,2026-07-23T02:05:22.384Z,-23.6058171,-46.8361019,829.509,12.378,12.280,3,142,383
1784772322439,2026-07-23T02:05:22.439Z,-23.6058213,-46.8361071,829.423,12.619,12.390,3,142,383
1784772322494,2026-07-23T02:05:22.494Z,-23.6058253,-46.8361128,829.482,12.624,12.630,3,142,383
1784772322549,2026-07-23T02:05:22.549Z,-23.6058293,-46.8361182,829.507,12.628,12.640,3,142,383
1784772322604,2026-07-23T02:05:22.604Z,-23.6058332,-46.8361234,829.464,12.616,12.640,3,142,383
1784772322659,2026-07-23T02:05:22.659Z,-23.6058365,-46.8361288,829.370,12.538,12.630,3,142,383
1784772322714,2026-07-23T02:05:22.714Z,-23.6058397,-46.8361348,829.305,12.674,12.550,3,142,383
1784772322769,2026-07-23T02:05:22.769Z,-23.6058430,-46.8361410,829.206,12.962,12.690,3,143,384
1784772322820,2026-07-23T02:05:22.820Z,-23.6058459,-46.8361471,829.139,12.959,12.980,3,143,384
1784772322872,2026-07-23T02:05:22.872Z,-23.6058487,-46.8361533,829.062,12.968,12.970,3,143,384
1784772322924,2026-07-23T02:05:22.924Z,-23.6058512,-46.8361595,828.957,13.021,12.980,3,143,384
1784772322976,2026-07-23T02:05:22.976Z,-23.6058536,-46.8361658,828.857,13.037,13.040,3,143,384
1784772323028,2026-07-23T02:05:23.028Z,-23.6058556,-46.8361727,828.797,13.104,13.050,3,143,384
1784772323080,2026-07-23T02:05:23.080Z,-23.6058576,-46.8361799,828.767,13.298,13.120,3,143,384
1784772323132,2026-07-23T02:05:23.132Z,-23.6058593,-46.8361859,828.519,13.298,13.320,3,143,384
1784772323184,2026-07-23T02:05:23.184Z,-23.6058606,-46.8361925,828.321,13.375,13.320,3,143,384
1784772323236,2026-07-23T02:05:23.236Z,-23.6058617,-46.8361994,828.138,13.552,13.400,3,143,384
1784772323288,2026-07-23T02:05:23.288Z,-23.6058626,-46.8362062,827.879,13.738,13.580,3,143,384
1784772323340,2026-07-23T02:05:23.340Z,-23.6058635,-46.8362132,827.737,13.773,13.770,3,143,384
1784772323392,2026-07-23T02:05:23.392Z,-23.6058645,-46.8362205,827.674,13.778,13.800,3,143,384
1784772323444,2026-07-23T02:05:23.444Z,-23.6058651,-46.8362282,827.648,13.919,13.810,3,143,384
1784772323496,2026-07-23T02:05:23.496Z,-23.6058654,-46.8362357,827.572,13.985,13.950,3,143,384
1784772323548,2026-07-23T02:05:23.548Z,-23.6058653,-46.8362435,827.502,14.114,14.020,3,143,384
1784772323600,2026-07-23T02:05:23.600Z,-23.6058651,-46.8362513,827.438,14.281,14.150,3,143,384
1784772323652,2026-07-23T02:05:23.652Z,-23.6058647,-46.8362591,827.396,14.309,14.310,3,143,384
1784772323704,2026-07-23T02:05:23.704Z,-23.6058643,-46.8362666,827.305,14.269,14.340,3,143,385
1784772323762,2026-07-23T02:05:23.762Z,-23.6058634,-46.8362739,827.175,14.282,14.300,3,143,385
1784772323820,2026-07-23T02:05:23.820Z,-23.6058621,-46.8362812,826.983,14.427,14.310,3,143,385
1784772323878,2026-07-23T02:05:23.878Z,-23.6058608,-46.8362887,826.885,14.454,14.460,3,143,385
1784772323936,2026-07-23T02:05:23.936Z,-23.6058594,-46.8362962,826.832,14.414,14.490,3,143,385
1784772323994,2026-07-23T02:05:23.994Z,-23.6058578,-46.8363035,826.738,14.421,14.450,3,143,385
1784772324052,2026-07-23T02:05:24.052Z,-23.6058561,-46.8363111,826.608,14.623,14.460,3,143,385
1784772324110,2026-07-23T02:05:24.110Z,-23.6058542,-46.8363190,826.494,14.901,14.660,3,143,385
1784772324168,2026-07-23T02:05:24.168Z,-23.6058524,-46.8363270,826.421,15.034,14.940,3,143,385
1784772324226,2026-07-23T02:05:24.226Z,-23.6058505,-46.8363351,826.401,15.141,15.070,3,143,385
1784772324284,2026-07-23T02:05:24.284Z,-23.6058486,-46.8363428,826.294,15.098,15.180,3,143,385
1784772324342,2026-07-23T02:05:24.342Z,-23.6058467,-46.8363506,826.180,15.186,15.140,3,143,385
1784772324400,2026-07-23T02:05:24.400Z,-23.6058449,-46.8363585,826.076,15.296,15.230,3,143,385
1784772324458,2026-07-23T02:05:24.458Z,-23.6058430,-46.8363670,826.044,15.499,15.340,3,143,385
1784772324516,2026-07-23T02:05:24.516Z,-23.6058415,-46.8363754,826.065,15.512,15.540,3,143,385
1784772324574,2026-07-23T02:05:24.574Z,-23.6058401,-46.8363835,826.020,15.390,15.550,3,143,385
1784772324632,2026-07-23T02:05:24.632Z,-23.6058390,-46.8363918,825.949,15.470,15.430,3,143,385
1784772324690,2026-07-23T02:05:24.690Z,-23.6058380,-46.8364001,825.884,15.476,15.510,3,143,385
1784772324749,2026-07-23T02:05:24.749Z,-23.6058373,-46.8364083,825.830,15.450,15.510,3,128,386
1784772324801,2026-07-23T02:05:24.801Z,-23.6058366,-46.8364164,825.697,15.497,15.490,3,128,386
1784772324853,2026-07-23T02:05:24.853Z,-23.6058363,-46.8364249,825.609,15.579,15.540,3,128,386
1784772324905,2026-07-23T02:05:24.905Z,-23.6058361,-46.8364330,825.511,15.508,15.620,3,128,386
1784772324957,2026-07-23T02:05:24.957Z,-23.6058364,-46.8364411,825.412,15.391,15.550,3,128,386
1784772325009,2026-07-23T02:05:25.009Z,-23.6058371,-46.8364495,825.283,15.559,15.440,3,128,386
1784772325061,2026-07-23T02:05:25.061Z,-23.6058378,-46.8364579,825.281,15.489,15.600,3,128,386
1784772325113,2026-07-23T02:05:25.113Z,-23.6058387,-46.8364661,825.220,15.408,15.530,3,128,386
1784772325165,2026-07-23T02:05:25.165Z,-23.6058401,-46.8364744,825.084,15.542,15.450,3,128,386
1784772325217,2026-07-23T02:05:25.217Z,-23.6058419,-46.8364827,824.993,15.638,15.590,3,128,386
1784772325270,2026-07-23T02:05:25.270Z,-23.6058440,-46.8364912,824.911,15.801,15.680,3,128,386
1784772325322,2026-07-23T02:05:25.322Z,-23.6058462,-46.8364994,824.810,15.854,15.850,3,128,386
1784772325374,2026-07-23T02:05:25.374Z,-23.6058487,-46.8365076,824.770,15.811,15.900,3,128,386
1784772325426,2026-07-23T02:05:25.426Z,-23.6058516,-46.8365154,824.669,15.791,15.860,3,128,386
1784772325478,2026-07-23T02:05:25.478Z,-23.6058547,-46.8365235,824.564,15.926,15.840,3,128,386
1784772325530,2026-07-23T02:05:25.530Z,-23.6058579,-46.8365314,824.433,16.047,15.970,3,128,386
1784772325582,2026-07-23T02:05:25.582Z,-23.6058613,-46.8365392,824.344,16.074,16.100,3,128,386
1784772325634,2026-07-23T02:05:25.634Z,-23.6058650,-46.8365470,824.262,16.121,16.120,3,128,386
1784772325686,2026-07-23T02:05:25.686Z,-23.6058687,-46.8365545,824.185,16.048,16.170,3,128,386
1784772325739,2026-07-23T02:05:25.739Z,-23.6058728,-46.8365618,824.111,15.981,16.100,3,128,387
1784772325800,2026-07-23T02:05:25.800Z,-23.6058772,-46.8365689,824.006,16.020,16.030,3,128,387
1784772325862,2026-07-23T02:05:25.862Z,-23.6058817,-46.8365760,823.911,16.062,16.070,3,128,387
1784772325924,2026-07-23T02:05:25.924Z,-23.6058863,-46.8365833,823.836,16.124,16.110,3,128,387
1784772325986,2026-07-23T02:05:25.986Z,-23.6058911,-46.8365904,823.728,16.248,16.170,3,128,387
1784772326048,2026-07-23T02:05:26.048Z,-23.6058959,-46.8365979,823.622,16.421,16.300,3,128,387
1784772326110,2026-07-23T02:05:26.110Z,-23.6059006,-46.8366054,823.540,16.541,16.470,3,128,387
1784772326172,2026-07-23T02:05:26.172Z,-23.6059052,-46.8366129,823.461,16.590,16.590,3,128,387
1784772326234,2026-07-23T02:05:26.234Z,-23.6059097,-46.8366208,823.380,16.723,16.640,3,128,387
1784772326295,2026-07-23T02:05:26.295Z,-23.6059139,-46.8366288,823.288,16.814,16.780,3,128,387
1784772326357,2026-07-23T02:05:26.357Z,-23.6059178,-46.8366369,823.158,16.902,16.870,3,128,387
1784772326419,2026-07-23T02:05:26.419Z,-23.6059216,-46.8366452,823.019,17.035,16.960,3,128,387
1784772326481,2026-07-23T02:05:26.481Z,-23.6059254,-46.8366534,822.932,17.090,17.090,3,128,387
1784772326543,2026-07-23T02:05:26.543Z,-23.6059329,-46.8366696,822.752,16.983,17.150,3,128,387
1784772326605,2026-07-23T02:05:26.605Z,-23.6059360,-46.8366778,822.653,16.904,17.040,3,128,387
1784772326667,2026-07-23T02:05:26.667Z,-23.6059376,-46.8366868,822.540,16.885,16.960,3,128,387
1784772326729,2026-07-23T02:05:26.729Z,-23.6059397,-46.8366957,822.462,16.895,16.940,3,128,388
1784772326781,2026-07-23T02:05:26.781Z,-23.6059417,-46.8367046,822.335,16.981,16.950,3,128,388
1784772326833,2026-07-23T02:05:26.833Z,-23.6059436,-46.8367132,822.200,16.934,17.040,3,128,388
1784772326885,2026-07-23T02:05:26.885Z,-23.6059453,-46.8367209,821.912,16.801,17.000,3,128,388
1784772326937,2026-07-23T02:05:26.937Z,-23.6059470,-46.8367294,821.796,16.722,16.870,3,128,388
1784772326989,2026-07-23T02:05:26.989Z,-23.6059485,-46.8367381,821.738,16.628,16.790,3,128,388
1784772327041,2026-07-23T02:05:27.041Z,-23.6059500,-46.8367469,821.655,16.598,16.700,3,128,388
1784772327093,2026-07-23T02:05:27.093Z,-23.6059510,-46.8367547,821.451,16.326,16.670,3,128,388
1784772327145,2026-07-23T02:05:27.145Z,-23.6059516,-46.8367624,821.275,15.954,16.400,3,128,388
1784772327197,2026-07-23T02:05:27.197Z,-23.6059524,-46.8367713,821.179,16.100,16.040,3,128,388
1784772327250,2026-07-23T02:05:27.250Z,-23.6059530,-46.8367801,821.069,16.178,16.180,3,128,388
1784772327302,2026-07-23T02:05:27.302Z,-23.6059532,-46.8367892,820.972,16.294,16.260,3,128,388
1784772327354,2026-07-23T02:05:27.354Z,-23.6059532,-46.8367986,820.934,16.419,16.380,3,128,388
1784772327406,2026-07-23T02:05:27.406Z,-23.6059528,-46.8368082,820.866,16.628,16.500,3,128,388
1784772327458,2026-07-23T02:05:27.458Z,-23.6059523,-46.8368175,820.750,16.739,16.710,3,128,388
1784772327510,2026-07-23T02:05:27.510Z,-23.6059509,-46.8368273,820.697,16.946,16.820,3,128,388
1784772327562,2026-07-23T02:05:27.562Z,-23.6059491,-46.8368370,820.663,17.079,17.020,3,128,388
1784772327614,2026-07-23T02:05:27.614Z,-23.6059467,-46.8368459,820.601,16.979,17.150,3,128,388
1784772327666,2026-07-23T02:05:27.666Z,-23.6059438,-46.8368543,820.527,16.807,17.050,3,128,388
1784772327719,2026-07-23T02:05:27.719Z,-23.6059400,-46.8368615,820.263,16.628,16.880,3,128,389
1784772327777,2026-07-23T02:05:27.777Z,-23.6059356,-46.8368700,820.071,16.921,16.710,3,128,389
1784772327835,2026-07-23T02:05:27.835Z,-23.6059316,-46.8368784,819.884,17.117,17.010,3,128,389
1784772327893,2026-07-23T02:05:27.893Z,-23.6059277,-46.8368871,819.709,17.397,17.210,3,128,389
1784772327951,2026-07-23T02:05:27.951Z,-23.6059236,-46.8368959,819.627,17.586,17.490,3,128,389
1784772328010,2026-07-23T02:05:28.010Z,-23.6059191,-46.8369042,819.528,17.716,17.680,3,128,389
1784772328068,2026-07-23T02:05:28.068Z,-23.6059145,-46.8369123,819.558,17.632,17.810,3,128,389
1784772328126,2026-07-23T02:05:28.126Z,-23.6059094,-46.8369202,819.562,17.630,17.720,3,128,389
1784772328184,2026-07-23T02:05:28.184Z,-23.6059040,-46.8369279,819.549,17.749,17.710,3,128,389
1784772328243,2026-07-23T02:05:28.243Z,-23.6058990,-46.8369353,819.576,17.449,17.830,3,128,389
1784772328301,2026-07-23T02:05:28.301Z,-23.6058937,-46.8369427,819.569,17.330,17.520,3,128,389
1784772328359,2026-07-23T02:05:28.359Z,-23.6058876,-46.8369500,819.683,17.441,17.400,3,128,389
1784772328417,2026-07-23T02:05:28.417Z,-23.6058816,-46.8369571,819.714,17.469,17.510,3,128,389
1784772328476,2026-07-23T02:05:28.476Z,-23.6058754,-46.8369643,819.745,17.629,17.530,3,128,389
1784772328534,2026-07-23T02:05:28.534Z,-23.6058693,-46.8369712,819.753,17.586,17.690,3,128,389
1784772328592,2026-07-23T02:05:28.592Z,-23.6058631,-46.8369779,819.710,17.567,17.640,3,128,389
1784772328650,2026-07-23T02:05:28.650Z,-23.6058568,-46.8369849,819.741,17.660,17.620,3,128,389
1784772328709,2026-07-23T02:05:28.709Z,-23.6058505,-46.8369916,819.727,17.624,17.710,3,128,390
1784772328761,2026-07-23T02:05:28.761Z,-23.6058438,-46.8369985,819.816,17.731,17.670,3,128,390
1784772328813,2026-07-23T02:05:28.813Z,-23.6058370,-46.8370048,819.848,17.710,17.770,3,128,390
1784772328865,2026-07-23T02:05:28.865Z,-23.6058299,-46.8370107,819.887,17.658,17.750,3,128,390
1784772328917,2026-07-23T02:05:28.917Z,-23.6058226,-46.8370165,819.883,17.812,17.700,3,128,390
1784772328969,2026-07-23T02:05:28.969Z,-23.6058151,-46.8370219,819.858,17.891,17.850,3,128,390
1784772329021,2026-07-23T02:05:29.021Z,-23.6058076,-46.8370273,819.854,17.926,17.930,3,128,390
1784772329073,2026-07-23T02:05:29.073Z,-23.6057998,-46.8370325,819.907,17.944,17.960,3,128,390
1784772329125,2026-07-23T02:05:29.125Z,-23.6057923,-46.8370376,819.939,17.834,17.980,3,128,390
1784772329177,2026-07-23T02:05:29.177Z,-23.6057844,-46.8370424,819.937,17.920,17.860,3,128,390
1784772329230,2026-07-23T02:05:29.230Z,-23.6057763,-46.8370469,819.936,18.015,17.950,3,128,390
1784772329282,2026-07-23T02:05:29.282Z,-23.6057681,-46.8370509,819.959,17.965,18.040,3,128,390
1784772329334,2026-07-23T02:05:29.334Z,-23.6057598,-46.8370548,819.979,18.009,17.990,3,128,390
1784772329386,2026-07-23T02:05:29.386Z,-23.6057516,-46.8370586,819.943,17.992,18.030,3,128,390
1784772329438,2026-07-23T02:05:29.438Z,-23.6057433,-46.8370623,819.964,17.980,18.020,3,128,390
1784772329490,2026-07-23T02:05:29.490Z,-23.6057348,-46.8370661,820.003,18.138,18.000,3,128,390
1784772329542,2026-07-23T02:05:29.542Z,-23.6057261,-46.8370697,819.990,18.322,18.160,3,128,390
1784772329594,2026-07-23T02:05:29.594Z,-23.6057174,-46.8370733,819.945,18.474,18.340,3,128,390
1784772329646,2026-07-23T02:05:29.646Z,-23.6057088,-46.8370767,819.922,18.492,18.490,3,128,390
1784772329699,2026-07-23T02:05:29.699Z,-23.6056998,-46.8370802,819.943,18.647,18.510,3,128,391
1784772329757,2026-07-23T02:05:29.757Z,-23.6056909,-46.8370839,819.933,18.866,18.660,3,128,391
1784772329815,2026-07-23T02:05:29.815Z,-23.6056820,-46.8370872,819.940,18.848,18.880,3,128,391
1784772329873,2026-07-23T02:05:29.873Z,-23.6056733,-46.8370903,819.947,18.670,18.860,3,128,391
1784772329931,2026-07-23T02:05:29.931Z,-23.6056646,-46.8370933,819.985,18.451,18.680,3,128,391
1784772329989,2026-07-23T02:05:29.989Z,-23.6056562,-46.8370965,819.998,18.249,18.460,3,128,391
1784772330047,2026-07-23T02:05:30.047Z,-23.6056480,-46.8370999,820.030,17.986,18.260,3,128,391
1784772330105,2026-07-23T02:05:30.105Z,-23.6056395,-46.8371029,820.015,17.924,18.000,3,128,391
1784772330163,2026-07-23T02:05:30.163Z,-23.6056311,-46.8371062,820.025,17.956,17.940,3,128,391
1784772330221,2026-07-23T02:05:30.221Z,-23.6056225,-46.8371094,820.014,18.077,17.970,3,128,391
1784772330279,2026-07-23T02:05:30.279Z,-23.6056138,-46.8371128,820.093,18.129,18.090,3,128,391
1784772330337,2026-07-23T02:05:30.337Z,-23.6056052,-46.8371162,820.145,18.156,18.140,3,128,391
1784772330395,2026-07-23T02:05:30.395Z,-23.6055966,-46.8371194,820.179,18.160,18.160,3,128,391
1784772330453,2026-07-23T02:05:30.453Z,-23.6055879,-46.8371228,820.281,18.233,18.170,3,128,391
1784772330511,2026-07-23T02:05:30.511Z,-23.6055792,-46.8371258,820.367,18.226,18.240,3,128,391
1784772330569,2026-07-23T02:05:30.569Z,-23.6055703,-46.8371285,820.446,18.266,18.230,3,128,391
1784772330627,2026-07-23T02:05:30.627Z,-23.6055617,-46.8371311,820.516,18.097,18.270,3,128,391
1784772330685,2026-07-23T02:05:30.685Z,-23.6055532,-46.8371339,820.537,17.999,18.100,3,128,391
1784772330744,2026-07-23T02:05:30.744Z,-23.6055447,-46.8371369,820.495,18.001,18.000,3,128,392
1784772330799,2026-07-23T02:05:30.799Z,-23.6055358,-46.8371403,820.630,18.200,18.000,3,128,392
1784772330854,2026-07-23T02:05:30.854Z,-23.6055268,-46.8371438,820.731,18.499,18.200,3,128,392
1784772330909,2026-07-23T02:05:30.909Z,-23.6055178,-46.8371476,820.826,18.707,18.500,3,128,392
1784772330964,2026-07-23T02:05:30.964Z,-23.6055088,-46.8371516,820.915,18.934,18.710,3,128,392
1784772331019,2026-07-23T02:05:31.019Z,-23.6054999,-46.8371551,820.945,18.949,18.930,3,128,392
1784772331074,2026-07-23T02:05:31.074Z,-23.6054911,-46.8371584,820.961,18.793,18.950,3,128,392
1784772331129,2026-07-23T02:05:31.129Z,-23.6054824,-46.8371615,820.984,18.664,18.790,3,128,392
1784772331184,2026-07-23T02:05:31.184Z,-23.6054737,-46.8371644,821.030,18.544,18.660,3,128,392
1784772331239,2026-07-23T02:05:31.239Z,-23.6054648,-46.8371675,821.068,18.602,18.540,3,128,392
1784772331294,2026-07-23T02:05:31.294Z,-23.6054557,-46.8371705,821.124,18.762,18.600,3,128,392
1784772331349,2026-07-23T02:05:31.349Z,-23.6054467,-46.8371738,821.182,18.912,18.760,3,128,392
1784772331404,2026-07-23T02:05:31.404Z,-23.6054375,-46.8371769,821.222,19.021,18.910,3,128,392
1784772331459,2026-07-23T02:05:31.459Z,-23.6054287,-46.8371800,821.276,18.810,19.020,3,128,392
1784772331514,2026-07-23T02:05:31.514Z,-23.6054199,-46.8371830,821.322,18.719,18.810,3,128,392
1784772331569,2026-07-23T02:05:31.569Z,-23.6054108,-46.8371860,821.368,18.823,18.720,3,128,392
1784772331624,2026-07-23T02:05:31.624Z,-23.6054018,-46.8371889,821.430,18.874,18.820,3,128,392
1784772331679,2026-07-23T02:05:31.679Z,-23.6053929,-46.8371919,821.490,18.760,18.870,3,128,392
1784772331734,2026-07-23T02:05:31.734Z,-23.6053839,-46.8371948,821.526,18.814,18.760,3,128,392
1784772331789,2026-07-23T02:05:31.789Z,-23.6053747,-46.8371975,821.587,18.911,18.820,3,128,393
1784772331847,2026-07-23T02:05:31.847Z,-23.6053656,-46.8372001,821.588,18.925,18.910,3,128,393
1784772331905,2026-07-23T02:05:31.905Z,-23.6053566,-46.8372027,821.607,18.888,18.930,3,128,393
1784772331964,2026-07-23T02:05:31.964Z,-23.6053475,-46.8372052,821.622,18.880,18.890,3,128,393
1784772332022,2026-07-23T02:05:32.022Z,-23.6053383,-46.8372077,821.677,18.927,18.880,3,128,393
1784772332081,2026-07-23T02:05:32.081Z,-23.6053291,-46.8372100,821.719,18.936,18.930,3,128,393
1784772332139,2026-07-23T02:05:32.139Z,-23.6053198,-46.8372119,821.777,18.939,18.940,3,128,393
1784772332198,2026-07-23T02:05:32.198Z,-23.6053105,-46.8372137,821.841,18.932,18.940,3,128,393
1784772332256,2026-07-23T02:05:32.256Z,-23.6053011,-46.8372155,821.878,18.990,18.930,3,128,393
1784772332314,2026-07-23T02:05:32.314Z,-23.6052918,-46.8372171,821.904,19.013,18.990,3,128,393
1784772332373,2026-07-23T02:05:32.373Z,-23.6052825,-46.8372187,821.920,18.984,19.020,3,128,393
1784772332431,2026-07-23T02:05:32.431Z,-23.6052731,-46.8372199,821.927,18.967,18.990,3,128,393
1784772332490,2026-07-23T02:05:32.490Z,-23.6052637,-46.8372210,821.955,19.013,18.970,3,128,393
1784772332548,2026-07-23T02:05:32.548Z,-23.6052449,-46.8372229,822.019,18.991,19.020,3,128,393
1784772332607,2026-07-23T02:05:32.607Z,-23.6052355,-46.8372233,822.039,18.952,18.990,3,128,393
1784772332665,2026-07-23T02:05:32.665Z,-23.6052259,-46.8372238,822.084,19.011,18.950,3,128,393
1784772332724,2026-07-23T02:05:32.724Z,-23.6052164,-46.8372241,822.115,19.042,19.010,3,128,394
1784772332776,2026-07-23T02:05:32.776Z,-23.6052070,-46.8372245,822.171,18.955,19.050,3,128,394
1784772332828,2026-07-23T02:05:32.828Z,-23.6051974,-46.8372246,822.198,19.077,18.960,3,128,394
1784772332880,2026-07-23T02:05:32.880Z,-23.6051878,-46.8372244,822.212,19.115,19.080,3,128,394
1784772332932,2026-07-23T02:05:32.932Z,-23.6051783,-46.8372240,822.284,19.082,19.120,3,128,394
1784772332984,2026-07-23T02:05:32.984Z,-23.6051688,-46.8372234,822.362,18.985,19.090,3,128,394
1784772333036,2026-07-23T02:05:33.036Z,-23.6051593,-46.8372224,822.419,19.048,18.990,3,128,394
1784772333088,2026-07-23T02:05:33.088Z,-23.6051497,-46.8372212,822.501,19.095,19.050,3,128,394
1784772333140,2026-07-23T02:05:33.140Z,-23.6051401,-46.8372198,822.584,19.171,19.100,3,128,394
1784772333192,2026-07-23T02:05:33.192Z,-23.6051308,-46.8372181,822.644,19.112,19.180,3,128,394
1784772333245,2026-07-23T02:05:33.245Z,-23.6051215,-46.8372163,822.742,19.000,19.120,3,128,394
1784772333297,2026-07-23T02:05:33.297Z,-23.6051123,-46.8372141,822.820,18.924,19.010,3,128,394
1784772333349,2026-07-23T02:05:33.349Z,-23.6051031,-46.8372118,822.917,18.879,18.930,3,128,394
1784772333401,2026-07-23T02:05:33.401Z,-23.6050940,-46.8372092,822.992,18.900,18.890,3,128,394
1784772333453,2026-07-23T02:05:33.453Z,-23.6050850,-46.8372064,823.064,18.903,18.910,3,128,394
1784772333505,2026-07-23T02:05:33.505Z,-23.6050760,-46.8372035,823.122,18.856,18.920,3,128,394
1784772333557,2026-07-23T02:05:33.557Z,-23.6050670,-46.8372005,823.168,18.847,18.870,3,128,394
1784772333609,2026-07-23T02:05:33.609Z,-23.6050580,-46.8371973,823.251,18.987,18.860,3,128,394
1784772333661,2026-07-23T02:05:33.661Z,-23.6050490,-46.8371939,823.324,19.040,19.000,3,128,394
1784772333714,2026-07-23T02:05:33.714Z,-23.6050402,-46.8371904,823.379,19.030,19.050,3,128,395
1784772333772,2026-07-23T02:05:33.772Z,-23.6050314,-46.8371867,823.454,19.069,19.040,3,128,395
1784772333830,2026-07-23T02:05:33.830Z,-23.6050227,-46.8371831,823.549,18.915,19.080,3,128,395
1784772333888,2026-07-23T02:05:33.888Z,-23.6050140,-46.8371793,823.597,18.914,18.930,3,128,395
1784772333946,2026-07-23T02:05:33.946Z,-23.6050052,-46.8371756,823.672,18.968,18.930,3,128,395
1784772334004,2026-07-23T02:05:34.004Z,-23.6049965,-46.8371717,823.744,19.024,18.980,3,128,395
1784772334062,2026-07-23T02:05:34.062Z,-23.6049878,-46.8371675,823.844,19.084,19.040,3,128,395
1784772334120,2026-07-23T02:05:34.120Z,-23.6049793,-46.8371635,823.908,18.999,19.100,3,128,395
1784772334178,2026-07-23T02:05:34.178Z,-23.6049709,-46.8371592,823.986,18.892,19.020,3,128,395
1784772334236,2026-07-23T02:05:34.236Z,-23.6049623,-46.8371548,824.044,19.036,18.910,3,128,395
1784772334294,2026-07-23T02:05:34.294Z,-23.6049537,-46.8371505,824.111,19.070,19.050,3,128,395
1784772334352,2026-07-23T02:05:34.352Z,-23.6049452,-46.8371459,824.161,19.091,19.090,3,128,395
1784772334410,2026-07-23T02:05:34.410Z,-23.6049369,-46.8371411,824.233,19.024,19.110,3,128,395
1784772334468,2026-07-23T02:05:34.468Z,-23.6049285,-46.8371362,824.290,19.108,19.040,3,128,395
1784772334526,2026-07-23T02:05:34.526Z,-23.6049204,-46.8371310,824.350,19.062,19.130,3,128,395
1784772334584,2026-07-23T02:05:34.584Z,-23.6049124,-46.8371256,824.415,19.008,19.080,3,128,395
1784772334642,2026-07-23T02:05:34.642Z,-23.6049045,-46.8371203,824.522,18.924,19.030,3,128,395
1784772334700,2026-07-23T02:05:34.700Z,-23.6048966,-46.8371147,824.606,18.927,18.950,3,128,395
1784772334759,2026-07-23T02:05:34.759Z,-23.6048889,-46.8371091,824.675,18.876,18.950,3,128,396
1784772334814,2026-07-23T02:05:34.814Z,-23.6048813,-46.8371033,824.738,18.849,18.900,3,128,396
1784772334869,2026-07-23T02:05:34.869Z,-23.6048737,-46.8370975,824.820,18.809,18.870,3,128,396
1784772334924,2026-07-23T02:05:34.924Z,-23.6048663,-46.8370915,824.896,18.750,18.830,3,128,396
1784772334979,2026-07-23T02:05:34.979Z,-23.6048589,-46.8370854,824.981,18.719,18.770,3,128,396
1784772335034,2026-07-23T02:05:35.034Z,-23.6048517,-46.8370792,825.051,18.658,18.740,3,128,396
1784772335089,2026-07-23T02:05:35.089Z,-23.6048446,-46.8370731,825.131,18.492,18.680,3,128,396
1784772335144,2026-07-23T02:05:35.144Z,-23.6048378,-46.8370669,825.184,18.331,18.520,3,128,396
1784772335199,2026-07-23T02:05:35.199Z,-23.6048311,-46.8370608,825.242,18.085,18.360,3,128,396
1784772335254,2026-07-23T02:05:35.254Z,-23.6048246,-46.8370548,825.293,17.786,18.110,3,128,396
1784772335309,2026-07-23T02:05:35.309Z,-23.6048183,-46.8370488,825.373,17.517,17.810,3,128,396
1784772335364,2026-07-23T02:05:35.364Z,-23.6048123,-46.8370428,825.458,17.151,17.540,3,128,396
1784772335419,2026-07-23T02:05:35.419Z,-23.6048064,-46.8370367,825.520,16.896,17.180,3,128,396
1784772335474,2026-07-23T02:05:35.474Z,-23.6048006,-46.8370305,825.584,16.717,16.930,3,128,396
1784772335529,2026-07-23T02:05:35.529Z,-23.6047951,-46.8370242,825.659,16.508,16.750,3,128,396
1784772335584,2026-07-23T02:05:35.584Z,-23.6047899,-46.8370180,825.746,16.216,16.540,3,128,396
1784772335639,2026-07-23T02:05:35.639Z,-23.6047851,-46.8370117,825.799,15.903,16.250,3,128,396
1784772335694,2026-07-23T02:05:35.694Z,-23.6047806,-46.8370056,825.849,15.489,15.940,3,128,396
1784772335749,2026-07-23T02:05:35.749Z,-23.6047763,-46.8369996,825.901,15.070,15.520,3,128,397
1784772335807,2026-07-23T02:05:35.807Z,-23.6047721,-46.8369936,825.955,14.769,15.110,3,128,397
1784772335865,2026-07-23T02:05:35.865Z,-23.6047684,-46.8369876,825.985,14.396,14.800,3,128,397
1784772335923,2026-07-23T02:05:35.923Z,-23.6047647,-46.8369816,826.028,14.118,14.430,3,128,397
1784772335981,2026-07-23T02:05:35.981Z,-23.6047612,-46.8369756,826.078,13.854,14.150,3,128,397
1784772336039,2026-07-23T02:05:36.039Z,-23.6047580,-46.8369695,826.126,13.673,13.890,3,128,397
1784772336097,2026-07-23T02:05:36.097Z,-23.6047551,-46.8369636,826.190,13.374,13.710,3,128,397
1784772336155,2026-07-23T02:05:36.155Z,-23.6047525,-46.8369579,826.254,12.981,13.410,3,128,397
1784772336213,2026-07-23T02:05:36.213Z,-23.6047500,-46.8369520,826.305,12.771,13.020,3,128,397
1784772336271,2026-07-23T02:05:36.271Z,-23.6047474,-46.8369462,826.387,12.619,12.810,3,128,397
1784772336329,2026-07-23T02:05:36.329Z,-23.6047450,-46.8369405,826.462,12.437,12.660,3,128,397
1784772336387,2026-07-23T02:05:36.387Z,-23.6047429,-46.8369346,826.521,12.273,12.480,3,128,397
1784772336445,2026-07-23T02:05:36.445Z,-23.6047413,-46.8369289,826.597,12.067,12.320,3,128,397
1784772336503,2026-07-23T02:05:36.503Z,-23.6047402,-46.8369230,826.653,11.948,12.110,3,128,397
1784772336561,2026-07-23T02:05:36.561Z,-23.6047393,-46.8369176,826.754,11.683,11.990,3,128,397
1784772336619,2026-07-23T02:05:36.619Z,-23.6047383,-46.8369124,826.843,11.393,11.730,3,128,397
1784772336677,2026-07-23T02:05:36.677Z,-23.6047378,-46.8369068,826.911,11.294,11.440,3,128,397
1784772336735,2026-07-23T02:05:36.735Z,-23.6047376,-46.8369011,826.976,11.251,11.340,3,128,397
1784772336794,2026-07-23T02:05:36.794Z,-23.6047378,-46.8368952,826.987,11.292,11.300,3,128,398
1784772336845,2026-07-23T02:05:36.845Z,-23.6047386,-46.8368899,826.998,11.154,11.340,3,128,398
1784772336897,2026-07-23T02:05:36.897Z,-23.6047396,-46.8368840,826.994,11.330,11.200,3,128,398
1784772336949,2026-07-23T02:05:36.949Z,-23.6047405,-46.8368784,827.043,11.268,11.370,3,128,398
1784772337001,2026-07-23T02:05:37.001Z,-23.6047418,-46.8368732,827.117,11.120,11.310,3,128,398
1784772337053,2026-07-23T02:05:37.053Z,-23.6047431,-46.8368683,827.186,10.858,11.160,3,128,398
1784772337105,2026-07-23T02:05:37.105Z,-23.6047446,-46.8368632,827.263,10.736,10.900,3,128,398
1784772337157,2026-07-23T02:05:37.157Z,-23.6047465,-46.8368584,827.333,10.645,10.780,3,128,398
1784772337209,2026-07-23T02:05:37.209Z,-23.6047489,-46.8368538,827.439,10.593,10.690,3,128,398
1784772337261,2026-07-23T02:05:37.261Z,-23.6047522,-46.8368497,827.549,10.570,10.640,3,128,398
1784772337313,2026-07-23T02:05:37.313Z,-23.6047555,-46.8368453,827.533,10.627,10.620,3,128,398
1784772337365,2026-07-23T02:05:37.365Z,-23.6047590,-46.8368412,827.577,10.634,10.670,3,128,398
1784772337417,2026-07-23T02:05:37.417Z,-23.6047627,-46.8368373,827.609,10.552,10.670,3,128,398
1784772337469,2026-07-23T02:05:37.469Z,-23.6047665,-46.8368335,827.638,10.546,10.590,3,128,398
1784772337521,2026-07-23T02:05:37.521Z,-23.6047705,-46.8368299,827.648,10.523,10.580,3,128,398
1784772337573,2026-07-23T02:05:37.573Z,-23.6047748,-46.8368265,827.672,10.585,10.560,3,128,398
1784772337625,2026-07-23T02:05:37.625Z,-23.6047791,-46.8368234,827.680,10.493,10.620,3,128,398
1784772337677,2026-07-23T02:05:37.677Z,-23.6047836,-46.8368206,827.732,10.430,10.520,3,128,398
1784772337729,2026-07-23T02:05:37.729Z,-23.6047881,-46.8368178,827.686,10.368,10.460,3,128,399
1784772337784,2026-07-23T02:05:37.784Z,-23.6047927,-46.8368153,827.695,10.304,10.390,3,128,399
1784772337839,2026-07-23T02:05:37.839Z,-23.6047975,-46.8368131,827.708,10.309,10.330,3,128,399
1784772337894,2026-07-23T02:05:37.894Z,-23.6048024,-46.8368109,827.703,10.428,10.330,3,128,399
1784772337949,2026-07-23T02:05:37.949Z,-23.6048074,-46.8368088,827.698,10.572,10.450,3,128,399
1784772338004,2026-07-23T02:05:38.004Z,-23.6048125,-46.8368071,827.690,10.643,10.590,3,128,399
1784772338059,2026-07-23T02:05:38.059Z,-23.6048177,-46.8368059,827.682,10.634,10.660,3,128,399
1784772338114,2026-07-23T02:05:38.114Z,-23.6048231,-46.8368051,827.670,10.719,10.650,3,128,399
1784772338169,2026-07-23T02:05:38.169Z,-23.6048284,-46.8368047,827.680,10.660,10.730,3,128,399
1784772338224,2026-07-23T02:05:38.224Z,-23.6048340,-46.8368043,827.660,10.911,10.670,3,128,399
1784772338279,2026-07-23T02:05:38.279Z,-23.6048395,-46.8368040,827.631,10.946,10.920,3,128,399
1784772338334,2026-07-23T02:05:38.334Z,-23.6048449,-46.8368042,827.643,10.985,10.960,3,128,399
1784772338389,2026-07-23T02:05:38.389Z,-23.6048506,-46.8368049,827.693,11.133,10.990,3,128,399
1784772338444,2026-07-23T02:05:38.444Z,-23.6048561,-46.8368058,827.677,11.164,11.140,3,128,399
1784772338499,2026-07-23T02:05:38.499Z,-23.6048614,-46.8368069,827.639,11.135,11.170,3,128,399
1784772338554,2026-07-23T02:05:38.554Z,-23.6048667,-46.8368084,827.598,11.128,11.140,3,128,399
1784772338609,2026-07-23T02:05:38.609Z,-23.6048721,-46.8368102,827.570,11.202,11.130,3,128,399
1784772338664,2026-07-23T02:05:38.664Z,-23.6048773,-46.8368125,827.564,11.264,11.210,3,128,399
1784772338719,2026-07-23T02:05:38.719Z,-23.6048824,-46.8368150,827.486,11.303,11.270,3,128,399
1784772338774,2026-07-23T02:05:38.774Z,-23.6048874,-46.8368180,827.389,11.425,11.310,3,128,400
1784772338826,2026-07-23T02:05:38.826Z,-23.6048925,-46.8368212,827.322,11.617,11.430,3,128,400
1784772338878,2026-07-23T02:05:38.878Z,-23.6048975,-46.8368246,827.267,11.852,11.620,3,128,400
1784772338930,2026-07-23T02:05:38.930Z,-23.6049023,-46.8368282,827.253,11.806,11.850,3,128,400
1784772338982,2026-07-23T02:05:38.982Z,-23.6049070,-46.8368319,827.255,11.759,11.810,3,128,400
1784772339034,2026-07-23T02:05:39.034Z,-23.6049114,-46.8368359,827.218,11.724,11.760,3,128,400
1784772339086,2026-07-23T02:05:39.086Z,-23.6049159,-46.8368401,827.175,11.836,11.720,3,128,400
1784772339138,2026-07-23T02:05:39.138Z,-23.6049204,-46.8368446,827.115,12.070,11.840,3,128,400
1784772339190,2026-07-23T02:05:39.190Z,-23.6049249,-46.8368492,827.066,12.268,12.070,3,128,400
1784772339242,2026-07-23T02:05:39.242Z,-23.6049292,-46.8368537,826.980,12.207,12.270,3,128,400
1784772339295,2026-07-23T02:05:39.295Z,-23.6049336,-46.8368583,826.932,12.293,12.210,3,128,400
1784772339347,2026-07-23T02:05:39.347Z,-23.6049380,-46.8368629,826.853,12.350,12.290,3,128,400
1784772339399,2026-07-23T02:05:39.399Z,-23.6049425,-46.8368676,826.800,12.483,12.350,3,128,400
1784772339451,2026-07-23T02:05:39.451Z,-23.6049471,-46.8368724,826.728,12.669,12.480,3,128,400
1784772339503,2026-07-23T02:05:39.503Z,-23.6049517,-46.8368770,826.664,12.708,12.670,3,128,400
1784772339555,2026-07-23T02:05:39.555Z,-23.6049564,-46.8368817,826.577,12.859,12.710,3,128,400
1784772339607,2026-07-23T02:05:39.607Z,-23.6049611,-46.8368864,826.527,12.879,12.860,3,128,400
1784772339659,2026-07-23T02:05:39.659Z,-23.6049657,-46.8368911,826.506,12.874,12.880,3,128,400
1784772339711,2026-07-23T02:05:39.711Z,-23.6049706,-46.8368957,826.461,12.944,12.880,3,128,400
1784772339764,2026-07-23T02:05:39.764Z,-23.6049756,-46.8369001,826.401,13.045,12.950,3,128,401
1784772339822,2026-07-23T02:05:39.822Z,-23.6049807,-46.8369044,826.350,13.068,13.050,3,128,401
1784772339880,2026-07-23T02:05:39.880Z,-23.6049861,-46.8369085,826.288,13.171,13.070,3,128,401
1784772339938,2026-07-23T02:05:39.938Z,-23.6049915,-46.8369125,826.263,13.250,13.180,3,128,401
1784772339996,2026-07-23T02:05:39.996Z,-23.6049970,-46.8369165,826.252,13.289,13.260,3,128,401
1784772340055,2026-07-23T02:05:40.055Z,-23.6050026,-46.8369203,826.213,13.344,13.300,3,128,401
1784772340113,2026-07-23T02:05:40.113Z,-23.6050082,-46.8369239,826.197,13.232,13.350,3,128,401
1784772340171,2026-07-23T02:05:40.171Z,-23.6050141,-46.8369272,826.127,13.275,13.240,3,128,401
1784772340229,2026-07-23T02:05:40.229Z,-23.6050199,-46.8369302,826.090,13.154,13.280,3,128,401
1784772340288,2026-07-23T02:05:40.288Z,-23.6050258,-46.8369332,826.091,13.099,13.160,3,128,401
1784772340346,2026-07-23T02:05:40.346Z,-23.6050312,-46.8369359,826.039,12.759,13.110,3,128,401
1784772340404,2026-07-23T02:05:40.404Z,-23.6050368,-46.8369382,826.004,12.477,12.770,3,128,401
1784772340462,2026-07-23T02:05:40.462Z,-23.6050426,-46.8369402,825.977,12.318,12.490,3,128,401
1784772340521,2026-07-23T02:05:40.521Z,-23.6050483,-46.8369419,825.991,12.166,12.330,3,128,401
1784772340579,2026-07-23T02:05:40.579Z,-23.6050540,-46.8369433,825.941,12.012,12.170,3,128,401
1784772340637,2026-07-23T02:05:40.637Z,-23.6050597,-46.8369447,825.941,11.918,12.020,3,128,401
1784772340695,2026-07-23T02:05:40.695Z,-23.6050655,-46.8369458,825.972,11.801,11.930,3,128,401
1784772340754,2026-07-23T02:05:40.754Z,-23.6050711,-46.8369464,825.983,11.628,11.810,3,128,402
1784772340809,2026-07-23T02:05:40.809Z,-23.6050767,-46.8369466,825.968,11.419,11.630,3,128,402
1784772340864,2026-07-23T02:05:40.864Z,-23.6050821,-46.8369464,825.950,11.149,11.430,3,128,402
1784772340919,2026-07-23T02:05:40.919Z,-23.6050874,-46.8369459,825.941,10.918,11.150,3,128,402
1784772340974,2026-07-23T02:05:40.974Z,-23.6050926,-46.8369449,825.917,10.800,10.920,3,128,402
1784772341029,2026-07-23T02:05:41.029Z,-23.6050978,-46.8369436,825.897,10.667,10.810,3,128,402
1784772341084,2026-07-23T02:05:41.084Z,-23.6051028,-46.8369419,825.890,10.536,10.670,3,128,402
1784772341139,2026-07-23T02:05:41.139Z,-23.6051076,-46.8369402,825.915,10.413,10.540,3,128,402
1784772341194,2026-07-23T02:05:41.194Z,-23.6051123,-46.8369380,825.919,10.286,10.420,3,128,402
1784772341249,2026-07-23T02:05:41.249Z,-23.6051170,-46.8369356,825.876,10.231,10.290,3,128,402
1784772341304,2026-07-23T02:05:41.304Z,-23.6051216,-46.8369331,825.875,10.271,10.240,3,128,402
1784772341359,2026-07-23T02:05:41.359Z,-23.6051260,-46.8369300,825.874,10.253,10.280,3,128,402
1784772341414,2026-07-23T02:05:41.414Z,-23.6051305,-46.8369266,825.868,10.464,10.260,3,128,402
1784772341469,2026-07-23T02:05:41.469Z,-23.6051351,-46.8369232,825.875,10.624,10.470,3,128,402
1784772341524,2026-07-23T02:05:41.524Z,-23.6051393,-46.8369195,825.882,10.688,10.630,3,128,402
1784772341579,2026-07-23T02:05:41.579Z,-23.6051435,-46.8369156,825.862,10.728,10.690,3,128,402
1784772341634,2026-07-23T02:05:41.634Z,-23.6051477,-46.8369115,825.874,10.898,10.730,3,128,402
1784772341689,2026-07-23T02:05:41.689Z,-23.6051517,-46.8369073,825.893,10.980,10.900,3,128,402
1784772341744,2026-07-23T02:05:41.744Z,-23.6051554,-46.8369031,825.922,10.939,10.980,3,128,402
1784772341799,2026-07-23T02:05:41.799Z,-23.6051592,-46.8368982,825.930,11.184,10.940,3,128,403
1784772341850,2026-07-23T02:05:41.850Z,-23.6051628,-46.8368936,825.980,11.217,11.190,3,128,403
1784772341902,2026-07-23T02:05:41.902Z,-23.6051661,-46.8368884,826.021,11.343,11.220,3,128,403
1784772341954,2026-07-23T02:05:41.954Z,-23.6051689,-46.8368827,826.002,11.507,11.340,3,128,403
1784772342006,2026-07-23T02:05:42.006Z,-23.6051717,-46.8368770,825.977,11.635,11.510,3,128,403
1784772342058,2026-07-23T02:05:42.058Z,-23.6051741,-46.8368712,825.994,11.694,11.640,3,128,403
1784772342110,2026-07-23T02:05:42.110Z,-23.6051764,-46.8368650,825.976,11.889,11.690,3,128,403
1784772342162,2026-07-23T02:05:42.162Z,-23.6051786,-46.8368588,825.964,12.023,11.890,3,128,403
1784772342214,2026-07-23T02:05:42.214Z,-23.6051809,-46.8368526,825.944,12.097,12.020,3,128,403
1784772342266,2026-07-23T02:05:42.266Z,-23.6051832,-46.8368462,825.916,12.313,12.100,3,128,403
1784772342318,2026-07-23T02:05:42.318Z,-23.6051858,-46.8368397,825.880,12.553,12.310,3,128,403
1784772342370,2026-07-23T02:05:42.370Z,-23.6051882,-46.8368331,825.861,12.745,12.550,3,128,403
1784772342422,2026-07-23T02:05:42.422Z,-23.6051906,-46.8368267,825.833,12.765,12.750,3,128,403
1784772342474,2026-07-23T02:05:42.474Z,-23.6051930,-46.8368203,825.840,12.813,12.770,3,128,403
1784772342526,2026-07-23T02:05:42.526Z,-23.6051952,-46.8368140,825.825,12.703,12.810,3,128,403
1784772342578,2026-07-23T02:05:42.578Z,-23.6051974,-46.8368077,825.874,12.688,12.700,3,128,403
1784772342630,2026-07-23T02:05:42.630Z,-23.6051996,-46.8368016,825.893,12.482,12.690,3,128,403
1784772342682,2026-07-23T02:05:42.682Z,-23.6052016,-46.8367957,825.896,12.266,12.480,3,128,403
1784772342734,2026-07-23T02:05:42.734Z,-23.6052038,-46.8367897,825.875,12.112,12.270,3,128,404
1784772342789,2026-07-23T02:05:42.789Z,-23.6052061,-46.8367836,825.844,12.189,12.110,3,128,404
1784772342844,2026-07-23T02:05:42.844Z,-23.6052083,-46.8367771,825.817,12.365,12.190,3,128,404
1784772342899,2026-07-23T02:05:42.899Z,-23.6052106,-46.8367705,825.825,12.639,12.370,3,128,404
1784772342954,2026-07-23T02:05:42.954Z,-23.6052128,-46.8367640,825.842,12.771,12.640,3,128,404
1784772343009,2026-07-23T02:05:43.009Z,-23.6052152,-46.8367573,825.860,12.961,12.770,3,128,404
1784772343064,2026-07-23T02:05:43.064Z,-23.6052174,-46.8367506,825.864,13.050,12.960,3,128,404
1784772343119,2026-07-23T02:05:43.119Z,-23.6052196,-46.8367439,825.848,13.065,13.050,3,128,404
1784772343174,2026-07-23T02:05:43.174Z,-23.6052219,-46.8367372,825.841,13.146,13.060,3,128,404
1784772343229,2026-07-23T02:05:43.229Z,-23.6052243,-46.8367304,825.817,13.248,13.150,3,128,404
1784772343284,2026-07-23T02:05:43.284Z,-23.6052267,-46.8367235,825.802,13.439,13.250,3,128,404
1784772343339,2026-07-23T02:05:43.339Z,-23.6052292,-46.8367164,825.779,13.634,13.440,3,128,404
1784772343394,2026-07-23T02:05:43.394Z,-23.6052316,-46.8367096,825.777,13.623,13.630,3,128,404
1784772343449,2026-07-23T02:05:43.449Z,-23.6052343,-46.8367027,825.744,13.709,13.620,3,128,404
1784772343504,2026-07-23T02:05:43.504Z,-23.6052372,-46.8366961,825.673,13.667,13.710,3,128,404
1784772343559,2026-07-23T02:05:43.559Z,-23.6052402,-46.8366896,825.660,13.623,13.670,3,128,404
1784772343614,2026-07-23T02:05:43.614Z,-23.6052433,-46.8366830,825.644,13.688,13.620,3,128,404
1784772343669,2026-07-23T02:05:43.669Z,-23.6052466,-46.8366766,825.617,13.679,13.690,3,128,404
1784772343724,2026-07-23T02:05:43.724Z,-23.6052502,-46.8366701,825.552,13.752,13.680,3,128,405
1784772343782,2026-07-23T02:05:43.782Z,-23.6052538,-46.8366643,825.525,13.480,13.750,3,128,405
1784772343840,2026-07-23T02:05:43.840Z,-23.6052578,-46.8366585,825.474,13.485,13.480,3,128,405
1784772343898,2026-07-23T02:05:43.898Z,-23.6052622,-46.8366530,825.483,13.506,13.490,3,128,405
1784772343956,2026-07-23T02:05:43.956Z,-23.6052665,-46.8366475,825.501,13.519,13.510,3,128,405
1784772344014,2026-07-23T02:05:44.014Z,-23.6052710,-46.8366421,825.522,13.445,13.520,3,128,405
1784772344072,2026-07-23T02:05:44.072Z,-23.6052758,-46.8366371,825.517,13.475,13.450,3,128,405
1784772344130,2026-07-23T02:05:44.130Z,-23.6052807,-46.8366321,825.496,13.467,13.480,3,128,405
1784772344188,2026-07-23T02:05:44.188Z,-23.6052859,-46.8366276,825.480,13.435,13.470,3,128,405
1784772344246,2026-07-23T02:05:44.246Z,-23.6052912,-46.8366232,825.435,13.438,13.440,3,128,405
1784772344304,2026-07-23T02:05:44.304Z,-23.6052968,-46.8366192,825.402,13.437,13.440,3,128,405
1784772344362,2026-07-23T02:05:44.362Z,-23.6053023,-46.8366159,825.374,13.210,13.440,3,128,405
1784772344420,2026-07-23T02:05:44.420Z,-23.6053081,-46.8366127,825.288,13.145,13.210,3,128,405
1784772344478,2026-07-23T02:05:44.478Z,-23.6053141,-46.8366099,825.266,13.151,13.150,3,128,405
1784772344536,2026-07-23T02:05:44.536Z,-23.6053201,-46.8366070,825.231,13.160,13.160,3,128,405
1784772344594,2026-07-23T02:05:44.594Z,-23.6053262,-46.8366044,825.147,13.255,13.160,3,128,405
1784772344652,2026-07-23T02:05:44.652Z,-23.6053321,-46.8366018,825.133,13.138,13.260,3,128,405
1784772344710,2026-07-23T02:05:44.710Z,-23.6053378,-46.8365995,825.112,12.944,13.140,3,128,405
1784772344769,2026-07-23T02:05:44.769Z,-23.6053438,-46.8365978,825.047,12.872,12.950,3,128,406
1784772344824,2026-07-23T02:05:44.824Z,-23.6053501,-46.8365967,824.924,12.897,12.880,3,128,406
1784772344879,2026-07-23T02:05:44.879Z,-23.6053563,-46.8365959,824.869,12.889,12.910,3,128,406
1784772344934,2026-07-23T02:05:44.934Z,-23.6053625,-46.8365952,824.818,12.806,12.900,3,128,406
1784772344989,2026-07-23T02:05:44.989Z,-23.6053687,-46.8365948,824.733,12.807,12.820,3,128,406
1784772345044,2026-07-23T02:05:45.044Z,-23.6053749,-46.8365951,824.684,12.694,12.820,3,128,406
1784772345099,2026-07-23T02:05:45.099Z,-23.6053810,-46.8365957,824.698,12.653,12.710,3,128,406
1784772345154,2026-07-23T02:05:45.154Z,-23.6053869,-46.8365965,824.628,12.375,12.670,3,128,406
1784772345209,2026-07-23T02:05:45.209Z,-23.6053925,-46.8365980,824.623,12.104,12.390,3,128,406
1784772345264,2026-07-23T02:05:45.264Z,-23.6053981,-46.8365998,824.617,11.979,12.120,3,128,406
1784772345319,2026-07-23T02:05:45.319Z,-23.6054034,-46.8366020,824.632,11.674,11.990,3,128,406
1784772345374,2026-07-23T02:05:45.374Z,-23.6054087,-46.8366046,824.533,11.638,11.690,3,128,406
1784772345429,2026-07-23T02:05:45.429Z,-23.6054139,-46.8366077,824.367,11.712,11.650,3,128,406
1784772345484,2026-07-23T02:05:45.484Z,-23.6054190,-46.8366105,824.256,11.665,11.730,3,128,406
1784772345539,2026-07-23T02:05:45.539Z,-23.6054240,-46.8366135,824.202,11.611,11.690,3,128,406
1784772345594,2026-07-23T02:05:45.594Z,-23.6054288,-46.8366173,824.115,11.683,11.640,3,128,406
1784772345649,2026-07-23T02:05:45.649Z,-23.6054335,-46.8366213,824.036,11.762,11.710,3,128,406
1784772345704,2026-07-23T02:05:45.704Z,-23.6054379,-46.8366256,823.982,11.815,11.790,3,128,406
1784772345759,2026-07-23T02:05:45.759Z,-23.6054422,-46.8366303,823.961,11.918,11.840,3,128,407
1784772345811,2026-07-23T02:05:45.811Z,-23.6054465,-46.8366351,823.889,12.065,11.950,3,128,407
1784772345863,2026-07-23T02:05:45.863Z,-23.6054507,-46.8366399,823.832,12.146,12.100,3,128,407
1784772345915,2026-07-23T02:05:45.915Z,-23.6054546,-46.8366447,823.783,12.054,12.180,3,128,407
1784772345967,2026-07-23T02:05:45.967Z,-23.6054583,-46.8366499,823.743,12.069,12.080,3,128,407
1784772346019,2026-07-23T02:05:46.019Z,-23.6054620,-46.8366551,823.658,12.117,12.100,3,128,407
1784772346071,2026-07-23T02:05:46.071Z,-23.6054652,-46.8366608,823.602,12.195,12.150,3,128,407
1784772346123,2026-07-23T02:05:46.123Z,-23.6054682,-46.8366666,823.552,12.193,12.230,3,128,407
1784772346175,2026-07-23T02:05:46.175Z,-23.6054709,-46.8366726,823.509,12.160,12.230,3,128,407
1784772346227,2026-07-23T02:05:46.227Z,-23.6054731,-46.8366788,823.392,12.235,12.190,3,128,407
1784772346280,2026-07-23T02:05:46.280Z,-23.6054751,-46.8366852,823.294,12.268,12.270,3,128,407
1784772346332,2026-07-23T02:05:46.332Z,-23.6054769,-46.8366918,823.207,12.416,12.310,3,128,407
1784772346384,2026-07-23T02:05:46.384Z,-23.6054784,-46.8366986,823.168,12.546,12.460,3,128,407
1784772346436,2026-07-23T02:05:46.436Z,-23.6054801,-46.8367055,823.156,12.667,12.580,3,128,407
1784772346488,2026-07-23T02:05:46.488Z,-23.6054819,-46.8367123,823.116,12.786,12.700,3,128,407
1784772346540,2026-07-23T02:05:46.540Z,-23.6054837,-46.8367191,823.101,12.811,12.820,3,128,407
1784772346592,2026-07-23T02:05:46.592Z,-23.6054857,-46.8367256,823.026,12.816,12.850,3,128,407
1784772346644,2026-07-23T02:05:46.644Z,-23.6054881,-46.8367321,822.964,12.898,12.850,3,128,407
1784772346696,2026-07-23T02:05:46.696Z,-23.6054907,-46.8367387,822.893,13.042,12.930,3,128,407
1784772346749,2026-07-23T02:05:46.749Z,-23.6054934,-46.8367454,822.885,13.196,13.080,3,128,408
1784772346807,2026-07-23T02:05:46.807Z,-23.6054962,-46.8367518,822.842,13.199,13.230,3,128,408
1784772346865,2026-07-23T02:05:46.865Z,-23.6054993,-46.8367583,822.799,13.306,13.230,3,128,408
1784772346923,2026-07-23T02:05:46.923Z,-23.6055027,-46.8367648,822.787,13.441,13.340,3,128,408
1784772346981,2026-07-23T02:05:46.981Z,-23.6055060,-46.8367711,822.731,13.462,13.470,3,128,408
1784772347040,2026-07-23T02:05:47.040Z,-23.6055096,-46.8367775,822.738,13.580,13.490,3,128,408
1784772347098,2026-07-23T02:05:47.098Z,-23.6055133,-46.8367837,822.683,13.592,13.610,3,128,408
1784772347156,2026-07-23T02:05:47.156Z,-23.6055170,-46.8367896,822.582,13.533,13.620,3,128,408
1784772347214,2026-07-23T02:05:47.214Z,-23.6055209,-46.8367955,822.540,13.502,13.560,3,128,408
1784772347273,2026-07-23T02:05:47.273Z,-23.6055250,-46.8368012,822.512,13.369,13.530,3,128,408
1784772347331,2026-07-23T02:05:47.331Z,-23.6055291,-46.8368068,822.477,13.304,13.400,3,128,408
1784772347389,2026-07-23T02:05:47.389Z,-23.6055334,-46.8368123,822.437,13.282,13.330,3,128,408
1784772347447,2026-07-23T02:05:47.447Z,-23.6055378,-46.8368177,822.373,13.274,13.310,3,128,408
1784772347506,2026-07-23T02:05:47.506Z,-23.6055464,-46.8368284,822.297,13.201,13.300,3,128,408
1784772347564,2026-07-23T02:05:47.564Z,-23.6055510,-46.8368333,822.278,13.052,13.230,3,128,408
1784772347622,2026-07-23T02:05:47.622Z,-23.6055563,-46.8368368,822.303,12.672,13.080,3,128,408
1784772347680,2026-07-23T02:05:47.680Z,-23.6055614,-46.8368405,822.315,12.459,12.700,3,128,408
1784772347739,2026-07-23T02:05:47.739Z,-23.6055667,-46.8368439,822.269,12.422,12.480,3,128,409
1784772347797,2026-07-23T02:05:47.797Z,-23.6055722,-46.8368472,822.235,12.447,12.440,3,128,409
1784772347855,2026-07-23T02:05:47.855Z,-23.6055777,-46.8368500,822.222,12.252,12.470,3,128,409
1784772347913,2026-07-23T02:05:47.913Z,-23.6055834,-46.8368525,822.179,12.246,12.270,3,128,409
1784772347971,2026-07-23T02:05:47.971Z,-23.6055892,-46.8368551,822.141,12.374,12.270,3,128,409
1784772348029,2026-07-23T02:05:48.029Z,-23.6055946,-46.8368573,822.101,12.084,12.400,3,128,409
1784772348087,2026-07-23T02:05:48.087Z,-23.6056000,-46.8368592,822.086,11.823,12.110,3,128,409
1784772348145,2026-07-23T02:05:48.145Z,-23.6056058,-46.8368609,822.033,11.844,11.840,3,128,409
1784772348203,2026-07-23T02:05:48.203Z,-23.6056116,-46.8368621,821.988,11.889,11.870,3,128,409
1784772348261,2026-07-23T02:05:48.261Z,-23.6056174,-46.8368631,821.978,11.786,11.910,3,128,409
1784772348319,2026-07-23T02:05:48.319Z,-23.6056232,-46.8368637,821.961,11.773,11.810,3,128,409
1784772348377,2026-07-23T02:05:48.377Z,-23.6056290,-46.8368643,821.965,11.799,11.790,3,128,409
1784772348435,2026-07-23T02:05:48.435Z,-23.6056350,-46.8368644,822.027,11.854,11.820,3,128,409
1784772348493,2026-07-23T02:05:48.493Z,-23.6056408,-46.8368641,822.109,11.837,11.870,3,128,409
1784772348551,2026-07-23T02:05:48.551Z,-23.6056464,-46.8368636,822.135,11.689,11.850,3,128,409
1784772348609,2026-07-23T02:05:48.609Z,-23.6056521,-46.8368630,822.112,11.646,11.700,3,128,409
1784772348667,2026-07-23T02:05:48.667Z,-23.6056580,-46.8368623,822.062,11.765,11.660,3,128,409
1784772348725,2026-07-23T02:05:48.725Z,-23.6056642,-46.8368616,822.094,12.008,11.770,3,128,409
1784772348784,2026-07-23T02:05:48.784Z,-23.6056703,-46.8368605,822.173,12.189,12.020,3,128,410
1784772348836,2026-07-23T02:05:48.836Z,-23.6056764,-46.8368591,822.222,12.320,12.200,3,128,410
1784772348888,2026-07-23T02:05:48.888Z,-23.6056813,-46.8368570,822.192,11.917,12.320,3,128,410
1784772348940,2026-07-23T02:05:48.940Z,-23.6056866,-46.8368548,822.172,11.828,11.920,3,128,410
1784772348992,2026-07-23T02:05:48.992Z,-23.6056920,-46.8368524,822.155,11.860,11.830,3,128,410
1784772349044,2026-07-23T02:05:49.044Z,-23.6056970,-46.8368491,822.142,11.856,11.870,3,128,410
1784772349096,2026-07-23T02:05:49.096Z,-23.6057015,-46.8368452,822.059,11.733,11.860,3,128,410
1784772349148,2026-07-23T02:05:49.148Z,-23.6057061,-46.8368414,821.961,11.670,11.740,3,128,410
1784772349200,2026-07-23T02:05:49.200Z,-23.6057106,-46.8368380,821.958,11.573,11.680,3,128,410
1784772349252,2026-07-23T02:05:49.252Z,-23.6057151,-46.8368342,821.956,11.578,11.580,3,128,410
1784772349305,2026-07-23T02:05:49.305Z,-23.6057194,-46.8368305,821.969,11.529,11.590,3,128,410
1784772349357,2026-07-23T02:05:49.357Z,-23.6057230,-46.8368263,821.904,11.249,11.540,3,128,410
1784772349409,2026-07-23T02:05:49.409Z,-23.6057265,-46.8368222,821.898,11.035,11.260,3,128,410
1784772349461,2026-07-23T02:05:49.461Z,-23.6057299,-46.8368180,821.942,10.955,11.040,3,128,410
1784772349513,2026-07-23T02:05:49.513Z,-23.6057331,-46.8368131,822.023,11.039,10.960,3,128,410
1784772349565,2026-07-23T02:05:49.565Z,-23.6057358,-46.8368082,822.122,10.931,11.040,3,128,410
1784772349617,2026-07-23T02:05:49.617Z,-23.6057378,-46.8368028,822.162,10.738,10.930,3,128,410
1784772349669,2026-07-23T02:05:49.669Z,-23.6057398,-46.8367973,822.172,10.713,10.740,3,128,410
1784772349721,2026-07-23T02:05:49.721Z,-23.6057418,-46.8367922,822.263,10.626,10.720,3,128,410
1784772349774,2026-07-23T02:05:49.774Z,-23.6057433,-46.8367869,822.338,10.418,10.630,3,128,411
1784772349835,2026-07-23T02:05:49.835Z,-23.6057445,-46.8367813,822.396,10.409,10.420,3,128,411
1784772349897,2026-07-23T02:05:49.897Z,-23.6057455,-46.8367755,822.421,10.465,10.410,3,128,411
1784772349959,2026-07-23T02:05:49.959Z,-23.6057462,-46.8367695,822.504,10.653,10.470,3,128,411
1784772350021,2026-07-23T02:05:50.021Z,-23.6057466,-46.8367635,822.618,10.748,10.650,3,128,411
1784772350083,2026-07-23T02:05:50.083Z,-23.6057467,-46.8367577,822.712,10.719,10.750,3,128,411
1784772350145,2026-07-23T02:05:50.145Z,-23.6057464,-46.8367516,822.772,10.815,10.720,3,128,411
1784772350207,2026-07-23T02:05:50.207Z,-23.6057458,-46.8367451,822.716,11.100,10.820,3,128,411
1784772350269,2026-07-23T02:05:50.269Z,-23.6057452,-46.8367391,822.743,11.120,11.100,3,128,411
1784772350330,2026-07-23T02:05:50.330Z,-23.6057445,-46.8367329,822.737,11.205,11.120,3,128,411
1784772350392,2026-07-23T02:05:50.392Z,-23.6057439,-46.8367268,822.807,11.309,11.210,3,128,411
1784772350454,2026-07-23T02:05:50.454Z,-23.6057433,-46.8367207,822.876,11.393,11.310,3,128,411
1784772350516,2026-07-23T02:05:50.516Z,-23.6057419,-46.8367082,822.901,11.582,11.390,3,128,411
1784772350578,2026-07-23T02:05:50.578Z,-23.6057407,-46.8367019,822.936,11.668,11.580,3,128,411
1784772350640,2026-07-23T02:05:50.640Z,-23.6057397,-46.8366956,823.029,11.807,11.670,3,128,411
1784772350702,2026-07-23T02:05:50.702Z,-23.6057387,-46.8366895,823.155,11.788,11.810,3,128,411
1784772350764,2026-07-23T02:05:50.764Z,-23.6057377,-46.8366834,823.262,11.799,11.790,3,128,412
1784772350819,2026-07-23T02:05:50.819Z,-23.6057369,-46.8366774,823.323,11.626,11.630,3,128,412
1784772350874,2026-07-23T02:05:50.874Z,-23.6057360,-46.8366713,823.318,11.506,11.630,3,128,412
1784772350929,2026-07-23T02:05:50.929Z,-23.6057351,-46.8366652,823.336,11.450,11.510,3,128,412
1784772350984,2026-07-23T02:05:50.984Z,-23.6057343,-46.8366591,823.314,11.380,11.460,3,128,412
1784772351039,2026-07-23T02:05:51.039Z,-23.6057335,-46.8366526,823.345,11.654,11.390,3,128,412
1784772351094,2026-07-23T02:05:51.094Z,-23.6057327,-46.8366462,823.362,11.794,11.660,3,128,412
1784772351149,2026-07-23T02:05:51.149Z,-23.6057319,-46.8366398,823.411,11.865,11.800,3,128,412
1784772351204,2026-07-23T02:05:51.204Z,-23.6057308,-46.8366334,823.482,11.905,11.870,3,128,412
1784772351259,2026-07-23T02:05:51.259Z,-23.6057297,-46.8366271,823.557,11.925,11.910,3,128,412
1784772351314,2026-07-23T02:05:51.314Z,-23.6057286,-46.8366206,823.597,12.054,11.930,3,128,412
1784772351369,2026-07-23T02:05:51.369Z,-23.6057274,-46.8366141,823.639,12.129,12.060,3,128,412
1784772351424,2026-07-23T02:05:51.424Z,-23.6057260,-46.8366076,823.693,12.154,12.140,3,128,412
1784772351479,2026-07-23T02:05:51.479Z,-23.6057247,-46.8366013,823.747,12.138,12.160,3,128,412
1784772351534,2026-07-23T02:05:51.534Z,-23.6057234,-46.8365949,823.826,12.144,12.150,3,128,412
1784772351589,2026-07-23T02:05:51.589Z,-23.6057220,-46.8365887,823.896,12.094,12.150,3,128,412
1784772351644,2026-07-23T02:05:51.644Z,-23.6057207,-46.8365822,823.959,12.155,12.110,3,128,412
1784772351699,2026-07-23T02:05:51.699Z,-23.6057193,-46.8365758,824.013,12.232,12.170,3,128,412
1784772351754,2026-07-23T02:05:51.754Z,-23.6057177,-46.8365692,824.079,12.337,12.250,3,128,412
1784772351809,2026-07-23T02:05:51.809Z,-23.6057162,-46.8365628,824.146,12.316,12.350,3,128,413
1784772351860,2026-07-23T02:05:51.860Z,-23.6057145,-46.8365563,824.199,12.402,12.330,3,128,413
1784772351912,2026-07-23T02:05:51.912Z,-23.6057128,-46.8365497,824.252,12.471,12.420,3,128,413
1784772351964,2026-07-23T02:05:51.964Z,-23.6057111,-46.8365431,824.294,12.572,12.490,3,128,413
1784772352016,2026-07-23T02:05:52.016Z,-23.6057094,-46.8365366,824.365,12.536,12.590,3,128,413
1784772352068,2026-07-23T02:05:52.068Z,-23.6057077,-46.8365302,824.438,12.478,12.550,3,128,413
1784772352120,2026-07-23T02:05:52.120Z,-23.6057058,-46.8365237,824.484,12.519,12.500,3,128,413
1784772352172,2026-07-23T02:05:52.172Z,-23.6057038,-46.8365171,824.575,12.654,12.540,3,128,413
1784772352224,2026-07-23T02:05:52.224Z,-23.6057018,-46.8365104,824.672,12.757,12.670,3,128,413
1784772352276,2026-07-23T02:05:52.276Z,-23.6056998,-46.8365040,824.708,12.712,12.780,3,128,413
1784772352328,2026-07-23T02:05:52.328Z,-23.6056979,-46.8364975,824.760,12.686,12.730,3,128,413
1784772352380,2026-07-23T02:05:52.380Z,-23.6056958,-46.8364910,824.846,12.710,12.710,3,128,413
1784772352432,2026-07-23T02:05:52.432Z,-23.6056939,-46.8364844,824.903,12.765,12.730,3,128,413
1784772352484,2026-07-23T02:05:52.484Z,-23.6056916,-46.8364777,824.957,12.950,12.790,3,128,413
1784772352536,2026-07-23T02:05:52.536Z,-23.6056893,-46.8364711,825.035,12.981,12.970,3,128,413
1784772352588,2026-07-23T02:05:52.588Z,-23.6056868,-46.8364647,825.103,12.977,13.010,3,128,413
1784772352640,2026-07-23T02:05:52.640Z,-23.6056841,-46.8364584,825.152,12.907,13.000,3,128,413
1784772352692,2026-07-23T02:05:52.692Z,-23.6056814,-46.8364522,825.246,12.869,12.930,3,128,413
1784772352744,2026-07-23T02:05:52.744Z,-23.6056786,-46.8364458,825.306,12.943,12.900,3,128,414
1784772352799,2026-07-23T02:05:52.799Z,-23.6056756,-46.8364394,825.335,13.085,12.970,3,128,414
1784772352854,2026-07-23T02:05:52.854Z,-23.6056727,-46.8364330,825.392,13.226,13.110,3,128,414
1784772352909,2026-07-23T02:05:52.909Z,-23.6056697,-46.8364268,825.474,13.149,13.250,3,128,414
1784772352964,2026-07-23T02:05:52.964Z,-23.6056664,-46.8364208,825.533,13.139,13.180,3,128,414
1784772353019,2026-07-23T02:05:53.019Z,-23.6056629,-46.8364147,825.571,13.295,13.170,3,128,414
1784772353074,2026-07-23T02:05:53.074Z,-23.6056594,-46.8364088,825.628,13.230,13.320,3,128,414
1784772353129,2026-07-23T02:05:53.129Z,-23.6056557,-46.8364031,825.697,13.145,13.260,3,128,414
1784772353184,2026-07-23T02:05:53.184Z,-23.6056518,-46.8363974,825.744,13.185,13.170,3,128,414
1784772353239,2026-07-23T02:05:53.239Z,-23.6056476,-46.8363919,825.806,13.280,13.210,3,128,414
1784772353294,2026-07-23T02:05:53.294Z,-23.6056429,-46.8363863,825.876,13.511,13.310,3,128,414
1784772353349,2026-07-23T02:05:53.349Z,-23.6056384,-46.8363811,825.942,13.462,13.540,3,128,414
1784772353404,2026-07-23T02:05:53.404Z,-23.6056338,-46.8363760,825.994,13.358,13.490,3,128,414
1784772353459,2026-07-23T02:05:53.459Z,-23.6056290,-46.8363709,826.077,13.451,13.390,3,128,414
1784772353514,2026-07-23T02:05:53.514Z,-23.6056241,-46.8363661,826.160,13.391,13.480,3,128,414
1784772353569,2026-07-23T02:05:53.569Z,-23.6056189,-46.8363614,826.230,13.494,13.420,3,128,414
1784772353624,2026-07-23T02:05:53.624Z,-23.6056136,-46.8363569,826.291,13.521,13.530,3,128,414
1784772353679,2026-07-23T02:05:53.679Z,-23.6056081,-46.8363528,826.336,13.512,13.550,3,128,414
1784772353734,2026-07-23T02:05:53.734Z,-23.6056026,-46.8363490,826.437,13.357,13.540,3,128,415
1784772353795,2026-07-23T02:05:53.795Z,-23.6055970,-46.8363453,826.485,13.284,13.390,3,128,415
1784772353856,2026-07-23T02:05:53.856Z,-23.6055913,-46.8363418,826.524,13.312,13.320,3,128,415
1784772353918,2026-07-23T02:05:53.918Z,-23.6055855,-46.8363385,826.585,13.305,13.350,3,128,415
1784772353979,2026-07-23T02:05:53.979Z,-23.6055795,-46.8363354,826.614,13.348,13.340,3,128,415
1784772354041,2026-07-23T02:05:54.041Z,-23.6055732,-46.8363325,826.639,13.501,13.380,3,128,415
1784772354102,2026-07-23T02:05:54.102Z,-23.6055669,-46.8363299,826.683,13.603,13.530,3,128,415
1784772354164,2026-07-23T02:05:54.164Z,-23.6055605,-46.8363276,826.741,13.552,13.630,3,128,415
1784772354225,2026-07-23T02:05:54.225Z,-23.6055540,-46.8363255,826.772,13.626,13.580,3,128,415
1784772354287,2026-07-23T02:05:54.287Z,-23.6055475,-46.8363236,826.799,13.634,13.650,3,128,415
1784772354348,2026-07-23T02:05:54.348Z,-23.6055409,-46.8363221,826.837,13.688,13.660,3,128,415
1784772354410,2026-07-23T02:05:54.410Z,-23.6055342,-46.8363206,826.870,13.708,13.710,3,128,415
1784772354471,2026-07-23T02:05:54.471Z,-23.6055275,-46.8363194,826.882,13.820,13.730,3,128,415
1784772354533,2026-07-23T02:05:54.533Z,-23.6055140,-46.8363176,826.979,13.791,13.840,3,128,415
1784772354594,2026-07-23T02:05:54.594Z,-23.6055072,-46.8363173,827.028,13.782,13.810,3,128,415
1784772354656,2026-07-23T02:05:54.656Z,-23.6055002,-46.8363170,827.087,13.898,13.800,3,128,415
1784772354717,2026-07-23T02:05:54.717Z,-23.6054931,-46.8363165,827.172,14.101,13.920,3,128,415
1784772354779,2026-07-23T02:05:54.779Z,-23.6054859,-46.8363165,827.216,14.223,14.120,3,128,416
1784772354831,2026-07-23T02:05:54.831Z,-23.6054788,-46.8363167,827.229,14.220,14.250,3,128,416
1784772354883,2026-07-23T02:05:54.883Z,-23.6054721,-46.8363169,827.267,13.936,14.240,3,128,416
1784772354935,2026-07-23T02:05:54.935Z,-23.6054652,-46.8363172,827.268,13.960,13.960,3,128,416
1784772354987,2026-07-23T02:05:54.987Z,-23.6054581,-46.8363178,827.290,14.041,13.980,3,128,416
1784772355039,2026-07-23T02:05:55.039Z,-23.6054511,-46.8363185,827.319,14.110,14.060,3,128,416
1784772355091,2026-07-23T02:05:55.091Z,-23.6054441,-46.8363191,827.355,14.124,14.130,3,128,416
1784772355143,2026-07-23T02:05:55.143Z,-23.6054370,-46.8363201,827.401,14.223,14.140,3,128,416
1784772355195,2026-07-23T02:05:55.195Z,-23.6054300,-46.8363213,827.445,14.215,14.240,3,128,416
1784772355247,2026-07-23T02:05:55.247Z,-23.6054231,-46.8363229,827.437,14.257,14.230,3,128,416
1784772355300,2026-07-23T02:05:55.300Z,-23.6054163,-46.8363247,827.445,14.243,14.280,3,128,416
1784772355352,2026-07-23T02:05:55.352Z,-23.6054094,-46.8363265,827.472,14.312,14.260,3,128,416
1784772355404,2026-07-23T02:05:55.404Z,-23.6054024,-46.8363283,827.469,14.435,14.330,3,128,416
1784772355456,2026-07-23T02:05:55.456Z,-23.6053953,-46.8363302,827.509,14.515,14.450,3,128,416
1784772355508,2026-07-23T02:05:55.508Z,-23.6053882,-46.8363323,827.536,14.661,14.530,3,128,416
1784772355560,2026-07-23T02:05:55.560Z,-23.6053811,-46.8363345,827.545,14.794,14.680,3,128,416
1784772355612,2026-07-23T02:05:55.612Z,-23.6053740,-46.8363365,827.564,14.876,14.810,3,128,416
1784772355664,2026-07-23T02:05:55.664Z,-23.6053669,-46.8363388,827.581,14.931,14.890,3,128,416
1784772355716,2026-07-23T02:05:55.716Z,-23.6053597,-46.8363411,827.624,14.980,14.940,3,128,416
1784772355769,2026-07-23T02:05:55.769Z,-23.6053526,-46.8363435,827.665,15.023,14.990,3,128,417
1784772355827,2026-07-23T02:05:55.827Z,-23.6053454,-46.8363460,827.721,15.155,15.040,3,128,417
1784772355885,2026-07-23T02:05:55.885Z,-23.6053381,-46.8363484,827.782,15.228,15.170,3,128,417
1784772355943,2026-07-23T02:05:55.943Z,-23.6053307,-46.8363508,827.846,15.360,15.240,3,128,417
1784772356001,2026-07-23T02:05:56.001Z,-23.6053237,-46.8363531,827.901,15.171,15.370,3,128,417
1784772356060,2026-07-23T02:05:56.060Z,-23.6053166,-46.8363555,827.941,15.047,15.190,3,128,417
1784772356118,2026-07-23T02:05:56.118Z,-23.6053095,-46.8363580,827.931,15.082,15.060,3,128,417
1784772356176,2026-07-23T02:05:56.176Z,-23.6053024,-46.8363602,827.977,15.025,15.090,3,128,417
1784772356234,2026-07-23T02:05:56.234Z,-23.6052954,-46.8363626,828.022,14.958,15.040,3,128,417
1784772356293,2026-07-23T02:05:56.293Z,-23.6052883,-46.8363649,828.044,14.967,14.970,3,128,417
1784772356351,2026-07-23T02:05:56.351Z,-23.6052812,-46.8363674,828.085,15.052,14.980,3,128,417
1784772356409,2026-07-23T02:05:56.409Z,-23.6052741,-46.8363697,828.118,14.992,15.060,3,128,417
1784772356467,2026-07-23T02:05:56.467Z,-23.6052599,-46.8363746,828.200,15.051,15.000,3,128,417
1784772356526,2026-07-23T02:05:56.526Z,-23.6052526,-46.8363769,828.227,15.196,15.060,3,128,417
1784772356584,2026-07-23T02:05:56.584Z,-23.6052453,-46.8363792,828.232,15.244,15.210,3,128,417
1784772356642,2026-07-23T02:05:56.642Z,-23.6052381,-46.8363818,828.291,15.239,15.260,3,128,417
1784772356700,2026-07-23T02:05:56.700Z,-23.6052308,-46.8363844,828.339,15.316,15.250,3,128,417
1784772356759,2026-07-23T02:05:56.759Z,-23.6052235,-46.8363871,828.411,15.425,15.330,3,128,418
1784772356817,2026-07-23T02:05:56.817Z,-23.6052162,-46.8363896,828.460,15.412,15.440,3,128,418
1784772356875,2026-07-23T02:05:56.875Z,-23.6052090,-46.8363922,828.512,15.326,15.420,3,128,418
1784772356933,2026-07-23T02:05:56.933Z,-23.6052017,-46.8363948,828.568,15.355,15.340,3,128,418
1784772356991,2026-07-23T02:05:56.991Z,-23.6051943,-46.8363974,828.634,15.500,15.370,3,128,418
1784772357050,2026-07-23T02:05:57.050Z,-23.6051869,-46.8363999,828.685,15.546,15.510,3,128,418
1784772357108,2026-07-23T02:05:57.108Z,-23.6051795,-46.8364027,828.755,15.575,15.560,3,128,418
1784772357166,2026-07-23T02:05:57.166Z,-23.6051722,-46.8364054,828.822,15.623,15.590,3,128,418
1784772357224,2026-07-23T02:05:57.224Z,-23.6051648,-46.8364079,828.893,15.579,15.640,3,128,418
1784772357283,2026-07-23T02:05:57.283Z,-23.6051573,-46.8364105,828.969,15.658,15.590,3,128,418
1784772357341,2026-07-23T02:05:57.341Z,-23.6051498,-46.8364132,829.039,15.761,15.670,3,128,418
1784772357399,2026-07-23T02:05:57.399Z,-23.6051422,-46.8364156,829.091,15.805,15.780,3,128,418
1784772357457,2026-07-23T02:05:57.457Z,-23.6051347,-46.8364181,829.155,15.789,15.820,3,128,418
1784772357516,2026-07-23T02:05:57.516Z,-23.6051271,-46.8364207,829.229,15.828,15.810,3,128,418
1784772357574,2026-07-23T02:05:57.574Z,-23.6051195,-46.8364232,829.318,15.906,15.850,3,128,418
1784772357632,2026-07-23T02:05:57.632Z,-23.6051119,-46.8364258,829.409,15.898,15.930,3,128,418
1784772357690,2026-07-23T02:05:57.690Z,-23.6051044,-46.8364283,829.473,15.893,15.920,3,128,418
1784772357749,2026-07-23T02:05:57.749Z,-23.6050970,-46.8364310,829.539,15.833,15.910,3,128,419
1784772357804,2026-07-23T02:05:57.804Z,-23.6050896,-46.8364336,829.606,15.808,15.850,3,128,419
1784772357859,2026-07-23T02:05:57.859Z,-23.6050820,-46.8364362,829.661,15.818,15.830,3,128,419
1784772357914,2026-07-23T02:05:57.914Z,-23.6050744,-46.8364386,829.717,15.899,15.840,3,128,419
1784772357969,2026-07-23T02:05:57.969Z,-23.6050669,-46.8364410,829.791,15.839,15.920,3,128,419
1784772358024,2026-07-23T02:05:58.024Z,-23.6050594,-46.8364436,829.856,15.832,15.860,3,128,419
1784772358079,2026-07-23T02:05:58.079Z,-23.6050517,-46.8364460,829.908,15.936,15.860,3,128,419
1784772358134,2026-07-23T02:05:58.134Z,-23.6050441,-46.8364485,829.983,15.949,15.960,3,128,419
1784772358189,2026-07-23T02:05:58.189Z,-23.6050367,-46.8364512,830.062,15.902,15.970,3,128,419
1784772358244,2026-07-23T02:05:58.244Z,-23.6050295,-46.8364541,830.156,15.789,15.930,3,128,419
1784772358299,2026-07-23T02:05:58.299Z,-23.6050225,-46.8364569,830.217,15.528,15.820,3,128,419
1784772358354,2026-07-23T02:05:58.354Z,-23.6050155,-46.8364598,830.276,15.338,15.560,3,128,419
1784772358409,2026-07-23T02:05:58.409Z,-23.6050083,-46.8364623,830.351,15.279,15.370,3,128,419
1784772358464,2026-07-23T02:05:58.464Z,-23.6050009,-46.8364650,830.437,15.424,15.310,3,128,419
1784772358519,2026-07-23T02:05:58.519Z,-23.6049933,-46.8364679,830.525,15.743,15.450,3,128,419
1784772358574,2026-07-23T02:05:58.574Z,-23.6049854,-46.8364705,830.609,16.012,15.770,3,128,419
1784772358629,2026-07-23T02:05:58.629Z,-23.6049777,-46.8364734,830.685,16.173,16.040,3,128,419
1784772358684,2026-07-23T02:05:58.684Z,-23.6049696,-46.8364760,830.772,16.384,16.200,3,128,419
1784772358739,2026-07-23T02:05:58.739Z,-23.6049618,-46.8364788,830.847,16.480,16.410,3,128,419
1784772358794,2026-07-23T02:05:58.794Z,-23.6049537,-46.8364813,830.902,16.586,16.510,3,137,420
1784772358852,2026-07-23T02:05:58.852Z,-23.6049459,-46.8364837,830.965,16.489,16.620,3,137,420
1784772358910,2026-07-23T02:05:58.910Z,-23.6049383,-46.8364861,831.026,16.297,16.520,3,137,420
1784772358968,2026-07-23T02:05:58.968Z,-23.6049308,-46.8364889,831.080,16.235,16.330,3,137,420
1784772359026,2026-07-23T02:05:59.026Z,-23.6049231,-46.8364918,831.137,16.281,16.270,3,137,420
1784772359085,2026-07-23T02:05:59.085Z,-23.6049153,-46.8364945,831.195,16.394,16.310,3,137,420
1784772359143,2026-07-23T02:05:59.143Z,-23.6049076,-46.8364974,831.254,16.412,16.430,3,137,420
1784772359201,2026-07-23T02:05:59.201Z,-23.6048998,-46.8365002,831.310,16.464,16.440,3,137,420
1784772359259,2026-07-23T02:05:59.259Z,-23.6048921,-46.8365032,831.381,16.491,16.490,3,137,420
1784772359318,2026-07-23T02:05:59.318Z,-23.6048844,-46.8365059,831.397,16.437,16.520,3,137,420
1784772359376,2026-07-23T02:05:59.376Z,-23.6048766,-46.8365088,831.439,16.513,16.470,3,137,420
1784772359434,2026-07-23T02:05:59.434Z,-23.6048688,-46.8365118,831.470,16.607,16.540,3,137,420
1784772359492,2026-07-23T02:05:59.492Z,-23.6048609,-46.8365147,831.496,16.670,16.640,3,137,420
1784772359551,2026-07-23T02:05:59.551Z,-23.6048454,-46.8365208,831.587,16.682,16.700,3,137,420
1784772359609,2026-07-23T02:05:59.609Z,-23.6048376,-46.8365241,831.597,16.769,16.710,3,137,420
1784772359667,2026-07-23T02:05:59.667Z,-23.6048299,-46.8365272,831.621,16.737,16.790,3,137,420
1784772359725,2026-07-23T02:05:59.725Z,-23.6048221,-46.8365304,831.642,16.758,16.760,3,137,420
1784772359784,2026-07-23T02:05:59.784Z,-23.6048143,-46.8365337,831.665,16.848,16.780,3,137,421
1784772359839,2026-07-23T02:05:59.839Z,-23.6048067,-46.8365372,831.700,16.749,16.870,3,137,421
1784772359894,2026-07-23T02:05:59.894Z,-23.6047992,-46.8365406,831.731,16.676,16.770,3,137,421
1784772359949,2026-07-23T02:05:59.949Z,-23.6047917,-46.8365444,831.792,16.691,16.700,3,137,421
1784772360004,2026-07-23T02:06:00.004Z,-23.6047841,-46.8365479,831.786,16.694,16.710,3,137,421
1784772360059,2026-07-23T02:06:00.059Z,-23.6047766,-46.8365517,831.798,16.735,16.710,3,137,421
1784772360114,2026-07-23T02:06:00.114Z,-23.6047689,-46.8365555,831.836,16.822,16.750,3,137,421
1784772360169,2026-07-23T02:06:00.169Z,-23.6047613,-46.8365595,831.877,16.908,16.840,3,137,421
1784772360224,2026-07-23T02:06:00.224Z,-23.6047538,-46.8365636,831.886,16.971,16.930,3,137,421
1784772360279,2026-07-23T02:06:00.279Z,-23.6047464,-46.8365680,831.874,17.022,16.990,3,137,421
1784772360334,2026-07-23T02:06:00.334Z,-23.6047392,-46.8365725,831.888,16.998,17.040,3,137,421
1784772360389,2026-07-23T02:06:00.389Z,-23.6047319,-46.8365772,831.907,17.043,17.010,3,137,421
1784772360444,2026-07-23T02:06:00.444Z,-23.6047247,-46.8365822,831.908,17.086,17.060,3,137,421
1784772360499,2026-07-23T02:06:00.499Z,-23.6047178,-46.8365872,831.885,17.056,17.100,3,137,421
1784772360554,2026-07-23T02:06:00.554Z,-23.6047110,-46.8365925,831.889,17.007,17.070,3,137,421
1784772360609,2026-07-23T02:06:00.609Z,-23.6047044,-46.8365979,831.904,16.915,17.020,3,137,421
1784772360664,2026-07-23T02:06:00.664Z,-23.6046979,-46.8366038,831.962,16.881,16.930,3,137,421
1784772360719,2026-07-23T02:06:00.719Z,-23.6046913,-46.8366096,831.975,16.942,16.890,3,137,421
1784772360774,2026-07-23T02:06:00.774Z,-23.6046848,-46.8366154,832.005,16.954,16.950,3,128,422
1784772360974,2026-07-23T02:06:00.974Z,-23.6046784,-46.8366215,832.034,16.956,16.960,3,128,422
1784772361174,2026-07-23T02:06:01.174Z,-23.6046722,-46.8366278,832.042,16.975,16.970,3,128,422
1784772361374,2026-07-23T02:06:01.374Z,-23.6046658,-46.8366342,832.019,17.139,16.990,3,128,422
1784772361574,2026-07-23T02:06:01.574Z,-23.6046596,-46.8366407,831.999,17.188,17.150,3,128,422
