epoch,utc,lat,lng,alt_m,speed2d_ms,speed3d_ms,fix,dop,payload
1784771405480,2026-07-23T01:50:05.480Z,-23.6052650,-46.8362063,831.099,0.012,0.040,3,120,0
1784771405607,2026-07-23T01:50:05.607Z,-23.6052649,-46.8362063,831.103,0.031,0.010,3,120,0
1784771405734,2026-07-23T01:50:05.734Z,-23.6052649,-46.8362062,831.117,0.028,0.030,3,120,0
1784771405862,2026-07-23T01:50:05.862Z,-23.6052649,-46.8362062,831.125,0.026,0.030,3,120,0
1784771405989,2026-07-23T01:50:05.989Z,-23.6052649,-46.8362062,831.120,0.005,0.030,3,120,0
1784771406116,2026-07-23T01:50:06.116Z,-23.6052649,-46.8362062,831.114,0.013,0.010,3,120,0
1784771406244,2026-07-23T01:50:06.244Z,-23.6052649,-46.8362061,831.117,0.043,0.010,3,120,0
1784771406371,2026-07-23T01:50:06.371Z,-23.6052649,-46.8362060,831.122,0.130,0.040,3,120,0
1784771406498,2026-07-23T01:50:06.498Z,-23.6052651,-46.8362058,831.113,0.282,0.130,3,120,0
1784771406626,2026-07-23T01:50:06.626Z,-23.6052651,-46.8362055,831.120,0.346,0.280,3,120,0
1784771406753,2026-07-23T01:50:06.753Z,-23.6052652,-46.8362054,831.129,0.384,0.350,3,120,0
1784771406881,2026-07-23T01:50:06.881Z,-23.6052653,-46.8362051,831.125,0.462,0.380,3,120,0
1784771407008,2026-07-23T01:50:07.008Z,-23.6052655,-46.8362049,831.118,0.456,0.460,3,120,0
1784771407135,2026-07-23T01:50:07.135Z,-23.6052658,-46.8362049,831.118,0.503,0.460,3,120,0
1784771407263,2026-07-23T01:50:07.263Z,-23.6052661,-46.8362050,831.120,0.506,0.500,3,120,0
1784771407390,2026-07-23T01:50:07.390Z,-23.6052664,-46.8362050,831.127,0.559,0.510,3,120,0
1784771407517,2026-07-23T01:50:07.517Z,-23.6052667,-46.8362049,831.127,0.596,0.560,3,120,0
1784771407645,2026-07-23T01:50:07.645Z,-23.6052669,-46.8362050,831.148,0.559,0.600,3,120,0
1784771407772,2026-07-23T01:50:07.772Z,-23.6052670,-46.8362051,831.165,0.398,0.560,3,120,0
1784771407900,2026-07-23T01:50:07.900Z,-23.6052669,-46.8362051,831.163,0.153,0.400,3,120,1
1784771407966,2026-07-23T01:50:07.966Z,-23.6052668,-46.8362051,831.130,0.115,0.160,3,120,1
1784771408032,2026-07-23T01:50:08.032Z,-23.6052667,-46.8362049,831.126,0.137,0.120,3,120,1
1784771408098,2026-07-23T01:50:08.098Z,-23.6052665,-46.8362048,831.132,0.249,0.140,3,120,1
1784771408164,2026-07-23T01:50:08.164Z,-23.6052662,-46.8362047,831.140,0.464,0.250,3,120,1
1784771408230,2026-07-23T01:50:08.230Z,-23.6052657,-46.8362047,831.152,0.679,0.460,3,120,1
1784771408296,2026-07-23T01:50:08.296Z,-23.6052652,-46.8362047,831.149,0.813,0.680,3,120,1
1784771408362,2026-07-23T01:50:08.362Z,-23.6052649,-46.8362047,831.142,0.739,0.810,3,120,1
1784771408428,2026-07-23T01:50:08.428Z,-23.6052645,-46.8362046,831.143,0.728,0.740,3,120,1
1784771408494,2026-07-23T01:50:08.494Z,-23.6052643,-46.8362045,831.157,0.669,0.730,3,120,1
1784771408560,2026-07-23T01:50:08.560Z,-23.6052639,-46.8362048,831.152,0.452,0.670,3,120,1
1784771408626,2026-07-23T01:50:08.626Z,-23.6052640,-46.8362050,831.149,0.326,0.450,3,120,1
1784771408692,2026-07-23T01:50:08.692Z,-23.6052639,-46.8362050,831.145,0.279,0.330,3,120,1
1784771408758,2026-07-23T01:50:08.758Z,-23.6052636,-46.8362049,831.148,0.331,0.280,3,120,1
1784771408824,2026-07-23T01:50:08.824Z,-23.6052633,-46.8362048,831.126,0.410,0.330,3,120,1
1784771408890,2026-07-23T01:50:08.890Z,-23.6052633,-46.8362049,831.133,0.294,0.410,3,120,2
1784771408945,2026-07-23T01:50:08.945Z,-23.6052634,-46.8362050,831.136,0.155,0.290,3,120,2
1784771409000,2026-07-23T01:50:09.000Z,-23.6052635,-46.8362049,831.138,0.032,0.150,3,120,2
1784771409055,2026-07-23T01:50:09.055Z,-23.6052635,-46.8362049,831.132,0.047,0.030,3,120,2
1784771409110,2026-07-23T01:50:09.110Z,-23.6052637,-46.8362049,831.128,0.153,0.050,3,120,2
1784771409165,2026-07-23T01:50:09.165Z,-23.6052641,-46.8362048,831.126,0.351,0.150,3,120,2
1784771409220,2026-07-23T01:50:09.220Z,-23.6052647,-46.8362046,831.122,0.693,0.350,3,120,2
1784771409275,2026-07-23T01:50:09.275Z,-23.6052656,-46.8362044,831.120,1.097,0.690,3,120,2
1784771409330,2026-07-23T01:50:09.330Z,-23.6052665,-46.8362044,831.135,1.279,1.100,3,120,2
1784771409385,2026-07-23T01:50:09.385Z,-23.6052673,-46.8362046,831.127,1.445,1.280,3,120,2
1784771409440,2026-07-23T01:50:09.440Z,-23.6052680,-46.8362052,831.155,1.447,1.450,3,120,2
1784771409495,2026-07-23T01:50:09.495Z,-23.6052684,-46.8362058,831.185,1.337,1.450,3,120,2
1784771409550,2026-07-23T01:50:09.550Z,-23.6052685,-46.8362061,831.222,1.033,1.340,3,120,2
1784771409605,2026-07-23T01:50:09.605Z,-23.6052684,-46.8362061,831.240,0.656,1.030,3,120,2
1784771409660,2026-07-23T01:50:09.660Z,-23.6052682,-46.8362060,831.258,0.317,0.660,3,120,2
1784771409715,2026-07-23T01:50:09.715Z,-23.6052681,-46.8362059,831.282,0.190,0.330,3,120,2
1784771409770,2026-07-23T01:50:09.770Z,-23.6052680,-46.8362057,831.282,0.106,0.210,3,120,2
1784771409825,2026-07-23T01:50:09.825Z,-23.6052678,-46.8362058,831.279,0.066,0.150,3,120,2
1784771409880,2026-07-23T01:50:09.880Z,-23.6052676,-46.8362058,831.275,0.168,0.120,3,120,2
1784771409935,2026-07-23T01:50:09.935Z,-23.6052674,-46.8362059,831.266,0.215,0.190,3,120,3
1784771409987,2026-07-23T01:50:09.987Z,-23.6052673,-46.8362060,831.257,0.256,0.230,3,120,3
1784771410039,2026-07-23T01:50:10.039Z,-23.6052670,-46.8362060,831.264,0.334,0.270,3,120,3
1784771410091,2026-07-23T01:50:10.091Z,-23.6052668,-46.8362062,831.273,0.366,0.340,3,120,3
1784771410143,2026-07-23T01:50:10.143Z,-23.6052667,-46.8362062,831.275,0.332,0.370,3,120,3
1784771410195,2026-07-23T01:50:10.195Z,-23.6052666,-46.8362063,831.283,0.286,0.340,3,120,3
1784771410247,2026-07-23T01:50:10.247Z,-23.6052665,-46.8362063,831.289,0.257,0.300,3,120,3
1784771410299,2026-07-23T01:50:10.299Z,-23.6052663,-46.8362062,831.278,0.280,0.270,3,120,3
1784771410351,2026-07-23T01:50:10.351Z,-23.6052662,-46.8362062,831.265,0.268,0.290,3,120,3
1784771410403,2026-07-23T01:50:10.403Z,-23.6052661,-46.8362064,831.284,0.231,0.270,3,120,3
1784771410456,2026-07-23T01:50:10.456Z,-23.6052661,-46.8362066,831.289,0.232,0.240,3,120,3
1784771410508,2026-07-23T01:50:10.508Z,-23.6052661,-46.8362065,831.304,0.114,0.240,3,120,3
1784771410560,2026-07-23T01:50:10.560Z,-23.6052662,-46.8362063,831.281,0.074,0.140,3,120,3
1784771410612,2026-07-23T01:50:10.612Z,-23.6052663,-46.8362062,831.270,0.123,0.090,3,120,3
1784771410664,2026-07-23T01:50:10.664Z,-23.6052662,-46.8362061,831.230,0.104,0.130,3,120,3
1784771410716,2026-07-23T01:50:10.716Z,-23.6052663,-46.8362061,831.236,0.129,0.110,3,120,3
1784771410768,2026-07-23T01:50:10.768Z,-23.6052664,-46.8362060,831.240,0.158,0.130,3,120,3
1784771410820,2026-07-23T01:50:10.820Z,-23.6052664,-46.8362062,831.238,0.101,0.160,3,120,3
1784771410872,2026-07-23T01:50:10.872Z,-23.6052663,-46.8362061,831.252,0.028,0.100,3,120,3
1784771410925,2026-07-23T01:50:10.925Z,-23.6052662,-46.8362062,831.254,0.069,0.040,3,120,4
1784771410983,2026-07-23T01:50:10.983Z,-23.6052661,-46.8362062,831.249,0.138,0.070,3,120,4
1784771411041,2026-07-23T01:50:11.041Z,-23.6052660,-46.8362063,831.266,0.199,0.140,3,120,4
1784771411099,2026-07-23T01:50:11.099Z,-23.6052660,-46.8362063,831.275,0.132,0.200,3,120,4
1784771411157,2026-07-23T01:50:11.157Z,-23.6052659,-46.8362063,831.269,0.100,0.140,3,120,4
1784771411216,2026-07-23T01:50:11.216Z,-23.6052659,-46.8362064,831.283,0.106,0.100,3,120,4
1784771411274,2026-07-23T01:50:11.274Z,-23.6052660,-46.8362064,831.277,0.065,0.110,3,120,4
1784771411332,2026-07-23T01:50:11.332Z,-23.6052660,-46.8362064,831.279,0.037,0.070,3,120,4
1784771411390,2026-07-23T01:50:11.390Z,-23.6052659,-46.8362063,831.307,0.088,0.040,3,120,4
1784771411449,2026-07-23T01:50:11.449Z,-23.6052660,-46.8362062,831.293,0.136,0.100,3,120,4
1784771411507,2026-07-23T01:50:11.507Z,-23.6052660,-46.8362062,831.280,0.031,0.140,3,120,4
1784771411565,2026-07-23T01:50:11.565Z,-23.6052659,-46.8362063,831.283,0.073,0.040,3,120,4
1784771411623,2026-07-23T01:50:11.623Z,-23.6052659,-46.8362062,831.283,0.019,0.080,3,120,4
1784771411682,2026-07-23T01:50:11.682Z,-23.6052659,-46.8362062,831.291,0.047,0.030,3,120,4
1784771411740,2026-07-23T01:50:11.740Z,-23.6052658,-46.8362063,831.313,0.087,0.050,3,120,4
1784771411798,2026-07-23T01:50:11.798Z,-23.6052656,-46.8362064,831.311,0.148,0.090,3,120,4
1784771411856,2026-07-23T01:50:11.856Z,-23.6052656,-46.8362063,831.311,0.143,0.150,3,120,4
1784771411915,2026-07-23T01:50:11.915Z,-23.6052655,-46.8362062,831.318,0.126,0.140,3,120,5
1784771411976,2026-07-23T01:50:11.976Z,-23.6052655,-46.8362063,831.323,0.061,0.130,3,120,5
1784771412038,2026-07-23T01:50:12.038Z,-23.6052655,-46.8362064,831.351,0.034,0.070,3,120,5
1784771412100,2026-07-23T01:50:12.100Z,-23.6052655,-46.8362063,831.362,0.073,0.050,3,120,5
1784771412162,2026-07-23T01:50:12.162Z,-23.6052655,-46.8362063,831.376,0.088,0.090,3,120,5
1784771412224,2026-07-23T01:50:12.224Z,-23.6052655,-46.8362063,831.367,0.057,0.100,3,120,5
1784771412286,2026-07-23T01:50:12.286Z,-23.6052654,-46.8362062,831.364,0.086,0.070,3,120,5
1784771412348,2026-07-23T01:50:12.348Z,-23.6052654,-46.8362060,831.374,0.167,0.090,3,120,5
1784771412410,2026-07-23T01:50:12.410Z,-23.6052653,-46.8362061,831.405,0.087,0.170,3,120,5
1784771412471,2026-07-23T01:50:12.471Z,-23.6052654,-46.8362060,831.406,0.100,0.110,3,120,5
1784771412533,2026-07-23T01:50:12.533Z,-23.6052653,-46.8362059,831.384,0.134,0.120,3,120,5
1784771412595,2026-07-23T01:50:12.595Z,-23.6052652,-46.8362058,831.386,0.148,0.140,3,120,5
1784771412657,2026-07-23T01:50:12.657Z,-23.6052651,-46.8362057,831.388,0.174,0.150,3,120,5
1784771412719,2026-07-23T01:50:12.719Z,-23.6052650,-46.8362056,831.405,0.207,0.180,3,120,5
1784771412781,2026-07-23T01:50:12.781Z,-23.6052649,-46.8362055,831.370,0.160,0.210,3,120,5
1784771412843,2026-07-23T01:50:12.843Z,-23.6052650,-46.8362055,831.367,0.098,0.160,3,120,5
1784771412905,2026-07-23T01:50:12.905Z,-23.6052650,-46.8362055,831.377,0.038,0.100,3,120,6
1784771412957,2026-07-23T01:50:12.957Z,-23.6052650,-46.8362056,831.376,0.026,0.050,3,120,6
1784771413009,2026-07-23T01:50:13.009Z,-23.6052649,-46.8362056,831.363,0.063,0.040,3,120,6
1784771413061,2026-07-23T01:50:13.061Z,-23.6052649,-46.8362056,831.371,0.041,0.070,3,120,6
1784771413113,2026-07-23T01:50:13.113Z,-23.6052649,-46.8362056,831.386,0.055,0.060,3,120,6
1784771413165,2026-07-23T01:50:13.165Z,-23.6052649,-46.8362056,831.373,0.039,0.070,3,120,6
1784771413217,2026-07-23T01:50:13.217Z,-23.6052649,-46.8362056,831.376,0.030,0.060,3,120,6
1784771413269,2026-07-23T01:50:13.269Z,-23.6052650,-46.8362056,831.360,0.077,0.050,3,120,6
1784771413321,2026-07-23T01:50:13.321Z,-23.6052651,-46.8362056,831.330,0.193,0.080,3,120,6
1784771413373,2026-07-23T01:50:13.373Z,-23.6052653,-46.8362057,831.329,0.298,0.190,3,120,6
1784771413426,2026-07-23T01:50:13.426Z,-23.6052655,-46.8362058,831.319,0.350,0.300,3,120,6
1784771413478,2026-07-23T01:50:13.478Z,-23.6052656,-46.8362058,831.307,0.274,0.350,3,120,6
1784771413530,2026-07-23T01:50:13.530Z,-23.6052655,-46.8362057,831.285,0.093,0.270,3,120,6
1784771413582,2026-07-23T01:50:13.582Z,-23.6052655,-46.8362056,831.277,0.010,0.090,3,120,6
1784771413634,2026-07-23T01:50:13.634Z,-23.6052654,-46.8362058,831.285,0.097,0.020,3,120,6
1784771413686,2026-07-23T01:50:13.686Z,-23.6052653,-46.8362058,831.308,0.116,0.100,3,120,6
1784771413738,2026-07-23T01:50:13.738Z,-23.6052655,-46.8362057,831.290,0.071,0.120,3,120,6
1784771413790,2026-07-23T01:50:13.790Z,-23.6052655,-46.8362057,831.289,0.079,0.070,3,120,6
1784771413842,2026-07-23T01:50:13.842Z,-23.6052657,-46.8362057,831.282,0.177,0.080,3,120,6
1784771413895,2026-07-23T01:50:13.895Z,-23.6052657,-46.8362058,831.285,0.141,0.180,3,120,7
1784771413950,2026-07-23T01:50:13.950Z,-23.6052657,-46.8362058,831.281,0.078,0.140,3,120,7
1784771414005,2026-07-23T01:50:14.005Z,-23.6052656,-46.8362059,831.290,0.091,0.080,3,120,7
1784771414060,2026-07-23T01:50:14.060Z,-23.6052656,-46.8362056,831.257,0.061,0.090,3,120,7
1784771414115,2026-07-23T01:50:14.115Z,-23.6052657,-46.8362056,831.258,0.062,0.060,3,120,7
1784771414170,2026-07-23T01:50:14.170Z,-23.6052656,-46.8362056,831.269,0.045,0.060,3,120,7
1784771414225,2026-07-23T01:50:14.225Z,-23.6052656,-46.8362056,831.260,0.050,0.040,3,120,7
1784771414280,2026-07-23T01:50:14.280Z,-23.6052656,-46.8362055,831.253,0.075,0.050,3,120,7
1784771414335,2026-07-23T01:50:14.335Z,-23.6052656,-46.8362054,831.231,0.132,0.070,3,120,7
1784771414390,2026-07-23T01:50:14.390Z,-23.6052657,-46.8362054,831.241,0.093,0.130,3,120,7
1784771414445,2026-07-23T01:50:14.445Z,-23.6052657,-46.8362055,831.240,0.032,0.090,3,120,7
1784771414500,2026-07-23T01:50:14.500Z,-23.6052656,-46.8362056,831.240,0.087,0.030,3,120,7
1784771414555,2026-07-23T01:50:14.555Z,-23.6052656,-46.8362056,831.228,0.093,0.090,3,120,7
1784771414610,2026-07-23T01:50:14.610Z,-23.6052656,-46.8362055,831.215,0.027,0.090,3,120,7
1784771414665,2026-07-23T01:50:14.665Z,-23.6052656,-46.8362054,831.208,0.049,0.030,3,120,7
1784771414720,2026-07-23T01:50:14.720Z,-23.6052656,-46.8362053,831.212,0.081,0.050,3,120,7
1784771414775,2026-07-23T01:50:14.775Z,-23.6052656,-46.8362053,831.211,0.068,0.080,3,120,7
1784771414830,2026-07-23T01:50:14.830Z,-23.6052656,-46.8362053,831.201,0.065,0.070,3,120,7
1784771414885,2026-07-23T01:50:14.885Z,-23.6052657,-46.8362053,831.195,0.077,0.070,3,120,8
1784771414940,2026-07-23T01:50:14.940Z,-23.6052657,-46.8362053,831.197,0.049,0.080,3,120,8
1784771414995,2026-07-23T01:50:14.995Z,-23.6052657,-46.8362054,831.186,0.076,0.050,3,120,8
1784771415050,2026-07-23T01:50:15.050Z,-23.6052657,-46.8362054,831.191,0.065,0.080,3,120,8
1784771415105,2026-07-23T01:50:15.105Z,-23.6052658,-46.8362054,831.186,0.088,0.070,3,120,8
1784771415160,2026-07-23T01:50:15.160Z,-23.6052657,-46.8362054,831.191,0.023,0.090,3,120,8
1784771415215,2026-07-23T01:50:15.215Z,-23.6052657,-46.8362054,831.198,0.008,0.030,3,120,8
1784771415270,2026-07-23T01:50:15.270Z,-23.6052657,-46.8362054,831.195,0.030,0.010,3,120,8
1784771415325,2026-07-23T01:50:15.325Z,-23.6052657,-46.8362054,831.189,0.010,0.030,3,120,8
1784771415380,2026-07-23T01:50:15.380Z,-23.6052657,-46.8362053,831.189,0.062,0.010,3,120,8
1784771415435,2026-07-23T01:50:15.435Z,-23.6052657,-46.8362054,831.203,0.041,0.060,3,120,8
1784771415490,2026-07-23T01:50:15.490Z,-23.6052657,-46.8362053,831.194,0.064,0.040,3,120,8
1784771415545,2026-07-23T01:50:15.545Z,-23.6052658,-46.8362050,831.157,0.215,0.060,3,120,8
1784771415600,2026-07-23T01:50:15.600Z,-23.6052660,-46.8362048,831.167,0.306,0.220,3,120,8
1784771415655,2026-07-23T01:50:15.655Z,-23.6052662,-46.8362047,831.178,0.382,0.310,3,120,8
1784771415710,2026-07-23T01:50:15.710Z,-23.6052664,-46.8362047,831.189,0.360,0.380,3,120,8
1784771415765,2026-07-23T01:50:15.765Z,-23.6052665,-46.8362047,831.193,0.304,0.360,3,120,8
1784771415820,2026-07-23T01:50:15.820Z,-23.6052667,-46.8362045,831.194,0.366,0.300,3,120,8
1784771415875,2026-07-23T01:50:15.875Z,-23.6052670,-46.8362043,831.187,0.465,0.370,3,120,9
1784771415927,2026-07-23T01:50:15.927Z,-23.6052672,-46.8362041,831.186,0.500,0.470,3,120,9
1784771415979,2026-07-23T01:50:15.979Z,-23.6052675,-46.8362042,831.196,0.539,0.500,3,120,9
1784771416031,2026-07-23T01:50:16.031Z,-23.6052680,-46.8362041,831.197,0.704,0.540,3,120,9
1784771416083,2026-07-23T01:50:16.083Z,-23.6052684,-46.8362041,831.184,0.719,0.700,3,120,9
1784771416135,2026-07-23T01:50:16.135Z,-23.6052685,-46.8362041,831.194,0.530,0.720,3,120,9
1784771416187,2026-07-23T01:50:16.187Z,-23.6052685,-46.8362040,831.195,0.301,0.530,3,120,9
1784771416239,2026-07-23T01:50:16.239Z,-23.6052684,-46.8362041,831.197,0.151,0.300,3,120,9
1784771416291,2026-07-23T01:50:16.291Z,-23.6052683,-46.8362041,831.195,0.020,0.150,3,120,9
1784771416343,2026-07-23T01:50:16.343Z,-23.6052682,-46.8362041,831.190,0.091,0.020,3,120,9
1784771416396,2026-07-23T01:50:16.396Z,-23.6052681,-46.8362042,831.186,0.158,0.090,3,120,9
1784771416448,2026-07-23T01:50:16.448Z,-23.6052680,-46.8362043,831.186,0.195,0.160,3,120,9
1784771416500,2026-07-23T01:50:16.500Z,-23.6052679,-46.8362044,831.175,0.226,0.200,3,120,9
1784771416552,2026-07-23T01:50:16.552Z,-23.6052679,-46.8362047,831.183,0.284,0.230,3,120,9
1784771416604,2026-07-23T01:50:16.604Z,-23.6052679,-46.8362048,831.187,0.286,0.280,3,120,9
1784771416656,2026-07-23T01:50:16.656Z,-23.6052679,-46.8362049,831.182,0.240,0.290,3,120,9
1784771416708,2026-07-23T01:50:16.708Z,-23.6052679,-46.8362050,831.194,0.224,0.240,3,120,9
1784771416760,2026-07-23T01:50:16.760Z,-23.6052678,-46.8362050,831.191,0.145,0.220,3,120,9
1784771416812,2026-07-23T01:50:16.812Z,-23.6052677,-46.8362051,831.187,0.232,0.140,3,120,9
1784771416865,2026-07-23T01:50:16.865Z,-23.6052677,-46.8362050,831.165,0.113,0.230,3,120,10
1784771416923,2026-07-23T01:50:16.923Z,-23.6052678,-46.8362049,831.142,0.040,0.120,3,120,10
1784771416981,2026-07-23T01:50:16.981Z,-23.6052678,-46.8362048,831.141,0.023,0.060,3,120,10
1784771417039,2026-07-23T01:50:17.039Z,-23.6052677,-46.8362048,831.158,0.067,0.050,3,120,10
1784771417097,2026-07-23T01:50:17.097Z,-23.6052677,-46.8362048,831.173,0.060,0.070,3,120,10
1784771417155,2026-07-23T01:50:17.155Z,-23.6052676,-46.8362048,831.171,0.069,0.060,3,120,10
1784771417213,2026-07-23T01:50:17.213Z,-23.6052677,-46.8362047,831.165,0.091,0.070,3,120,10
1784771417271,2026-07-23T01:50:17.271Z,-23.6052676,-46.8362045,831.159,0.165,0.090,3,120,10
1784771417329,2026-07-23T01:50:17.329Z,-23.6052675,-46.8362045,831.155,0.146,0.170,3,120,10
1784771417387,2026-07-23T01:50:17.387Z,-23.6052674,-46.8362044,831.162,0.186,0.150,3,120,10
1784771417445,2026-07-23T01:50:17.445Z,-23.6052673,-46.8362044,831.167,0.215,0.190,3,120,10
1784771417503,2026-07-23T01:50:17.503Z,-23.6052672,-46.8362044,831.164,0.188,0.220,3,120,10
1784771417561,2026-07-23T01:50:17.561Z,-23.6052672,-46.8362043,831.168,0.135,0.190,3,120,10
1784771417619,2026-07-23T01:50:17.619Z,-23.6052672,-46.8362043,831.152,0.115,0.130,3,120,10
1784771417677,2026-07-23T01:50:17.677Z,-23.6052672,-46.8362044,831.159,0.071,0.120,3,120,10
1784771417735,2026-07-23T01:50:17.735Z,-23.6052672,-46.8362042,831.148,0.110,0.070,3,120,10
1784771417793,2026-07-23T01:50:17.793Z,-23.6052672,-46.8362043,831.162,0.047,0.110,3,120,10
1784771417851,2026-07-23T01:50:17.851Z,-23.6052672,-46.8362044,831.172,0.044,0.050,3,120,10
1784771417910,2026-07-23T01:50:17.910Z,-23.6052671,-46.8362044,831.180,0.056,0.040,3,120,11
1784771417962,2026-07-23T01:50:17.962Z,-23.6052671,-46.8362042,831.173,0.127,0.060,3,120,11
1784771418014,2026-07-23T01:50:18.014Z,-23.6052669,-46.8362041,831.173,0.174,0.130,3,120,11
1784771418066,2026-07-23T01:50:18.066Z,-23.6052668,-46.8362040,831.172,0.203,0.170,3,120,11
1784771418118,2026-07-23T01:50:18.118Z,-23.6052668,-46.8362039,831.177,0.148,0.200,3,120,11
1784771418170,2026-07-23T01:50:18.170Z,-23.6052667,-46.8362040,831.203,0.168,0.150,3,120,11
1784771418222,2026-07-23T01:50:18.222Z,-23.6052667,-46.8362041,831.178,0.143,0.170,3,120,11
1784771418274,2026-07-23T01:50:18.274Z,-23.6052667,-46.8362040,831.161,0.109,0.140,3,120,11
1784771418326,2026-07-23T01:50:18.326Z,-23.6052667,-46.8362039,831.155,0.039,0.110,3,120,11
1784771418378,2026-07-23T01:50:18.378Z,-23.6052667,-46.8362039,831.161,0.003,0.040,3,120,11
1784771418431,2026-07-23T01:50:18.431Z,-23.6052669,-46.8362039,831.140,0.152,0.010,3,120,11
1784771418483,2026-07-23T01:50:18.483Z,-23.6052671,-46.8362039,831.140,0.213,0.150,3,120,11
1784771418535,2026-07-23T01:50:18.535Z,-23.6052671,-46.8362040,831.147,0.166,0.220,3,120,11
1784771418587,2026-07-23T01:50:18.587Z,-23.6052670,-46.8362041,831.168,0.111,0.170,3,120,11
1784771418639,2026-07-23T01:50:18.639Z,-23.6052668,-46.8362041,831.180,0.138,0.110,3,120,11
1784771418691,2026-07-23T01:50:18.691Z,-23.6052667,-46.8362042,831.195,0.200,0.140,3,120,11
1784771418743,2026-07-23T01:50:18.743Z,-23.6052667,-46.8362040,831.189,0.132,0.200,3,120,11
1784771418795,2026-07-23T01:50:18.795Z,-23.6052666,-46.8362039,831.185,0.136,0.130,3,120,11
1784771418847,2026-07-23T01:50:18.847Z,-23.6052666,-46.8362039,831.184,0.100,0.140,3,120,11
1784771418900,2026-07-23T01:50:18.900Z,-23.6052665,-46.8362038,831.195,0.164,0.100,3,120,12
1784771418961,2026-07-23T01:50:18.961Z,-23.6052665,-46.8362037,831.190,0.120,0.160,3,120,12
1784771419023,2026-07-23T01:50:19.023Z,-23.6052665,-46.8362036,831.190,0.092,0.120,3,120,12
1784771419085,2026-07-23T01:50:19.085Z,-23.6052665,-46.8362036,831.196,0.044,0.090,3,120,12
1784771419147,2026-07-23T01:50:19.147Z,-23.6052665,-46.8362037,831.195,0.013,0.040,3,120,12
1784771419209,2026-07-23T01:50:19.209Z,-23.6052664,-46.8362037,831.197,0.074,0.010,3,120,12
1784771419271,2026-07-23T01:50:19.271Z,-23.6052663,-46.8362037,831.208,0.062,0.070,3,120,12
1784771419333,2026-07-23T01:50:19.333Z,-23.6052664,-46.8362036,831.223,0.041,0.060,3,120,12
1784771419395,2026-07-23T01:50:19.395Z,-23.6052664,-46.8362036,831.251,0.025,0.040,3,120,12
1784771419456,2026-07-23T01:50:19.456Z,-23.6052664,-46.8362034,831.249,0.110,0.040,3,120,12
1784771419518,2026-07-23T01:50:19.518Z,-23.6052664,-46.8362034,831.238,0.053,0.110,3,120,12
1784771419580,2026-07-23T01:50:19.580Z,-23.6052665,-46.8362034,831.238,0.052,0.060,3,120,12
1784771419642,2026-07-23T01:50:19.642Z,-23.6052665,-46.8362034,831.245,0.068,0.050,3,120,12
1784771419704,2026-07-23T01:50:19.704Z,-23.6052663,-46.8362033,831.241,0.139,0.070,3,120,12
1784771419766,2026-07-23T01:50:19.766Z,-23.6052661,-46.8362033,831.222,0.200,0.140,3,120,12
1784771419828,2026-07-23T01:50:19.828Z,-23.6052662,-46.8362032,831.238,0.103,0.200,3,120,12
1784771419890,2026-07-23T01:50:19.890Z,-23.6052663,-46.8362030,831.229,0.120,0.100,3,120,13
1784771419945,2026-07-23T01:50:19.945Z,-23.6052665,-46.8362030,831.215,0.197,0.120,3,120,13
1784771420000,2026-07-23T01:50:20.000Z,-23.6052669,-46.8362030,831.208,0.395,0.200,3,120,13
1784771420055,2026-07-23T01:50:20.055Z,-23.6052672,-46.8362031,831.225,0.478,0.400,3,120,13
1784771420110,2026-07-23T01:50:20.110Z,-23.6052675,-46.8362032,831.211,0.506,0.480,3,120,13
1784771420165,2026-07-23T01:50:20.165Z,-23.6052678,-46.8362032,831.182,0.505,0.510,3,120,13
1784771420220,2026-07-23T01:50:20.220Z,-23.6052678,-46.8362033,831.163,0.366,0.510,3,120,13
1784771420275,2026-07-23T01:50:20.275Z,-23.6052675,-46.8362032,831.174,0.082,0.370,3,120,13
1784771420330,2026-07-23T01:50:20.330Z,-23.6052673,-46.8362035,831.192,0.260,0.090,3,120,13
1784771420385,2026-07-23T01:50:20.385Z,-23.6052672,-46.8362037,831.183,0.340,0.260,3,120,13
1784771420440,2026-07-23T01:50:20.440Z,-23.6052672,-46.8362040,831.168,0.377,0.340,3,120,13
1784771420495,2026-07-23T01:50:20.495Z,-23.6052673,-46.8362041,831.186,0.322,0.380,3,120,13
1784771420550,2026-07-23T01:50:20.550Z,-23.6052672,-46.8362042,831.198,0.225,0.320,3,120,13
1784771420605,2026-07-23T01:50:20.605Z,-23.6052672,-46.8362042,831.203,0.195,0.230,3,120,13
1784771420660,2026-07-23T01:50:20.660Z,-23.6052671,-46.8362042,831.205,0.119,0.200,3,120,13
1784771420715,2026-07-23T01:50:20.715Z,-23.6052671,-46.8362041,831.205,0.084,0.120,3,120,13
1784771420770,2026-07-23T01:50:20.770Z,-23.6052670,-46.8362041,831.205,0.108,0.080,3,120,13
1784771420825,2026-07-23T01:50:20.825Z,-23.6052670,-46.8362038,831.205,0.192,0.110,3,120,13
1784771420880,2026-07-23T01:50:20.880Z,-23.6052669,-46.8362037,831.223,0.250,0.190,3,120,14
1784771420932,2026-07-23T01:50:20.932Z,-23.6052668,-46.8362035,831.211,0.288,0.250,3,120,14
1784771420984,2026-07-23T01:50:20.984Z,-23.6052668,-46.8362033,831.196,0.288,0.290,3,120,14
1784771421036,2026-07-23T01:50:21.036Z,-23.6052668,-46.8362032,831.172,0.256,0.290,3,120,14
1784771421088,2026-07-23T01:50:21.088Z,-23.6052668,-46.8362032,831.154,0.131,0.260,3,120,14
1784771421140,2026-07-23T01:50:21.140Z,-23.6052669,-46.8362032,831.149,0.088,0.140,3,120,14
1784771421192,2026-07-23T01:50:21.192Z,-23.6052670,-46.8362031,831.157,0.134,0.100,3,120,14
1784771421244,2026-07-23T01:50:21.244Z,-23.6052671,-46.8362031,831.159,0.145,0.140,3,120,14
1784771421296,2026-07-23T01:50:21.296Z,-23.6052672,-46.8362030,831.147,0.146,0.150,3,120,14
1784771421348,2026-07-23T01:50:21.348Z,-23.6052671,-46.8362029,831.130,0.079,0.150,3,120,14
1784771421401,2026-07-23T01:50:21.401Z,-23.6052670,-46.8362029,831.122,0.078,0.090,3,120,14
1784771421453,2026-07-23T01:50:21.453Z,-23.6052670,-46.8362030,831.133,0.050,0.090,3,120,14
1784771421505,2026-07-23T01:50:21.505Z,-23.6052670,-46.8362029,831.116,0.030,0.060,3,120,14
1784771421557,2026-07-23T01:50:21.557Z,-23.6052671,-46.8362029,831.111,0.035,0.060,3,120,14
1784771421609,2026-07-23T01:50:21.609Z,-23.6052672,-46.8362029,831.109,0.098,0.060,3,120,14
1784771421661,2026-07-23T01:50:21.661Z,-23.6052672,-46.8362030,831.110,0.086,0.110,3,120,14
1784771421713,2026-07-23T01:50:21.713Z,-23.6052672,-46.8362029,831.093,0.054,0.100,3,120,14
1784771421765,2026-07-23T01:50:21.765Z,-23.6052673,-46.8362031,831.113,0.146,0.080,3,120,14
1784771421817,2026-07-23T01:50:21.817Z,-23.6052674,-46.8362031,831.121,0.188,0.150,3,120,14
1784771421870,2026-07-23T01:50:21.870Z,-23.6052675,-46.8362032,831.123,0.210,0.190,3,120,15
1784771421928,2026-07-23T01:50:21.928Z,-23.6052676,-46.8362033,831.135,0.222,0.210,3,120,15
1784771421986,2026-07-23T01:50:21.986Z,-23.6052677,-46.8362034,831.139,0.245,0.220,3,120,15
1784771422044,2026-07-23T01:50:22.044Z,-23.6052677,-46.8362034,831.137,0.193,0.250,3,120,15
1784771422102,2026-07-23T01:50:22.102Z,-23.6052677,-46.8362034,831.130,0.095,0.200,3,120,15
1784771422161,2026-07-23T01:50:22.161Z,-23.6052677,-46.8362034,831.139,0.105,0.100,3,120,15
1784771422219,2026-07-23T01:50:22.219Z,-23.6052677,-46.8362034,831.144,0.064,0.110,3,120,15
1784771422277,2026-07-23T01:50:22.277Z,-23.6052677,-46.8362033,831.133,0.055,0.070,3,120,15
1784771422335,2026-07-23T01:50:22.335Z,-23.6052678,-46.8362034,831.132,0.098,0.060,3,120,15
1784771422394,2026-07-23T01:50:22.394Z,-23.6052679,-46.8362034,831.121,0.181,0.100,3,120,15
1784771422452,2026-07-23T01:50:22.452Z,-23.6052679,-46.8362035,831.151,0.052,0.190,3,120,15
1784771422510,2026-07-23T01:50:22.510Z,-23.6052680,-46.8362035,831.146,0.133,0.060,3,120,15
1784771422568,2026-07-23T01:50:22.568Z,-23.6052681,-46.8362035,831.146,0.098,0.140,3,120,15
1784771422627,2026-07-23T01:50:22.627Z,-23.6052681,-46.8362035,831.135,0.060,0.100,3,120,15
1784771422685,2026-07-23T01:50:22.685Z,-23.6052682,-46.8362036,831.143,0.118,0.070,3,120,15
1784771422743,2026-07-23T01:50:22.743Z,-23.6052683,-46.8362034,831.138,0.180,0.120,3,120,15
1784771422801,2026-07-23T01:50:22.801Z,-23.6052683,-46.8362035,831.148,0.134,0.180,3,120,15
1784771422860,2026-07-23T01:50:22.860Z,-23.6052684,-46.8362035,831.160,0.118,0.130,3,120,16
1784771422921,2026-07-23T01:50:22.921Z,-23.6052684,-46.8362035,831.164,0.093,0.120,3,120,16
1784771422982,2026-07-23T01:50:22.982Z,-23.6052685,-46.8362035,831.167,0.074,0.090,3,120,16
1784771423044,2026-07-23T01:50:23.044Z,-23.6052684,-46.8362034,831.169,0.050,0.070,3,120,16
1784771423105,2026-07-23T01:50:23.105Z,-23.6052684,-46.8362035,831.177,0.028,0.050,3,120,16
1784771423167,2026-07-23T01:50:23.167Z,-23.6052685,-46.8362034,831.165,0.036,0.030,3,120,16
1784771423228,2026-07-23T01:50:23.228Z,-23.6052685,-46.8362035,831.175,0.009,0.040,3,120,16
1784771423290,2026-07-23T01:50:23.290Z,-23.6052685,-46.8362033,831.160,0.086,0.010,3,120,16
1784771423351,2026-07-23T01:50:23.351Z,-23.6052685,-46.8362034,831.166,0.050,0.090,3,120,16
1784771423413,2026-07-23T01:50:23.413Z,-23.6052683,-46.8362035,831.169,0.189,0.050,3,120,16
1784771423474,2026-07-23T01:50:23.474Z,-23.6052679,-46.8362035,831.171,0.397,0.190,3,120,16
1784771423536,2026-07-23T01:50:23.536Z,-23.6052675,-46.8362035,831.180,0.373,0.400,3,120,16
1784771423597,2026-07-23T01:50:23.597Z,-23.6052674,-46.8362035,831.182,0.328,0.370,3,120,16
1784771423659,2026-07-23T01:50:23.659Z,-23.6052676,-46.8362035,831.164,0.110,0.330,3,120,16
1784771423720,2026-07-23T01:50:23.720Z,-23.6052678,-46.8362036,831.150,0.067,0.110,3,120,16
1784771423782,2026-07-23T01:50:23.782Z,-23.6052679,-46.8362037,831.143,0.164,0.070,3,120,16
1784771423843,2026-07-23T01:50:23.843Z,-23.6052679,-46.8362036,831.158,0.082,0.170,3,120,16
1784771423905,2026-07-23T01:50:23.905Z,-23.6052679,-46.8362035,831.158,0.066,0.080,3,120,17
1784771423966,2026-07-23T01:50:23.966Z,-23.6052679,-46.8362036,831.166,0.033,0.070,3,120,17
1784771424027,2026-07-23T01:50:24.027Z,-23.6052679,-46.8362036,831.169,0.038,0.030,3,120,17
1784771424089,2026-07-23T01:50:24.089Z,-23.6052680,-46.8362036,831.167,0.056,0.040,3,120,17
1784771424150,2026-07-23T01:50:24.150Z,-23.6052680,-46.8362036,831.178,0.046,0.060,3,120,17
1784771424212,2026-07-23T01:50:24.212Z,-23.6052680,-46.8362037,831.188,0.070,0.050,3,120,17
1784771424273,2026-07-23T01:50:24.273Z,-23.6052681,-46.8362038,831.208,0.104,0.070,3,120,17
1784771424335,2026-07-23T01:50:24.335Z,-23.6052681,-46.8362038,831.200,0.105,0.100,3,120,17
1784771424396,2026-07-23T01:50:24.396Z,-23.6052681,-46.8362038,831.209,0.081,0.100,3,120,17
1784771424458,2026-07-23T01:50:24.458Z,-23.6052681,-46.8362039,831.217,0.060,0.080,3,120,17
1784771424519,2026-07-23T01:50:24.519Z,-23.6052681,-46.8362039,831.213,0.087,0.060,3,120,17
1784771424581,2026-07-23T01:50:24.581Z,-23.6052680,-46.8362038,831.214,0.089,0.090,3,120,17
1784771424642,2026-07-23T01:50:24.642Z,-23.6052681,-46.8362038,831.201,0.017,0.090,3,120,17
1784771424704,2026-07-23T01:50:24.704Z,-23.6052682,-46.8362038,831.209,0.049,0.030,3,120,17
1784771424765,2026-07-23T01:50:24.765Z,-23.6052682,-46.8362038,831.223,0.043,0.050,3,120,17
1784771424827,2026-07-23T01:50:24.827Z,-23.6052682,-46.8362037,831.216,0.056,0.040,3,120,17
1784771424888,2026-07-23T01:50:24.888Z,-23.6052682,-46.8362036,831.226,0.106,0.060,3,120,17
1784771424950,2026-07-23T01:50:24.950Z,-23.6052682,-46.8362036,831.248,0.097,0.110,3,120,18
1784771425005,2026-07-23T01:50:25.005Z,-23.6052681,-46.8362036,831.241,0.092,0.100,3,120,18
1784771425060,2026-07-23T01:50:25.060Z,-23.6052681,-46.8362036,831.244,0.036,0.090,3,120,18
1784771425115,2026-07-23T01:50:25.115Z,-23.6052681,-46.8362036,831.249,0.034,0.040,3,120,18
1784771425170,2026-07-23T01:50:25.170Z,-23.6052681,-46.8362036,831.259,0.024,0.030,3,120,18
1784771425225,2026-07-23T01:50:25.225Z,-23.6052681,-46.8362037,831.266,0.021,0.020,3,120,18
1784771425280,2026-07-23T01:50:25.280Z,-23.6052681,-46.8362036,831.259,0.017,0.020,3,120,18
1784771425335,2026-07-23T01:50:25.335Z,-23.6052681,-46.8362036,831.264,0.011,0.020,3,120,18
1784771425390,2026-07-23T01:50:25.390Z,-23.6052681,-46.8362036,831.270,0.021,0.010,3,120,18
1784771425445,2026-07-23T01:50:25.445Z,-23.6052680,-46.8362036,831.285,0.056,0.020,3,120,18
1784771425500,2026-07-23T01:50:25.500Z,-23.6052680,-46.8362036,831.278,0.028,0.060,3,120,18
1784771425555,2026-07-23T01:50:25.555Z,-23.6052681,-46.8362034,831.274,0.117,0.030,3,120,18
1784771425610,2026-07-23T01:50:25.610Z,-23.6052681,-46.8362034,831.303,0.078,0.120,3,120,18
1784771425665,2026-07-23T01:50:25.665Z,-23.6052680,-46.8362034,831.305,0.074,0.080,3,120,18
1784771425720,2026-07-23T01:50:25.720Z,-23.6052681,-46.8362034,831.303,0.043,0.080,3,120,18
1784771425775,2026-07-23T01:50:25.775Z,-23.6052682,-46.8362033,831.299,0.097,0.040,3,120,18
1784771425830,2026-07-23T01:50:25.830Z,-23.6052682,-46.8362034,831.307,0.074,0.100,3,120,18
1784771425885,2026-07-23T01:50:25.885Z,-23.6052682,-46.8362032,831.295,0.093,0.070,3,122,19
1784771425937,2026-07-23T01:50:25.937Z,-23.6052682,-46.8362032,831.300,0.113,0.090,3,122,19
1784771425989,2026-07-23T01:50:25.989Z,-23.6052682,-46.8362032,831.311,0.088,0.110,3,122,19
1784771426041,2026-07-23T01:50:26.041Z,-23.6052682,-46.8362032,831.332,0.040,0.090,3,122,19
1784771426093,2026-07-23T01:50:26.093Z,-23.6052682,-46.8362031,831.335,0.048,0.040,3,122,19
1784771426145,2026-07-23T01:50:26.145Z,-23.6052682,-46.8362031,831.345,0.035,0.050,3,122,19
1784771426197,2026-07-23T01:50:26.197Z,-23.6052682,-46.8362031,831.347,0.016,0.040,3,122,19
1784771426249,2026-07-23T01:50:26.249Z,-23.6052682,-46.8362031,831.337,0.062,0.020,3,122,19
1784771426301,2026-07-23T01:50:26.301Z,-23.6052681,-46.8362030,831.346,0.034,0.060,3,122,19
1784771426353,2026-07-23T01:50:26.353Z,-23.6052681,-46.8362030,831.346,0.037,0.030,3,122,19
1784771426406,2026-07-23T01:50:26.406Z,-23.6052681,-46.8362030,831.354,0.040,0.040,3,122,19
1784771426458,2026-07-23T01:50:26.458Z,-23.6052680,-46.8362029,831.346,0.033,0.040,3,122,19
1784771426510,2026-07-23T01:50:26.510Z,-23.6052678,-46.8362030,831.374,0.148,0.030,3,122,19
1784771426562,2026-07-23T01:50:26.562Z,-23.6052677,-46.8362029,831.379,0.174,0.150,3,122,19
1784771426614,2026-07-23T01:50:26.614Z,-23.6052676,-46.8362029,831.382,0.219,0.180,3,122,19
1784771426666,2026-07-23T01:50:26.666Z,-23.6052673,-46.8362029,831.395,0.340,0.220,3,122,19
1784771426718,2026-07-23T01:50:26.718Z,-23.6052671,-46.8362029,831.387,0.346,0.340,3,122,19
1784771426770,2026-07-23T01:50:26.770Z,-23.6052671,-46.8362029,831.403,0.176,0.350,3,122,19
1784771426822,2026-07-23T01:50:26.822Z,-23.6052671,-46.8362029,831.403,0.067,0.180,3,122,19
1784771426875,2026-07-23T01:50:26.875Z,-23.6052671,-46.8362028,831.392,0.041,0.070,3,122,20
1784771426936,2026-07-23T01:50:26.936Z,-23.6052672,-46.8362028,831.380,0.049,0.040,3,122,20
1784771426997,2026-07-23T01:50:26.997Z,-23.6052672,-46.8362027,831.363,0.120,0.050,3,122,20
1784771427059,2026-07-23T01:50:27.059Z,-23.6052672,-46.8362027,831.361,0.085,0.120,3,122,20
1784771427120,2026-07-23T01:50:27.120Z,-23.6052672,-46.8362027,831.388,0.092,0.090,3,122,20
1784771427182,2026-07-23T01:50:27.182Z,-23.6052672,-46.8362027,831.380,0.059,0.090,3,122,20
1784771427243,2026-07-23T01:50:27.243Z,-23.6052671,-46.8362028,831.397,0.013,0.060,3,122,20
1784771427305,2026-07-23T01:50:27.305Z,-23.6052671,-46.8362028,831.399,0.015,0.010,3,122,20
1784771427366,2026-07-23T01:50:27.366Z,-23.6052670,-46.8362030,831.397,0.117,0.020,3,122,20
1784771427428,2026-07-23T01:50:27.428Z,-23.6052671,-46.8362029,831.376,0.078,0.120,3,122,20
1784771427489,2026-07-23T01:50:27.489Z,-23.6052671,-46.8362029,831.391,0.022,0.080,3,122,20
1784771427551,2026-07-23T01:50:27.551Z,-23.6052670,-46.8362030,831.393,0.083,0.020,3,122,20
1784771427612,2026-07-23T01:50:27.612Z,-23.6052668,-46.8362032,831.393,0.167,0.080,3,122,20
1784771427674,2026-07-23T01:50:27.674Z,-23.6052667,-46.8362035,831.428,0.225,0.170,3,122,20
1784771427735,2026-07-23T01:50:27.735Z,-23.6052666,-46.8362037,831.456,0.240,0.230,3,122,20
1784771427797,2026-07-23T01:50:27.797Z,-23.6052664,-46.8362038,831.467,0.260,0.250,3,122,20
1784771427858,2026-07-23T01:50:27.858Z,-23.6052661,-46.8362036,831.476,0.313,0.270,3,122,20
1784771427920,2026-07-23T01:50:27.920Z,-23.6052660,-46.8362034,831.466,0.281,0.320,3,122,21
1784771427971,2026-07-23T01:50:27.971Z,-23.6052660,-46.8362030,831.446,0.348,0.290,3,122,21
1784771428023,2026-07-23T01:50:28.023Z,-23.6052659,-46.8362028,831.444,0.365,0.350,3,122,21
1784771428075,2026-07-23T01:50:28.075Z,-23.6052661,-46.8362026,831.441,0.346,0.370,3,122,21
1784771428127,2026-07-23T01:50:28.127Z,-23.6052662,-46.8362027,831.447,0.219,0.350,3,122,21
1784771428179,2026-07-23T01:50:28.179Z,-23.6052662,-46.8362028,831.455,0.142,0.220,3,122,21
1784771428231,2026-07-23T01:50:28.231Z,-23.6052662,-46.8362029,831.469,0.057,0.140,3,122,21
1784771428283,2026-07-23T01:50:28.283Z,-23.6052661,-46.8362030,831.478,0.071,0.060,3,122,21
1784771428335,2026-07-23T01:50:28.335Z,-23.6052660,-46.8362030,831.486,0.128,0.080,3,122,21
1784771428387,2026-07-23T01:50:28.387Z,-23.6052660,-46.8362029,831.482,0.037,0.130,3,122,21
1784771428439,2026-07-23T01:50:28.439Z,-23.6052661,-46.8362029,831.496,0.037,0.050,3,122,21
1784771428491,2026-07-23T01:50:28.491Z,-23.6052662,-46.8362028,831.503,0.084,0.050,3,122,21
1784771428543,2026-07-23T01:50:28.543Z,-23.6052663,-46.8362028,831.484,0.138,0.090,3,122,21
1784771428595,2026-07-23T01:50:28.595Z,-23.6052664,-46.8362028,831.477,0.165,0.140,3,122,21
1784771428647,2026-07-23T01:50:28.647Z,-23.6052666,-46.8362029,831.471,0.292,0.160,3,122,21
1784771428699,2026-07-23T01:50:28.699Z,-23.6052670,-46.8362031,831.470,0.539,0.290,3,122,21
1784771428751,2026-07-23T01:50:28.751Z,-23.6052673,-46.8362033,831.457,0.578,0.540,3,122,21
1784771428803,2026-07-23T01:50:28.803Z,-23.6052674,-46.8362037,831.504,0.544,0.580,3,122,21
1784771428855,2026-07-23T01:50:28.855Z,-23.6052673,-46.8362038,831.516,0.395,0.540,3,122,22
1784771428913,2026-07-23T01:50:28.913Z,-23.6052673,-46.8362037,831.518,0.171,0.400,3,122,22
1784771428971,2026-07-23T01:50:28.971Z,-23.6052671,-46.8362035,831.506,0.095,0.170,3,122,22
1784771429029,2026-07-23T01:50:29.029Z,-23.6052670,-46.8362035,831.508,0.135,0.100,3,122,22
1784771429087,2026-07-23T01:50:29.087Z,-23.6052672,-46.8362035,831.488,0.076,0.140,3,122,22
1784771429145,2026-07-23T01:50:29.145Z,-23.6052672,-46.8362036,831.506,0.110,0.080,3,122,22
1784771429203,2026-07-23T01:50:29.203Z,-23.6052672,-46.8362037,831.510,0.127,0.110,3,122,22
1784771429261,2026-07-23T01:50:29.261Z,-23.6052672,-46.8362036,831.525,0.044,0.130,3,122,22
1784771429319,2026-07-23T01:50:29.319Z,-23.6052672,-46.8362036,831.528,0.019,0.040,3,122,22
1784771429377,2026-07-23T01:50:29.377Z,-23.6052671,-46.8362036,831.531,0.039,0.020,3,122,22
1784771429435,2026-07-23T01:50:29.435Z,-23.6052672,-46.8362036,831.532,0.032,0.040,3,122,22
1784771429493,2026-07-23T01:50:29.493Z,-23.6052672,-46.8362035,831.543,0.065,0.030,3,122,22
1784771429551,2026-07-23T01:50:29.551Z,-23.6052671,-46.8362034,831.531,0.060,0.070,3,122,22
1784771429609,2026-07-23T01:50:29.609Z,-23.6052672,-46.8362035,831.542,0.044,0.060,3,122,22
1784771429667,2026-07-23T01:50:29.667Z,-23.6052672,-46.8362035,831.548,0.038,0.040,3,122,22
1784771429725,2026-07-23T01:50:29.725Z,-23.6052672,-46.8362035,831.547,0.030,0.040,3,122,22
1784771429783,2026-07-23T01:50:29.783Z,-23.6052673,-46.8362034,831.548,0.057,0.030,3,122,22
1784771429841,2026-07-23T01:50:29.841Z,-23.6052673,-46.8362034,831.539,0.041,0.060,3,122,22
1784771429900,2026-07-23T01:50:29.900Z,-23.6052673,-46.8362034,831.549,0.021,0.040,3,120,23
1784771429955,2026-07-23T01:50:29.955Z,-23.6052672,-46.8362034,831.553,0.060,0.020,3,120,23
1784771430010,2026-07-23T01:50:30.010Z,-23.6052673,-46.8362034,831.551,0.030,0.060,3,120,23
1784771430065,2026-07-23T01:50:30.065Z,-23.6052673,-46.8362034,831.553,0.040,0.030,3,120,23
1784771430120,2026-07-23T01:50:30.120Z,-23.6052674,-46.8362034,831.554,0.030,0.040,3,120,23
1784771430175,2026-07-23T01:50:30.175Z,-23.6052674,-46.8362034,831.549,0.068,0.030,3,120,23
1784771430230,2026-07-23T01:50:30.230Z,-23.6052674,-46.8362034,831.557,0.060,0.070,3,120,23
1784771430285,2026-07-23T01:50:30.285Z,-23.6052675,-46.8362033,831.531,0.077,0.060,3,120,23
1784771430340,2026-07-23T01:50:30.340Z,-23.6052676,-46.8362034,831.535,0.085,0.080,3,120,23
1784771430395,2026-07-23T01:50:30.395Z,-23.6052676,-46.8362035,831.553,0.116,0.090,3,120,23
1784771430450,2026-07-23T01:50:30.450Z,-23.6052676,-46.8362034,831.565,0.031,0.120,3,120,23
1784771430505,2026-07-23T01:50:30.505Z,-23.6052676,-46.8362036,831.569,0.098,0.030,3,120,23
1784771430560,2026-07-23T01:50:30.560Z,-23.6052676,-46.8362037,831.562,0.151,0.100,3,120,23
1784771430615,2026-07-23T01:50:30.615Z,-23.6052677,-46.8362038,831.562,0.145,0.150,3,120,23
1784771430670,2026-07-23T01:50:30.670Z,-23.6052677,-46.8362037,831.558,0.089,0.150,3,120,23
1784771430725,2026-07-23T01:50:30.725Z,-23.6052677,-46.8362038,831.567,0.118,0.090,3,120,23
1784771430780,2026-07-23T01:50:30.780Z,-23.6052678,-46.8362040,831.566,0.204,0.120,3,120,23
1784771430835,2026-07-23T01:50:30.835Z,-23.6052677,-46.8362042,831.554,0.252,0.200,3,120,23
1784771430890,2026-07-23T01:50:30.890Z,-23.6052676,-46.8362042,831.594,0.134,0.250,3,120,24
1784771430951,2026-07-23T01:50:30.951Z,-23.6052676,-46.8362042,831.603,0.082,0.130,3,120,24
1784771431013,2026-07-23T01:50:31.013Z,-23.6052675,-46.8362042,831.582,0.106,0.080,3,120,24
1784771431075,2026-07-23T01:50:31.075Z,-23.6052675,-46.8362043,831.591,0.129,0.110,3,120,24
1784771431137,2026-07-23T01:50:31.137Z,-23.6052675,-46.8362047,831.611,0.323,0.130,3,120,24
1784771431199,2026-07-23T01:50:31.199Z,-23.6052675,-46.8362048,831.583,0.304,0.320,3,120,24
1784771431261,2026-07-23T01:50:31.261Z,-23.6052676,-46.8362048,831.569,0.240,0.300,3,120,24
1784771431323,2026-07-23T01:50:31.323Z,-23.6052676,-46.8362048,831.605,0.071,0.240,3,120,24
1784771431385,2026-07-23T01:50:31.385Z,-23.6052676,-46.8362046,831.609,0.134,0.070,3,120,24
1784771431446,2026-07-23T01:50:31.446Z,-23.6052676,-46.8362046,831.617,0.145,0.130,3,120,24
1784771431508,2026-07-23T01:50:31.508Z,-23.6052679,-46.8362046,831.622,0.274,0.140,3,120,24
1784771431570,2026-07-23T01:50:31.570Z,-23.6052680,-46.8362045,831.614,0.296,0.270,3,120,24
1784771431632,2026-07-23T01:50:31.632Z,-23.6052681,-46.8362044,831.602,0.271,0.300,3,120,24
1784771431694,2026-07-23T01:50:31.694Z,-23.6052680,-46.8362043,831.591,0.131,0.270,3,120,24
1784771431756,2026-07-23T01:50:31.756Z,-23.6052679,-46.8362041,831.599,0.207,0.130,3,120,24
1784771431818,2026-07-23T01:50:31.818Z,-23.6052679,-46.8362039,831.593,0.247,0.210,3,120,24
1784771431880,2026-07-23T01:50:31.880Z,-23.6052678,-46.8362037,831.594,0.276,0.250,3,120,25
1784771431941,2026-07-23T01:50:31.941Z,-23.6052679,-46.8362037,831.593,0.228,0.280,3,120,25
1784771432002,2026-07-23T01:50:32.002Z,-23.6052680,-46.8362037,831.601,0.177,0.230,3,120,25
1784771432064,2026-07-23T01:50:32.064Z,-23.6052682,-46.8362038,831.603,0.212,0.180,3,120,25
1784771432125,2026-07-23T01:50:32.125Z,-23.6052683,-46.8362038,831.608,0.242,0.210,3,120,25
1784771432187,2026-07-23T01:50:32.187Z,-23.6052685,-46.8362038,831.621,0.283,0.240,3,120,25
1784771432248,2026-07-23T01:50:32.248Z,-23.6052687,-46.8362036,831.634,0.378,0.280,3,120,25
1784771432310,2026-07-23T01:50:32.310Z,-23.6052685,-46.8362035,831.684,0.289,0.380,3,120,25
1784771432371,2026-07-23T01:50:32.371Z,-23.6052683,-46.8362033,831.688,0.291,0.290,3,120,25
1784771432433,2026-07-23T01:50:32.433Z,-23.6052681,-46.8362033,831.680,0.294,0.290,3,120,25
1784771432494,2026-07-23T01:50:32.494Z,-23.6052679,-46.8362033,831.664,0.279,0.290,3,120,25
1784771432556,2026-07-23T01:50:32.556Z,-23.6052678,-46.8362032,831.683,0.106,0.280,3,120,25
1784771432617,2026-07-23T01:50:32.617Z,-23.6052677,-46.8362031,831.718,0.189,0.110,3,120,25
1784771432679,2026-07-23T01:50:32.679Z,-23.6052675,-46.8362032,831.729,0.215,0.190,3,120,25
1784771432740,2026-07-23T01:50:32.740Z,-23.6052673,-46.8362030,831.714,0.300,0.220,3,120,25
1784771432802,2026-07-23T01:50:32.802Z,-23.6052672,-46.8362029,831.699,0.262,0.300,3,120,25
1784771432863,2026-07-23T01:50:32.863Z,-23.6052672,-46.8362027,831.691,0.212,0.260,3,120,25
1784771432925,2026-07-23T01:50:32.925Z,-23.6052672,-46.8362027,831.687,0.157,0.210,3,120,26
1784771432977,2026-07-23T01:50:32.977Z,-23.6052671,-46.8362027,831.702,0.147,0.160,3,120,26
1784771433029,2026-07-23T01:50:33.029Z,-23.6052671,-46.8362026,831.708,0.126,0.150,3,120,26
1784771433081,2026-07-23T01:50:33.081Z,-23.6052672,-46.8362024,831.697,0.163,0.130,3,120,26
1784771433133,2026-07-23T01:50:33.133Z,-23.6052672,-46.8362023,831.694,0.143,0.160,3,120,26
1784771433185,2026-07-23T01:50:33.185Z,-23.6052672,-46.8362024,831.694,0.048,0.140,3,120,26
1784771433237,2026-07-23T01:50:33.237Z,-23.6052671,-46.8362024,831.695,0.015,0.050,3,120,26
1784771433289,2026-07-23T01:50:33.289Z,-23.6052671,-46.8362023,831.685,0.070,0.020,3,120,26
1784771433341,2026-07-23T01:50:33.341Z,-23.6052670,-46.8362023,831.698,0.068,0.070,3,120,26
1784771433393,2026-07-23T01:50:33.393Z,-23.6052670,-46.8362023,831.691,0.047,0.070,3,120,26
1784771433446,2026-07-23T01:50:33.446Z,-23.6052669,-46.8362023,831.696,0.018,0.050,3,120,26
1784771433498,2026-07-23T01:50:33.498Z,-23.6052669,-46.8362024,831.703,0.058,0.020,3,120,26
1784771433550,2026-07-23T01:50:33.550Z,-23.6052669,-46.8362025,831.719,0.089,0.060,3,120,26
1784771433602,2026-07-23T01:50:33.602Z,-23.6052668,-46.8362025,831.724,0.052,0.090,3,120,26
1784771433654,2026-07-23T01:50:33.654Z,-23.6052668,-46.8362026,831.736,0.101,0.050,3,120,26
1784771433706,2026-07-23T01:50:33.706Z,-23.6052668,-46.8362028,831.760,0.176,0.100,3,120,26
1784771433758,2026-07-23T01:50:33.758Z,-23.6052668,-46.8362029,831.741,0.174,0.180,3,120,26
1784771433810,2026-07-23T01:50:33.810Z,-23.6052668,-46.8362029,831.728,0.121,0.170,3,120,26
1784771433862,2026-07-23T01:50:33.862Z,-23.6052668,-46.8362030,831.733,0.129,0.120,3,120,26
1784771433915,2026-07-23T01:50:33.915Z,-23.6052668,-46.8362031,831.753,0.135,0.130,3,120,27
1784771433967,2026-07-23T01:50:33.967Z,-23.6052667,-46.8362032,831.758,0.083,0.140,3,120,27
1784771434019,2026-07-23T01:50:34.019Z,-23.6052667,-46.8362032,831.767,0.088,0.080,3,120,27
1784771434071,2026-07-23T01:50:34.071Z,-23.6052666,-46.8362033,831.766,0.096,0.090,3,120,27
1784771434123,2026-07-23T01:50:34.123Z,-23.6052666,-46.8362033,831.759,0.046,0.100,3,120,27
1784771434175,2026-07-23T01:50:34.175Z,-23.6052666,-46.8362033,831.752,0.067,0.050,3,120,27
1784771434227,2026-07-23T01:50:34.227Z,-23.6052666,-46.8362035,831.750,0.121,0.070,3,120,27
1784771434279,2026-07-23T01:50:34.279Z,-23.6052666,-46.8362036,831.766,0.093,0.120,3,120,27
1784771434331,2026-07-23T01:50:34.331Z,-23.6052666,-46.8362036,831.768,0.085,0.090,3,120,27
1784771434383,2026-07-23T01:50:34.383Z,-23.6052666,-46.8362036,831.768,0.042,0.090,3,120,27
1784771434436,2026-07-23T01:50:34.436Z,-23.6052666,-46.8362035,831.767,0.018,0.040,3,120,27
1784771434488,2026-07-23T01:50:34.488Z,-23.6052666,-46.8362035,831.750,0.051,0.020,3,120,27
1784771434540,2026-07-23T01:50:34.540Z,-23.6052666,-46.8362036,831.761,0.025,0.050,3,120,27
1784771434592,2026-07-23T01:50:34.592Z,-23.6052665,-46.8362036,831.770,0.064,0.020,3,120,27
1784771434644,2026-07-23T01:50:34.644Z,-23.6052665,-46.8362036,831.762,0.075,0.060,3,120,27
1784771434696,2026-07-23T01:50:34.696Z,-23.6052666,-46.8362035,831.756,0.062,0.070,3,120,27
1784771434748,2026-07-23T01:50:34.748Z,-23.6052666,-46.8362036,831.742,0.049,0.060,3,120,27
1784771434800,2026-07-23T01:50:34.800Z,-23.6052665,-46.8362037,831.758,0.029,0.050,3,120,27
1784771434852,2026-07-23T01:50:34.852Z,-23.6052665,-46.8362038,831.767,0.080,0.030,3,120,27
1784771434905,2026-07-23T01:50:34.905Z,-23.6052665,-46.8362039,831.761,0.095,0.080,3,120,28
1784771434966,2026-07-23T01:50:34.966Z,-23.6052665,-46.8362038,831.754,0.037,0.090,3,120,28
1784771435028,2026-07-23T01:50:35.028Z,-23.6052666,-46.8362037,831.773,0.141,0.040,3,120,28
1784771435090,2026-07-23T01:50:35.090Z,-23.6052666,-46.8362035,831.746,0.214,0.140,3,120,28
1784771435152,2026-07-23T01:50:35.152Z,-23.6052666,-46.8362034,831.727,0.178,0.210,3,120,28
1784771435214,2026-07-23T01:50:35.214Z,-23.6052666,-46.8362035,831.726,0.090,0.180,3,120,28
1784771435276,2026-07-23T01:50:35.276Z,-23.6052666,-46.8362036,831.741,0.023,0.090,3,120,28
1784771435338,2026-07-23T01:50:35.338Z,-23.6052666,-46.8362037,831.733,0.079,0.030,3,120,28
1784771435400,2026-07-23T01:50:35.400Z,-23.6052666,-46.8362038,831.734,0.070,0.080,3,120,28
1784771435461,2026-07-23T01:50:35.461Z,-23.6052666,-46.8362038,831.722,0.057,0.070,3,120,28
1784771435523,2026-07-23T01:50:35.523Z,-23.6052667,-46.8362039,831.726,0.076,0.060,3,120,28
1784771435585,2026-07-23T01:50:35.585Z,-23.6052666,-46.8362041,831.739,0.117,0.080,3,120,28
1784771435647,2026-07-23T01:50:35.647Z,-23.6052666,-46.8362041,831.732,0.096,0.120,3,120,28
1784771435709,2026-07-23T01:50:35.709Z,-23.6052666,-46.8362041,831.731,0.047,0.100,3,120,28
1784771435771,2026-07-23T01:50:35.771Z,-23.6052666,-46.8362040,831.733,0.027,0.050,3,120,28
1784771435833,2026-07-23T01:50:35.833Z,-23.6052667,-46.8362039,831.722,0.085,0.030,3,120,28
1784771435895,2026-07-23T01:50:35.895Z,-23.6052667,-46.8362040,831.715,0.064,0.090,3,120,29
1784771435947,2026-07-23T01:50:35.947Z,-23.6052668,-46.8362039,831.709,0.069,0.070,3,120,29
1784771435999,2026-07-23T01:50:35.999Z,-23.6052668,-46.8362040,831.712,0.054,0.070,3,120,29
1784771436051,2026-07-23T01:50:36.051Z,-23.6052668,-46.8362039,831.711,0.086,0.060,3,120,29
1784771436103,2026-07-23T01:50:36.103Z,-23.6052667,-46.8362039,831.719,0.090,0.090,3,120,29
1784771436155,2026-07-23T01:50:36.155Z,-23.6052667,-46.8362041,831.721,0.098,0.090,3,120,29
1784771436207,2026-07-23T01:50:36.207Z,-23.6052667,-46.8362042,831.710,0.111,0.100,3,120,29
1784771436259,2026-07-23T01:50:36.259Z,-23.6052668,-46.8362043,831.720,0.082,0.110,3,120,29
1784771436311,2026-07-23T01:50:36.311Z,-23.6052668,-46.8362044,831.732,0.094,0.080,3,120,29
1784771436363,2026-07-23T01:50:36.363Z,-23.6052668,-46.8362044,831.729,0.093,0.100,3,120,29
1784771436416,2026-07-23T01:50:36.416Z,-23.6052668,-46.8362045,831.746,0.044,0.090,3,120,29
1784771436468,2026-07-23T01:50:36.468Z,-23.6052669,-46.8362044,831.718,0.046,0.050,3,120,29
1784771436520,2026-07-23T01:50:36.520Z,-23.6052669,-46.8362043,831.699,0.027,0.050,3,120,29
1784771436572,2026-07-23T01:50:36.572Z,-23.6052670,-46.8362042,831.678,0.075,0.030,3,120,29
1784771436624,2026-07-23T01:50:36.624Z,-23.6052671,-46.8362042,831.673,0.139,0.080,3,120,29
1784771436676,2026-07-23T01:50:36.676Z,-23.6052671,-46.8362043,831.697,0.070,0.140,3,120,29
1784771436728,2026-07-23T01:50:36.728Z,-23.6052671,-46.8362043,831.691,0.047,0.070,3,120,29
1784771436780,2026-07-23T01:50:36.780Z,-23.6052670,-46.8362043,831.692,0.050,0.050,3,120,29
1784771436832,2026-07-23T01:50:36.832Z,-23.6052671,-46.8362044,831.686,0.080,0.050,3,120,29
1784771436885,2026-07-23T01:50:36.885Z,-23.6052671,-46.8362043,831.674,0.027,0.080,3,120,30
1784771436950,2026-07-23T01:50:36.950Z,-23.6052672,-46.8362043,831.675,0.077,0.030,3,120,30
1784771437015,2026-07-23T01:50:37.015Z,-23.6052673,-46.8362043,831.673,0.076,0.080,3,120,30
1784771437080,2026-07-23T01:50:37.080Z,-23.6052673,-46.8362044,831.672,0.047,0.080,3,120,30
1784771437146,2026-07-23T01:50:37.146Z,-23.6052674,-46.8362045,831.672,0.081,0.050,3,120,30
1784771437211,2026-07-23T01:50:37.211Z,-23.6052674,-46.8362044,831.651,0.040,0.080,3,120,30
1784771437276,2026-07-23T01:50:37.276Z,-23.6052675,-46.8362045,831.642,0.106,0.040,3,120,30
1784771437342,2026-07-23T01:50:37.342Z,-23.6052676,-46.8362046,831.644,0.149,0.110,3,120,30
1784771437407,2026-07-23T01:50:37.407Z,-23.6052677,-46.8362046,831.629,0.161,0.150,3,120,30
1784771437472,2026-07-23T01:50:37.472Z,-23.6052677,-46.8362046,831.634,0.078,0.160,3,120,30
1784771437538,2026-07-23T01:50:37.538Z,-23.6052678,-46.8362044,831.623,0.165,0.080,3,120,30
1784771437603,2026-07-23T01:50:37.603Z,-23.6052677,-46.8362044,831.615,0.084,0.170,3,120,30
1784771437668,2026-07-23T01:50:37.668Z,-23.6052677,-46.8362043,831.595,0.093,0.080,3,120,30
1784771437734,2026-07-23T01:50:37.734Z,-23.6052677,-46.8362043,831.587,0.061,0.090,3,120,30
1784771437799,2026-07-23T01:50:37.799Z,-23.6052677,-46.8362043,831.603,0.080,0.070,3,120,30
1784771437864,2026-07-23T01:50:37.864Z,-23.6052676,-46.8362044,831.616,0.139,0.080,3,120,30
1784771437930,2026-07-23T01:50:37.930Z,-23.6052675,-46.8362045,831.630,0.173,0.140,3,120,31
1784771437982,2026-07-23T01:50:37.982Z,-23.6052674,-46.8362044,831.614,0.179,0.170,3,120,31
1784771438034,2026-07-23T01:50:38.034Z,-23.6052673,-46.8362045,831.597,0.202,0.180,3,120,31
1784771438086,2026-07-23T01:50:38.086Z,-23.6052674,-46.8362043,831.572,0.087,0.200,3,120,31
1784771438138,2026-07-23T01:50:38.138Z,-23.6052674,-46.8362044,831.584,0.031,0.090,3,120,31
1784771438190,2026-07-23T01:50:38.190Z,-23.6052675,-46.8362044,831.596,0.035,0.030,3,120,31
1784771438242,2026-07-23T01:50:38.242Z,-23.6052676,-46.8362045,831.602,0.107,0.030,3,120,31
1784771438294,2026-07-23T01:50:38.294Z,-23.6052676,-46.8362046,831.613,0.123,0.110,3,120,31
1784771438346,2026-07-23T01:50:38.346Z,-23.6052676,-46.8362046,831.617,0.013,0.120,3,120,31
1784771438398,2026-07-23T01:50:38.398Z,-23.6052676,-46.8362045,831.590,0.024,0.020,3,120,31
1784771438451,2026-07-23T01:50:38.451Z,-23.6052675,-46.8362046,831.585,0.115,0.020,3,120,31
1784771438503,2026-07-23T01:50:38.503Z,-23.6052675,-46.8362047,831.591,0.173,0.110,3,120,31
1784771438555,2026-07-23T01:50:38.555Z,-23.6052674,-46.8362047,831.590,0.195,0.170,3,120,31
1784771438607,2026-07-23T01:50:38.607Z,-23.6052673,-46.8362048,831.605,0.153,0.190,3,120,31
1784771438659,2026-07-23T01:50:38.659Z,-23.6052674,-46.8362049,831.610,0.089,0.150,3,120,31
1784771438711,2026-07-23T01:50:38.711Z,-23.6052674,-46.8362048,831.620,0.038,0.090,3,120,31
1784771438763,2026-07-23T01:50:38.763Z,-23.6052674,-46.8362047,831.600,0.071,0.050,3,120,31
1784771438815,2026-07-23T01:50:38.815Z,-23.6052674,-46.8362046,831.579,0.054,0.070,3,120,31
1784771438867,2026-07-23T01:50:38.867Z,-23.6052674,-46.8362046,831.573,0.044,0.050,3,120,31
1784771438920,2026-07-23T01:50:38.920Z,-23.6052675,-46.8362046,831.564,0.085,0.040,3,120,32
1784771438972,2026-07-23T01:50:38.972Z,-23.6052675,-46.8362047,831.565,0.051,0.080,3,120,32
1784771439024,2026-07-23T01:50:39.024Z,-23.6052674,-46.8362047,831.574,0.031,0.050,3,120,32
1784771439076,2026-07-23T01:50:39.076Z,-23.6052674,-46.8362048,831.584,0.043,0.030,3,120,32
1784771439128,2026-07-23T01:50:39.128Z,-23.6052674,-46.8362048,831.578,0.017,0.050,3,120,32
1784771439180,2026-07-23T01:50:39.180Z,-23.6052675,-46.8362048,831.569,0.057,0.020,3,120,32
1784771439232,2026-07-23T01:50:39.232Z,-23.6052675,-46.8362049,831.567,0.077,0.060,3,120,32
1784771439284,2026-07-23T01:50:39.284Z,-23.6052675,-46.8362049,831.563,0.064,0.080,3,120,32
1784771439336,2026-07-23T01:50:39.336Z,-23.6052675,-46.8362049,831.554,0.039,0.060,3,120,32
1784771439388,2026-07-23T01:50:39.388Z,-23.6052675,-46.8362049,831.551,0.055,0.040,3,120,32
1784771439441,2026-07-23T01:50:39.441Z,-23.6052676,-46.8362049,831.539,0.097,0.060,3,120,32
1784771439493,2026-07-23T01:50:39.493Z,-23.6052677,-46.8362048,831.538,0.174,0.100,3,120,32
1784771439545,2026-07-23T01:50:39.545Z,-23.6052677,-46.8362048,831.559,0.136,0.170,3,120,32
1784771439597,2026-07-23T01:50:39.597Z,-23.6052677,-46.8362048,831.538,0.069,0.140,3,120,32
1784771439649,2026-07-23T01:50:39.649Z,-23.6052678,-46.8362050,831.550,0.102,0.070,3,120,32
1784771439701,2026-07-23T01:50:39.701Z,-23.6052678,-46.8362050,831.541,0.094,0.100,3,120,32
1784771439753,2026-07-23T01:50:39.753Z,-23.6052678,-46.8362050,831.525,0.058,0.090,3,120,32
1784771439805,2026-07-23T01:50:39.805Z,-23.6052678,-46.8362050,831.529,0.026,0.060,3,120,32
1784771439857,2026-07-23T01:50:39.857Z,-23.6052678,-46.8362051,831.538,0.028,0.030,3,120,32
1784771439910,2026-07-23T01:50:39.910Z,-23.6052678,-46.8362051,831.538,0.034,0.030,3,120,33
1784771439968,2026-07-23T01:50:39.968Z,-23.6052679,-46.8362051,831.537,0.047,0.030,3,120,33
1784771440026,2026-07-23T01:50:40.026Z,-23.6052678,-46.8362051,831.534,0.026,0.050,3,120,33
1784771440084,2026-07-23T01:50:40.084Z,-23.6052679,-46.8362050,831.528,0.067,0.030,3,120,33
1784771440142,2026-07-23T01:50:40.142Z,-23.6052678,-46.8362052,831.536,0.063,0.070,3,120,33
1784771440201,2026-07-23T01:50:40.201Z,-23.6052679,-46.8362050,831.528,0.073,0.060,3,120,33
1784771440259,2026-07-23T01:50:40.259Z,-23.6052678,-46.8362050,831.535,0.070,0.070,3,120,33
1784771440317,2026-07-23T01:50:40.317Z,-23.6052679,-46.8362050,831.528,0.002,0.070,3,120,33
1784771440375,2026-07-23T01:50:40.375Z,-23.6052678,-46.8362049,831.543,0.150,0.010,3,120,33
1784771440434,2026-07-23T01:50:40.434Z,-23.6052678,-46.8362049,831.544,0.079,0.150,3,120,33
1784771440492,2026-07-23T01:50:40.492Z,-23.6052678,-46.8362050,831.537,0.042,0.080,3,120,33
1784771440550,2026-07-23T01:50:40.550Z,-23.6052679,-46.8362049,831.517,0.017,0.040,3,120,33
1784771440608,2026-07-23T01:50:40.608Z,-23.6052678,-46.8362049,831.521,0.064,0.020,3,120,33
1784771440667,2026-07-23T01:50:40.667Z,-23.6052678,-46.8362050,831.530,0.044,0.060,3,120,33
1784771440725,2026-07-23T01:50:40.725Z,-23.6052678,-46.8362049,831.513,0.033,0.050,3,120,33
1784771440783,2026-07-23T01:50:40.783Z,-23.6052678,-46.8362049,831.504,0.070,0.030,3,120,33
1784771440841,2026-07-23T01:50:40.841Z,-23.6052678,-46.8362051,831.525,0.049,0.070,3,120,33
1784771440900,2026-07-23T01:50:40.900Z,-23.6052679,-46.8362051,831.521,0.030,0.050,3,120,34
1784771440961,2026-07-23T01:50:40.961Z,-23.6052678,-46.8362050,831.511,0.004,0.030,3,120,34
1784771441022,2026-07-23T01:50:41.022Z,-23.6052678,-46.8362051,831.518,0.039,0.000,3,120,34
1784771441084,2026-07-23T01:50:41.084Z,-23.6052678,-46.8362051,831.521,0.055,0.040,3,120,34
1784771441145,2026-07-23T01:50:41.145Z,-23.6052679,-46.8362051,831.508,0.054,0.060,3,120,34
1784771441207,2026-07-23T01:50:41.207Z,-23.6052679,-46.8362052,831.510,0.039,0.050,3,120,34
1784771441268,2026-07-23T01:50:41.268Z,-23.6052679,-46.8362052,831.502,0.040,0.040,3,120,34
1784771441330,2026-07-23T01:50:41.330Z,-23.6052678,-46.8362053,831.500,0.027,0.040,3,120,34
1784771441391,2026-07-23T01:50:41.391Z,-23.6052678,-46.8362054,831.516,0.064,0.030,3,120,34
1784771441453,2026-07-23T01:50:41.453Z,-23.6052678,-46.8362054,831.518,0.027,0.060,3,120,34
1784771441514,2026-07-23T01:50:41.514Z,-23.6052679,-46.8362055,831.512,0.059,0.030,3,120,34
1784771441576,2026-07-23T01:50:41.576Z,-23.6052679,-46.8362054,831.505,0.014,0.060,3,120,34
1784771441637,2026-07-23T01:50:41.637Z,-23.6052679,-46.8362054,831.497,0.067,0.010,3,120,34
1784771441699,2026-07-23T01:50:41.699Z,-23.6052679,-46.8362054,831.505,0.082,0.070,3,120,34
1784771441760,2026-07-23T01:50:41.760Z,-23.6052679,-46.8362055,831.509,0.013,0.080,3,120,34
1784771441822,2026-07-23T01:50:41.822Z,-23.6052678,-46.8362056,831.514,0.076,0.010,3,120,34
1784771441883,2026-07-23T01:50:41.883Z,-23.6052678,-46.8362055,831.518,0.025,0.080,3,120,34
1784771441945,2026-07-23T01:50:41.945Z,-23.6052678,-46.8362055,831.504,0.075,0.020,3,120,35
1784771442000,2026-07-23T01:50:42.000Z,-23.6052678,-46.8362055,831.502,0.059,0.080,3,120,35
1784771442055,2026-07-23T01:50:42.055Z,-23.6052678,-46.8362057,831.519,0.023,0.060,3,120,35
1784771442110,2026-07-23T01:50:42.110Z,-23.6052678,-46.8362057,831.513,0.047,0.020,3,120,35
1784771442165,2026-07-23T01:50:42.165Z,-23.6052678,-46.8362057,831.515,0.030,0.050,3,120,35
1784771442220,2026-07-23T01:50:42.220Z,-23.6052678,-46.8362057,831.503,0.027,0.030,3,120,35
1784771442275,2026-07-23T01:50:42.275Z,-23.6052678,-46.8362058,831.508,0.041,0.030,3,120,35
1784771442330,2026-07-23T01:50:42.330Z,-23.6052677,-46.8362058,831.516,0.081,0.040,3,120,35
1784771442385,2026-07-23T01:50:42.385Z,-23.6052677,-46.8362058,831.509,0.041,0.080,3,120,35
1784771442440,2026-07-23T01:50:42.440Z,-23.6052678,-46.8362058,831.500,0.044,0.040,3,120,35
1784771442495,2026-07-23T01:50:42.495Z,-23.6052678,-46.8362057,831.496,0.075,0.040,3,120,35
1784771442550,2026-07-23T01:50:42.550Z,-23.6052678,-46.8362058,831.503,0.035,0.080,3,120,35
1784771442605,2026-07-23T01:50:42.605Z,-23.6052678,-46.8362058,831.499,0.029,0.030,3,120,35
1784771442660,2026-07-23T01:50:42.660Z,-23.6052679,-46.8362058,831.498,0.072,0.030,3,120,35
1784771442715,2026-07-23T01:50:42.715Z,-23.6052679,-46.8362058,831.491,0.048,0.070,3,120,35
1784771442770,2026-07-23T01:50:42.770Z,-23.6052678,-46.8362057,831.477,0.106,0.050,3,120,35
1784771442825,2026-07-23T01:50:42.825Z,-23.6052678,-46.8362058,831.473,0.042,0.110,3,120,35
1784771442880,2026-07-23T01:50:42.880Z,-23.6052679,-46.8362058,831.482,0.051,0.050,3,120,36
1784771442938,2026-07-23T01:50:42.938Z,-23.6052679,-46.8362059,831.483,0.050,0.050,3,120,36
1784771442996,2026-07-23T01:50:42.996Z,-23.6052679,-46.8362059,831.476,0.040,0.050,3,120,36
1784771443054,2026-07-23T01:50:43.054Z,-23.6052679,-46.8362059,831.480,0.055,0.040,3,120,36
1784771443112,2026-07-23T01:50:43.112Z,-23.6052679,-46.8362061,831.493,0.076,0.050,3,120,36
1784771443171,2026-07-23T01:50:43.171Z,-23.6052679,-46.8362061,831.500,0.057,0.080,3,120,36
1784771443229,2026-07-23T01:50:43.229Z,-23.6052680,-46.8362061,831.499,0.070,0.060,3,120,36
1784771443287,2026-07-23T01:50:43.287Z,-23.6052680,-46.8362061,831.494,0.040,0.070,3,120,36
1784771443345,2026-07-23T01:50:43.345Z,-23.6052680,-46.8362060,831.492,0.071,0.040,3,120,36
1784771443404,2026-07-23T01:50:43.404Z,-23.6052680,-46.8362061,831.492,0.018,0.070,3,120,36
1784771443462,2026-07-23T01:50:43.462Z,-23.6052680,-46.8362061,831.493,0.055,0.020,3,120,36
1784771443520,2026-07-23T01:50:43.520Z,-23.6052680,-46.8362061,831.483,0.003,0.060,3,120,36
1784771443578,2026-07-23T01:50:43.578Z,-23.6052679,-46.8362061,831.483,0.068,0.000,3,120,36
1784771443637,2026-07-23T01:50:43.637Z,-23.6052679,-46.8362062,831.477,0.046,0.070,3,120,36
1784771443695,2026-07-23T01:50:43.695Z,-23.6052680,-46.8362062,831.483,0.033,0.050,3,120,36
1784771443753,2026-07-23T01:50:43.753Z,-23.6052681,-46.8362063,831.494,0.068,0.030,3,120,36
1784771443811,2026-07-23T01:50:43.811Z,-23.6052680,-46.8362063,831.482,0.010,0.070,3,120,36
1784771443870,2026-07-23T01:50:43.870Z,-23.6052680,-46.8362063,831.485,0.027,0.010,3,120,37
1784771443931,2026-07-23T01:50:43.931Z,-23.6052680,-46.8362063,831.482,0.036,0.030,3,120,37
1784771443992,2026-07-23T01:50:43.992Z,-23.6052680,-46.8362064,831.477,0.014,0.040,3,120,37
1784771444054,2026-07-23T01:50:44.054Z,-23.6052680,-46.8362064,831.481,0.046,0.020,3,120,37
1784771444115,2026-07-23T01:50:44.115Z,-23.6052681,-46.8362065,831.485,0.017,0.050,3,120,37
1784771444177,2026-07-23T01:50:44.177Z,-23.6052681,-46.8362065,831.490,0.040,0.020,3,120,37
1784771444238,2026-07-23T01:50:44.238Z,-23.6052681,-46.8362066,831.492,0.023,0.040,3,120,37
1784771444300,2026-07-23T01:50:44.300Z,-23.6052681,-46.8362066,831.472,0.028,0.020,3,120,37
1784771444361,2026-07-23T01:50:44.361Z,-23.6052681,-46.8362066,831.475,0.038,0.030,3,120,37
1784771444423,2026-07-23T01:50:44.423Z,-23.6052681,-46.8362067,831.488,0.012,0.040,3,120,37
1784771444484,2026-07-23T01:50:44.484Z,-23.6052680,-46.8362066,831.466,0.096,0.010,3,120,37
1784771444546,2026-07-23T01:50:44.546Z,-23.6052679,-46.8362066,831.479,0.152,0.100,3,120,37
1784771444607,2026-07-23T01:50:44.607Z,-23.6052679,-46.8362066,831.467,0.123,0.150,3,120,37
1784771444669,2026-07-23T01:50:44.669Z,-23.6052679,-46.8362067,831.458,0.063,0.120,3,120,37
1784771444730,2026-07-23T01:50:44.730Z,-23.6052679,-46.8362067,831.463,0.011,0.070,3,120,37
1784771444792,2026-07-23T01:50:44.792Z,-23.6052680,-46.8362068,831.466,0.057,0.020,3,120,37
1784771444853,2026-07-23T01:50:44.853Z,-23.6052680,-46.8362068,831.466,0.039,0.060,3,120,37
1784771444915,2026-07-23T01:50:44.915Z,-23.6052679,-46.8362068,831.462,0.042,0.040,3,120,38
1784771444973,2026-07-23T01:50:44.973Z,-23.6052678,-46.8362068,831.456,0.098,0.040,3,120,38
1784771445031,2026-07-23T01:50:45.031Z,-23.6052677,-46.8362068,831.444,0.098,0.100,3,120,38
1784771445089,2026-07-23T01:50:45.089Z,-23.6052677,-46.8362068,831.460,0.079,0.100,3,120,38
1784771445147,2026-07-23T01:50:45.147Z,-23.6052676,-46.8362069,831.472,0.113,0.080,3,120,38
1784771445206,2026-07-23T01:50:45.206Z,-23.6052674,-46.8362069,831.479,0.198,0.110,3,120,38
1784771445264,2026-07-23T01:50:45.264Z,-23.6052673,-46.8362069,831.478,0.163,0.200,3,120,38
1784771445322,2026-07-23T01:50:45.322Z,-23.6052673,-46.8362068,831.472,0.157,0.160,3,120,38
1784771445380,2026-07-23T01:50:45.380Z,-23.6052672,-46.8362068,831.462,0.159,0.160,3,120,38
1784771445439,2026-07-23T01:50:45.439Z,-23.6052671,-46.8362068,831.467,0.123,0.160,3,120,38
1784771445497,2026-07-23T01:50:45.497Z,-23.6052670,-46.8362068,831.476,0.124,0.120,3,120,38
1784771445555,2026-07-23T01:50:45.555Z,-23.6052669,-46.8362068,831.480,0.159,0.120,3,120,38
1784771445613,2026-07-23T01:50:45.613Z,-23.6052668,-46.8362068,831.480,0.107,0.160,3,120,38
1784771445672,2026-07-23T01:50:45.672Z,-23.6052669,-46.8362067,831.457,0.054,0.110,3,120,38
1784771445730,2026-07-23T01:50:45.730Z,-23.6052668,-46.8362068,831.447,0.077,0.060,3,120,38
1784771445788,2026-07-23T01:50:45.788Z,-23.6052667,-46.8362069,831.469,0.082,0.080,3,120,38
1784771445846,2026-07-23T01:50:45.846Z,-23.6052667,-46.8362068,831.469,0.060,0.080,3,120,38
1784771445905,2026-07-23T01:50:45.905Z,-23.6052667,-46.8362070,831.470,0.084,0.060,3,120,39
1784771445963,2026-07-23T01:50:45.963Z,-23.6052668,-46.8362070,831.464,0.065,0.080,3,120,39
1784771446021,2026-07-23T01:50:46.021Z,-23.6052668,-46.8362069,831.450,0.056,0.070,3,120,39
1784771446079,2026-07-23T01:50:46.079Z,-23.6052669,-46.8362067,831.441,0.153,0.060,3,120,39
1784771446137,2026-07-23T01:50:46.137Z,-23.6052670,-46.8362068,831.454,0.163,0.160,3,120,39
1784771446196,2026-07-23T01:50:46.196Z,-23.6052670,-46.8362070,831.465,0.153,0.160,3,120,39
1784771446254,2026-07-23T01:50:46.254Z,-23.6052670,-46.8362069,831.468,0.050,0.150,3,120,39
1784771446312,2026-07-23T01:50:46.312Z,-23.6052669,-46.8362069,831.469,0.033,0.050,3,120,39
1784771446370,2026-07-23T01:50:46.370Z,-23.6052668,-46.8362070,831.485,0.109,0.030,3,120,39
1784771446429,2026-07-23T01:50:46.429Z,-23.6052668,-46.8362070,831.469,0.088,0.110,3,120,39
1784771446487,2026-07-23T01:50:46.487Z,-23.6052668,-46.8362070,831.469,0.056,0.090,3,120,39
1784771446545,2026-07-23T01:50:46.545Z,-23.6052668,-46.8362070,831.466,0.027,0.060,3,120,39
1784771446603,2026-07-23T01:50:46.603Z,-23.6052667,-46.8362069,831.465,0.065,0.030,3,120,39
1784771446662,2026-07-23T01:50:46.662Z,-23.6052666,-46.8362069,831.476,0.070,0.060,3,120,39
1784771446720,2026-07-23T01:50:46.720Z,-23.6052667,-46.8362070,831.478,0.031,0.070,3,120,39
1784771446778,2026-07-23T01:50:46.778Z,-23.6052668,-46.8362070,831.468,0.091,0.030,3,120,39
1784771446836,2026-07-23T01:50:46.836Z,-23.6052667,-46.8362071,831.482,0.059,0.090,3,120,39
1784771446895,2026-07-23T01:50:46.895Z,-23.6052667,-46.8362072,831.508,0.070,0.060,3,120,40
1784771446950,2026-07-23T01:50:46.950Z,-23.6052666,-46.8362072,831.488,0.045,0.080,3,120,40
1784771447005,2026-07-23T01:50:47.005Z,-23.6052665,-46.8362072,831.482,0.119,0.050,3,120,40
1784771447060,2026-07-23T01:50:47.060Z,-23.6052665,-46.8362073,831.500,0.082,0.120,3,120,40
1784771447115,2026-07-23T01:50:47.115Z,-23.6052665,-46.8362072,831.490,0.015,0.080,3,120,40
1784771447170,2026-07-23T01:50:47.170Z,-23.6052665,-46.8362072,831.503,0.011,0.020,3,120,40
1784771447225,2026-07-23T01:50:47.225Z,-23.6052665,-46.8362072,831.486,0.054,0.030,3,120,40
1784771447280,2026-07-23T01:50:47.280Z,-23.6052665,-46.8362071,831.486,0.060,0.050,3,120,40
1784771447335,2026-07-23T01:50:47.335Z,-23.6052664,-46.8362072,831.496,0.019,0.060,3,120,40
1784771447390,2026-07-23T01:50:47.390Z,-23.6052665,-46.8362072,831.502,0.068,0.020,3,120,40
1784771447445,2026-07-23T01:50:47.445Z,-23.6052664,-46.8362072,831.501,0.032,0.070,3,120,40
1784771447500,2026-07-23T01:50:47.500Z,-23.6052664,-46.8362071,831.502,0.041,0.040,3,120,40
1784771447555,2026-07-23T01:50:47.555Z,-23.6052664,-46.8362072,831.509,0.034,0.050,3,120,40
1784771447610,2026-07-23T01:50:47.610Z,-23.6052664,-46.8362072,831.508,0.018,0.040,3,120,40
1784771447665,2026-07-23T01:50:47.665Z,-23.6052664,-46.8362071,831.499,0.032,0.030,3,120,40
1784771447720,2026-07-23T01:50:47.720Z,-23.6052662,-46.8362070,831.485,0.110,0.030,3,120,40
1784771447775,2026-07-23T01:50:47.775Z,-23.6052663,-46.8362071,831.478,0.078,0.110,3,120,40
1784771447830,2026-07-23T01:50:47.830Z,-23.6052662,-46.8362071,831.499,0.012,0.080,3,120,40
1784771447885,2026-07-23T01:50:47.885Z,-23.6052662,-46.8362072,831.511,0.024,0.020,3,120,40
1784771447940,2026-07-23T01:50:47.940Z,-23.6052662,-46.8362071,831.512,0.041,0.030,3,120,41
1784771447992,2026-07-23T01:50:47.992Z,-23.6052661,-46.8362072,831.520,0.019,0.040,3,120,41
1784771448044,2026-07-23T01:50:48.044Z,-23.6052660,-46.8362071,831.521,0.057,0.030,3,120,41
1784771448096,2026-07-23T01:50:48.096Z,-23.6052660,-46.8362071,831.498,0.046,0.060,3,120,41
1784771448148,2026-07-23T01:50:48.148Z,-23.6052661,-46.8362072,831.487,0.064,0.050,3,120,41
1784771448200,2026-07-23T01:50:48.200Z,-23.6052660,-46.8362072,831.499,0.044,0.060,3,120,41
1784771448252,2026-07-23T01:50:48.252Z,-23.6052660,-46.8362071,831.506,0.010,0.040,3,120,41
1784771448304,2026-07-23T01:50:48.304Z,-23.6052659,-46.8362072,831.508,0.015,0.010,3,120,41
1784771448356,2026-07-23T01:50:48.356Z,-23.6052659,-46.8362072,831.512,0.018,0.020,3,120,41
1784771448408,2026-07-23T01:50:48.408Z,-23.6052659,-46.8362072,831.505,0.060,0.020,3,120,41
1784771448461,2026-07-23T01:50:48.461Z,-23.6052658,-46.8362071,831.519,0.038,0.060,3,120,41
1784771448513,2026-07-23T01:50:48.513Z,-23.6052659,-46.8362071,831.503,0.024,0.040,3,120,41
1784771448565,2026-07-23T01:50:48.565Z,-23.6052659,-46.8362072,831.503,0.047,0.020,3,120,41
1784771448617,2026-07-23T01:50:48.617Z,-23.6052658,-46.8362073,831.516,0.097,0.050,3,120,41
1784771448669,2026-07-23T01:50:48.669Z,-23.6052658,-46.8362073,831.515,0.058,0.100,3,120,41
1784771448721,2026-07-23T01:50:48.721Z,-23.6052657,-46.8362073,831.525,0.066,0.060,3,120,41
1784771448773,2026-07-23T01:50:48.773Z,-23.6052657,-46.8362072,831.524,0.049,0.070,3,120,41
1784771448825,2026-07-23T01:50:48.825Z,-23.6052657,-46.8362072,831.527,0.063,0.050,3,120,41
1784771448877,2026-07-23T01:50:48.877Z,-23.6052656,-46.8362072,831.525,0.055,0.070,3,120,41
1784771448930,2026-07-23T01:50:48.930Z,-23.6052656,-46.8362072,831.533,0.018,0.060,3,120,42
1784771448991,2026-07-23T01:50:48.991Z,-23.6052656,-46.8362072,831.533,0.030,0.020,3,120,42
1784771449053,2026-07-23T01:50:49.053Z,-23.6052657,-46.8362073,831.528,0.043,0.030,3,120,42
1784771449115,2026-07-23T01:50:49.115Z,-23.6052656,-46.8362073,831.533,0.048,0.040,3,120,42
1784771449177,2026-07-23T01:50:49.177Z,-23.6052656,-46.8362073,831.536,0.047,0.050,3,120,42
1784771449239,2026-07-23T01:50:49.239Z,-23.6052656,-46.8362073,831.532,0.014,0.050,3,120,42
1784771449301,2026-07-23T01:50:49.301Z,-23.6052655,-46.8362073,831.537,0.022,0.020,3,120,42
1784771449363,2026-07-23T01:50:49.363Z,-23.6052655,-46.8362073,831.534,0.004,0.020,3,120,42
1784771449425,2026-07-23T01:50:49.425Z,-23.6052655,-46.8362074,831.547,0.049,0.010,3,120,42
1784771449486,2026-07-23T01:50:49.486Z,-23.6052654,-46.8362072,831.543,0.147,0.050,3,120,42
1784771449548,2026-07-23T01:50:49.548Z,-23.6052653,-46.8362072,831.539,0.099,0.150,3,120,42
1784771449610,2026-07-23T01:50:49.610Z,-23.6052654,-46.8362074,831.547,0.046,0.100,3,120,42
1784771449672,2026-07-23T01:50:49.672Z,-23.6052653,-46.8362073,831.552,0.047,0.050,3,120,42
1784771449734,2026-07-23T01:50:49.734Z,-23.6052652,-46.8362073,831.558,0.075,0.050,3,120,42
1784771449796,2026-07-23T01:50:49.796Z,-23.6052652,-46.8362072,831.546,0.036,0.080,3,120,42
1784771449858,2026-07-23T01:50:49.858Z,-23.6052653,-46.8362073,831.547,0.054,0.040,3,120,42
1784771449920,2026-07-23T01:50:49.920Z,-23.6052652,-46.8362073,831.553,0.025,0.050,3,120,43
1784771449975,2026-07-23T01:50:49.975Z,-23.6052652,-46.8362073,831.559,0.013,0.030,3,120,43
1784771450030,2026-07-23T01:50:50.030Z,-23.6052652,-46.8362073,831.570,0.014,0.010,3,120,43
1784771450085,2026-07-23T01:50:50.085Z,-23.6052652,-46.8362073,831.575,0.027,0.010,3,120,43
1784771450140,2026-07-23T01:50:50.140Z,-23.6052652,-46.8362075,831.565,0.099,0.030,3,120,43
1784771450195,2026-07-23T01:50:50.195Z,-23.6052651,-46.8362074,831.575,0.018,0.100,3,120,43
1784771450250,2026-07-23T01:50:50.250Z,-23.6052651,-46.8362074,831.568,0.030,0.020,3,120,43
1784771450305,2026-07-23T01:50:50.305Z,-23.6052651,-46.8362075,831.567,0.032,0.030,3,120,43
1784771450360,2026-07-23T01:50:50.360Z,-23.6052650,-46.8362074,831.575,0.024,0.030,3,120,43
1784771450415,2026-07-23T01:50:50.415Z,-23.6052651,-46.8362074,831.569,0.040,0.020,3,120,43
1784771450470,2026-07-23T01:50:50.470Z,-23.6052651,-46.8362074,831.570,0.027,0.040,3,120,43
1784771450525,2026-07-23T01:50:50.525Z,-23.6052650,-46.8362074,831.578,0.025,0.030,3,120,43
1784771450580,2026-07-23T01:50:50.580Z,-23.6052650,-46.8362074,831.576,0.019,0.030,3,120,43
1784771450635,2026-07-23T01:50:50.635Z,-23.6052651,-46.8362075,831.588,0.082,0.020,3,120,43
1784771450690,2026-07-23T01:50:50.690Z,-23.6052650,-46.8362075,831.594,0.009,0.080,3,120,43
1784771450745,2026-07-23T01:50:50.745Z,-23.6052650,-46.8362075,831.590,0.026,0.010,3,120,43
1784771450800,2026-07-23T01:50:50.800Z,-23.6052649,-46.8362075,831.586,0.076,0.030,3,120,43
1784771450855,2026-07-23T01:50:50.855Z,-23.6052649,-46.8362075,831.585,0.037,0.080,3,120,43
1784771450910,2026-07-23T01:50:50.910Z,-23.6052649,-46.8362075,831.587,0.017,0.040,3,120,44
1784771450962,2026-07-23T01:50:50.962Z,-23.6052649,-46.8362073,831.585,0.067,0.020,3,120,44
1784771451014,2026-07-23T01:50:51.014Z,-23.6052648,-46.8362074,831.594,0.043,0.070,3,120,44
1784771451066,2026-07-23T01:50:51.066Z,-23.6052648,-46.8362073,831.594,0.063,0.040,3,120,44
1784771451118,2026-07-23T01:50:51.118Z,-23.6052647,-46.8362073,831.601,0.053,0.060,3,120,44
1784771451170,2026-07-23T01:50:51.170Z,-23.6052647,-46.8362074,831.602,0.071,0.050,3,120,44
1784771451222,2026-07-23T01:50:51.222Z,-23.6052645,-46.8362074,831.618,0.149,0.070,3,120,44
1784771451274,2026-07-23T01:50:51.274Z,-23.6052642,-46.8362074,831.625,0.312,0.150,3,120,44
1784771451326,2026-07-23T01:50:51.326Z,-23.6052640,-46.8362074,831.636,0.302,0.310,3,120,44
1784771451378,2026-07-23T01:50:51.378Z,-23.6052638,-46.8362074,831.650,0.313,0.300,3,120,44
1784771451431,2026-07-23T01:50:51.431Z,-23.6052637,-46.8362076,831.644,0.313,0.310,3,120,44
1784771451483,2026-07-23T01:50:51.483Z,-23.6052635,-46.8362076,831.639,0.338,0.310,3,120,44
1784771451535,2026-07-23T01:50:51.535Z,-23.6052632,-46.8362075,831.635,0.394,0.340,3,120,44
1784771451587,2026-07-23T01:50:51.587Z,-23.6052630,-46.8362075,831.618,0.385,0.390,3,120,44
1784771451639,2026-07-23T01:50:51.639Z,-23.6052629,-46.8362076,831.623,0.339,0.390,3,120,44
1784771451691,2026-07-23T01:50:51.691Z,-23.6052629,-46.8362076,831.603,0.200,0.340,3,120,44
1784771451743,2026-07-23T01:50:51.743Z,-23.6052628,-46.8362075,831.604,0.132,0.200,3,120,44
1784771451795,2026-07-23T01:50:51.795Z,-23.6052629,-46.8362076,831.622,0.076,0.130,3,120,44
1784771451847,2026-07-23T01:50:51.847Z,-23.6052629,-46.8362076,831.636,0.035,0.080,3,120,44
1784771451900,2026-07-23T01:50:51.900Z,-23.6052629,-46.8362075,831.627,0.035,0.040,3,120,45
1784771451958,2026-07-23T01:50:51.958Z,-23.6052628,-46.8362074,831.624,0.033,0.040,3,120,45
1784771452016,2026-07-23T01:50:52.016Z,-23.6052628,-46.8362074,831.620,0.021,0.030,3,120,45
1784771452074,2026-07-23T01:50:52.074Z,-23.6052629,-46.8362075,831.628,0.079,0.020,3,120,45
1784771452132,2026-07-23T01:50:52.132Z,-23.6052629,-46.8362074,831.618,0.079,0.080,3,120,45
1784771452191,2026-07-23T01:50:52.191Z,-23.6052629,-46.8362075,831.611,0.079,0.080,3,120,45
1784771452249,2026-07-23T01:50:52.249Z,-23.6052629,-46.8362075,831.620,0.071,0.080,3,120,45
1784771452307,2026-07-23T01:50:52.307Z,-23.6052629,-46.8362075,831.642,0.020,0.070,3,120,45
1784771452365,2026-07-23T01:50:52.365Z,-23.6052629,-46.8362076,831.653,0.089,0.030,3,120,45
1784771452424,2026-07-23T01:50:52.424Z,-23.6052628,-46.8362075,831.643,0.041,0.090,3,120,45
1784771452482,2026-07-23T01:50:52.482Z,-23.6052629,-46.8362074,831.648,0.061,0.040,3,120,45
1784771452540,2026-07-23T01:50:52.540Z,-23.6052629,-46.8362073,831.632,0.044,0.060,3,120,45
1784771452598,2026-07-23T01:50:52.598Z,-23.6052628,-46.8362073,831.641,0.052,0.040,3,120,45
1784771452657,2026-07-23T01:50:52.657Z,-23.6052629,-46.8362073,831.644,0.032,0.060,3,120,45
1784771452715,2026-07-23T01:50:52.715Z,-23.6052628,-46.8362073,831.646,0.035,0.040,3,120,45
1784771452773,2026-07-23T01:50:52.773Z,-23.6052628,-46.8362072,831.642,0.042,0.040,3,120,45
1784771452831,2026-07-23T01:50:52.831Z,-23.6052629,-46.8362071,831.622,0.064,0.040,3,120,45
1784771452890,2026-07-23T01:50:52.890Z,-23.6052630,-46.8362071,831.627,0.074,0.060,3,120,46
1784771452951,2026-07-23T01:50:52.951Z,-23.6052630,-46.8362071,831.646,0.077,0.070,3,120,46
1784771453012,2026-07-23T01:50:53.012Z,-23.6052630,-46.8362071,831.647,0.056,0.080,3,120,46
1784771453074,2026-07-23T01:50:53.074Z,-23.6052630,-46.8362071,831.633,0.026,0.060,3,120,46
1784771453135,2026-07-23T01:50:53.135Z,-23.6052630,-46.8362071,831.640,0.050,0.030,3,120,46
1784771453197,2026-07-23T01:50:53.197Z,-23.6052630,-46.8362071,831.655,0.064,0.050,3,120,46
1784771453258,2026-07-23T01:50:53.258Z,-23.6052631,-46.8362070,831.638,0.043,0.070,3,120,46
1784771453320,2026-07-23T01:50:53.320Z,-23.6052631,-46.8362069,831.644,0.061,0.040,3,120,46
1784771453381,2026-07-23T01:50:53.381Z,-23.6052632,-46.8362070,831.653,0.064,0.060,3,120,46
1784771453443,2026-07-23T01:50:53.443Z,-23.6052632,-46.8362069,831.662,0.058,0.060,3,120,46
1784771453504,2026-07-23T01:50:53.504Z,-23.6052632,-46.8362070,831.679,0.047,0.060,3,120,46
1784771453566,2026-07-23T01:50:53.566Z,-23.6052633,-46.8362071,831.678,0.143,0.050,3,120,46
1784771453627,2026-07-23T01:50:53.627Z,-23.6052633,-46.8362071,831.687,0.053,0.140,3,120,46
1784771453689,2026-07-23T01:50:53.689Z,-23.6052633,-46.8362070,831.695,0.014,0.060,3,120,46
1784771453750,2026-07-23T01:50:53.750Z,-23.6052632,-46.8362070,831.697,0.024,0.030,3,120,46
1784771453812,2026-07-23T01:50:53.812Z,-23.6052633,-46.8362070,831.706,0.018,0.030,3,120,46
1784771453873,2026-07-23T01:50:53.873Z,-23.6052633,-46.8362071,831.710,0.032,0.030,3,120,46
1784771453935,2026-07-23T01:50:53.935Z,-23.6052634,-46.8362070,831.707,0.037,0.040,3,120,47
1784771453993,2026-07-23T01:50:53.993Z,-23.6052634,-46.8362070,831.702,0.061,0.040,3,120,47
1784771454051,2026-07-23T01:50:54.051Z,-23.6052634,-46.8362069,831.702,0.033,0.060,3,120,47
1784771454109,2026-07-23T01:50:54.109Z,-23.6052634,-46.8362069,831.727,0.063,0.030,3,120,47
1784771454167,2026-07-23T01:50:54.167Z,-23.6052634,-46.8362069,831.735,0.031,0.070,3,120,47
1784771454226,2026-07-23T01:50:54.226Z,-23.6052634,-46.8362069,831.713,0.030,0.040,3,120,47
1784771454284,2026-07-23T01:50:54.284Z,-23.6052636,-46.8362068,831.708,0.111,0.030,3,120,47
1784771454342,2026-07-23T01:50:54.342Z,-23.6052635,-46.8362068,831.716,0.035,0.110,3,120,47
1784771454400,2026-07-23T01:50:54.400Z,-23.6052634,-46.8362068,831.727,0.053,0.030,3,120,47
1784771454459,2026-07-23T01:50:54.459Z,-23.6052634,-46.8362068,831.735,0.037,0.050,3,120,47
1784771454517,2026-07-23T01:50:54.517Z,-23.6052635,-46.8362068,831.754,0.011,0.040,3,120,47
1784771454575,2026-07-23T01:50:54.575Z,-23.6052635,-46.8362070,831.758,0.097,0.030,3,120,47
1784771454633,2026-07-23T01:50:54.633Z,-23.6052636,-46.8362069,831.748,0.074,0.100,3,120,47
1784771454692,2026-07-23T01:50:54.692Z,-23.6052635,-46.8362068,831.758,0.023,0.080,3,120,47
1784771454750,2026-07-23T01:50:54.750Z,-23.6052635,-46.8362067,831.775,0.104,0.030,3,120,47
1784771454808,2026-07-23T01:50:54.808Z,-23.6052635,-46.8362068,831.767,0.074,0.110,3,120,47
1784771454866,2026-07-23T01:50:54.866Z,-23.6052635,-46.8362068,831.777,0.031,0.080,3,120,47
1784771454925,2026-07-23T01:50:54.925Z,-23.6052636,-46.8362068,831.781,0.020,0.040,3,120,48
1784771454983,2026-07-23T01:50:54.983Z,-23.6052636,-46.8362067,831.769,0.043,0.030,3,120,48
1784771455041,2026-07-23T01:50:55.041Z,-23.6052637,-46.8362069,831.783,0.098,0.040,3,120,48
1784771455099,2026-07-23T01:50:55.099Z,-23.6052636,-46.8362070,831.797,0.116,0.100,3,120,48
1784771455157,2026-07-23T01:50:55.157Z,-23.6052637,-46.8362069,831.798,0.023,0.120,3,120,48
1784771455215,2026-07-23T01:50:55.215Z,-23.6052637,-46.8362070,831.794,0.098,0.030,3,120,48
1784771455273,2026-07-23T01:50:55.273Z,-23.6052638,-46.8362070,831.801,0.082,0.100,3,120,48
1784771455331,2026-07-23T01:50:55.331Z,-23.6052638,-46.8362071,831.817,0.113,0.080,3,120,48
1784771455389,2026-07-23T01:50:55.389Z,-23.6052638,-46.8362072,831.827,0.133,0.120,3,120,48
1784771455447,2026-07-23T01:50:55.447Z,-23.6052639,-46.8362071,831.822,0.092,0.140,3,120,48
1784771455505,2026-07-23T01:50:55.505Z,-23.6052641,-46.8362070,831.823,0.206,0.090,3,120,48
1784771455563,2026-07-23T01:50:55.563Z,-23.6052642,-46.8362068,831.809,0.243,0.210,3,120,48
1784771455621,2026-07-23T01:50:55.621Z,-23.6052644,-46.8362066,831.820,0.279,0.240,3,120,48
1784771455679,2026-07-23T01:50:55.679Z,-23.6052645,-46.8362065,831.828,0.304,0.280,3,120,48
1784771455737,2026-07-23T01:50:55.737Z,-23.6052647,-46.8362065,831.836,0.335,0.300,3,120,48
1784771455795,2026-07-23T01:50:55.795Z,-23.6052648,-46.8362063,831.833,0.319,0.340,3,120,48
1784771455853,2026-07-23T01:50:55.853Z,-23.6052650,-46.8362063,831.827,0.327,0.320,3,120,48
1784771455911,2026-07-23T01:50:55.911Z,-23.6052652,-46.8362062,831.829,0.353,0.330,3,120,48
1784771455970,2026-07-23T01:50:55.970Z,-23.6052654,-46.8362061,831.837,0.327,0.350,3,120,49
1784771456028,2026-07-23T01:50:56.028Z,-23.6052655,-46.8362061,831.840,0.265,0.330,3,120,49
1784771456086,2026-07-23T01:50:56.086Z,-23.6052656,-46.8362061,831.852,0.240,0.270,3,120,49
1784771456145,2026-07-23T01:50:56.145Z,-23.6052658,-46.8362061,831.845,0.281,0.240,3,120,49
1784771456203,2026-07-23T01:50:56.203Z,-23.6052659,-46.8362060,831.856,0.237,0.280,3,120,49
1784771456262,2026-07-23T01:50:56.262Z,-23.6052660,-46.8362059,831.845,0.242,0.240,3,120,49
1784771456320,2026-07-23T01:50:56.320Z,-23.6052661,-46.8362060,831.853,0.205,0.240,3,120,49
1784771456379,2026-07-23T01:50:56.379Z,-23.6052661,-46.8362060,831.857,0.121,0.210,3,120,49
1784771456437,2026-07-23T01:50:56.437Z,-23.6052662,-46.8362058,831.867,0.150,0.120,3,120,49
1784771456495,2026-07-23T01:50:56.495Z,-23.6052661,-46.8362059,831.867,0.042,0.150,3,120,49
1784771456554,2026-07-23T01:50:56.554Z,-23.6052661,-46.8362058,831.869,0.060,0.040,3,120,49
1784771456612,2026-07-23T01:50:56.612Z,-23.6052660,-46.8362059,831.872,0.057,0.060,3,120,49
1784771456671,2026-07-23T01:50:56.671Z,-23.6052661,-46.8362059,831.885,0.029,0.060,3,120,49
1784771456729,2026-07-23T01:50:56.729Z,-23.6052661,-46.8362059,831.886,0.055,0.030,3,120,49
1784771456788,2026-07-23T01:50:56.788Z,-23.6052660,-46.8362060,831.904,0.043,0.060,3,120,49
1784771456846,2026-07-23T01:50:56.846Z,-23.6052660,-46.8362060,831.908,0.036,0.040,3,120,49
1784771456905,2026-07-23T01:50:56.905Z,-23.6052660,-46.8362061,831.924,0.046,0.040,3,120,50
1784771456960,2026-07-23T01:50:56.960Z,-23.6052660,-46.8362061,831.935,0.050,0.050,3,120,50
1784771457015,2026-07-23T01:50:57.015Z,-23.6052660,-46.8362060,831.923,0.065,0.050,3,120,50
1784771457070,2026-07-23T01:50:57.070Z,-23.6052660,-46.8362060,831.935,0.044,0.070,3,120,50
1784771457125,2026-07-23T01:50:57.125Z,-23.6052660,-46.8362061,831.940,0.031,0.040,3,120,50
1784771457180,2026-07-23T01:50:57.180Z,-23.6052661,-46.8362061,831.939,0.058,0.030,3,120,50
1784771457235,2026-07-23T01:50:57.235Z,-23.6052661,-46.8362061,831.948,0.035,0.060,3,120,50
1784771457290,2026-07-23T01:50:57.290Z,-23.6052662,-46.8362060,831.948,0.103,0.040,3,120,50
1784771457345,2026-07-23T01:50:57.345Z,-23.6052663,-46.8362060,831.974,0.139,0.100,3,120,50
1784771457400,2026-07-23T01:50:57.400Z,-23.6052663,-46.8362060,831.981,0.129,0.140,3,120,50
1784771457455,2026-07-23T01:50:57.455Z,-23.6052664,-46.8362061,831.986,0.096,0.130,3,120,50
1784771457510,2026-07-23T01:50:57.510Z,-23.6052665,-46.8362061,831.992,0.082,0.100,3,120,50
1784771457565,2026-07-23T01:50:57.565Z,-23.6052665,-46.8362062,831.998,0.059,0.080,3,120,50
1784771457620,2026-07-23T01:50:57.620Z,-23.6052666,-46.8362064,832.012,0.169,0.060,3,120,50
1784771457675,2026-07-23T01:50:57.675Z,-23.6052667,-46.8362061,832.001,0.147,0.170,3,120,50
1784771457730,2026-07-23T01:50:57.730Z,-23.6052667,-46.8362059,832.000,0.175,0.150,3,120,50
1784771457785,2026-07-23T01:50:57.785Z,-23.6052668,-46.8362059,832.008,0.196,0.170,3,120,50
1784771457840,2026-07-23T01:50:57.840Z,-23.6052668,-46.8362058,831.991,0.143,0.200,3,120,50
1784771457895,2026-07-23T01:50:57.895Z,-23.6052669,-46.8362058,831.988,0.102,0.140,3,126,51
1784771457956,2026-07-23T01:50:57.956Z,-23.6052670,-46.8362058,831.974,0.153,0.100,3,126,51
1784771458017,2026-07-23T01:50:58.017Z,-23.6052671,-46.8362058,831.970,0.175,0.150,3,126,51
1784771458079,2026-07-23T01:50:58.079Z,-23.6052671,-46.8362056,831.960,0.210,0.180,3,126,51
1784771458140,2026-07-23T01:50:58.140Z,-23.6052672,-46.8362055,831.940,0.220,0.210,3,126,51
1784771458202,2026-07-23T01:50:58.202Z,-23.6052673,-46.8362054,831.918,0.269,0.220,3,126,51
1784771458263,2026-07-23T01:50:58.263Z,-23.6052675,-46.8362051,831.893,0.353,0.270,3,126,51
1784771458325,2026-07-23T01:50:58.325Z,-23.6052676,-46.8362050,831.874,0.350,0.360,3,126,51
1784771458386,2026-07-23T01:50:58.386Z,-23.6052677,-46.8362050,831.882,0.271,0.360,3,126,51
1784771458448,2026-07-23T01:50:58.448Z,-23.6052678,-46.8362050,831.872,0.267,0.280,3,126,51
1784771458509,2026-07-23T01:50:58.509Z,-23.6052681,-46.8362047,831.868,0.353,0.280,3,126,51
1784771458571,2026-07-23T01:50:58.571Z,-23.6052683,-46.8362044,831.841,0.403,0.360,3,126,51
1784771458632,2026-07-23T01:50:58.632Z,-23.6052683,-46.8362040,831.801,0.412,0.410,3,126,51
1784771458694,2026-07-23T01:50:58.694Z,-23.6052685,-46.8362038,831.768,0.410,0.430,3,126,51
1784771458755,2026-07-23T01:50:58.755Z,-23.6052688,-46.8362032,831.714,0.579,0.430,3,126,51
1784771458817,2026-07-23T01:50:58.817Z,-23.6052690,-46.8362027,831.665,0.669,0.600,3,126,51
1784771458878,2026-07-23T01:50:58.878Z,-23.6052694,-46.8362021,831.613,0.772,0.700,3,126,51
1784771458940,2026-07-23T01:50:58.940Z,-23.6052695,-46.8362021,831.595,0.634,0.800,3,120,52
1784771458995,2026-07-23T01:50:58.995Z,-23.6052696,-46.8362018,831.574,0.599,0.670,3,120,52
1784771459050,2026-07-23T01:50:59.050Z,-23.6052697,-46.8362018,831.556,0.504,0.640,3,120,52
1784771459105,2026-07-23T01:50:59.105Z,-23.6052698,-46.8362017,831.537,0.436,0.560,3,120,52
1784771459160,2026-07-23T01:50:59.160Z,-23.6052700,-46.8362018,831.535,0.364,0.500,3,120,52
1784771459215,2026-07-23T01:50:59.215Z,-23.6052700,-46.8362020,831.557,0.263,0.430,3,120,52
1784771459270,2026-07-23T01:50:59.270Z,-23.6052701,-46.8362022,831.575,0.212,0.330,3,120,52
1784771459325,2026-07-23T01:50:59.325Z,-23.6052702,-46.8362024,831.604,0.238,0.280,3,120,52
1784771459380,2026-07-23T01:50:59.380Z,-23.6052704,-46.8362028,831.633,0.307,0.290,3,120,52
1784771459435,2026-07-23T01:50:59.435Z,-23.6052706,-46.8362026,831.626,0.306,0.330,3,120,52
1784771459490,2026-07-23T01:50:59.490Z,-23.6052706,-46.8362026,831.617,0.219,0.330,3,120,52
1784771459545,2026-07-23T01:50:59.545Z,-23.6052707,-46.8362026,831.619,0.206,0.250,3,120,52
1784771459600,2026-07-23T01:50:59.600Z,-23.6052707,-46.8362026,831.611,0.196,0.240,3,120,52
1784771459655,2026-07-23T01:50:59.655Z,-23.6052708,-46.8362026,831.606,0.196,0.230,3,120,52
1784771459710,2026-07-23T01:50:59.710Z,-23.6052709,-46.8362026,831.585,0.192,0.230,3,120,52
1784771459765,2026-07-23T01:50:59.765Z,-23.6052711,-46.8362024,831.572,0.265,0.230,3,120,52
1784771459820,2026-07-23T01:50:59.820Z,-23.6052713,-46.8362022,831.565,0.307,0.290,3,120,52
1784771459875,2026-07-23T01:50:59.875Z,-23.6052714,-46.8362020,831.559,0.367,0.330,3,120,52
1784771459930,2026-07-23T01:50:59.930Z,-23.6052715,-46.8362020,831.557,0.317,0.390,3,120,53
1784771459988,2026-07-23T01:50:59.988Z,-23.6052717,-46.8362023,831.612,0.272,0.340,3,120,53
1784771460046,2026-07-23T01:51:00.046Z,-23.6052717,-46.8362021,831.590,0.232,0.280,3,120,53
1784771460104,2026-07-23T01:51:00.104Z,-23.6052718,-46.8362019,831.583,0.267,0.250,3,120,53
1784771460162,2026-07-23T01:51:00.162Z,-23.6052717,-46.8362017,831.544,0.255,0.280,3,120,53
1784771460221,2026-07-23T01:51:00.221Z,-23.6052715,-46.8362014,831.522,0.345,0.270,3,120,53
1784771460279,2026-07-23T01:51:00.279Z,-23.6052712,-46.8362011,831.483,0.474,0.360,3,120,53
1784771460337,2026-07-23T01:51:00.337Z,-23.6052709,-46.8362009,831.486,0.547,0.490,3,120,53
1784771460395,2026-07-23T01:51:00.395Z,-23.6052708,-46.8362006,831.448,0.585,0.560,3,120,53
1784771460454,2026-07-23T01:51:00.454Z,-23.6052708,-46.8362005,831.411,0.402,0.600,3,120,53
1784771460512,2026-07-23T01:51:00.512Z,-23.6052708,-46.8362003,831.398,0.216,0.430,3,120,53
1784771460570,2026-07-23T01:51:00.570Z,-23.6052710,-46.8362003,831.389,0.164,0.260,3,120,53
1784771460628,2026-07-23T01:51:00.628Z,-23.6052712,-46.8362005,831.410,0.266,0.220,3,120,53
1784771460687,2026-07-23T01:51:00.687Z,-23.6052717,-46.8362006,831.397,0.483,0.300,3,120,53
1784771460745,2026-07-23T01:51:00.745Z,-23.6052720,-46.8362009,831.435,0.596,0.500,3,120,53
1784771460803,2026-07-23T01:51:00.803Z,-23.6052723,-46.8362011,831.421,0.569,0.610,3,120,53
1784771460861,2026-07-23T01:51:00.861Z,-23.6052722,-46.8362012,831.385,0.435,0.580,3,120,53
1784771460920,2026-07-23T01:51:00.920Z,-23.6052722,-46.8362011,831.387,0.302,0.450,3,120,54
1784771460972,2026-07-23T01:51:00.972Z,-23.6052723,-46.8362010,831.413,0.170,0.330,3,120,54
1784771461024,2026-07-23T01:51:01.024Z,-23.6052723,-46.8362008,831.396,0.168,0.200,3,120,54
1784771461076,2026-07-23T01:51:01.076Z,-23.6052725,-46.8362008,831.416,0.181,0.200,3,120,54
1784771461128,2026-07-23T01:51:01.128Z,-23.6052726,-46.8362008,831.376,0.232,0.200,3,120,54
1784771461180,2026-07-23T01:51:01.180Z,-23.6052727,-46.8362010,831.430,0.245,0.260,3,120,54
1784771461232,2026-07-23T01:51:01.232Z,-23.6052728,-46.8362012,831.420,0.277,0.260,3,120,54
1784771461284,2026-07-23T01:51:01.284Z,-23.6052729,-46.8362012,831.407,0.220,0.290,3,120,54
1784771461336,2026-07-23T01:51:01.336Z,-23.6052729,-46.8362011,831.408,0.113,0.240,3,120,54
1784771461388,2026-07-23T01:51:01.388Z,-23.6052728,-46.8362011,831.443,0.019,0.140,3,120,54
1784771461441,2026-07-23T01:51:01.441Z,-23.6052729,-46.8362011,831.462,0.018,0.070,3,120,54
1784771461493,2026-07-23T01:51:01.493Z,-23.6052730,-46.8362011,831.452,0.120,0.060,3,120,54
1784771461545,2026-07-23T01:51:01.545Z,-23.6052730,-46.8362011,831.448,0.091,0.140,3,120,54
1784771461597,2026-07-23T01:51:01.597Z,-23.6052732,-46.8362009,831.435,0.192,0.110,3,120,54
1784771461649,2026-07-23T01:51:01.649Z,-23.6052733,-46.8362008,831.428,0.206,0.200,3,120,54
1784771461701,2026-07-23T01:51:01.701Z,-23.6052733,-46.8362008,831.430,0.167,0.220,3,120,54
1784771461753,2026-07-23T01:51:01.753Z,-23.6052734,-46.8362007,831.423,0.140,0.180,3,120,54
1784771461805,2026-07-23T01:51:01.805Z,-23.6052733,-46.8362008,831.416,0.053,0.160,3,120,54
1784771461857,2026-07-23T01:51:01.857Z,-23.6052734,-46.8362008,831.414,0.095,0.090,3,120,54
1784771461910,2026-07-23T01:51:01.910Z,-23.6052733,-46.8362007,831.414,0.047,0.120,3,120,55
1784771461968,2026-07-23T01:51:01.968Z,-23.6052733,-46.8362007,831.392,0.051,0.080,3,120,55
1784771462026,2026-07-23T01:51:02.026Z,-23.6052732,-46.8362008,831.400,0.069,0.090,3,120,55
1784771462084,2026-07-23T01:51:02.084Z,-23.6052731,-46.8362008,831.399,0.060,0.100,3,120,55
1784771462142,2026-07-23T01:51:02.142Z,-23.6052732,-46.8362008,831.389,0.072,0.090,3,120,55
1784771462201,2026-07-23T01:51:02.201Z,-23.6052732,-46.8362008,831.359,0.088,0.100,3,120,55
1784771462259,2026-07-23T01:51:02.259Z,-23.6052732,-46.8362008,831.352,0.040,0.120,3,120,55
1784771462317,2026-07-23T01:51:02.317Z,-23.6052730,-46.8362008,831.355,0.061,0.090,3,120,55
1784771462375,2026-07-23T01:51:02.375Z,-23.6052730,-46.8362009,831.343,0.107,0.090,3,120,55
1784771462434,2026-07-23T01:51:02.434Z,-23.6052729,-46.8362011,831.356,0.203,0.130,3,120,55
1784771462492,2026-07-23T01:51:02.492Z,-23.6052726,-46.8362011,831.345,0.241,0.210,3,120,55
1784771462550,2026-07-23T01:51:02.550Z,-23.6052725,-46.8362012,831.343,0.258,0.250,3,120,55
1784771462608,2026-07-23T01:51:02.608Z,-23.6052724,-46.8362013,831.336,0.251,0.260,3,120,55
1784771462667,2026-07-23T01:51:02.667Z,-23.6052725,-46.8362014,831.318,0.190,0.260,3,120,55
1784771462725,2026-07-23T01:51:02.725Z,-23.6052724,-46.8362014,831.340,0.150,0.200,3,120,55
1784771462783,2026-07-23T01:51:02.783Z,-23.6052723,-46.8362015,831.332,0.163,0.160,3,120,55
1784771462841,2026-07-23T01:51:02.841Z,-23.6052721,-46.8362014,831.338,0.175,0.170,3,120,55
1784771462900,2026-07-23T01:51:02.900Z,-23.6052721,-46.8362014,831.328,0.174,0.180,3,120,56
1784771462958,2026-07-23T01:51:02.958Z,-23.6052720,-46.8362014,831.330,0.121,0.180,3,120,56
1784771463016,2026-07-23T01:51:03.016Z,-23.6052720,-46.8362014,831.334,0.093,0.130,3,120,56
1784771463074,2026-07-23T01:51:03.074Z,-23.6052719,-46.8362016,831.377,0.141,0.100,3,120,56
1784771463132,2026-07-23T01:51:03.132Z,-23.6052719,-46.8362016,831.400,0.083,0.140,3,120,56
1784771463190,2026-07-23T01:51:03.190Z,-23.6052719,-46.8362015,831.394,0.078,0.080,3,120,56
1784771463248,2026-07-23T01:51:03.248Z,-23.6052718,-46.8362016,831.401,0.078,0.080,3,120,56
1784771463306,2026-07-23T01:51:03.306Z,-23.6052717,-46.8362017,831.397,0.122,0.080,3,120,56
1784771463364,2026-07-23T01:51:03.364Z,-23.6052717,-46.8362018,831.421,0.108,0.120,3,120,56
1784771463422,2026-07-23T01:51:03.422Z,-23.6052717,-46.8362018,831.432,0.094,0.110,3,120,56
1784771463480,2026-07-23T01:51:03.480Z,-23.6052717,-46.8362018,831.448,0.083,0.090,3,120,56
1784771463538,2026-07-23T01:51:03.538Z,-23.6052716,-46.8362019,831.462,0.103,0.080,3,120,56
1784771463596,2026-07-23T01:51:03.596Z,-23.6052716,-46.8362018,831.459,0.040,0.100,3,120,56
1784771463654,2026-07-23T01:51:03.654Z,-23.6052715,-46.8362018,831.463,0.067,0.040,3,120,56
1784771463712,2026-07-23T01:51:03.712Z,-23.6052716,-46.8362018,831.463,0.012,0.070,3,120,56
1784771463770,2026-07-23T01:51:03.770Z,-23.6052716,-46.8362018,831.469,0.046,0.010,3,120,56
1784771463828,2026-07-23T01:51:03.828Z,-23.6052715,-46.8362017,831.464,0.014,0.050,3,120,56
1784771463886,2026-07-23T01:51:03.886Z,-23.6052716,-46.8362016,831.439,0.063,0.020,3,120,56
1784771463945,2026-07-23T01:51:03.945Z,-23.6052716,-46.8362017,831.475,0.049,0.070,3,120,57
1784771464000,2026-07-23T01:51:04.000Z,-23.6052716,-46.8362018,831.487,0.037,0.050,3,120,57
1784771464055,2026-07-23T01:51:04.055Z,-23.6052715,-46.8362019,831.506,0.064,0.040,3,120,57
1784771464110,2026-07-23T01:51:04.110Z,-23.6052716,-46.8362019,831.525,0.071,0.060,3,120,57
1784771464165,2026-07-23T01:51:04.165Z,-23.6052714,-46.8362019,831.503,0.100,0.070,3,120,57
1784771464220,2026-07-23T01:51:04.220Z,-23.6052714,-46.8362017,831.497,0.086,0.100,3,120,57
1784771464275,2026-07-23T01:51:04.275Z,-23.6052714,-46.8362015,831.492,0.120,0.090,3,120,57
1784771464330,2026-07-23T01:51:04.330Z,-23.6052713,-46.8362014,831.476,0.215,0.120,3,120,57
1784771464385,2026-07-23T01:51:04.385Z,-23.6052713,-46.8362012,831.465,0.222,0.210,3,120,57
1784771464440,2026-07-23T01:51:04.440Z,-23.6052711,-46.8362010,831.466,0.330,0.220,3,120,57
1784771464495,2026-07-23T01:51:04.495Z,-23.6052711,-46.8362008,831.450,0.272,0.330,3,120,57
1784771464550,2026-07-23T01:51:04.550Z,-23.6052711,-46.8362008,831.470,0.210,0.270,3,120,57
1784771464605,2026-07-23T01:51:04.605Z,-23.6052711,-46.8362008,831.474,0.178,0.210,3,120,57
1784771464660,2026-07-23T01:51:04.660Z,-23.6052711,-46.8362007,831.485,0.153,0.180,3,120,57
1784771464715,2026-07-23T01:51:04.715Z,-23.6052711,-46.8362008,831.491,0.074,0.150,3,120,57
1784771464770,2026-07-23T01:51:04.770Z,-23.6052712,-46.8362007,831.484,0.080,0.070,3,120,57
1784771464825,2026-07-23T01:51:04.825Z,-23.6052711,-46.8362006,831.484,0.138,0.080,3,120,57
1784771464880,2026-07-23T01:51:04.880Z,-23.6052711,-46.8362006,831.474,0.074,0.140,3,120,57
1784771464935,2026-07-23T01:51:04.935Z,-23.6052711,-46.8362006,831.448,0.018,0.070,3,120,58
1784771464990,2026-07-23T01:51:04.990Z,-23.6052711,-46.8362008,831.438,0.090,0.020,3,120,58
1784771465045,2026-07-23T01:51:05.045Z,-23.6052711,-46.8362008,831.456,0.087,0.090,3,120,58
1784771465100,2026-07-23T01:51:05.100Z,-23.6052711,-46.8362007,831.472,0.028,0.090,3,120,58
1784771465155,2026-07-23T01:51:05.155Z,-23.6052711,-46.8362007,831.453,0.023,0.030,3,120,58
1784771465210,2026-07-23T01:51:05.210Z,-23.6052711,-46.8362008,831.432,0.043,0.020,3,120,58
1784771465265,2026-07-23T01:51:05.265Z,-23.6052712,-46.8362008,831.421,0.086,0.050,3,120,58
1784771465320,2026-07-23T01:51:05.320Z,-23.6052712,-46.8362009,831.415,0.103,0.090,3,120,58
1784771465375,2026-07-23T01:51:05.375Z,-23.6052712,-46.8362010,831.434,0.096,0.110,3,120,58
1784771465430,2026-07-23T01:51:05.430Z,-23.6052710,-46.8362009,831.448,0.083,0.100,3,120,58
1784771465485,2026-07-23T01:51:05.485Z,-23.6052711,-46.8362011,831.455,0.095,0.080,3,120,58
1784771465540,2026-07-23T01:51:05.540Z,-23.6052711,-46.8362012,831.476,0.140,0.090,3,120,58
1784771465595,2026-07-23T01:51:05.595Z,-23.6052712,-46.8362013,831.502,0.114,0.140,3,120,58
1784771465650,2026-07-23T01:51:05.650Z,-23.6052712,-46.8362013,831.500,0.085,0.120,3,120,58
1784771465705,2026-07-23T01:51:05.705Z,-23.6052712,-46.8362014,831.482,0.136,0.090,3,120,58
1784771465760,2026-07-23T01:51:05.760Z,-23.6052713,-46.8362014,831.493,0.119,0.140,3,120,58
1784771465815,2026-07-23T01:51:05.815Z,-23.6052712,-46.8362014,831.506,0.056,0.120,3,120,58
1784771465870,2026-07-23T01:51:05.870Z,-23.6052712,-46.8362014,831.507,0.047,0.060,3,120,58
1784771465925,2026-07-23T01:51:05.925Z,-23.6052713,-46.8362014,831.501,0.064,0.050,3,120,59
1784771465983,2026-07-23T01:51:05.983Z,-23.6052713,-46.8362016,831.508,0.115,0.070,3,120,59
1784771466041,2026-07-23T01:51:06.041Z,-23.6052713,-46.8362016,831.513,0.116,0.120,3,120,59
1784771466099,2026-07-23T01:51:06.099Z,-23.6052713,-46.8362015,831.510,0.024,0.120,3,120,59
1784771466157,2026-07-23T01:51:06.157Z,-23.6052713,-46.8362016,831.518,0.068,0.030,3,120,59
1784771466215,2026-07-23T01:51:06.215Z,-23.6052714,-46.8362017,831.513,0.140,0.070,3,120,59
1784771466273,2026-07-23T01:51:06.273Z,-23.6052713,-46.8362018,831.515,0.127,0.140,3,120,59
1784771466331,2026-07-23T01:51:06.331Z,-23.6052714,-46.8362018,831.508,0.098,0.130,3,120,59
1784771466389,2026-07-23T01:51:06.389Z,-23.6052713,-46.8362018,831.512,0.090,0.100,3,120,59
1784771466447,2026-07-23T01:51:06.447Z,-23.6052713,-46.8362017,831.530,0.017,0.090,3,120,59
1784771466505,2026-07-23T01:51:06.505Z,-23.6052714,-46.8362018,831.527,0.055,0.030,3,120,59
1784771466563,2026-07-23T01:51:06.563Z,-23.6052713,-46.8362019,831.530,0.108,0.060,3,120,59
1784771466621,2026-07-23T01:51:06.621Z,-23.6052713,-46.8362019,831.538,0.095,0.110,3,120,59
1784771466679,2026-07-23T01:51:06.679Z,-23.6052712,-46.8362019,831.534,0.076,0.100,3,120,59
1784771466737,2026-07-23T01:51:06.737Z,-23.6052713,-46.8362019,831.520,0.063,0.080,3,120,59
1784771466795,2026-07-23T01:51:06.795Z,-23.6052712,-46.8362019,831.514,0.060,0.060,3,120,59
1784771466853,2026-07-23T01:51:06.853Z,-23.6052712,-46.8362019,831.538,0.004,0.060,3,120,59
1784771466911,2026-07-23T01:51:06.911Z,-23.6052712,-46.8362019,831.539,0.034,0.020,3,120,59
1784771466970,2026-07-23T01:51:06.970Z,-23.6052712,-46.8362020,831.567,0.034,0.040,3,120,60
1784771467019,2026-07-23T01:51:07.019Z,-23.6052712,-46.8362022,831.568,0.076,0.040,3,120,60
1784771467069,2026-07-23T01:51:07.069Z,-23.6052713,-46.8362023,831.593,0.099,0.080,3,120,60
1784771467118,2026-07-23T01:51:07.118Z,-23.6052712,-46.8362023,831.608,0.041,0.100,3,120,60
1784771467168,2026-07-23T01:51:07.168Z,-23.6052712,-46.8362025,831.618,0.111,0.050,3,120,60
1784771467217,2026-07-23T01:51:07.217Z,-23.6052712,-46.8362026,831.651,0.095,0.120,3,120,60
1784771467267,2026-07-23T01:51:07.267Z,-23.6052712,-46.8362027,831.665,0.120,0.110,3,120,60
1784771467316,2026-07-23T01:51:07.316Z,-23.6052711,-46.8362027,831.675,0.099,0.130,3,120,60
1784771467366,2026-07-23T01:51:07.366Z,-23.6052710,-46.8362029,831.708,0.131,0.110,3,120,60
1784771467415,2026-07-23T01:51:07.415Z,-23.6052709,-46.8362031,831.730,0.168,0.150,3,120,60
1784771467465,2026-07-23T01:51:07.465Z,-23.6052709,-46.8362032,831.742,0.142,0.180,3,120,60
1784771467514,2026-07-23T01:51:07.514Z,-23.6052709,-46.8362033,831.767,0.138,0.160,3,120,60
1784771467564,2026-07-23T01:51:07.564Z,-23.6052709,-46.8362034,831.806,0.092,0.160,3,120,60
1784771467613,2026-07-23T01:51:07.613Z,-23.6052709,-46.8362034,831.793,0.107,0.130,3,120,60
1784771467663,2026-07-23T01:51:07.663Z,-23.6052709,-46.8362035,831.807,0.095,0.130,3,120,60
1784771467712,2026-07-23T01:51:07.712Z,-23.6052709,-46.8362035,831.805,0.101,0.120,3,120,60
1784771467762,2026-07-23T01:51:07.762Z,-23.6052709,-46.8362036,831.816,0.115,0.130,3,120,60
1784771467811,2026-07-23T01:51:07.811Z,-23.6052709,-46.8362036,831.815,0.093,0.140,3,120,60
1784771467861,2026-07-23T01:51:07.861Z,-23.6052709,-46.8362036,831.815,0.054,0.120,3,120,60
1784771467910,2026-07-23T01:51:07.910Z,-23.6052709,-46.8362037,831.842,0.046,0.090,3,120,60
1784771467960,2026-07-23T01:51:07.960Z,-23.6052708,-46.8362038,831.838,0.097,0.090,3,120,61
1784771468026,2026-07-23T01:51:08.026Z,-23.6052708,-46.8362037,831.834,0.073,0.120,3,120,61
1784771468092,2026-07-23T01:51:08.092Z,-23.6052708,-46.8362037,831.840,0.054,0.100,3,120,61
1784771468158,2026-07-23T01:51:08.158Z,-23.6052707,-46.8362037,831.843,0.086,0.090,3,120,61
1784771468224,2026-07-23T01:51:08.224Z,-23.6052707,-46.8362037,831.839,0.059,0.110,3,120,61
1784771468290,2026-07-23T01:51:08.290Z,-23.6052707,-46.8362037,831.842,0.037,0.090,3,120,61
1784771468356,2026-07-23T01:51:08.356Z,-23.6052708,-46.8362038,831.853,0.074,0.070,3,120,61
1784771468422,2026-07-23T01:51:08.422Z,-23.6052708,-46.8362038,831.858,0.068,0.100,3,120,61
1784771468488,2026-07-23T01:51:08.488Z,-23.6052708,-46.8362037,831.841,0.030,0.090,3,120,61
1784771468554,2026-07-23T01:51:08.554Z,-23.6052709,-46.8362037,831.849,0.023,0.060,3,120,61
1784771468620,2026-07-23T01:51:08.620Z,-23.6052708,-46.8362037,831.856,0.019,0.060,3,120,61
1784771468686,2026-07-23T01:51:08.686Z,-23.6052710,-46.8362037,831.848,0.106,0.050,3,120,61
1784771468752,2026-07-23T01:51:08.752Z,-23.6052711,-46.8362036,831.872,0.132,0.110,3,120,61
1784771468818,2026-07-23T01:51:08.818Z,-23.6052711,-46.8362035,831.866,0.109,0.140,3,120,61
1784771468884,2026-07-23T01:51:08.884Z,-23.6052711,-46.8362035,831.874,0.105,0.120,3,120,61
1784771468950,2026-07-23T01:51:08.950Z,-23.6052711,-46.8362035,831.884,0.088,0.110,3,120,62
1784771468999,2026-07-23T01:51:08.999Z,-23.6052711,-46.8362035,831.895,0.073,0.100,3,120,62
1784771469049,2026-07-23T01:51:09.049Z,-23.6052712,-46.8362035,831.891,0.066,0.090,3,120,62
1784771469098,2026-07-23T01:51:09.098Z,-23.6052713,-46.8362034,831.909,0.116,0.080,3,120,62
1784771469148,2026-07-23T01:51:09.148Z,-23.6052713,-46.8362033,831.917,0.148,0.120,3,120,62
1784771469197,2026-07-23T01:51:09.197Z,-23.6052714,-46.8362032,831.919,0.134,0.160,3,120,62
1784771469247,2026-07-23T01:51:09.247Z,-23.6052714,-46.8362031,831.908,0.123,0.140,3,120,62
1784771469296,2026-07-23T01:51:09.296Z,-23.6052713,-46.8362033,831.901,0.031,0.130,3,120,62
1784771469346,2026-07-23T01:51:09.346Z,-23.6052712,-46.8362036,831.943,0.093,0.050,3,120,62
1784771469395,2026-07-23T01:51:09.395Z,-23.6052711,-46.8362036,831.956,0.100,0.110,3,120,62
1784771469445,2026-07-23T01:51:09.445Z,-23.6052712,-46.8362035,831.944,0.041,0.110,3,120,62
1784771469494,2026-07-23T01:51:09.494Z,-23.6052712,-46.8362035,831.925,0.051,0.060,3,120,62
1784771469544,2026-07-23T01:51:09.544Z,-23.6052712,-46.8362034,831.938,0.039,0.060,3,120,62
1784771469593,2026-07-23T01:51:09.593Z,-23.6052712,-46.8362034,831.957,0.049,0.060,3,120,62
1784771469643,2026-07-23T01:51:09.643Z,-23.6052712,-46.8362033,831.952,0.075,0.070,3,120,62
1784771469692,2026-07-23T01:51:09.692Z,-23.6052713,-46.8362034,831.970,0.051,0.090,3,120,62
1784771469742,2026-07-23T01:51:09.742Z,-23.6052713,-46.8362034,831.991,0.033,0.070,3,120,62
1784771469791,2026-07-23T01:51:09.791Z,-23.6052713,-46.8362035,831.994,0.004,0.070,3,120,62
1784771469841,2026-07-23T01:51:09.841Z,-23.6052712,-46.8362036,832.012,0.036,0.060,3,120,62
1784771469890,2026-07-23T01:51:09.890Z,-23.6052712,-46.8362035,832.006,0.045,0.080,3,120,62
1784771469940,2026-07-23T01:51:09.940Z,-23.6052713,-46.8362034,832.008,0.033,0.080,3,120,63
1784771470001,2026-07-23T01:51:10.001Z,-23.6052713,-46.8362033,831.998,0.066,0.070,3,120,63
1784771470063,2026-07-23T01:51:10.063Z,-23.6052713,-46.8362032,832.013,0.089,0.080,3,120,63
1784771470125,2026-07-23T01:51:10.125Z,-23.6052714,-46.8362033,832.022,0.078,0.110,3,120,63
1784771470187,2026-07-23T01:51:10.187Z,-23.6052714,-46.8362033,832.032,0.032,0.100,3,120,63
1784771470249,2026-07-23T01:51:10.249Z,-23.6052714,-46.8362035,832.044,0.057,0.070,3,120,63
1784771470311,2026-07-23T01:51:10.311Z,-23.6052715,-46.8362034,832.055,0.061,0.080,3,120,63
1784771470373,2026-07-23T01:51:10.373Z,-23.6052715,-46.8362034,832.052,0.033,0.090,3,120,63
1784771470435,2026-07-23T01:51:10.435Z,-23.6052715,-46.8362033,832.048,0.028,0.070,3,120,63
1784771470496,2026-07-23T01:51:10.496Z,-23.6052715,-46.8362034,832.060,0.059,0.060,3,120,63
1784771470558,2026-07-23T01:51:10.558Z,-23.6052715,-46.8362035,832.065,0.084,0.080,3,120,63
1784771470620,2026-07-23T01:51:10.620Z,-23.6052714,-46.8362034,832.053,0.059,0.100,3,120,63
1784771470682,2026-07-23T01:51:10.682Z,-23.6052715,-46.8362034,832.035,0.058,0.080,3,120,63
1784771470744,2026-07-23T01:51:10.744Z,-23.6052715,-46.8362033,832.019,0.034,0.070,3,120,63
1784771470806,2026-07-23T01:51:10.806Z,-23.6052715,-46.8362034,832.035,0.046,0.040,3,120,63
1784771470868,2026-07-23T01:51:10.868Z,-23.6052716,-46.8362034,832.037,0.058,0.050,3,120,63
1784771470930,2026-07-23T01:51:10.930Z,-23.6052716,-46.8362034,832.058,0.031,0.060,3,120,64
1784771470988,2026-07-23T01:51:10.988Z,-23.6052715,-46.8362034,832.059,0.041,0.050,3,120,64
1784771471046,2026-07-23T01:51:11.046Z,-23.6052716,-46.8362034,832.071,0.003,0.050,3,120,64
1784771471104,2026-07-23T01:51:11.104Z,-23.6052716,-46.8362034,832.094,0.026,0.040,3,120,64
1784771471162,2026-07-23T01:51:11.162Z,-23.6052715,-46.8362034,832.066,0.040,0.050,3,120,64
1784771471220,2026-07-23T01:51:11.220Z,-23.6052715,-46.8362033,832.050,0.035,0.050,3,120,64
1784771471278,2026-07-23T01:51:11.278Z,-23.6052716,-46.8362033,832.041,0.008,0.040,3,120,64
1784771471336,2026-07-23T01:51:11.336Z,-23.6052716,-46.8362032,832.030,0.035,0.010,3,120,64
1784771471394,2026-07-23T01:51:11.394Z,-23.6052715,-46.8362031,832.029,0.054,0.040,3,120,64
1784771471452,2026-07-23T01:51:11.452Z,-23.6052715,-46.8362031,832.044,0.054,0.050,3,120,64
1784771471510,2026-07-23T01:51:11.510Z,-23.6052715,-46.8362031,832.051,0.036,0.050,3,120,64
1784771471568,2026-07-23T01:51:11.568Z,-23.6052716,-46.8362030,832.023,0.023,0.040,3,120,64
1784771471626,2026-07-23T01:51:11.626Z,-23.6052715,-46.8362031,832.045,0.019,0.020,3,120,64
1784771471684,2026-07-23T01:51:11.684Z,-23.6052716,-46.8362031,832.056,0.020,0.020,3,120,64
1784771471742,2026-07-23T01:51:11.742Z,-23.6052716,-46.8362031,832.083,0.039,0.020,3,120,64
1784771471800,2026-07-23T01:51:11.800Z,-23.6052716,-46.8362030,832.077,0.084,0.040,3,120,64
1784771471858,2026-07-23T01:51:11.858Z,-23.6052716,-46.8362028,832.060,0.092,0.080,3,120,64
1784771471916,2026-07-23T01:51:11.916Z,-23.6052716,-46.8362028,832.055,0.079,0.090,3,120,64
1784771471975,2026-07-23T01:51:11.975Z,-23.6052716,-46.8362027,832.059,0.094,0.080,3,120,65
1784771472027,2026-07-23T01:51:12.027Z,-23.6052716,-46.8362029,832.090,0.025,0.090,3,120,65
1784771472079,2026-07-23T01:51:12.079Z,-23.6052716,-46.8362029,832.075,0.042,0.030,3,120,65
1784771472131,2026-07-23T01:51:12.131Z,-23.6052716,-46.8362030,832.075,0.094,0.040,3,120,65
1784771472183,2026-07-23T01:51:12.183Z,-23.6052716,-46.8362030,832.098,0.041,0.090,3,120,65
1784771472235,2026-07-23T01:51:12.235Z,-23.6052717,-46.8362028,832.118,0.105,0.040,3,120,65
1784771472287,2026-07-23T01:51:12.287Z,-23.6052717,-46.8362028,832.103,0.035,0.110,3,120,65
1784771472339,2026-07-23T01:51:12.339Z,-23.6052716,-46.8362028,832.089,0.005,0.040,3,120,65
1784771472391,2026-07-23T01:51:12.391Z,-23.6052716,-46.8362028,832.093,0.031,0.010,3,120,65
1784771472443,2026-07-23T01:51:12.443Z,-23.6052716,-46.8362028,832.105,0.041,0.030,3,120,65
1784771472496,2026-07-23T01:51:12.496Z,-23.6052716,-46.8362028,832.109,0.027,0.040,3,120,65
1784771472548,2026-07-23T01:51:12.548Z,-23.6052717,-46.8362027,832.109,0.087,0.030,3,120,65
1784771472600,2026-07-23T01:51:12.600Z,-23.6052718,-46.8362027,832.089,0.094,0.090,3,120,65
1784771472652,2026-07-23T01:51:12.652Z,-23.6052718,-46.8362026,832.092,0.073,0.090,3,120,65
1784771472704,2026-07-23T01:51:12.704Z,-23.6052717,-46.8362027,832.084,0.020,0.070,3,120,65
1784771472756,2026-07-23T01:51:12.756Z,-23.6052717,-46.8362027,832.110,0.060,0.020,3,120,65
1784771472808,2026-07-23T01:51:12.808Z,-23.6052717,-46.8362027,832.095,0.021,0.060,3,120,65
1784771472860,2026-07-23T01:51:12.860Z,-23.6052716,-46.8362027,832.094,0.057,0.020,3,120,65
1784771472912,2026-07-23T01:51:12.912Z,-23.6052716,-46.8362027,832.111,0.045,0.060,3,120,65
1784771472965,2026-07-23T01:51:12.965Z,-23.6052715,-46.8362027,832.095,0.052,0.050,3,120,66
1784771473020,2026-07-23T01:51:13.020Z,-23.6052715,-46.8362027,832.089,0.025,0.050,3,120,66
1784771473075,2026-07-23T01:51:13.075Z,-23.6052715,-46.8362027,832.089,0.034,0.020,3,120,66
1784771473130,2026-07-23T01:51:13.130Z,-23.6052715,-46.8362027,832.101,0.011,0.030,3,120,66
1784771473185,2026-07-23T01:51:13.185Z,-23.6052714,-46.8362028,832.123,0.033,0.010,3,120,66
1784771473240,2026-07-23T01:51:13.240Z,-23.6052714,-46.8362028,832.115,0.048,0.040,3,120,66
1784771473295,2026-07-23T01:51:13.295Z,-23.6052714,-46.8362028,832.101,0.038,0.050,3,120,66
1784771473350,2026-07-23T01:51:13.350Z,-23.6052713,-46.8362027,832.082,0.057,0.040,3,120,66
1784771473405,2026-07-23T01:51:13.405Z,-23.6052714,-46.8362027,832.091,0.014,0.060,3,120,66
1784771473460,2026-07-23T01:51:13.460Z,-23.6052713,-46.8362027,832.086,0.028,0.010,3,120,66
1784771473515,2026-07-23T01:51:13.515Z,-23.6052713,-46.8362026,832.087,0.055,0.030,3,120,66
1784771473570,2026-07-23T01:51:13.570Z,-23.6052713,-46.8362026,832.086,0.054,0.060,3,120,66
1784771473625,2026-07-23T01:51:13.625Z,-23.6052712,-46.8362027,832.099,0.039,0.050,3,120,66
1784771473680,2026-07-23T01:51:13.680Z,-23.6052713,-46.8362026,832.110,0.036,0.040,3,120,66
1784771473735,2026-07-23T01:51:13.735Z,-23.6052713,-46.8362025,832.092,0.057,0.040,3,120,66
1784771473790,2026-07-23T01:51:13.790Z,-23.6052712,-46.8362025,832.083,0.040,0.060,3,120,66
1784771473845,2026-07-23T01:51:13.845Z,-23.6052711,-46.8362025,832.067,0.053,0.040,3,120,66
1784771473900,2026-07-23T01:51:13.900Z,-23.6052712,-46.8362026,832.085,0.021,0.060,3,120,66
1784771473955,2026-07-23T01:51:13.955Z,-23.6052712,-46.8362026,832.090,0.018,0.020,3,120,67
1784771474016,2026-07-23T01:51:14.016Z,-23.6052712,-46.8362026,832.084,0.031,0.020,3,120,67
1784771474078,2026-07-23T01:51:14.078Z,-23.6052712,-46.8362026,832.071,0.027,0.030,3,120,67
1784771474140,2026-07-23T01:51:14.140Z,-23.6052712,-46.8362026,832.076,0.055,0.030,3,120,67
1784771474202,2026-07-23T01:51:14.202Z,-23.6052712,-46.8362027,832.064,0.071,0.060,3,120,67
1784771474264,2026-07-23T01:51:14.264Z,-23.6052712,-46.8362027,832.079,0.032,0.070,3,120,67
1784771474326,2026-07-23T01:51:14.326Z,-23.6052711,-46.8362027,832.097,0.048,0.030,3,120,67
1784771474388,2026-07-23T01:51:14.388Z,-23.6052710,-46.8362029,832.103,0.107,0.050,3,120,67
1784771474450,2026-07-23T01:51:14.450Z,-23.6052710,-46.8362028,832.094,0.079,0.110,3,120,67
1784771474511,2026-07-23T01:51:14.511Z,-23.6052711,-46.8362028,832.068,0.045,0.080,3,120,67
1784771474573,2026-07-23T01:51:14.573Z,-23.6052711,-46.8362028,832.066,0.060,0.050,3,120,67
1784771474635,2026-07-23T01:51:14.635Z,-23.6052710,-46.8362028,832.085,0.037,0.060,3,120,67
1784771474697,2026-07-23T01:51:14.697Z,-23.6052711,-46.8362029,832.090,0.047,0.040,3,120,67
1784771474759,2026-07-23T01:51:14.759Z,-23.6052710,-46.8362030,832.120,0.061,0.050,3,120,67
1784771474821,2026-07-23T01:51:14.821Z,-23.6052710,-46.8362029,832.108,0.016,0.060,3,120,67
1784771474883,2026-07-23T01:51:14.883Z,-23.6052711,-46.8362028,832.095,0.034,0.020,3,120,67
1784771474945,2026-07-23T01:51:14.945Z,-23.6052711,-46.8362028,832.084,0.033,0.030,3,120,68
1784771474997,2026-07-23T01:51:14.997Z,-23.6052711,-46.8362028,832.088,0.034,0.030,3,120,68
1784771475049,2026-07-23T01:51:15.049Z,-23.6052711,-46.8362027,832.082,0.050,0.030,3,120,68
1784771475101,2026-07-23T01:51:15.101Z,-23.6052710,-46.8362027,832.087,0.035,0.050,3,120,68
1784771475153,2026-07-23T01:51:15.153Z,-23.6052711,-46.8362028,832.100,0.018,0.040,3,120,68
1784771475205,2026-07-23T01:51:15.205Z,-23.6052710,-46.8362028,832.082,0.048,0.020,3,120,68
1784771475257,2026-07-23T01:51:15.257Z,-23.6052710,-46.8362027,832.058,0.010,0.050,3,120,68
1784771475309,2026-07-23T01:51:15.309Z,-23.6052711,-46.8362027,832.053,0.008,0.020,3,120,68
1784771475361,2026-07-23T01:51:15.361Z,-23.6052710,-46.8362026,832.042,0.012,0.020,3,120,68
1784771475413,2026-07-23T01:51:15.413Z,-23.6052709,-46.8362027,832.055,0.057,0.030,3,120,68
1784771475466,2026-07-23T01:51:15.466Z,-23.6052708,-46.8362028,832.059,0.100,0.060,3,120,68
1784771475518,2026-07-23T01:51:15.518Z,-23.6052708,-46.8362028,832.060,0.080,0.100,3,120,68
1784771475570,2026-07-23T01:51:15.570Z,-23.6052709,-46.8362028,832.056,0.057,0.080,3,120,68
1784771475622,2026-07-23T01:51:15.622Z,-23.6052709,-46.8362028,832.055,0.028,0.060,3,120,68
1784771475674,2026-07-23T01:51:15.674Z,-23.6052709,-46.8362027,832.055,0.009,0.030,3,120,68
1784771475726,2026-07-23T01:51:15.726Z,-23.6052709,-46.8362028,832.057,0.037,0.020,3,120,68
1784771475778,2026-07-23T01:51:15.778Z,-23.6052708,-46.8362027,832.056,0.037,0.040,3,120,68
1784771475830,2026-07-23T01:51:15.830Z,-23.6052708,-46.8362027,832.054,0.077,0.040,3,120,68
1784771475882,2026-07-23T01:51:15.882Z,-23.6052707,-46.8362027,832.061,0.068,0.080,3,120,68
1784771475935,2026-07-23T01:51:15.935Z,-23.6052707,-46.8362028,832.056,0.063,0.070,3,120,69
1784771475993,2026-07-23T01:51:15.993Z,-23.6052707,-46.8362028,832.049,0.063,0.060,3,120,69
1784771476051,2026-07-23T01:51:16.051Z,-23.6052707,-46.8362028,832.052,0.013,0.070,3,120,69
1784771476109,2026-07-23T01:51:16.109Z,-23.6052708,-46.8362027,832.047,0.017,0.020,3,120,69
1784771476167,2026-07-23T01:51:16.167Z,-23.6052708,-46.8362028,832.040,0.027,0.030,3,120,69
1784771476226,2026-07-23T01:51:16.226Z,-23.6052708,-46.8362028,832.030,0.040,0.040,3,120,69
1784771476284,2026-07-23T01:51:16.284Z,-23.6052707,-46.8362028,832.025,0.023,0.050,3,120,69
1784771476342,2026-07-23T01:51:16.342Z,-23.6052707,-46.8362027,832.031,0.029,0.040,3,120,69
1784771476400,2026-07-23T01:51:16.400Z,-23.6052708,-46.8362027,832.021,0.038,0.040,3,120,69
1784771476459,2026-07-23T01:51:16.459Z,-23.6052707,-46.8362027,832.010,0.042,0.050,3,120,69
1784771476517,2026-07-23T01:51:16.517Z,-23.6052708,-46.8362027,831.996,0.034,0.050,3,120,69
1784771476575,2026-07-23T01:51:16.575Z,-23.6052708,-46.8362026,831.984,0.042,0.050,3,120,69
1784771476633,2026-07-23T01:51:16.633Z,-23.6052707,-46.8362025,831.980,0.091,0.060,3,120,69
1784771476692,2026-07-23T01:51:16.692Z,-23.6052707,-46.8362025,831.981,0.099,0.100,3,120,69
1784771476750,2026-07-23T01:51:16.750Z,-23.6052707,-46.8362025,831.975,0.042,0.110,3,120,69
1784771476808,2026-07-23T01:51:16.808Z,-23.6052706,-46.8362026,831.963,0.054,0.060,3,120,69
1784771476866,2026-07-23T01:51:16.866Z,-23.6052706,-46.8362027,831.985,0.046,0.070,3,120,69
1784771476925,2026-07-23T01:51:16.925Z,-23.6052707,-46.8362026,831.973,0.086,0.050,3,120,70
1784771476983,2026-07-23T01:51:16.983Z,-23.6052707,-46.8362026,831.951,0.068,0.090,3,120,70
1784771477041,2026-07-23T01:51:17.041Z,-23.6052707,-46.8362026,831.944,0.016,0.080,3,120,70
1784771477099,2026-07-23T01:51:17.099Z,-23.6052706,-46.8362027,831.932,0.026,0.040,3,120,70
1784771477157,2026-07-23T01:51:17.157Z,-23.6052707,-46.8362029,831.962,0.121,0.050,3,120,70
1784771477216,2026-07-23T01:51:17.216Z,-23.6052707,-46.8362030,831.972,0.109,0.120,3,120,70
1784771477274,2026-07-23T01:51:17.274Z,-23.6052708,-46.8362030,831.967,0.089,0.110,3,120,70
1784771477332,2026-07-23T01:51:17.332Z,-23.6052708,-46.8362030,831.970,0.061,0.090,3,120,70
1784771477390,2026-07-23T01:51:17.390Z,-23.6052707,-46.8362030,831.964,0.028,0.070,3,120,70
1784771477449,2026-07-23T01:51:17.449Z,-23.6052707,-46.8362031,831.968,0.061,0.040,3,120,70
1784771477507,2026-07-23T01:51:17.507Z,-23.6052707,-46.8362030,831.957,0.022,0.060,3,120,70
1784771477565,2026-07-23T01:51:17.565Z,-23.6052707,-46.8362031,831.975,0.026,0.030,3,120,70
1784771477623,2026-07-23T01:51:17.623Z,-23.6052706,-46.8362031,831.961,0.041,0.030,3,120,70
1784771477682,2026-07-23T01:51:17.682Z,-23.6052706,-46.8362031,831.975,0.007,0.050,3,120,70
1784771477740,2026-07-23T01:51:17.740Z,-23.6052707,-46.8362032,831.954,0.048,0.010,3,120,70
1784771477798,2026-07-23T01:51:17.798Z,-23.6052706,-46.8362033,831.967,0.024,0.050,3,120,70
1784771477856,2026-07-23T01:51:17.856Z,-23.6052706,-46.8362032,831.972,0.033,0.030,3,120,70
1784771477915,2026-07-23T01:51:17.915Z,-23.6052706,-46.8362033,831.978,0.020,0.040,3,120,71
1784771477973,2026-07-23T01:51:17.973Z,-23.6052706,-46.8362033,831.973,0.027,0.020,3,120,71
1784771478031,2026-07-23T01:51:18.031Z,-23.6052705,-46.8362033,831.964,0.027,0.030,3,120,71
1784771478089,2026-07-23T01:51:18.089Z,-23.6052706,-46.8362032,831.970,0.061,0.030,3,120,71
1784771478147,2026-07-23T01:51:18.147Z,-23.6052705,-46.8362033,831.964,0.007,0.060,3,120,71
1784771478205,2026-07-23T01:51:18.205Z,-23.6052704,-46.8362034,831.974,0.047,0.020,3,120,71
1784771478263,2026-07-23T01:51:18.263Z,-23.6052704,-46.8362036,832.019,0.086,0.050,3,120,71
1784771478321,2026-07-23T01:51:18.321Z,-23.6052703,-46.8362036,832.017,0.082,0.090,3,120,71
1784771478379,2026-07-23T01:51:18.379Z,-23.6052702,-46.8362036,832.021,0.092,0.080,3,120,71
1784771478437,2026-07-23T01:51:18.437Z,-23.6052703,-46.8362035,832.007,0.030,0.090,3,120,71
1784771478495,2026-07-23T01:51:18.495Z,-23.6052702,-46.8362036,832.009,0.065,0.030,3,120,71
1784771478553,2026-07-23T01:51:18.553Z,-23.6052701,-46.8362035,831.993,0.055,0.070,3,120,71
1784771478611,2026-07-23T01:51:18.611Z,-23.6052700,-46.8362036,831.975,0.120,0.060,3,120,71
1784771478669,2026-07-23T01:51:18.669Z,-23.6052698,-46.8362036,831.969,0.171,0.120,3,120,71
1784771478727,2026-07-23T01:51:18.727Z,-23.6052698,-46.8362037,831.963,0.135,0.170,3,120,71
1784771478785,2026-07-23T01:51:18.785Z,-23.6052698,-46.8362038,831.997,0.085,0.140,3,120,71
1784771478843,2026-07-23T01:51:18.843Z,-23.6052699,-46.8362037,831.997,0.012,0.090,3,120,71
1784771478901,2026-07-23T01:51:18.901Z,-23.6052699,-46.8362036,831.985,0.072,0.020,3,120,71
1784771478960,2026-07-23T01:51:18.960Z,-23.6052699,-46.8362036,831.981,0.116,0.080,3,120,72
1784771479018,2026-07-23T01:51:19.018Z,-23.6052699,-46.8362035,831.974,0.113,0.120,3,120,72
1784771479076,2026-07-23T01:51:19.076Z,-23.6052700,-46.8362034,831.978,0.148,0.120,3,120,72
1784771479134,2026-07-23T01:51:19.134Z,-23.6052700,-46.8362034,831.980,0.137,0.150,3,120,72
1784771479192,2026-07-23T01:51:19.192Z,-23.6052701,-46.8362033,831.967,0.189,0.140,3,120,72
1784771479251,2026-07-23T01:51:19.251Z,-23.6052701,-46.8362032,831.976,0.210,0.190,3,120,72
1784771479309,2026-07-23T01:51:19.309Z,-23.6052701,-46.8362031,831.964,0.153,0.210,3,120,72
1784771479367,2026-07-23T01:51:19.367Z,-23.6052700,-46.8362031,831.964,0.116,0.160,3,120,72
1784771479425,2026-07-23T01:51:19.425Z,-23.6052700,-46.8362031,831.979,0.081,0.120,3,120,72
1784771479484,2026-07-23T01:51:19.484Z,-23.6052700,-46.8362032,832.016,0.049,0.090,3,120,72
1784771479542,2026-07-23T01:51:19.542Z,-23.6052700,-46.8362032,832.019,0.050,0.050,3,120,72
1784771479600,2026-07-23T01:51:19.600Z,-23.6052700,-46.8362032,832.023,0.077,0.050,3,120,72
1784771479658,2026-07-23T01:51:19.658Z,-23.6052700,-46.8362031,832.021,0.107,0.080,3,120,72
1784771479717,2026-07-23T01:51:19.717Z,-23.6052701,-46.8362031,832.012,0.118,0.110,3,120,72
1784771479775,2026-07-23T01:51:19.775Z,-23.6052701,-46.8362031,832.013,0.098,0.120,3,120,72
1784771479833,2026-07-23T01:51:19.833Z,-23.6052701,-46.8362032,832.032,0.040,0.100,3,120,72
1784771479891,2026-07-23T01:51:19.891Z,-23.6052702,-46.8362033,832.039,0.043,0.050,3,120,72
1784771479950,2026-07-23T01:51:19.950Z,-23.6052700,-46.8362033,832.070,0.120,0.050,3,120,73
1784771480005,2026-07-23T01:51:20.005Z,-23.6052700,-46.8362034,832.068,0.048,0.120,3,120,73
1784771480060,2026-07-23T01:51:20.060Z,-23.6052700,-46.8362034,832.060,0.012,0.050,3,120,73
1784771480115,2026-07-23T01:51:20.115Z,-23.6052700,-46.8362035,832.055,0.029,0.030,3,120,73
1784771480170,2026-07-23T01:51:20.170Z,-23.6052701,-46.8362035,832.071,0.039,0.040,3,120,73
1784771480225,2026-07-23T01:51:20.225Z,-23.6052701,-46.8362035,832.071,0.090,0.040,3,120,73
1784771480280,2026-07-23T01:51:20.280Z,-23.6052701,-46.8362036,832.093,0.047,0.090,3,120,73
1784771480335,2026-07-23T01:51:20.335Z,-23.6052701,-46.8362037,832.101,0.011,0.050,3,120,73
1784771480390,2026-07-23T01:51:20.390Z,-23.6052702,-46.8362038,832.087,0.096,0.020,3,120,73
1784771480445,2026-07-23T01:51:20.445Z,-23.6052701,-46.8362038,832.095,0.027,0.100,3,120,73
1784771480500,2026-07-23T01:51:20.500Z,-23.6052702,-46.8362039,832.107,0.034,0.030,3,120,73
1784771480555,2026-07-23T01:51:20.555Z,-23.6052702,-46.8362039,832.102,0.066,0.040,3,120,73
1784771480610,2026-07-23T01:51:20.610Z,-23.6052701,-46.8362040,832.116,0.047,0.070,3,120,73
1784771480665,2026-07-23T01:51:20.665Z,-23.6052701,-46.8362040,832.119,0.040,0.050,3,120,73
1784771480720,2026-07-23T01:51:20.720Z,-23.6052701,-46.8362040,832.134,0.033,0.040,3,120,73
1784771480775,2026-07-23T01:51:20.775Z,-23.6052702,-46.8362041,832.109,0.071,0.030,3,120,73
1784771480830,2026-07-23T01:51:20.830Z,-23.6052702,-46.8362040,832.096,0.058,0.070,3,120,73
1784771480885,2026-07-23T01:51:20.885Z,-23.6052701,-46.8362042,832.115,0.069,0.070,3,120,73
1784771480940,2026-07-23T01:51:20.940Z,-23.6052700,-46.8362043,832.145,0.065,0.070,3,120,74
1784771480992,2026-07-23T01:51:20.992Z,-23.6052699,-46.8362043,832.159,0.116,0.070,3,120,74
1784771481044,2026-07-23T01:51:21.044Z,-23.6052699,-46.8362043,832.155,0.049,0.120,3,120,74
1784771481096,2026-07-23T01:51:21.096Z,-23.6052699,-46.8362043,832.162,0.029,0.050,3,120,74
1784771481148,2026-07-23T01:51:21.148Z,-23.6052700,-46.8362044,832.154,0.074,0.030,3,120,74
1784771481200,2026-07-23T01:51:21.200Z,-23.6052701,-46.8362043,832.142,0.126,0.070,3,120,74
1784771481252,2026-07-23T01:51:21.252Z,-23.6052701,-46.8362045,832.159,0.117,0.130,3,120,74
1784771481304,2026-07-23T01:51:21.304Z,-23.6052701,-46.8362046,832.187,0.096,0.120,3,120,74
1784771481356,2026-07-23T01:51:21.356Z,-23.6052700,-46.8362047,832.175,0.091,0.100,3,120,74
1784771481408,2026-07-23T01:51:21.408Z,-23.6052700,-46.8362047,832.170,0.067,0.090,3,120,74
1784771481461,2026-07-23T01:51:21.461Z,-23.6052699,-46.8362048,832.186,0.090,0.070,3,120,74
1784771481513,2026-07-23T01:51:21.513Z,-23.6052699,-46.8362048,832.188,0.045,0.090,3,120,74
1784771481565,2026-07-23T01:51:21.565Z,-23.6052698,-46.8362048,832.188,0.072,0.040,3,120,74
1784771481617,2026-07-23T01:51:21.617Z,-23.6052698,-46.8362049,832.198,0.012,0.070,3,120,74
1784771481669,2026-07-23T01:51:21.669Z,-23.6052699,-46.8362049,832.206,0.034,0.010,3,120,74
1784771481721,2026-07-23T01:51:21.721Z,-23.6052698,-46.8362049,832.210,0.059,0.030,3,120,74
1784771481773,2026-07-23T01:51:21.773Z,-23.6052698,-46.8362049,832.218,0.057,0.060,3,120,74
1784771481825,2026-07-23T01:51:21.825Z,-23.6052698,-46.8362049,832.220,0.021,0.060,3,120,74
1784771481877,2026-07-23T01:51:21.877Z,-23.6052698,-46.8362049,832.223,0.030,0.020,3,120,74
1784771481930,2026-07-23T01:51:21.930Z,-23.6052698,-46.8362050,832.230,0.057,0.030,3,120,75
1784771481991,2026-07-23T01:51:21.991Z,-23.6052697,-46.8362051,832.240,0.073,0.060,3,120,75
1784771482053,2026-07-23T01:51:22.053Z,-23.6052696,-46.8362051,832.249,0.088,0.070,3,120,75
1784771482115,2026-07-23T01:51:22.115Z,-23.6052696,-46.8362052,832.254,0.083,0.090,3,120,75
1784771482177,2026-07-23T01:51:22.177Z,-23.6052695,-46.8362052,832.258,0.092,0.080,3,120,75
1784771482239,2026-07-23T01:51:22.239Z,-23.6052695,-46.8362052,832.265,0.043,0.090,3,120,75
1784771482301,2026-07-23T01:51:22.301Z,-23.6052695,-46.8362053,832.278,0.012,0.040,3,120,75
1784771482363,2026-07-23T01:51:22.363Z,-23.6052696,-46.8362053,832.290,0.026,0.010,3,120,75
1784771482425,2026-07-23T01:51:22.425Z,-23.6052696,-46.8362054,832.303,0.037,0.030,3,120,75
1784771482486,2026-07-23T01:51:22.486Z,-23.6052695,-46.8362054,832.303,0.027,0.040,3,120,75
1784771482548,2026-07-23T01:51:22.548Z,-23.6052695,-46.8362056,832.315,0.087,0.030,3,120,75
1784771482610,2026-07-23T01:51:22.610Z,-23.6052693,-46.8362057,832.338,0.146,0.090,3,120,75
1784771482672,2026-07-23T01:51:22.672Z,-23.6052692,-46.8362058,832.350,0.201,0.150,3,120,75
1784771482734,2026-07-23T01:51:22.734Z,-23.6052690,-46.8362061,832.366,0.259,0.200,3,120,75
1784771482796,2026-07-23T01:51:22.796Z,-23.6052690,-46.8362062,832.385,0.206,0.260,3,120,75
1784771482858,2026-07-23T01:51:22.858Z,-23.6052690,-46.8362062,832.387,0.111,0.210,3,120,75
1784771482920,2026-07-23T01:51:22.920Z,-23.6052690,-46.8362062,832.402,0.061,0.120,3,120,76
1784771482975,2026-07-23T01:51:22.975Z,-23.6052690,-46.8362063,832.398,0.069,0.070,3,120,76
1784771483030,2026-07-23T01:51:23.030Z,-23.6052689,-46.8362063,832.386,0.068,0.080,3,120,76
1784771483085,2026-07-23T01:51:23.085Z,-23.6052689,-46.8362062,832.387,0.024,0.070,3,120,76
1784771483140,2026-07-23T01:51:23.140Z,-23.6052690,-46.8362064,832.387,0.107,0.030,3,120,76
1784771483195,2026-07-23T01:51:23.195Z,-23.6052691,-46.8362064,832.403,0.149,0.110,3,120,76
1784771483250,2026-07-23T01:51:23.250Z,-23.6052691,-46.8362065,832.405,0.150,0.150,3,120,76
1784771483305,2026-07-23T01:51:23.305Z,-23.6052691,-46.8362065,832.404,0.063,0.150,3,120,76
1784771483360,2026-07-23T01:51:23.360Z,-23.6052691,-46.8362065,832.411,0.035,0.070,3,120,76
1784771483415,2026-07-23T01:51:23.415Z,-23.6052692,-46.8362064,832.401,0.095,0.040,3,120,76
1784771483470,2026-07-23T01:51:23.470Z,-23.6052693,-46.8362065,832.412,0.157,0.100,3,120,76
1784771483525,2026-07-23T01:51:23.525Z,-23.6052693,-46.8362064,832.413,0.133,0.160,3,120,76
1784771483580,2026-07-23T01:51:23.580Z,-23.6052694,-46.8362065,832.441,0.163,0.130,3,120,76
1784771483635,2026-07-23T01:51:23.635Z,-23.6052695,-46.8362065,832.452,0.162,0.170,3,120,76
1784771483690,2026-07-23T01:51:23.690Z,-23.6052695,-46.8362065,832.458,0.123,0.170,3,120,76
1784771483745,2026-07-23T01:51:23.745Z,-23.6052695,-46.8362064,832.453,0.076,0.130,3,120,76
1784771483800,2026-07-23T01:51:23.800Z,-23.6052695,-46.8362064,832.451,0.048,0.080,3,120,76
1784771483855,2026-07-23T01:51:23.855Z,-23.6052695,-46.8362065,832.450,0.071,0.060,3,120,76
1784771483910,2026-07-23T01:51:23.910Z,-23.6052695,-46.8362066,832.449,0.075,0.070,3,120,76
1784771483965,2026-07-23T01:51:23.965Z,-23.6052694,-46.8362065,832.453,0.036,0.080,3,120,77
1784771484020,2026-07-23T01:51:24.020Z,-23.6052694,-46.8362065,832.455,0.050,0.050,3,120,77
1784771484075,2026-07-23T01:51:24.075Z,-23.6052694,-46.8362065,832.450,0.007,0.060,3,120,77
1784771484130,2026-07-23T01:51:24.130Z,-23.6052694,-46.8362065,832.460,0.020,0.030,3,120,77
1784771484185,2026-07-23T01:51:24.185Z,-23.6052694,-46.8362065,832.450,0.011,0.040,3,120,77
1784771484240,2026-07-23T01:51:24.240Z,-23.6052694,-46.8362064,832.445,0.030,0.020,3,120,77
1784771484295,2026-07-23T01:51:24.295Z,-23.6052694,-46.8362064,832.447,0.048,0.030,3,120,77
1784771484350,2026-07-23T01:51:24.350Z,-23.6052695,-46.8362064,832.453,0.089,0.050,3,120,77
1784771484405,2026-07-23T01:51:24.405Z,-23.6052694,-46.8362064,832.449,0.024,0.090,3,120,77
1784771484460,2026-07-23T01:51:24.460Z,-23.6052694,-46.8362064,832.453,0.008,0.030,3,120,77
1784771484515,2026-07-23T01:51:24.515Z,-23.6052694,-46.8362064,832.454,0.026,0.010,3,120,77
1784771484570,2026-07-23T01:51:24.570Z,-23.6052694,-46.8362065,832.461,0.042,0.030,3,120,77
1784771484625,2026-07-23T01:51:24.625Z,-23.6052693,-46.8362065,832.470,0.058,0.040,3,120,77
1784771484680,2026-07-23T01:51:24.680Z,-23.6052693,-46.8362065,832.481,0.055,0.060,3,120,77
1784771484735,2026-07-23T01:51:24.735Z,-23.6052694,-46.8362065,832.475,0.006,0.060,3,120,77
1784771484790,2026-07-23T01:51:24.790Z,-23.6052694,-46.8362064,832.454,0.049,0.020,3,120,77
1784771484845,2026-07-23T01:51:24.845Z,-23.6052694,-46.8362065,832.456,0.026,0.050,3,120,77
1784771484900,2026-07-23T01:51:24.900Z,-23.6052694,-46.8362065,832.448,0.027,0.030,3,120,77
1784771484955,2026-07-23T01:51:24.955Z,-23.6052695,-46.8362065,832.453,0.073,0.030,3,120,78
1784771485013,2026-07-23T01:51:25.013Z,-23.6052694,-46.8362065,832.465,0.035,0.070,3,120,78
1784771485071,2026-07-23T01:51:25.071Z,-23.6052695,-46.8362066,832.470,0.108,0.040,3,120,78
1784771485129,2026-07-23T01:51:25.129Z,-23.6052696,-46.8362065,832.465,0.102,0.110,3,120,78
1784771485187,2026-07-23T01:51:25.187Z,-23.6052696,-46.8362065,832.474,0.060,0.100,3,120,78
1784771485246,2026-07-23T01:51:25.246Z,-23.6052697,-46.8362064,832.448,0.127,0.060,3,120,78
1784771485304,2026-07-23T01:51:25.304Z,-23.6052698,-46.8362064,832.450,0.114,0.130,3,120,78
1784771485362,2026-07-23T01:51:25.362Z,-23.6052698,-46.8362065,832.468,0.093,0.120,3,120,78
1784771485420,2026-07-23T01:51:25.420Z,-23.6052697,-46.8362066,832.482,0.086,0.090,3,120,78
1784771485479,2026-07-23T01:51:25.479Z,-23.6052698,-46.8362065,832.480,0.068,0.090,3,120,78
1784771485537,2026-07-23T01:51:25.537Z,-23.6052699,-46.8362064,832.463,0.100,0.070,3,120,78
1784771485595,2026-07-23T01:51:25.595Z,-23.6052697,-46.8362063,832.463,0.110,0.100,3,120,78
1784771485653,2026-07-23T01:51:25.653Z,-23.6052697,-46.8362064,832.461,0.047,0.110,3,120,78
1784771485712,2026-07-23T01:51:25.712Z,-23.6052697,-46.8362065,832.453,0.093,0.050,3,120,78
1784771485770,2026-07-23T01:51:25.770Z,-23.6052698,-46.8362065,832.454,0.043,0.100,3,120,78
1784771485828,2026-07-23T01:51:25.828Z,-23.6052697,-46.8362064,832.465,0.033,0.050,3,120,78
1784771485886,2026-07-23T01:51:25.886Z,-23.6052697,-46.8362063,832.463,0.078,0.040,3,120,78
1784771485945,2026-07-23T01:51:25.945Z,-23.6052698,-46.8362062,832.459,0.103,0.080,3,120,79
1784771486000,2026-07-23T01:51:26.000Z,-23.6052698,-46.8362062,832.458,0.055,0.110,3,120,79
1784771486055,2026-07-23T01:51:26.055Z,-23.6052697,-46.8362061,832.480,0.102,0.060,3,120,79
1784771486110,2026-07-23T01:51:26.110Z,-23.6052698,-46.8362061,832.447,0.024,0.100,3,120,79
1784771486165,2026-07-23T01:51:26.165Z,-23.6052699,-46.8362062,832.456,0.084,0.040,3,120,79
1784771486220,2026-07-23T01:51:26.220Z,-23.6052698,-46.8362062,832.454,0.031,0.090,3,120,79
1784771486275,2026-07-23T01:51:26.275Z,-23.6052699,-46.8362060,832.443,0.044,0.040,3,120,79
1784771486330,2026-07-23T01:51:26.330Z,-23.6052700,-46.8362061,832.444,0.050,0.060,3,120,79
1784771486385,2026-07-23T01:51:26.385Z,-23.6052700,-46.8362062,832.464,0.111,0.060,3,120,79
1784771486440,2026-07-23T01:51:26.440Z,-23.6052702,-46.8362064,832.462,0.230,0.110,3,120,79
1784771486495,2026-07-23T01:51:26.495Z,-23.6052702,-46.8362065,832.462,0.194,0.230,3,120,79
1784771486550,2026-07-23T01:51:26.550Z,-23.6052703,-46.8362065,832.450,0.121,0.200,3,120,79
1784771486605,2026-07-23T01:51:26.605Z,-23.6052703,-46.8362064,832.441,0.047,0.120,3,120,79
1784771486660,2026-07-23T01:51:26.660Z,-23.6052703,-46.8362063,832.442,0.051,0.050,3,120,79
1784771486715,2026-07-23T01:51:26.715Z,-23.6052703,-46.8362062,832.453,0.089,0.050,3,120,79
1784771486770,2026-07-23T01:51:26.770Z,-23.6052703,-46.8362063,832.465,0.122,0.090,3,120,79
1784771486825,2026-07-23T01:51:26.825Z,-23.6052703,-46.8362062,832.452,0.093,0.120,3,120,79
1784771486880,2026-07-23T01:51:26.880Z,-23.6052703,-46.8362062,832.461,0.063,0.090,3,120,79
1784771486935,2026-07-23T01:51:26.935Z,-23.6052705,-46.8362061,832.455,0.060,0.060,3,120,79
1784771486990,2026-07-23T01:51:26.990Z,-23.6052705,-46.8362062,832.452,0.039,0.060,3,129,80
1784771487045,2026-07-23T01:51:27.045Z,-23.6052705,-46.8362062,832.454,0.040,0.040,3,129,80
1784771487100,2026-07-23T01:51:27.100Z,-23.6052706,-46.8362062,832.461,0.023,0.040,3,129,80
1784771487155,2026-07-23T01:51:27.155Z,-23.6052707,-46.8362061,832.448,0.038,0.020,3,129,80
1784771487210,2026-07-23T01:51:27.210Z,-23.6052707,-46.8362060,832.435,0.054,0.040,3,129,80
1784771487265,2026-07-23T01:51:27.265Z,-23.6052708,-46.8362060,832.442,0.053,0.060,3,129,80
1784771487320,2026-07-23T01:51:27.320Z,-23.6052708,-46.8362061,832.460,0.038,0.060,3,129,80
1784771487375,2026-07-23T01:51:27.375Z,-23.6052708,-46.8362062,832.481,0.056,0.040,3,129,80
1784771487430,2026-07-23T01:51:27.430Z,-23.6052708,-46.8362064,832.497,0.104,0.060,3,129,80
1784771487485,2026-07-23T01:51:27.485Z,-23.6052708,-46.8362064,832.511,0.098,0.110,3,129,80
1784771487540,2026-07-23T01:51:27.540Z,-23.6052708,-46.8362064,832.525,0.067,0.100,3,129,80
1784771487595,2026-07-23T01:51:27.595Z,-23.6052707,-46.8362065,832.549,0.102,0.080,3,129,80
1784771487650,2026-07-23T01:51:27.650Z,-23.6052707,-46.8362067,832.571,0.165,0.110,3,129,80
1784771487705,2026-07-23T01:51:27.705Z,-23.6052705,-46.8362068,832.610,0.224,0.180,3,129,80
1784771487760,2026-07-23T01:51:27.760Z,-23.6052704,-46.8362068,832.618,0.236,0.240,3,129,80
1784771487815,2026-07-23T01:51:27.815Z,-23.6052703,-46.8362067,832.624,0.182,0.250,3,129,80
1784771487870,2026-07-23T01:51:27.870Z,-23.6052702,-46.8362067,832.629,0.236,0.200,3,129,80
1784771487925,2026-07-23T01:51:27.925Z,-23.6052701,-46.8362066,832.649,0.269,0.250,3,129,80
1784771487980,2026-07-23T01:51:27.980Z,-23.6052702,-46.8362066,832.641,0.112,0.280,3,120,81
1784771488035,2026-07-23T01:51:28.035Z,-23.6052704,-46.8362067,832.626,0.136,0.130,3,120,81
1784771488090,2026-07-23T01:51:28.090Z,-23.6052706,-46.8362068,832.637,0.187,0.140,3,120,81
1784771488145,2026-07-23T01:51:28.145Z,-23.6052707,-46.8362067,832.650,0.142,0.190,3,120,81
1784771488200,2026-07-23T01:51:28.200Z,-23.6052707,-46.8362066,832.662,0.099,0.150,3,120,81
1784771488255,2026-07-23T01:51:28.255Z,-23.6052707,-46.8362066,832.649,0.012,0.120,3,120,81
1784771488310,2026-07-23T01:51:28.310Z,-23.6052706,-46.8362067,832.658,0.081,0.040,3,120,81
1784771488365,2026-07-23T01:51:28.365Z,-23.6052706,-46.8362067,832.677,0.071,0.090,3,120,81
1784771488420,2026-07-23T01:51:28.420Z,-23.6052706,-46.8362066,832.682,0.071,0.090,3,120,81
1784771488475,2026-07-23T01:51:28.475Z,-23.6052706,-46.8362066,832.675,0.026,0.090,3,120,81
1784771488530,2026-07-23T01:51:28.530Z,-23.6052706,-46.8362066,832.663,0.051,0.050,3,120,81
1784771488585,2026-07-23T01:51:28.585Z,-23.6052707,-46.8362065,832.655,0.046,0.060,3,120,81
1784771488640,2026-07-23T01:51:28.640Z,-23.6052707,-46.8362065,832.661,0.009,0.050,3,120,81
1784771488695,2026-07-23T01:51:28.695Z,-23.6052707,-46.8362066,832.679,0.050,0.030,3,120,81
1784771488750,2026-07-23T01:51:28.750Z,-23.6052707,-46.8362067,832.677,0.074,0.060,3,120,81
1784771488805,2026-07-23T01:51:28.805Z,-23.6052707,-46.8362067,832.691,0.079,0.080,3,120,81
1784771488860,2026-07-23T01:51:28.860Z,-23.6052707,-46.8362067,832.702,0.048,0.090,3,120,81
1784771488915,2026-07-23T01:51:28.915Z,-23.6052706,-46.8362066,832.702,0.065,0.060,3,120,81
1784771488970,2026-07-23T01:51:28.970Z,-23.6052706,-46.8362067,832.709,0.047,0.070,3,129,82
1784771489022,2026-07-23T01:51:29.022Z,-23.6052707,-46.8362068,832.715,0.043,0.060,3,129,82
1784771489074,2026-07-23T01:51:29.074Z,-23.6052707,-46.8362068,832.720,0.017,0.060,3,129,82
1784771489126,2026-07-23T01:51:29.126Z,-23.6052706,-46.8362066,832.711,0.127,0.040,3,129,82
1784771489178,2026-07-23T01:51:29.178Z,-23.6052707,-46.8362065,832.704,0.080,0.130,3,129,82
1784771489230,2026-07-23T01:51:29.230Z,-23.6052708,-46.8362066,832.688,0.068,0.080,3,129,82
1784771489282,2026-07-23T01:51:29.282Z,-23.6052710,-46.8362068,832.662,0.235,0.070,3,129,82
1784771489334,2026-07-23T01:51:29.334Z,-23.6052713,-46.8362069,832.665,0.352,0.240,3,129,82
1784771489386,2026-07-23T01:51:29.386Z,-23.6052715,-46.8362070,832.677,0.369,0.350,3,129,82
1784771489438,2026-07-23T01:51:29.438Z,-23.6052716,-46.8362072,832.678,0.371,0.370,3,129,82
1784771489491,2026-07-23T01:51:29.491Z,-23.6052716,-46.8362075,832.693,0.326,0.370,3,129,82
1784771489543,2026-07-23T01:51:29.543Z,-23.6052715,-46.8362075,832.709,0.206,0.330,3,129,82
1784771489595,2026-07-23T01:51:29.595Z,-23.6052716,-46.8362076,832.708,0.139,0.210,3,129,82
1784771489647,2026-07-23T01:51:29.647Z,-23.6052716,-46.8362076,832.710,0.115,0.140,3,129,82
1784771489699,2026-07-23T01:51:29.699Z,-23.6052716,-46.8362075,832.709,0.017,0.120,3,129,82
1784771489751,2026-07-23T01:51:29.751Z,-23.6052717,-46.8362075,832.723,0.052,0.030,3,129,82
1784771489803,2026-07-23T01:51:29.803Z,-23.6052717,-46.8362076,832.736,0.045,0.050,3,129,82
1784771489855,2026-07-23T01:51:29.855Z,-23.6052717,-46.8362076,832.742,0.025,0.050,3,129,82
1784771489907,2026-07-23T01:51:29.907Z,-23.6052716,-46.8362076,832.757,0.073,0.030,3,129,82
1784771489960,2026-07-23T01:51:29.960Z,-23.6052716,-46.8362077,832.754,0.066,0.070,3,120,83
1784771490018,2026-07-23T01:51:30.018Z,-23.6052717,-46.8362076,832.765,0.048,0.070,3,120,83
1784771490076,2026-07-23T01:51:30.076Z,-23.6052717,-46.8362076,832.765,0.023,0.050,3,120,83
1784771490134,2026-07-23T01:51:30.134Z,-23.6052717,-46.8362077,832.768,0.038,0.020,3,120,83
1784771490192,2026-07-23T01:51:30.192Z,-23.6052717,-46.8362076,832.789,0.027,0.040,3,120,83
1784771490251,2026-07-23T01:51:30.251Z,-23.6052718,-46.8362076,832.785,0.050,0.030,3,120,83
1784771490309,2026-07-23T01:51:30.309Z,-23.6052717,-46.8362078,832.819,0.081,0.050,3,120,83
1784771490367,2026-07-23T01:51:30.367Z,-23.6052717,-46.8362077,832.792,0.079,0.090,3,120,83
1784771490425,2026-07-23T01:51:30.425Z,-23.6052717,-46.8362075,832.780,0.048,0.080,3,120,83
1784771490484,2026-07-23T01:51:30.484Z,-23.6052717,-46.8362075,832.782,0.052,0.050,3,120,83
1784771490542,2026-07-23T01:51:30.542Z,-23.6052717,-46.8362072,832.767,0.159,0.050,3,120,83
1784771490600,2026-07-23T01:51:30.600Z,-23.6052717,-46.8362070,832.766,0.235,0.160,3,120,83
1784771490658,2026-07-23T01:51:30.658Z,-23.6052716,-46.8362069,832.747,0.216,0.230,3,120,83
1784771490717,2026-07-23T01:51:30.717Z,-23.6052718,-46.8362071,832.718,0.069,0.220,3,120,83
1784771490775,2026-07-23T01:51:30.775Z,-23.6052718,-46.8362069,832.718,0.080,0.080,3,120,83
1784771490833,2026-07-23T01:51:30.833Z,-23.6052716,-46.8362067,832.724,0.173,0.090,3,120,83
1784771490891,2026-07-23T01:51:30.891Z,-23.6052715,-46.8362066,832.736,0.253,0.170,3,120,83
1784771490950,2026-07-23T01:51:30.950Z,-23.6052713,-46.8362063,832.735,0.335,0.250,3,120,84
1784771491002,2026-07-23T01:51:31.002Z,-23.6052712,-46.8362063,832.745,0.270,0.340,3,120,84
1784771491054,2026-07-23T01:51:31.054Z,-23.6052712,-46.8362061,832.748,0.288,0.270,3,120,84
1784771491106,2026-07-23T01:51:31.106Z,-23.6052711,-46.8362061,832.752,0.213,0.290,3,120,84
1784771491158,2026-07-23T01:51:31.158Z,-23.6052711,-46.8362062,832.752,0.154,0.210,3,120,84
1784771491210,2026-07-23T01:51:31.210Z,-23.6052710,-46.8362059,832.735,0.176,0.150,3,120,84
1784771491262,2026-07-23T01:51:31.262Z,-23.6052712,-46.8362058,832.725,0.124,0.180,3,120,84
1784771491314,2026-07-23T01:51:31.314Z,-23.6052713,-46.8362057,832.712,0.170,0.130,3,120,84
1784771491366,2026-07-23T01:51:31.366Z,-23.6052713,-46.8362056,832.710,0.140,0.170,3,120,84
1784771491418,2026-07-23T01:51:31.418Z,-23.6052713,-46.8362055,832.705,0.116,0.140,3,120,84
1784771491471,2026-07-23T01:51:31.471Z,-23.6052713,-46.8362055,832.704,0.085,0.120,3,120,84
1784771491523,2026-07-23T01:51:31.523Z,-23.6052713,-46.8362055,832.697,0.085,0.090,3,120,84
1784771491575,2026-07-23T01:51:31.575Z,-23.6052713,-46.8362054,832.693,0.058,0.090,3,120,84
1784771491627,2026-07-23T01:51:31.627Z,-23.6052713,-46.8362054,832.697,0.049,0.060,3,120,84
1784771491679,2026-07-23T01:51:31.679Z,-23.6052713,-46.8362055,832.685,0.033,0.050,3,120,84
1784771491731,2026-07-23T01:51:31.731Z,-23.6052713,-46.8362055,832.667,0.072,0.040,3,120,84
1784771491783,2026-07-23T01:51:31.783Z,-23.6052713,-46.8362055,832.657,0.040,0.080,3,120,84
1784771491835,2026-07-23T01:51:31.835Z,-23.6052712,-46.8362055,832.658,0.063,0.050,3,120,84
1784771491887,2026-07-23T01:51:31.887Z,-23.6052712,-46.8362055,832.654,0.041,0.070,3,120,84
1784771491940,2026-07-23T01:51:31.940Z,-23.6052712,-46.8362055,832.656,0.028,0.050,3,120,85
1784771491995,2026-07-23T01:51:31.995Z,-23.6052712,-46.8362054,832.645,0.029,0.030,3,120,85
1784771492050,2026-07-23T01:51:32.050Z,-23.6052713,-46.8362053,832.635,0.039,0.030,3,120,85
1784771492105,2026-07-23T01:51:32.105Z,-23.6052713,-46.8362052,832.606,0.033,0.040,3,120,85
1784771492160,2026-07-23T01:51:32.160Z,-23.6052712,-46.8362052,832.595,0.010,0.050,3,120,85
1784771492215,2026-07-23T01:51:32.215Z,-23.6052713,-46.8362052,832.562,0.074,0.040,3,120,85
1784771492270,2026-07-23T01:51:32.270Z,-23.6052712,-46.8362052,832.586,0.082,0.090,3,120,85
1784771492325,2026-07-23T01:51:32.325Z,-23.6052712,-46.8362052,832.589,0.032,0.090,3,120,85
1784771492380,2026-07-23T01:51:32.380Z,-23.6052713,-46.8362053,832.574,0.103,0.040,3,120,85
1784771492435,2026-07-23T01:51:32.435Z,-23.6052712,-46.8362052,832.574,0.025,0.110,3,120,85
1784771492490,2026-07-23T01:51:32.490Z,-23.6052712,-46.8362052,832.572,0.034,0.030,3,120,85
1784771492545,2026-07-23T01:51:32.545Z,-23.6052711,-46.8362052,832.559,0.033,0.040,3,120,85
1784771492600,2026-07-23T01:51:32.600Z,-23.6052711,-46.8362052,832.550,0.005,0.040,3,120,85
1784771492655,2026-07-23T01:51:32.655Z,-23.6052711,-46.8362051,832.548,0.019,0.020,3,120,85
1784771492710,2026-07-23T01:51:32.710Z,-23.6052711,-46.8362051,832.547,0.023,0.030,3,120,85
1784771492765,2026-07-23T01:51:32.765Z,-23.6052711,-46.8362051,832.539,0.023,0.030,3,120,85
1784771492820,2026-07-23T01:51:32.820Z,-23.6052710,-46.8362050,832.510,0.056,0.030,3,120,85
1784771492875,2026-07-23T01:51:32.875Z,-23.6052710,-46.8362051,832.511,0.047,0.060,3,120,85
1784771492930,2026-07-23T01:51:32.930Z,-23.6052709,-46.8362052,832.525,0.056,0.050,3,120,86
1784771492991,2026-07-23T01:51:32.991Z,-23.6052709,-46.8362052,832.503,0.069,0.060,3,120,86
1784771493052,2026-07-23T01:51:33.052Z,-23.6052709,-46.8362052,832.491,0.064,0.070,3,120,86
1784771493114,2026-07-23T01:51:33.114Z,-23.6052708,-46.8362053,832.495,0.084,0.070,3,120,86
1784771493175,2026-07-23T01:51:33.175Z,-23.6052709,-46.8362053,832.481,0.066,0.080,3,120,86
1784771493237,2026-07-23T01:51:33.237Z,-23.6052709,-46.8362052,832.473,0.058,0.070,3,120,86
1784771493298,2026-07-23T01:51:33.298Z,-23.6052709,-46.8362052,832.459,0.065,0.060,3,120,86
1784771493360,2026-07-23T01:51:33.360Z,-23.6052709,-46.8362053,832.463,0.102,0.070,3,120,86
1784771493421,2026-07-23T01:51:33.421Z,-23.6052709,-46.8362053,832.452,0.098,0.100,3,120,86
1784771493483,2026-07-23T01:51:33.483Z,-23.6052710,-46.8362054,832.453,0.111,0.100,3,120,86
1784771493544,2026-07-23T01:51:33.544Z,-23.6052711,-46.8362054,832.434,0.174,0.110,3,120,86
1784771493606,2026-07-23T01:51:33.606Z,-23.6052711,-46.8362055,832.427,0.110,0.170,3,120,86
1784771493667,2026-07-23T01:51:33.667Z,-23.6052711,-46.8362054,832.425,0.050,0.110,3,120,86
1784771493729,2026-07-23T01:51:33.729Z,-23.6052711,-46.8362052,832.401,0.041,0.050,3,120,86
1784771493790,2026-07-23T01:51:33.790Z,-23.6052711,-46.8362052,832.386,0.029,0.040,3,120,86
1784771493852,2026-07-23T01:51:33.852Z,-23.6052710,-46.8362052,832.383,0.027,0.040,3,120,86
1784771493913,2026-07-23T01:51:33.913Z,-23.6052709,-46.8362052,832.375,0.103,0.030,3,120,86
1784771493975,2026-07-23T01:51:33.975Z,-23.6052708,-46.8362052,832.380,0.189,0.110,3,120,87
1784771494030,2026-07-23T01:51:34.030Z,-23.6052707,-46.8362053,832.368,0.163,0.190,3,120,87
1784771494085,2026-07-23T01:51:34.085Z,-23.6052708,-46.8362052,832.368,0.064,0.160,3,120,87
1784771494140,2026-07-23T01:51:34.140Z,-23.6052708,-46.8362052,832.371,0.025,0.060,3,120,87
1784771494195,2026-07-23T01:51:34.195Z,-23.6052708,-46.8362051,832.363,0.037,0.030,3,120,87
1784771494250,2026-07-23T01:51:34.250Z,-23.6052709,-46.8362051,832.362,0.113,0.040,3,120,87
1784771494305,2026-07-23T01:51:34.305Z,-23.6052709,-46.8362050,832.348,0.074,0.110,3,120,87
1784771494360,2026-07-23T01:51:34.360Z,-23.6052711,-46.8362050,832.316,0.137,0.080,3,120,87
1784771494415,2026-07-23T01:51:34.415Z,-23.6052711,-46.8362051,832.330,0.087,0.140,3,120,87
1784771494470,2026-07-23T01:51:34.470Z,-23.6052711,-46.8362051,832.336,0.091,0.090,3,120,87
1784771494525,2026-07-23T01:51:34.525Z,-23.6052711,-46.8362052,832.332,0.110,0.090,3,120,87
1784771494580,2026-07-23T01:51:34.580Z,-23.6052711,-46.8362052,832.334,0.050,0.110,3,120,87
1784771494635,2026-07-23T01:51:34.635Z,-23.6052712,-46.8362051,832.320,0.102,0.050,3,120,87
1784771494690,2026-07-23T01:51:34.690Z,-23.6052712,-46.8362049,832.309,0.179,0.100,3,120,87
1784771494745,2026-07-23T01:51:34.745Z,-23.6052713,-46.8362047,832.285,0.222,0.180,3,120,87
1784771494800,2026-07-23T01:51:34.800Z,-23.6052713,-46.8362046,832.284,0.197,0.230,3,120,87
1784771494855,2026-07-23T01:51:34.855Z,-23.6052713,-46.8362046,832.278,0.133,0.200,3,120,87
1784771494910,2026-07-23T01:51:34.910Z,-23.6052713,-46.8362047,832.280,0.085,0.140,3,120,87
1784771494965,2026-07-23T01:51:34.965Z,-23.6052712,-46.8362048,832.313,0.033,0.090,3,120,88
1784771495026,2026-07-23T01:51:35.026Z,-23.6052713,-46.8362048,832.321,0.084,0.040,3,120,88
1784771495087,2026-07-23T01:51:35.087Z,-23.6052714,-46.8362048,832.315,0.114,0.080,3,120,88
1784771495149,2026-07-23T01:51:35.149Z,-23.6052714,-46.8362048,832.310,0.062,0.110,3,120,88
1784771495210,2026-07-23T01:51:35.210Z,-23.6052714,-46.8362048,832.324,0.051,0.070,3,120,88
1784771495272,2026-07-23T01:51:35.272Z,-23.6052713,-46.8362049,832.319,0.049,0.050,3,120,88
1784771495333,2026-07-23T01:51:35.333Z,-23.6052712,-46.8362049,832.334,0.071,0.050,3,120,88
1784771495395,2026-07-23T01:51:35.395Z,-23.6052713,-46.8362049,832.338,0.020,0.070,3,120,88
1784771495456,2026-07-23T01:51:35.456Z,-23.6052712,-46.8362049,832.340,0.052,0.020,3,120,88
1784771495518,2026-07-23T01:51:35.518Z,-23.6052712,-46.8362049,832.351,0.047,0.050,3,120,88
1784771495579,2026-07-23T01:51:35.579Z,-23.6052712,-46.8362049,832.353,0.027,0.050,3,120,88
1784771495641,2026-07-23T01:51:35.641Z,-23.6052711,-46.8362049,832.357,0.032,0.030,3,120,88
1784771495702,2026-07-23T01:51:35.702Z,-23.6052712,-46.8362050,832.356,0.045,0.030,3,120,88
1784771495764,2026-07-23T01:51:35.764Z,-23.6052712,-46.8362049,832.364,0.017,0.050,3,120,88
1784771495825,2026-07-23T01:51:35.825Z,-23.6052711,-46.8362051,832.385,0.071,0.020,3,120,88
1784771495887,2026-07-23T01:51:35.887Z,-23.6052711,-46.8362051,832.383,0.087,0.070,3,120,88
1784771495948,2026-07-23T01:51:35.948Z,-23.6052712,-46.8362050,832.362,0.031,0.090,3,120,88
1784771496010,2026-07-23T01:51:36.010Z,-23.6052712,-46.8362050,832.380,0.004,0.040,3,120,89
1784771496059,2026-07-23T01:51:36.059Z,-23.6052712,-46.8362051,832.391,0.033,0.010,3,120,89
1784771496108,2026-07-23T01:51:36.108Z,-23.6052712,-46.8362051,832.394,0.032,0.030,3,120,89
1784771496157,2026-07-23T01:51:36.157Z,-23.6052712,-46.8362052,832.402,0.080,0.030,3,120,89
1784771496206,2026-07-23T01:51:36.206Z,-23.6052712,-46.8362052,832.393,0.081,0.080,3,120,89
1784771496256,2026-07-23T01:51:36.256Z,-23.6052711,-46.8362053,832.404,0.091,0.080,3,120,89
1784771496305,2026-07-23T01:51:36.305Z,-23.6052711,-46.8362052,832.405,0.022,0.090,3,120,89
1784771496354,2026-07-23T01:51:36.354Z,-23.6052711,-46.8362052,832.403,0.010,0.020,3,120,89
1784771496403,2026-07-23T01:51:36.403Z,-23.6052712,-46.8362051,832.374,0.021,0.010,3,120,89
1784771496452,2026-07-23T01:51:36.452Z,-23.6052711,-46.8362051,832.385,0.011,0.030,3,120,89
1784771496502,2026-07-23T01:51:36.502Z,-23.6052711,-46.8362052,832.408,0.028,0.010,3,120,89
1784771496551,2026-07-23T01:51:36.551Z,-23.6052712,-46.8362051,832.389,0.068,0.030,3,120,89
1784771496600,2026-07-23T01:51:36.600Z,-23.6052710,-46.8362051,832.389,0.062,0.070,3,120,89
1784771496649,2026-07-23T01:51:36.649Z,-23.6052710,-46.8362051,832.383,0.026,0.060,3,120,89
1784771496698,2026-07-23T01:51:36.698Z,-23.6052710,-46.8362050,832.391,0.073,0.030,3,120,89
1784771496748,2026-07-23T01:51:36.748Z,-23.6052710,-46.8362050,832.395,0.034,0.070,3,120,89
1784771496797,2026-07-23T01:51:36.797Z,-23.6052710,-46.8362050,832.410,0.082,0.040,3,120,89
1784771496846,2026-07-23T01:51:36.846Z,-23.6052710,-46.8362050,832.431,0.039,0.080,3,120,89
1784771496895,2026-07-23T01:51:36.895Z,-23.6052709,-46.8362050,832.410,0.036,0.040,3,120,89
1784771496945,2026-07-23T01:51:36.945Z,-23.6052710,-46.8362050,832.412,0.012,0.040,3,120,90
1784771497006,2026-07-23T01:51:37.006Z,-23.6052709,-46.8362051,832.425,0.072,0.010,3,120,90
1784771497067,2026-07-23T01:51:37.067Z,-23.6052709,-46.8362051,832.428,0.036,0.070,3,120,90
1784771497129,2026-07-23T01:51:37.129Z,-23.6052709,-46.8362049,832.412,0.060,0.040,3,120,90
1784771497190,2026-07-23T01:51:37.190Z,-23.6052709,-46.8362050,832.412,0.064,0.060,3,120,90
1784771497252,2026-07-23T01:51:37.252Z,-23.6052708,-46.8362051,832.431,0.051,0.060,3,120,90
1784771497313,2026-07-23T01:51:37.313Z,-23.6052708,-46.8362050,832.419,0.038,0.050,3,120,90
1784771497375,2026-07-23T01:51:37.375Z,-23.6052708,-46.8362048,832.378,0.080,0.040,3,120,90
1784771497436,2026-07-23T01:51:37.436Z,-23.6052708,-46.8362048,832.407,0.092,0.080,3,120,90
1784771497498,2026-07-23T01:51:37.498Z,-23.6052709,-46.8362048,832.413,0.050,0.090,3,120,90
1784771497559,2026-07-23T01:51:37.559Z,-23.6052708,-46.8362048,832.411,0.026,0.050,3,120,90
1784771497621,2026-07-23T01:51:37.621Z,-23.6052708,-46.8362047,832.414,0.040,0.030,3,120,90
1784771497682,2026-07-23T01:51:37.682Z,-23.6052707,-46.8362047,832.427,0.058,0.040,3,120,90
1784771497744,2026-07-23T01:51:37.744Z,-23.6052707,-46.8362048,832.412,0.026,0.060,3,120,90
1784771497805,2026-07-23T01:51:37.805Z,-23.6052707,-46.8362047,832.414,0.075,0.030,3,120,90
1784771497867,2026-07-23T01:51:37.867Z,-23.6052707,-46.8362046,832.406,0.031,0.070,3,120,90
1784771497928,2026-07-23T01:51:37.928Z,-23.6052706,-46.8362047,832.412,0.026,0.030,3,120,90
1784771497990,2026-07-23T01:51:37.990Z,-23.6052705,-46.8362047,832.408,0.075,0.030,3,120,91
1784771498048,2026-07-23T01:51:38.048Z,-23.6052705,-46.8362048,832.406,0.073,0.080,3,120,91
1784771498106,2026-07-23T01:51:38.106Z,-23.6052705,-46.8362048,832.400,0.058,0.070,3,120,91
1784771498164,2026-07-23T01:51:38.164Z,-23.6052705,-46.8362048,832.413,0.026,0.060,3,120,91
1784771498222,2026-07-23T01:51:38.222Z,-23.6052706,-46.8362047,832.397,0.064,0.030,3,120,91
1784771498281,2026-07-23T01:51:38.281Z,-23.6052706,-46.8362047,832.395,0.102,0.060,3,120,91
1784771498339,2026-07-23T01:51:38.339Z,-23.6052707,-46.8362048,832.404,0.149,0.100,3,120,91
1784771498397,2026-07-23T01:51:38.397Z,-23.6052705,-46.8362048,832.401,0.054,0.150,3,120,91
1784771498455,2026-07-23T01:51:38.455Z,-23.6052705,-46.8362048,832.394,0.028,0.050,3,120,91
1784771498514,2026-07-23T01:51:38.514Z,-23.6052705,-46.8362048,832.397,0.064,0.030,3,120,91
1784771498572,2026-07-23T01:51:38.572Z,-23.6052704,-46.8362049,832.404,0.045,0.060,3,120,91
1784771498630,2026-07-23T01:51:38.630Z,-23.6052704,-46.8362050,832.423,0.036,0.040,3,120,91
1784771498688,2026-07-23T01:51:38.688Z,-23.6052704,-46.8362051,832.414,0.091,0.040,3,120,91
1784771498747,2026-07-23T01:51:38.747Z,-23.6052704,-46.8362051,832.411,0.031,0.090,3,120,91
1784771498805,2026-07-23T01:51:38.805Z,-23.6052703,-46.8362051,832.430,0.021,0.030,3,120,91
1784771498863,2026-07-23T01:51:38.863Z,-23.6052702,-46.8362051,832.440,0.038,0.020,3,120,91
1784771498921,2026-07-23T01:51:38.921Z,-23.6052702,-46.8362052,832.442,0.059,0.040,3,120,91
1784771498980,2026-07-23T01:51:38.980Z,-23.6052702,-46.8362053,832.449,0.027,0.060,3,120,92
1784771499035,2026-07-23T01:51:39.035Z,-23.6052702,-46.8362053,832.446,0.036,0.030,3,120,92
1784771499090,2026-07-23T01:51:39.090Z,-23.6052701,-46.8362053,832.454,0.028,0.040,3,120,92
1784771499145,2026-07-23T01:51:39.145Z,-23.6052701,-46.8362054,832.471,0.015,0.030,3,120,92
1784771499200,2026-07-23T01:51:39.200Z,-23.6052701,-46.8362053,832.464,0.015,0.030,3,120,92
1784771499255,2026-07-23T01:51:39.255Z,-23.6052701,-46.8362054,832.457,0.053,0.020,3,120,92
1784771499310,2026-07-23T01:51:39.310Z,-23.6052701,-46.8362055,832.454,0.065,0.050,3,120,92
1784771499365,2026-07-23T01:51:39.365Z,-23.6052701,-46.8362055,832.445,0.063,0.070,3,120,92
1784771499420,2026-07-23T01:51:39.420Z,-23.6052701,-46.8362055,832.456,0.080,0.060,3,120,92
1784771499475,2026-07-23T01:51:39.475Z,-23.6052701,-46.8362055,832.464,0.066,0.080,3,120,92
1784771499530,2026-07-23T01:51:39.530Z,-23.6052700,-46.8362056,832.463,0.093,0.070,3,120,92
1784771499585,2026-07-23T01:51:39.585Z,-23.6052700,-46.8362056,832.465,0.057,0.100,3,120,92
1784771499640,2026-07-23T01:51:39.640Z,-23.6052701,-46.8362055,832.428,0.089,0.060,3,120,92
1784771499695,2026-07-23T01:51:39.695Z,-23.6052701,-46.8362055,832.418,0.100,0.090,3,120,92
1784771499750,2026-07-23T01:51:39.750Z,-23.6052702,-46.8362055,832.427,0.123,0.100,3,120,92
1784771499805,2026-07-23T01:51:39.805Z,-23.6052703,-46.8362056,832.427,0.147,0.120,3,120,92
1784771499860,2026-07-23T01:51:39.860Z,-23.6052702,-46.8362055,832.435,0.065,0.150,3,120,92
1784771499915,2026-07-23T01:51:39.915Z,-23.6052702,-46.8362055,832.428,0.040,0.070,3,120,92
1784771499970,2026-07-23T01:51:39.970Z,-23.6052702,-46.8362055,832.420,0.049,0.040,3,120,93
1784771500025,2026-07-23T01:51:40.025Z,-23.6052700,-46.8362054,832.441,0.159,0.050,3,120,93
1784771500080,2026-07-23T01:51:40.080Z,-23.6052697,-46.8362052,832.443,0.402,0.160,3,120,93
1784771500135,2026-07-23T01:51:40.135Z,-23.6052694,-46.8362051,832.439,0.492,0.400,3,120,93
1784771500190,2026-07-23T01:51:40.190Z,-23.6052691,-46.8362050,832.446,0.535,0.490,3,120,93
1784771500245,2026-07-23T01:51:40.245Z,-23.6052689,-46.8362048,832.425,0.538,0.540,3,120,93
1784771500300,2026-07-23T01:51:40.300Z,-23.6052688,-46.8362047,832.420,0.446,0.540,3,120,93
1784771500355,2026-07-23T01:51:40.355Z,-23.6052687,-46.8362047,832.444,0.282,0.450,3,120,93
1784771500410,2026-07-23T01:51:40.410Z,-23.6052688,-46.8362047,832.460,0.198,0.280,3,120,93
1784771500465,2026-07-23T01:51:40.465Z,-23.6052687,-46.8362046,832.476,0.209,0.200,3,120,93
1784771500520,2026-07-23T01:51:40.520Z,-23.6052686,-46.8362046,832.457,0.182,0.210,3,120,93
1784771500575,2026-07-23T01:51:40.575Z,-23.6052687,-46.8362045,832.447,0.092,0.180,3,120,93
1784771500630,2026-07-23T01:51:40.630Z,-23.6052687,-46.8362045,832.441,0.071,0.090,3,120,93
1784771500685,2026-07-23T01:51:40.685Z,-23.6052688,-46.8362044,832.433,0.046,0.070,3,120,93
1784771500740,2026-07-23T01:51:40.740Z,-23.6052690,-46.8362044,832.412,0.126,0.050,3,120,93
1784771500795,2026-07-23T01:51:40.795Z,-23.6052691,-46.8362045,832.396,0.179,0.130,3,120,93
1784771500850,2026-07-23T01:51:40.850Z,-23.6052693,-46.8362045,832.376,0.251,0.180,3,120,93
1784771500905,2026-07-23T01:51:40.905Z,-23.6052696,-46.8362044,832.343,0.296,0.250,3,120,93
1784771500960,2026-07-23T01:51:40.960Z,-23.6052697,-46.8362047,832.340,0.410,0.300,3,120,94
1784771501012,2026-07-23T01:51:41.012Z,-23.6052701,-46.8362048,832.312,0.503,0.410,3,120,94
1784771501064,2026-07-23T01:51:41.064Z,-23.6052702,-46.8362049,832.297,0.453,0.500,3,120,94
1784771501116,2026-07-23T01:51:41.116Z,-23.6052702,-46.8362049,832.290,0.316,0.450,3,120,94
1784771501168,2026-07-23T01:51:41.168Z,-23.6052701,-46.8362048,832.298,0.135,0.320,3,120,94
1784771501220,2026-07-23T01:51:41.220Z,-23.6052702,-46.8362048,832.284,0.111,0.140,3,120,94
1784771501272,2026-07-23T01:51:41.272Z,-23.6052703,-46.8362047,832.260,0.114,0.110,3,120,94
1784771501324,2026-07-23T01:51:41.324Z,-23.6052704,-46.8362047,832.249,0.084,0.120,3,120,94
1784771501376,2026-07-23T01:51:41.376Z,-23.6052704,-46.8362049,832.266,0.118,0.080,3,120,94
1784771501428,2026-07-23T01:51:41.428Z,-23.6052704,-46.8362048,832.262,0.055,0.120,3,120,94
1784771501481,2026-07-23T01:51:41.481Z,-23.6052704,-46.8362048,832.251,0.043,0.060,3,120,94
1784771501533,2026-07-23T01:51:41.533Z,-23.6052704,-46.8362048,832.257,0.049,0.040,3,120,94
1784771501585,2026-07-23T01:51:41.585Z,-23.6052704,-46.8362047,832.244,0.040,0.050,3,120,94
1784771501637,2026-07-23T01:51:41.637Z,-23.6052705,-46.8362047,832.229,0.021,0.040,3,120,94
1784771501689,2026-07-23T01:51:41.689Z,-23.6052705,-46.8362046,832.218,0.046,0.020,3,120,94
1784771501741,2026-07-23T01:51:41.741Z,-23.6052705,-46.8362046,832.222,0.050,0.050,3,120,94
1784771501793,2026-07-23T01:51:41.793Z,-23.6052705,-46.8362046,832.229,0.029,0.050,3,120,94
1784771501845,2026-07-23T01:51:41.845Z,-23.6052705,-46.8362046,832.219,0.048,0.030,3,120,94
1784771501897,2026-07-23T01:51:41.897Z,-23.6052705,-46.8362045,832.214,0.038,0.050,3,120,94
1784771501950,2026-07-23T01:51:41.950Z,-23.6052704,-46.8362045,832.211,0.104,0.040,3,120,95
1784771502008,2026-07-23T01:51:42.008Z,-23.6052705,-46.8362045,832.207,0.028,0.100,3,120,95
1784771502066,2026-07-23T01:51:42.066Z,-23.6052705,-46.8362047,832.215,0.086,0.030,3,120,95
1784771502124,2026-07-23T01:51:42.124Z,-23.6052705,-46.8362047,832.223,0.054,0.090,3,120,95
1784771502182,2026-07-23T01:51:42.182Z,-23.6052705,-46.8362047,832.245,0.055,0.050,3,120,95
1784771502241,2026-07-23T01:51:42.241Z,-23.6052704,-46.8362047,832.245,0.043,0.060,3,120,95
1784771502299,2026-07-23T01:51:42.299Z,-23.6052704,-46.8362047,832.239,0.066,0.050,3,120,95
1784771502357,2026-07-23T01:51:42.357Z,-23.6052704,-46.8362047,832.229,0.087,0.070,3,120,95
1784771502415,2026-07-23T01:51:42.415Z,-23.6052703,-46.8362047,832.244,0.116,0.090,3,120,95
1784771502474,2026-07-23T01:51:42.474Z,-23.6052703,-46.8362047,832.222,0.057,0.120,3,120,95
1784771502532,2026-07-23T01:51:42.532Z,-23.6052702,-46.8362046,832.224,0.056,0.060,3,120,95
1784771502590,2026-07-23T01:51:42.590Z,-23.6052702,-46.8362047,832.243,0.067,0.060,3,120,95
1784771502648,2026-07-23T01:51:42.648Z,-23.6052701,-46.8362047,832.260,0.059,0.070,3,120,95
1784771502707,2026-07-23T01:51:42.707Z,-23.6052701,-46.8362048,832.258,0.109,0.060,3,120,95
1784771502765,2026-07-23T01:51:42.765Z,-23.6052702,-46.8362047,832.256,0.059,0.110,3,120,95
1784771502823,2026-07-23T01:51:42.823Z,-23.6052702,-46.8362046,832.243,0.025,0.060,3,120,95
1784771502881,2026-07-23T01:51:42.881Z,-23.6052703,-46.8362045,832.245,0.062,0.020,3,120,95
1784771502940,2026-07-23T01:51:42.940Z,-23.6052702,-46.8362044,832.231,0.095,0.060,3,120,96
1784771502998,2026-07-23T01:51:42.998Z,-23.6052703,-46.8362044,832.221,0.031,0.100,3,120,96
1784771503056,2026-07-23T01:51:43.056Z,-23.6052703,-46.8362044,832.212,0.007,0.030,3,120,96
1784771503114,2026-07-23T01:51:43.114Z,-23.6052703,-46.8362045,832.214,0.064,0.010,3,120,96
1784771503172,2026-07-23T01:51:43.172Z,-23.6052703,-46.8362045,832.217,0.049,0.060,3,120,96
1784771503231,2026-07-23T01:51:43.231Z,-23.6052703,-46.8362043,832.205,0.073,0.050,3,120,96
1784771503289,2026-07-23T01:51:43.289Z,-23.6052704,-46.8362043,832.197,0.079,0.070,3,120,96
1784771503347,2026-07-23T01:51:43.347Z,-23.6052704,-46.8362042,832.188,0.093,0.080,3,120,96
1784771503405,2026-07-23T01:51:43.405Z,-23.6052705,-46.8362042,832.191,0.119,0.090,3,120,96
1784771503464,2026-07-23T01:51:43.464Z,-23.6052705,-46.8362042,832.186,0.028,0.120,3,120,96
1784771503522,2026-07-23T01:51:43.522Z,-23.6052705,-46.8362041,832.179,0.054,0.030,3,120,96
1784771503580,2026-07-23T01:51:43.580Z,-23.6052705,-46.8362041,832.177,0.059,0.050,3,120,96
1784771503638,2026-07-23T01:51:43.638Z,-23.6052705,-46.8362041,832.177,0.019,0.060,3,120,96
1784771503697,2026-07-23T01:51:43.697Z,-23.6052705,-46.8362041,832.171,0.018,0.020,3,120,96
1784771503755,2026-07-23T01:51:43.755Z,-23.6052705,-46.8362040,832.167,0.005,0.020,3,120,96
1784771503813,2026-07-23T01:51:43.813Z,-23.6052705,-46.8362039,832.159,0.071,0.000,3,120,96
1784771503871,2026-07-23T01:51:43.871Z,-23.6052705,-46.8362039,832.159,0.059,0.070,3,120,96
1784771503930,2026-07-23T01:51:43.930Z,-23.6052705,-46.8362039,832.131,0.020,0.060,3,120,97
1784771503991,2026-07-23T01:51:43.991Z,-23.6052705,-46.8362040,832.142,0.017,0.030,3,120,97
1784771504052,2026-07-23T01:51:44.052Z,-23.6052704,-46.8362041,832.152,0.015,0.020,3,120,97
1784771504114,2026-07-23T01:51:44.114Z,-23.6052704,-46.8362040,832.137,0.016,0.020,3,120,97
1784771504175,2026-07-23T01:51:44.175Z,-23.6052704,-46.8362041,832.135,0.014,0.020,3,120,97
1784771504237,2026-07-23T01:51:44.237Z,-23.6052705,-46.8362041,832.140,0.057,0.020,3,120,97
1784771504298,2026-07-23T01:51:44.298Z,-23.6052705,-46.8362042,832.130,0.065,0.060,3,120,97
1784771504360,2026-07-23T01:51:44.360Z,-23.6052705,-46.8362041,832.131,0.040,0.070,3,120,97
1784771504421,2026-07-23T01:51:44.421Z,-23.6052705,-46.8362042,832.126,0.071,0.040,3,120,97
1784771504483,2026-07-23T01:51:44.483Z,-23.6052705,-46.8362042,832.118,0.044,0.070,3,120,97
1784771504544,2026-07-23T01:51:44.544Z,-23.6052706,-46.8362043,832.104,0.087,0.050,3,120,97
1784771504606,2026-07-23T01:51:44.606Z,-23.6052705,-46.8362042,832.109,0.019,0.090,3,120,97
1784771504667,2026-07-23T01:51:44.667Z,-23.6052706,-46.8362042,832.106,0.030,0.020,3,120,97
1784771504729,2026-07-23T01:51:44.729Z,-23.6052706,-46.8362043,832.091,0.051,0.030,3,120,97
1784771504790,2026-07-23T01:51:44.790Z,-23.6052707,-46.8362043,832.113,0.102,0.050,3,120,97
1784771504852,2026-07-23T01:51:44.852Z,-23.6052706,-46.8362044,832.117,0.073,0.100,3,120,97
1784771504913,2026-07-23T01:51:44.913Z,-23.6052706,-46.8362043,832.097,0.018,0.070,3,120,97
1784771504975,2026-07-23T01:51:44.975Z,-23.6052706,-46.8362043,832.077,0.019,0.020,3,120,98
1784771505030,2026-07-23T01:51:45.030Z,-23.6052706,-46.8362042,832.066,0.075,0.030,3,120,98
1784771505085,2026-07-23T01:51:45.085Z,-23.6052705,-46.8362043,832.097,0.030,0.080,3,120,98
1784771505140,2026-07-23T01:51:45.140Z,-23.6052705,-46.8362043,832.081,0.015,0.030,3,120,98
1784771505195,2026-07-23T01:51:45.195Z,-23.6052705,-46.8362042,832.076,0.045,0.020,3,120,98
1784771505250,2026-07-23T01:51:45.250Z,-23.6052705,-46.8362043,832.067,0.045,0.050,3,120,98
1784771505305,2026-07-23T01:51:45.305Z,-23.6052706,-46.8362042,832.045,0.060,0.050,3,120,98
1784771505360,2026-07-23T01:51:45.360Z,-23.6052706,-46.8362042,832.043,0.046,0.060,3,120,98
1784771505415,2026-07-23T01:51:45.415Z,-23.6052705,-46.8362042,832.052,0.043,0.050,3,120,98
1784771505470,2026-07-23T01:51:45.470Z,-23.6052706,-46.8362042,832.045,0.053,0.040,3,120,98
1784771505525,2026-07-23T01:51:45.525Z,-23.6052705,-46.8362041,832.033,0.060,0.050,3,120,98
1784771505580,2026-07-23T01:51:45.580Z,-23.6052705,-46.8362040,832.026,0.077,0.060,3,120,98
1784771505635,2026-07-23T01:51:45.635Z,-23.6052705,-46.8362039,832.024,0.094,0.080,3,120,98
1784771505690,2026-07-23T01:51:45.690Z,-23.6052705,-46.8362039,832.017,0.088,0.100,3,120,98
1784771505745,2026-07-23T01:51:45.745Z,-23.6052706,-46.8362038,832.005,0.070,0.090,3,120,98
1784771505800,2026-07-23T01:51:45.800Z,-23.6052706,-46.8362039,831.990,0.039,0.070,3,120,98
1784771505855,2026-07-23T01:51:45.855Z,-23.6052705,-46.8362039,831.989,0.014,0.050,3,120,98
1784771505910,2026-07-23T01:51:45.910Z,-23.6052705,-46.8362038,831.992,0.042,0.030,3,120,98
1784771505965,2026-07-23T01:51:45.965Z,-23.6052705,-46.8362038,831.993,0.014,0.050,3,120,99
1784771506017,2026-07-23T01:51:46.017Z,-23.6052704,-46.8362038,832.006,0.081,0.020,3,120,99
1784771506069,2026-07-23T01:51:46.069Z,-23.6052704,-46.8362037,831.998,0.058,0.080,3,120,99
1784771506121,2026-07-23T01:51:46.121Z,-23.6052704,-46.8362037,831.979,0.016,0.060,3,120,99
1784771506173,2026-07-23T01:51:46.173Z,-23.6052704,-46.8362037,831.964,0.055,0.030,3,120,99
1784771506225,2026-07-23T01:51:46.225Z,-23.6052704,-46.8362037,831.966,0.025,0.060,3,120,99
1784771506277,2026-07-23T01:51:46.277Z,-23.6052703,-46.8362038,831.988,0.053,0.040,3,120,99
1784771506329,2026-07-23T01:51:46.329Z,-23.6052703,-46.8362039,831.982,0.098,0.050,3,120,99
1784771506381,2026-07-23T01:51:46.381Z,-23.6052703,-46.8362039,831.982,0.027,0.100,3,120,99
1784771506433,2026-07-23T01:51:46.433Z,-23.6052703,-46.8362038,831.978,0.026,0.030,3,120,99
1784771506486,2026-07-23T01:51:46.486Z,-23.6052703,-46.8362037,831.982,0.050,0.030,3,120,99
1784771506538,2026-07-23T01:51:46.538Z,-23.6052703,-46.8362036,831.978,0.064,0.050,3,120,99
1784771506590,2026-07-23T01:51:46.590Z,-23.6052702,-46.8362036,831.976,0.068,0.060,3,120,99
1784771506642,2026-07-23T01:51:46.642Z,-23.6052702,-46.8362036,831.968,0.025,0.070,3,120,99
1784771506694,2026-07-23T01:51:46.694Z,-23.6052702,-46.8362034,831.964,0.072,0.030,3,120,99
1784771506746,2026-07-23T01:51:46.746Z,-23.6052702,-46.8362035,831.969,0.018,0.070,3,120,99
1784771506798,2026-07-23T01:51:46.798Z,-23.6052701,-46.8362035,831.972,0.030,0.020,3,120,99
1784771506850,2026-07-23T01:51:46.850Z,-23.6052701,-46.8362034,831.972,0.035,0.030,3,120,99
1784771506902,2026-07-23T01:51:46.902Z,-23.6052701,-46.8362033,831.965,0.048,0.030,3,120,99
1784771506955,2026-07-23T01:51:46.955Z,-23.6052701,-46.8362033,831.968,0.056,0.050,3,120,100
1784771507016,2026-07-23T01:51:47.016Z,-23.6052701,-46.8362033,831.964,0.053,0.060,3,120,100
1784771507077,2026-07-23T01:51:47.077Z,-23.6052701,-46.8362033,831.962,0.034,0.050,3,120,100
1784771507139,2026-07-23T01:51:47.139Z,-23.6052701,-46.8362032,831.962,0.050,0.030,3,120,100
1784771507200,2026-07-23T01:51:47.200Z,-23.6052700,-46.8362032,831.967,0.039,0.050,3,120,100
1784771507262,2026-07-23T01:51:47.262Z,-23.6052699,-46.8362032,831.971,0.049,0.040,3,120,100
1784771507323,2026-07-23T01:51:47.323Z,-23.6052700,-46.8362032,831.964,0.034,0.050,3,120,100
1784771507385,2026-07-23T01:51:47.385Z,-23.6052699,-46.8362032,831.970,0.048,0.040,3,120,100
1784771507446,2026-07-23T01:51:47.446Z,-23.6052699,-46.8362033,831.981,0.056,0.050,3,120,100
1784771507508,2026-07-23T01:51:47.508Z,-23.6052698,-46.8362033,831.973,0.031,0.060,3,120,100
1784771507569,2026-07-23T01:51:47.569Z,-23.6052698,-46.8362031,831.971,0.077,0.030,3,120,100
1784771507631,2026-07-23T01:51:47.631Z,-23.6052698,-46.8362031,831.977,0.092,0.080,3,120,100
1784771507692,2026-07-23T01:51:47.692Z,-23.6052698,-46.8362030,831.972,0.085,0.090,3,120,100
1784771507754,2026-07-23T01:51:47.754Z,-23.6052698,-46.8362029,831.959,0.065,0.080,3,120,100
1784771507815,2026-07-23T01:51:47.815Z,-23.6052698,-46.8362030,831.967,0.042,0.070,3,120,100
1784771507877,2026-07-23T01:51:47.877Z,-23.6052697,-46.8362028,831.949,0.076,0.040,3,120,100
1784771507938,2026-07-23T01:51:47.938Z,-23.6052697,-46.8362028,831.939,0.070,0.080,3,120,100
1784771508000,2026-07-23T01:51:48.000Z,-23.6052696,-46.8362028,831.930,0.044,0.070,3,120,101
1784771508061,2026-07-23T01:51:48.061Z,-23.6052697,-46.8362028,831.948,0.059,0.050,3,120,101
1784771508123,2026-07-23T01:51:48.123Z,-23.6052696,-46.8362027,831.947,0.041,0.060,3,120,101
1784771508185,2026-07-23T01:51:48.185Z,-23.6052696,-46.8362026,831.938,0.059,0.040,3,120,101
1784771508247,2026-07-23T01:51:48.247Z,-23.6052695,-46.8362025,831.934,0.056,0.060,3,120,101
1784771508309,2026-07-23T01:51:48.309Z,-23.6052695,-46.8362025,831.927,0.020,0.060,3,120,101
1784771508371,2026-07-23T01:51:48.371Z,-23.6052695,-46.8362024,831.934,0.074,0.020,3,120,101
1784771508433,2026-07-23T01:51:48.433Z,-23.6052695,-46.8362022,831.926,0.108,0.070,3,120,101
1784771508495,2026-07-23T01:51:48.495Z,-23.6052695,-46.8362022,831.931,0.062,0.110,3,120,101
1784771508556,2026-07-23T01:51:48.556Z,-23.6052696,-46.8362021,831.911,0.102,0.060,3,120,101
1784771508618,2026-07-23T01:51:48.618Z,-23.6052695,-46.8362020,831.906,0.023,0.100,3,120,101
1784771508680,2026-07-23T01:51:48.680Z,-23.6052695,-46.8362019,831.898,0.063,0.020,3,120,101
1784771508742,2026-07-23T01:51:48.742Z,-23.6052695,-46.8362018,831.899,0.115,0.070,3,120,101
1784771508804,2026-07-23T01:51:48.804Z,-23.6052695,-46.8362018,831.901,0.036,0.120,3,120,101
1784771508866,2026-07-23T01:51:48.866Z,-23.6052695,-46.8362019,831.905,0.093,0.040,3,120,101
1784771508928,2026-07-23T01:51:48.928Z,-23.6052695,-46.8362019,831.902,0.051,0.090,3,120,101
1784771508990,2026-07-23T01:51:48.990Z,-23.6052695,-46.8362019,831.894,0.061,0.050,3,120,102
1784771509045,2026-07-23T01:51:49.045Z,-23.6052695,-46.8362019,831.894,0.058,0.060,3,120,102
1784771509100,2026-07-23T01:51:49.100Z,-23.6052696,-46.8362018,831.875,0.089,0.060,3,120,102
1784771509155,2026-07-23T01:51:49.155Z,-23.6052696,-46.8362018,831.874,0.074,0.090,3,120,102
1784771509210,2026-07-23T01:51:49.210Z,-23.6052696,-46.8362018,831.872,0.053,0.080,3,120,102
1784771509265,2026-07-23T01:51:49.265Z,-23.6052696,-46.8362018,831.875,0.069,0.060,3,120,102
1784771509320,2026-07-23T01:51:49.320Z,-23.6052696,-46.8362018,831.881,0.092,0.070,3,120,102
1784771509375,2026-07-23T01:51:49.375Z,-23.6052697,-46.8362018,831.893,0.103,0.090,3,120,102
1784771509430,2026-07-23T01:51:49.430Z,-23.6052697,-46.8362018,831.887,0.076,0.100,3,120,102
1784771509485,2026-07-23T01:51:49.485Z,-23.6052697,-46.8362017,831.856,0.053,0.080,3,120,102
1784771509540,2026-07-23T01:51:49.540Z,-23.6052698,-46.8362017,831.855,0.123,0.070,3,120,102
1784771509595,2026-07-23T01:51:49.595Z,-23.6052697,-46.8362018,831.876,0.083,0.130,3,120,102
1784771509650,2026-07-23T01:51:49.650Z,-23.6052697,-46.8362018,831.883,0.006,0.090,3,120,102
1784771509705,2026-07-23T01:51:49.705Z,-23.6052696,-46.8362018,831.885,0.032,0.020,3,120,102
1784771509760,2026-07-23T01:51:49.760Z,-23.6052695,-46.8362018,831.888,0.058,0.040,3,120,102
1784771509815,2026-07-23T01:51:49.815Z,-23.6052695,-46.8362017,831.887,0.039,0.060,3,120,102
1784771509870,2026-07-23T01:51:49.870Z,-23.6052695,-46.8362017,831.890,0.039,0.040,3,120,102
1784771509925,2026-07-23T01:51:49.925Z,-23.6052695,-46.8362017,831.890,0.019,0.040,3,120,102
1784771509980,2026-07-23T01:51:49.980Z,-23.6052695,-46.8362017,831.891,0.051,0.030,3,120,103
1784771510035,2026-07-23T01:51:50.035Z,-23.6052696,-46.8362017,831.880,0.052,0.050,3,120,103
1784771510090,2026-07-23T01:51:50.090Z,-23.6052696,-46.8362017,831.900,0.047,0.060,3,120,103
1784771510145,2026-07-23T01:51:50.145Z,-23.6052696,-46.8362016,831.893,0.040,0.050,3,120,103
1784771510200,2026-07-23T01:51:50.200Z,-23.6052696,-46.8362015,831.872,0.038,0.040,3,120,103
1784771510255,2026-07-23T01:51:50.255Z,-23.6052696,-46.8362016,831.883,0.039,0.050,3,120,103
1784771510310,2026-07-23T01:51:50.310Z,-23.6052696,-46.8362016,831.879,0.019,0.040,3,120,103
1784771510365,2026-07-23T01:51:50.365Z,-23.6052696,-46.8362015,831.882,0.015,0.030,3,120,103
1784771510420,2026-07-23T01:51:50.420Z,-23.6052696,-46.8362015,831.871,0.011,0.020,3,120,103
1784771510475,2026-07-23T01:51:50.475Z,-23.6052696,-46.8362015,831.871,0.049,0.030,3,120,103
1784771510530,2026-07-23T01:51:50.530Z,-23.6052696,-46.8362016,831.853,0.116,0.060,3,120,103
1784771510585,2026-07-23T01:51:50.585Z,-23.6052696,-46.8362016,831.847,0.079,0.120,3,120,103
1784771510640,2026-07-23T01:51:50.640Z,-23.6052696,-46.8362015,831.851,0.056,0.090,3,120,103
1784771510695,2026-07-23T01:51:50.695Z,-23.6052696,-46.8362015,831.862,0.005,0.070,3,120,103
1784771510750,2026-07-23T01:51:50.750Z,-23.6052696,-46.8362014,831.859,0.058,0.030,3,120,103
1784771510805,2026-07-23T01:51:50.805Z,-23.6052696,-46.8362014,831.854,0.022,0.070,3,120,103
1784771510860,2026-07-23T01:51:50.860Z,-23.6052696,-46.8362013,831.836,0.015,0.040,3,120,103
1784771510915,2026-07-23T01:51:50.915Z,-23.6052696,-46.8362013,831.843,0.026,0.040,3,120,103
1784771510970,2026-07-23T01:51:50.970Z,-23.6052696,-46.8362013,831.853,0.004,0.040,3,120,104
1784771511025,2026-07-23T01:51:51.025Z,-23.6052696,-46.8362013,831.846,0.036,0.020,3,120,104
1784771511080,2026-07-23T01:51:51.080Z,-23.6052696,-46.8362013,831.858,0.032,0.050,3,120,104
1784771511135,2026-07-23T01:51:51.135Z,-23.6052696,-46.8362013,831.845,0.066,0.040,3,120,104
1784771511190,2026-07-23T01:51:51.190Z,-23.6052696,-46.8362013,831.839,0.038,0.070,3,120,104
1784771511245,2026-07-23T01:51:51.245Z,-23.6052696,-46.8362012,831.831,0.023,0.050,3,120,104
1784771511300,2026-07-23T01:51:51.300Z,-23.6052696,-46.8362012,831.844,0.046,0.040,3,120,104
1784771511355,2026-07-23T01:51:51.355Z,-23.6052696,-46.8362012,831.861,0.003,0.050,3,120,104
1784771511410,2026-07-23T01:51:51.410Z,-23.6052696,-46.8362011,831.860,0.044,0.010,3,120,104
1784771511465,2026-07-23T01:51:51.465Z,-23.6052696,-46.8362011,831.841,0.033,0.050,3,120,104
1784771511520,2026-07-23T01:51:51.520Z,-23.6052696,-46.8362010,831.833,0.033,0.040,3,120,104
1784771511575,2026-07-23T01:51:51.575Z,-23.6052697,-46.8362011,831.848,0.074,0.040,3,120,104
1784771511630,2026-07-23T01:51:51.630Z,-23.6052697,-46.8362011,831.845,0.088,0.070,3,120,104
1784771511685,2026-07-23T01:51:51.685Z,-23.6052697,-46.8362011,831.835,0.064,0.090,3,120,104
1784771511740,2026-07-23T01:51:51.740Z,-23.6052697,-46.8362011,831.838,0.019,0.070,3,120,104
1784771511795,2026-07-23T01:51:51.795Z,-23.6052697,-46.8362011,831.837,0.043,0.020,3,120,104
1784771511850,2026-07-23T01:51:51.850Z,-23.6052696,-46.8362010,831.847,0.080,0.050,3,120,104
1784771511905,2026-07-23T01:51:51.905Z,-23.6052697,-46.8362010,831.825,0.023,0.080,3,120,104
1784771511960,2026-07-23T01:51:51.960Z,-23.6052698,-46.8362009,831.828,0.065,0.030,3,120,104
1784771512015,2026-07-23T01:51:52.015Z,-23.6052698,-46.8362009,831.832,0.023,0.070,3,120,105
1784771512073,2026-07-23T01:51:52.073Z,-23.6052697,-46.8362009,831.830,0.029,0.030,3,120,105
1784771512131,2026-07-23T01:51:52.131Z,-23.6052698,-46.8362010,831.828,0.024,0.030,3,120,105
1784771512190,2026-07-23T01:51:52.190Z,-23.6052698,-46.8362010,831.826,0.021,0.030,3,120,105
1784771512248,2026-07-23T01:51:52.248Z,-23.6052698,-46.8362009,831.832,0.039,0.020,3,120,105
1784771512307,2026-07-23T01:51:52.307Z,-23.6052698,-46.8362009,831.829,0.021,0.040,3,120,105
1784771512365,2026-07-23T01:51:52.365Z,-23.6052699,-46.8362009,831.807,0.015,0.020,3,120,105
1784771512424,2026-07-23T01:51:52.424Z,-23.6052699,-46.8362009,831.817,0.045,0.020,3,120,105
1784771512482,2026-07-23T01:51:52.482Z,-23.6052700,-46.8362008,831.807,0.041,0.050,3,120,105
1784771512540,2026-07-23T01:51:52.540Z,-23.6052700,-46.8362010,831.811,0.050,0.040,3,120,105
1784771512599,2026-07-23T01:51:52.599Z,-23.6052700,-46.8362010,831.817,0.029,0.050,3,120,105
1784771512657,2026-07-23T01:51:52.657Z,-23.6052700,-46.8362009,831.817,0.033,0.030,3,120,105
1784771512716,2026-07-23T01:51:52.716Z,-23.6052700,-46.8362010,831.818,0.014,0.030,3,120,105
1784771512774,2026-07-23T01:51:52.774Z,-23.6052700,-46.8362010,831.820,0.011,0.020,3,120,105
1784771512833,2026-07-23T01:51:52.833Z,-23.6052700,-46.8362009,831.815,0.019,0.010,3,120,105
1784771512891,2026-07-23T01:51:52.891Z,-23.6052700,-46.8362009,831.795,0.017,0.020,3,120,105
1784771512950,2026-07-23T01:51:52.950Z,-23.6052701,-46.8362009,831.806,0.006,0.020,3,120,106
1784771513002,2026-07-23T01:51:53.002Z,-23.6052701,-46.8362010,831.797,0.048,0.010,3,120,106
1784771513055,2026-07-23T01:51:53.055Z,-23.6052702,-46.8362010,831.789,0.045,0.050,3,120,106
1784771513107,2026-07-23T01:51:53.107Z,-23.6052701,-46.8362010,831.795,0.013,0.050,3,120,106
1784771513160,2026-07-23T01:51:53.160Z,-23.6052701,-46.8362010,831.795,0.045,0.010,3,120,106
1784771513212,2026-07-23T01:51:53.212Z,-23.6052702,-46.8362010,831.802,0.020,0.040,3,120,106
1784771513265,2026-07-23T01:51:53.265Z,-23.6052702,-46.8362010,831.797,0.024,0.020,3,120,106
1784771513317,2026-07-23T01:51:53.317Z,-23.6052703,-46.8362011,831.792,0.036,0.020,3,120,106
1784771513370,2026-07-23T01:51:53.370Z,-23.6052703,-46.8362011,831.787,0.047,0.040,3,120,106
1784771513422,2026-07-23T01:51:53.422Z,-23.6052703,-46.8362012,831.791,0.057,0.050,3,120,106
1784771513475,2026-07-23T01:51:53.475Z,-23.6052704,-46.8362011,831.775,0.038,0.060,3,120,106
1784771513527,2026-07-23T01:51:53.527Z,-23.6052705,-46.8362010,831.781,0.086,0.040,3,120,106
1784771513580,2026-07-23T01:51:53.580Z,-23.6052705,-46.8362010,831.774,0.072,0.090,3,120,106
1784771513632,2026-07-23T01:51:53.632Z,-23.6052705,-46.8362010,831.781,0.014,0.070,3,120,106
1784771513685,2026-07-23T01:51:53.685Z,-23.6052706,-46.8362011,831.761,0.080,0.020,3,120,106
1784771513737,2026-07-23T01:51:53.737Z,-23.6052706,-46.8362011,831.771,0.053,0.080,3,120,106
1784771513790,2026-07-23T01:51:53.790Z,-23.6052706,-46.8362011,831.772,0.020,0.050,3,120,106
1784771513842,2026-07-23T01:51:53.842Z,-23.6052706,-46.8362011,831.768,0.017,0.030,3,120,106
1784771513895,2026-07-23T01:51:53.895Z,-23.6052706,-46.8362010,831.740,0.035,0.030,3,120,106
1784771513947,2026-07-23T01:51:53.947Z,-23.6052707,-46.8362010,831.733,0.045,0.030,3,120,106
1784771514000,2026-07-23T01:51:54.000Z,-23.6052707,-46.8362010,831.721,0.019,0.040,3,120,107
1784771514057,2026-07-23T01:51:54.057Z,-23.6052707,-46.8362010,831.723,0.029,0.020,3,120,107
1784771514115,2026-07-23T01:51:54.115Z,-23.6052708,-46.8362010,831.729,0.043,0.030,3,120,107
1784771514173,2026-07-23T01:51:54.173Z,-23.6052708,-46.8362010,831.722,0.039,0.040,3,120,107
1784771514231,2026-07-23T01:51:54.231Z,-23.6052709,-46.8362009,831.714,0.034,0.040,3,120,107
1784771514289,2026-07-23T01:51:54.289Z,-23.6052708,-46.8362009,831.714,0.004,0.030,3,120,107
1784771514347,2026-07-23T01:51:54.347Z,-23.6052709,-46.8362008,831.703,0.056,0.010,3,120,107
1784771514405,2026-07-23T01:51:54.405Z,-23.6052709,-46.8362008,831.696,0.053,0.060,3,120,107
1784771514463,2026-07-23T01:51:54.463Z,-23.6052708,-46.8362008,831.693,0.057,0.050,3,120,107
1784771514521,2026-07-23T01:51:54.521Z,-23.6052708,-46.8362008,831.692,0.067,0.060,3,120,107
1784771514579,2026-07-23T01:51:54.579Z,-23.6052709,-46.8362008,831.688,0.018,0.070,3,120,107
1784771514637,2026-07-23T01:51:54.637Z,-23.6052709,-46.8362008,831.684,0.014,0.020,3,120,107
1784771514695,2026-07-23T01:51:54.695Z,-23.6052709,-46.8362007,831.672,0.064,0.010,3,120,107
1784771514753,2026-07-23T01:51:54.753Z,-23.6052710,-46.8362007,831.665,0.020,0.060,3,120,107
1784771514811,2026-07-23T01:51:54.811Z,-23.6052710,-46.8362007,831.665,0.047,0.020,3,120,107
1784771514869,2026-07-23T01:51:54.869Z,-23.6052709,-46.8362008,831.674,0.103,0.050,3,120,107
1784771514927,2026-07-23T01:51:54.927Z,-23.6052710,-46.8362008,831.667,0.009,0.100,3,120,107
1784771514985,2026-07-23T01:51:54.985Z,-23.6052710,-46.8362007,831.647,0.013,0.010,3,120,108
1784771515055,2026-07-23T01:51:55.055Z,-23.6052711,-46.8362007,831.639,0.006,0.020,3,120,108
1784771515126,2026-07-23T01:51:55.126Z,-23.6052711,-46.8362007,831.654,0.031,0.020,3,120,108
1784771515197,2026-07-23T01:51:55.197Z,-23.6052711,-46.8362006,831.651,0.048,0.030,3,120,108
1784771515267,2026-07-23T01:51:55.267Z,-23.6052712,-46.8362006,831.657,0.123,0.050,3,120,108
1784771515338,2026-07-23T01:51:55.338Z,-23.6052712,-46.8362005,831.639,0.047,0.120,3,120,108
1784771515409,2026-07-23T01:51:55.409Z,-23.6052712,-46.8362005,831.621,0.020,0.050,3,120,108
1784771515480,2026-07-23T01:51:55.480Z,-23.6052712,-46.8362005,831.606,0.063,0.020,3,120,108
1784771515550,2026-07-23T01:51:55.550Z,-23.6052712,-46.8362005,831.598,0.044,0.060,3,120,108
1784771515621,2026-07-23T01:51:55.621Z,-23.6052712,-46.8362005,831.596,0.049,0.040,3,120,108
1784771515692,2026-07-23T01:51:55.692Z,-23.6052711,-46.8362004,831.580,0.061,0.050,3,120,108
1784771515762,2026-07-23T01:51:55.762Z,-23.6052712,-46.8362002,831.575,0.063,0.060,3,120,108
1784771515833,2026-07-23T01:51:55.833Z,-23.6052713,-46.8362002,831.576,0.044,0.060,3,120,108
1784771515904,2026-07-23T01:51:55.904Z,-23.6052713,-46.8362002,831.568,0.062,0.040,3,120,108
1784771515975,2026-07-23T01:51:55.975Z,-23.6052713,-46.8362002,831.558,0.021,0.060,3,120,109
1784771516024,2026-07-23T01:51:56.024Z,-23.6052714,-46.8362001,831.532,0.027,0.020,3,120,109
1784771516074,2026-07-23T01:51:56.074Z,-23.6052714,-46.8362000,831.537,0.056,0.030,3,120,109
1784771516123,2026-07-23T01:51:56.123Z,-23.6052715,-46.8361999,831.537,0.129,0.060,3,120,109
1784771516173,2026-07-23T01:51:56.173Z,-23.6052716,-46.8361997,831.526,0.170,0.130,3,120,109
1784771516222,2026-07-23T01:51:56.222Z,-23.6052717,-46.8361997,831.514,0.121,0.170,3,120,109
1784771516272,2026-07-23T01:51:56.272Z,-23.6052718,-46.8361997,831.505,0.119,0.120,3,120,109
1784771516321,2026-07-23T01:51:56.321Z,-23.6052718,-46.8361997,831.503,0.051,0.120,3,120,109
1784771516371,2026-07-23T01:51:56.371Z,-23.6052717,-46.8361998,831.506,0.024,0.050,3,120,109
1784771516420,2026-07-23T01:51:56.420Z,-23.6052718,-46.8361997,831.506,0.028,0.030,3,120,109
1784771516470,2026-07-23T01:51:56.470Z,-23.6052717,-46.8361997,831.504,0.059,0.030,3,120,109
1784771516519,2026-07-23T01:51:56.519Z,-23.6052718,-46.8361996,831.478,0.059,0.060,3,120,109
1784771516569,2026-07-23T01:51:56.569Z,-23.6052719,-46.8361998,831.483,0.090,0.060,3,120,109
1784771516618,2026-07-23T01:51:56.618Z,-23.6052719,-46.8361998,831.494,0.063,0.090,3,120,109
1784771516668,2026-07-23T01:51:56.668Z,-23.6052719,-46.8361998,831.477,0.057,0.060,3,120,109
1784771516717,2026-07-23T01:51:56.717Z,-23.6052719,-46.8361998,831.478,0.034,0.060,3,120,109
1784771516767,2026-07-23T01:51:56.767Z,-23.6052720,-46.8361998,831.477,0.059,0.040,3,120,109
1784771516816,2026-07-23T01:51:56.816Z,-23.6052720,-46.8361998,831.496,0.025,0.060,3,120,109
1784771516866,2026-07-23T01:51:56.866Z,-23.6052720,-46.8361998,831.496,0.010,0.030,3,120,109
1784771516915,2026-07-23T01:51:56.915Z,-23.6052720,-46.8361998,831.491,0.028,0.010,3,120,109
1784771516965,2026-07-23T01:51:56.965Z,-23.6052720,-46.8361996,831.477,0.085,0.030,3,120,110
1784771517023,2026-07-23T01:51:57.023Z,-23.6052720,-46.8361997,831.475,0.024,0.090,3,120,110
1784771517081,2026-07-23T01:51:57.081Z,-23.6052721,-46.8361997,831.472,0.035,0.030,3,120,110
1784771517139,2026-07-23T01:51:57.139Z,-23.6052720,-46.8361997,831.483,0.049,0.040,3,120,110
1784771517197,2026-07-23T01:51:57.197Z,-23.6052721,-46.8361997,831.501,0.033,0.050,3,120,110
1784771517255,2026-07-23T01:51:57.255Z,-23.6052721,-46.8361997,831.501,0.020,0.030,3,120,110
1784771517313,2026-07-23T01:51:57.313Z,-23.6052721,-46.8361996,831.492,0.053,0.020,3,120,110
1784771517371,2026-07-23T01:51:57.371Z,-23.6052722,-46.8361995,831.473,0.064,0.050,3,120,110
1784771517429,2026-07-23T01:51:57.429Z,-23.6052722,-46.8361995,831.473,0.047,0.070,3,120,110
1784771517487,2026-07-23T01:51:57.487Z,-23.6052723,-46.8361995,831.485,0.064,0.050,3,120,110
1784771517545,2026-07-23T01:51:57.545Z,-23.6052723,-46.8361994,831.491,0.065,0.070,3,120,110
1784771517603,2026-07-23T01:51:57.603Z,-23.6052723,-46.8361995,831.491,0.019,0.070,3,120,110
1784771517661,2026-07-23T01:51:57.661Z,-23.6052723,-46.8361994,831.493,0.023,0.020,3,120,110
1784771517719,2026-07-23T01:51:57.719Z,-23.6052724,-46.8361994,831.495,0.031,0.030,3,120,110
1784771517777,2026-07-23T01:51:57.777Z,-23.6052724,-46.8361994,831.495,0.035,0.030,3,120,110
1784771517835,2026-07-23T01:51:57.835Z,-23.6052724,-46.8361993,831.485,0.092,0.040,3,120,110
1784771517893,2026-07-23T01:51:57.893Z,-23.6052724,-46.8361993,831.487,0.045,0.090,3,120,110
1784771517951,2026-07-23T01:51:57.951Z,-23.6052724,-46.8361994,831.483,0.058,0.050,3,120,110
1784771518010,2026-07-23T01:51:58.010Z,-23.6052724,-46.8361994,831.498,0.036,0.060,3,120,111
1784771518065,2026-07-23T01:51:58.065Z,-23.6052725,-46.8361994,831.512,0.049,0.040,3,120,111
1784771518120,2026-07-23T01:51:58.120Z,-23.6052725,-46.8361993,831.501,0.028,0.050,3,120,111
1784771518175,2026-07-23T01:51:58.175Z,-23.6052725,-46.8361992,831.491,0.071,0.030,3,120,111
1784771518230,2026-07-23T01:51:58.230Z,-23.6052724,-46.8361993,831.505,0.086,0.070,3,120,111
1784771518285,2026-07-23T01:51:58.285Z,-23.6052724,-46.8361992,831.494,0.039,0.090,3,120,111
1784771518340,2026-07-23T01:51:58.340Z,-23.6052725,-46.8361993,831.492,0.022,0.050,3,120,111
1784771518395,2026-07-23T01:51:58.395Z,-23.6052724,-46.8361994,831.511,0.079,0.040,3,120,111
1784771518450,2026-07-23T01:51:58.450Z,-23.6052724,-46.8361993,831.517,0.017,0.080,3,120,111
1784771518505,2026-07-23T01:51:58.505Z,-23.6052724,-46.8361993,831.518,0.028,0.020,3,120,111
1784771518560,2026-07-23T01:51:58.560Z,-23.6052724,-46.8361994,831.540,0.068,0.030,3,120,111
1784771518615,2026-07-23T01:51:58.615Z,-23.6052724,-46.8361992,831.529,0.075,0.070,3,120,111
1784771518670,2026-07-23T01:51:58.670Z,-23.6052724,-46.8361992,831.507,0.042,0.080,3,120,111
1784771518725,2026-07-23T01:51:58.725Z,-23.6052725,-46.8361991,831.518,0.118,0.050,3,120,111
1784771518780,2026-07-23T01:51:58.780Z,-23.6052724,-46.8361992,831.525,0.036,0.120,3,120,111
1784771518835,2026-07-23T01:51:58.835Z,-23.6052723,-46.8361992,831.547,0.058,0.040,3,120,111
1784771518890,2026-07-23T01:51:58.890Z,-23.6052723,-46.8361992,831.543,0.011,0.060,3,120,111
1784771518945,2026-07-23T01:51:58.945Z,-23.6052723,-46.8361993,831.548,0.068,0.010,3,120,112
1784771519003,2026-07-23T01:51:59.003Z,-23.6052723,-46.8361992,831.532,0.031,0.070,3,120,112
1784771519061,2026-07-23T01:51:59.061Z,-23.6052723,-46.8361992,831.534,0.040,0.030,3,120,112
1784771519119,2026-07-23T01:51:59.119Z,-23.6052723,-46.8361991,831.531,0.045,0.040,3,120,112
1784771519177,2026-07-23T01:51:59.177Z,-23.6052723,-46.8361991,831.538,0.041,0.050,3,120,112
1784771519235,2026-07-23T01:51:59.235Z,-23.6052723,-46.8361991,831.527,0.076,0.040,3,120,112
1784771519293,2026-07-23T01:51:59.293Z,-23.6052724,-46.8361991,831.512,0.109,0.080,3,120,112
1784771519351,2026-07-23T01:51:59.351Z,-23.6052723,-46.8361993,831.547,0.037,0.110,3,120,112
1784771519409,2026-07-23T01:51:59.409Z,-23.6052722,-46.8361993,831.565,0.043,0.040,3,120,112
1784771519467,2026-07-23T01:51:59.467Z,-23.6052723,-46.8361993,831.568,0.056,0.050,3,120,112
1784771519525,2026-07-23T01:51:59.525Z,-23.6052724,-46.8361992,831.547,0.094,0.060,3,120,112
1784771519583,2026-07-23T01:51:59.583Z,-23.6052724,-46.8361993,831.549,0.111,0.090,3,120,112
1784771519641,2026-07-23T01:51:59.641Z,-23.6052724,-46.8361993,831.551,0.038,0.110,3,120,112
1784771519699,2026-07-23T01:51:59.699Z,-23.6052723,-46.8361994,831.542,0.129,0.040,3,120,112
1784771519757,2026-07-23T01:51:59.757Z,-23.6052723,-46.8361996,831.551,0.182,0.130,3,120,112
1784771519815,2026-07-23T01:51:59.815Z,-23.6052722,-46.8361997,831.549,0.201,0.180,3,120,112
1784771519873,2026-07-23T01:51:59.873Z,-23.6052721,-46.8361997,831.556,0.181,0.200,3,120,112
1784771519931,2026-07-23T01:51:59.931Z,-23.6052721,-46.8361998,831.556,0.159,0.180,3,120,112
1784771519990,2026-07-23T01:51:59.990Z,-23.6052722,-46.8361998,831.553,0.084,0.160,3,126,113
1784771520045,2026-07-23T01:52:00.045Z,-23.6052722,-46.8361996,831.550,0.072,0.080,3,126,113
1784771520100,2026-07-23T01:52:00.100Z,-23.6052722,-46.8361995,831.536,0.055,0.070,3,126,113
1784771520155,2026-07-23T01:52:00.155Z,-23.6052722,-46.8361996,831.526,0.032,0.060,3,126,113
1784771520210,2026-07-23T01:52:00.210Z,-23.6052723,-46.8361996,831.531,0.078,0.030,3,126,113
1784771520265,2026-07-23T01:52:00.265Z,-23.6052723,-46.8361996,831.547,0.043,0.080,3,126,113
1784771520320,2026-07-23T01:52:00.320Z,-23.6052722,-46.8361996,831.527,0.032,0.040,3,126,113
1784771520375,2026-07-23T01:52:00.375Z,-23.6052721,-46.8361995,831.528,0.096,0.030,3,126,113
1784771520430,2026-07-23T01:52:00.430Z,-23.6052722,-46.8361996,831.549,0.034,0.100,3,126,113
1784771520485,2026-07-23T01:52:00.485Z,-23.6052722,-46.8361996,831.544,0.070,0.040,3,126,113
1784771520540,2026-07-23T01:52:00.540Z,-23.6052722,-46.8361998,831.553,0.111,0.070,3,126,113
1784771520595,2026-07-23T01:52:00.595Z,-23.6052722,-46.8361998,831.559,0.115,0.110,3,126,113
1784771520650,2026-07-23T01:52:00.650Z,-23.6052723,-46.8361997,831.539,0.073,0.120,3,126,113
1784771520705,2026-07-23T01:52:00.705Z,-23.6052723,-46.8361997,831.530,0.086,0.070,3,126,113
1784771520760,2026-07-23T01:52:00.760Z,-23.6052723,-46.8361997,831.527,0.052,0.090,3,126,113
1784771520815,2026-07-23T01:52:00.815Z,-23.6052723,-46.8361997,831.525,0.071,0.050,3,126,113
1784771520870,2026-07-23T01:52:00.870Z,-23.6052724,-46.8361998,831.517,0.103,0.070,3,126,113
1784771520925,2026-07-23T01:52:00.925Z,-23.6052724,-46.8361998,831.516,0.081,0.100,3,126,113
1784771520980,2026-07-23T01:52:00.980Z,-23.6052723,-46.8361997,831.511,0.040,0.080,3,126,114
1784771521032,2026-07-23T01:52:01.032Z,-23.6052724,-46.8361997,831.504,0.013,0.040,3,126,114
1784771521084,2026-07-23T01:52:01.084Z,-23.6052724,-46.8361997,831.515,0.014,0.010,3,126,114
1784771521136,2026-07-23T01:52:01.136Z,-23.6052724,-46.8361996,831.511,0.051,0.020,3,126,114
1784771521188,2026-07-23T01:52:01.188Z,-23.6052724,-46.8361997,831.490,0.052,0.050,3,126,114
1784771521240,2026-07-23T01:52:01.240Z,-23.6052725,-46.8361997,831.476,0.092,0.050,3,126,114
1784771521292,2026-07-23T01:52:01.292Z,-23.6052726,-46.8361996,831.458,0.081,0.090,3,126,114
1784771521344,2026-07-23T01:52:01.344Z,-23.6052726,-46.8361996,831.465,0.024,0.080,3,126,114
1784771521396,2026-07-23T01:52:01.396Z,-23.6052726,-46.8361997,831.467,0.050,0.020,3,126,114
1784771521448,2026-07-23T01:52:01.448Z,-23.6052726,-46.8361995,831.447,0.073,0.050,3,126,114
1784771521501,2026-07-23T01:52:01.501Z,-23.6052727,-46.8361995,831.440,0.056,0.070,3,126,114
1784771521553,2026-07-23T01:52:01.553Z,-23.6052727,-46.8361995,831.439,0.027,0.060,3,126,114
1784771521605,2026-07-23T01:52:01.605Z,-23.6052729,-46.8361996,831.437,0.163,0.030,3,126,114
1784771521657,2026-07-23T01:52:01.657Z,-23.6052730,-46.8361996,831.438,0.138,0.160,3,126,114
1784771521709,2026-07-23T01:52:01.709Z,-23.6052731,-46.8361995,831.428,0.172,0.140,3,126,114
1784771521761,2026-07-23T01:52:01.761Z,-23.6052732,-46.8361994,831.433,0.168,0.170,3,126,114
1784771521813,2026-07-23T01:52:01.813Z,-23.6052732,-46.8361994,831.431,0.093,0.170,3,126,114
1784771521865,2026-07-23T01:52:01.865Z,-23.6052732,-46.8361994,831.438,0.091,0.090,3,126,114
1784771521917,2026-07-23T01:52:01.917Z,-23.6052732,-46.8361993,831.433,0.053,0.090,3,126,114
1784771521970,2026-07-23T01:52:01.970Z,-23.6052732,-46.8361993,831.429,0.059,0.050,3,120,115
1784771522028,2026-07-23T01:52:02.028Z,-23.6052732,-46.8361992,831.430,0.070,0.060,3,120,115
1784771522086,2026-07-23T01:52:02.086Z,-23.6052732,-46.8361991,831.427,0.090,0.070,3,120,115
1784771522144,2026-07-23T01:52:02.144Z,-23.6052732,-46.8361991,831.427,0.079,0.090,3,120,115
1784771522202,2026-07-23T01:52:02.202Z,-23.6052731,-46.8361991,831.428,0.045,0.080,3,120,115
1784771522260,2026-07-23T01:52:02.260Z,-23.6052732,-46.8361992,831.430,0.026,0.050,3,120,115
1784771522318,2026-07-23T01:52:02.318Z,-23.6052731,-46.8361991,831.428,0.027,0.030,3,120,115
1784771522376,2026-07-23T01:52:02.376Z,-23.6052731,-46.8361990,831.420,0.048,0.030,3,120,115
1784771522434,2026-07-23T01:52:02.434Z,-23.6052732,-46.8361991,831.443,0.066,0.050,3,120,115
1784771522492,2026-07-23T01:52:02.492Z,-23.6052732,-46.8361992,831.452,0.082,0.070,3,120,115
1784771522550,2026-07-23T01:52:02.550Z,-23.6052731,-46.8361992,831.441,0.038,0.080,3,120,115
1784771522608,2026-07-23T01:52:02.608Z,-23.6052730,-46.8361992,831.440,0.056,0.040,3,120,115
1784771522666,2026-07-23T01:52:02.666Z,-23.6052730,-46.8361993,831.452,0.063,0.060,3,120,115
1784771522724,2026-07-23T01:52:02.724Z,-23.6052729,-46.8361993,831.443,0.054,0.060,3,120,115
1784771522782,2026-07-23T01:52:02.782Z,-23.6052729,-46.8361992,831.442,0.042,0.060,3,120,115
1784771522840,2026-07-23T01:52:02.840Z,-23.6052730,-46.8361992,831.440,0.017,0.040,3,120,115
1784771522898,2026-07-23T01:52:02.898Z,-23.6052730,-46.8361992,831.461,0.061,0.030,3,120,115
1784771522956,2026-07-23T01:52:02.956Z,-23.6052730,-46.8361991,831.464,0.066,0.060,3,120,115
1784771523015,2026-07-23T01:52:03.015Z,-23.6052730,-46.8361992,831.466,0.034,0.070,3,120,116
1784771523067,2026-07-23T01:52:03.067Z,-23.6052729,-46.8361992,831.471,0.017,0.030,3,120,116
1784771523119,2026-07-23T01:52:03.119Z,-23.6052728,-46.8361991,831.456,0.049,0.020,3,120,116
1784771523171,2026-07-23T01:52:03.171Z,-23.6052729,-46.8361991,831.458,0.006,0.050,3,120,116
1784771523223,2026-07-23T01:52:03.223Z,-23.6052729,-46.8361992,831.472,0.049,0.010,3,120,116
1784771523275,2026-07-23T01:52:03.275Z,-23.6052728,-46.8361992,831.481,0.004,0.050,3,120,116
1784771523327,2026-07-23T01:52:03.327Z,-23.6052729,-46.8361991,831.478,0.056,0.000,3,120,116
1784771523379,2026-07-23T01:52:03.379Z,-23.6052729,-46.8361992,831.481,0.031,0.060,3,120,116
1784771523431,2026-07-23T01:52:03.431Z,-23.6052729,-46.8361992,831.473,0.057,0.030,3,120,116
1784771523483,2026-07-23T01:52:03.483Z,-23.6052728,-46.8361992,831.474,0.010,0.060,3,120,116
1784771523536,2026-07-23T01:52:03.536Z,-23.6052729,-46.8361992,831.479,0.053,0.010,3,120,116
1784771523588,2026-07-23T01:52:03.588Z,-23.6052728,-46.8361992,831.482,0.035,0.050,3,120,116
1784771523640,2026-07-23T01:52:03.640Z,-23.6052727,-46.8361992,831.488,0.035,0.040,3,120,116
1784771523692,2026-07-23T01:52:03.692Z,-23.6052727,-46.8361991,831.504,0.043,0.040,3,120,116
1784771523744,2026-07-23T01:52:03.744Z,-23.6052728,-46.8361991,831.512,0.049,0.040,3,120,116
1784771523796,2026-07-23T01:52:03.796Z,-23.6052728,-46.8361991,831.512,0.081,0.050,3,120,116
1784771523848,2026-07-23T01:52:03.848Z,-23.6052728,-46.8361990,831.512,0.079,0.080,3,120,116
1784771523900,2026-07-23T01:52:03.900Z,-23.6052728,-46.8361990,831.517,0.058,0.080,3,120,116
1784771523952,2026-07-23T01:52:03.952Z,-23.6052727,-46.8361989,831.523,0.063,0.060,3,120,116
1784771524005,2026-07-23T01:52:04.005Z,-23.6052727,-46.8361989,831.524,0.032,0.060,3,126,117
1784771524063,2026-07-23T01:52:04.063Z,-23.6052727,-46.8361990,831.547,0.058,0.030,3,126,117
1784771524122,2026-07-23T01:52:04.122Z,-23.6052727,-46.8361989,831.545,0.034,0.060,3,126,117
1784771524180,2026-07-23T01:52:04.180Z,-23.6052727,-46.8361989,831.545,0.039,0.040,3,126,117
1784771524239,2026-07-23T01:52:04.239Z,-23.6052726,-46.8361990,831.551,0.078,0.040,3,126,117
1784771524297,2026-07-23T01:52:04.297Z,-23.6052726,-46.8361990,831.543,0.051,0.080,3,126,117
1784771524356,2026-07-23T01:52:04.356Z,-23.6052727,-46.8361990,831.537,0.060,0.050,3,126,117
1784771524414,2026-07-23T01:52:04.414Z,-23.6052726,-46.8361989,831.526,0.021,0.060,3,126,117
1784771524473,2026-07-23T01:52:04.473Z,-23.6052726,-46.8361989,831.530,0.018,0.020,3,126,117
1784771524531,2026-07-23T01:52:04.531Z,-23.6052727,-46.8361990,831.550,0.068,0.020,3,126,117
1784771524590,2026-07-23T01:52:04.590Z,-23.6052727,-46.8361989,831.553,0.043,0.070,3,126,117
1784771524648,2026-07-23T01:52:04.648Z,-23.6052727,-46.8361990,831.568,0.054,0.040,3,126,117
1784771524707,2026-07-23T01:52:04.707Z,-23.6052726,-46.8361990,831.569,0.021,0.060,3,126,117
1784771524765,2026-07-23T01:52:04.765Z,-23.6052725,-46.8361991,831.564,0.120,0.020,3,126,117
1784771524824,2026-07-23T01:52:04.824Z,-23.6052723,-46.8361992,831.576,0.210,0.120,3,126,117
1784771524882,2026-07-23T01:52:04.882Z,-23.6052723,-46.8361992,831.574,0.137,0.210,3,126,117
1784771524941,2026-07-23T01:52:04.941Z,-23.6052722,-46.8361992,831.573,0.123,0.140,3,126,117
1784771525000,2026-07-23T01:52:05.000Z,-23.6052722,-46.8361992,831.578,0.102,0.120,3,128,118
1784771525054,2026-07-23T01:52:05.054Z,-23.6052721,-46.8361993,831.581,0.126,0.100,3,128,118
1784771525109,2026-07-23T01:52:05.109Z,-23.6052721,-46.8361993,831.581,0.085,0.130,3,128,118
1784771525164,2026-07-23T01:52:05.164Z,-23.6052722,-46.8361992,831.582,0.068,0.090,3,128,118
1784771525218,2026-07-23T01:52:05.218Z,-23.6052722,-46.8361992,831.594,0.072,0.070,3,128,118
1784771525273,2026-07-23T01:52:05.273Z,-23.6052722,-46.8361993,831.599,0.079,0.070,3,128,118
1784771525328,2026-07-23T01:52:05.328Z,-23.6052723,-46.8361995,831.603,0.164,0.080,3,128,118
1784771525383,2026-07-23T01:52:05.383Z,-23.6052723,-46.8361996,831.602,0.170,0.160,3,128,118
1784771525437,2026-07-23T01:52:05.437Z,-23.6052723,-46.8361999,831.598,0.284,0.170,3,128,118
1784771525492,2026-07-23T01:52:05.492Z,-23.6052722,-46.8362000,831.607,0.236,0.280,3,128,118
1784771525547,2026-07-23T01:52:05.547Z,-23.6052722,-46.8362002,831.606,0.248,0.240,3,128,118
1784771525601,2026-07-23T01:52:05.601Z,-23.6052721,-46.8362003,831.611,0.238,0.250,3,128,118
1784771525656,2026-07-23T01:52:05.656Z,-23.6052722,-46.8362005,831.613,0.268,0.240,3,128,118
1784771525711,2026-07-23T01:52:05.711Z,-23.6052723,-46.8362008,831.615,0.363,0.270,3,128,118
1784771525766,2026-07-23T01:52:05.766Z,-23.6052723,-46.8362011,831.599,0.461,0.360,3,128,118
1784771525820,2026-07-23T01:52:05.820Z,-23.6052725,-46.8362016,831.603,0.593,0.460,3,128,118
1784771525875,2026-07-23T01:52:05.875Z,-23.6052727,-46.8362019,831.613,0.610,0.590,3,128,118
1784771525930,2026-07-23T01:52:05.930Z,-23.6052728,-46.8362021,831.602,0.606,0.610,3,128,118
1784771525985,2026-07-23T01:52:05.985Z,-23.6052731,-46.8362022,831.596,0.591,0.610,3,128,119
1784771526037,2026-07-23T01:52:06.037Z,-23.6052732,-46.8362022,831.601,0.408,0.590,3,128,119
1784771526089,2026-07-23T01:52:06.089Z,-23.6052733,-46.8362024,831.594,0.449,0.410,3,128,119
1784771526141,2026-07-23T01:52:06.141Z,-23.6052735,-46.8362028,831.606,0.545,0.450,3,128,119
1784771526193,2026-07-23T01:52:06.193Z,-23.6052736,-46.8362030,831.595,0.509,0.540,3,128,119
1784771526245,2026-07-23T01:52:06.245Z,-23.6052736,-46.8362031,831.567,0.409,0.510,3,128,119
1784771526297,2026-07-23T01:52:06.297Z,-23.6052735,-46.8362030,831.554,0.277,0.410,3,128,119
1784771526349,2026-07-23T01:52:06.349Z,-23.6052735,-46.8362028,831.562,0.075,0.280,3,128,119
1784771526401,2026-07-23T01:52:06.401Z,-23.6052735,-46.8362027,831.560,0.026,0.080,3,128,119
1784771526453,2026-07-23T01:52:06.453Z,-23.6052734,-46.8362025,831.574,0.126,0.030,3,128,119
1784771526506,2026-07-23T01:52:06.506Z,-23.6052735,-46.8362025,831.596,0.126,0.130,3,128,119
1784771526558,2026-07-23T01:52:06.558Z,-23.6052735,-46.8362024,831.587,0.130,0.130,3,128,119
1784771526610,2026-07-23T01:52:06.610Z,-23.6052735,-46.8362026,831.586,0.036,0.130,3,128,119
1784771526662,2026-07-23T01:52:06.662Z,-23.6052734,-46.8362028,831.583,0.104,0.040,3,128,119
1784771526714,2026-07-23T01:52:06.714Z,-23.6052734,-46.8362028,831.582,0.104,0.100,3,128,119
1784771526766,2026-07-23T01:52:06.766Z,-23.6052734,-46.8362029,831.565,0.123,0.100,3,128,119
1784771526818,2026-07-23T01:52:06.818Z,-23.6052735,-46.8362029,831.545,0.111,0.120,3,128,119
1784771526870,2026-07-23T01:52:06.870Z,-23.6052735,-46.8362029,831.539,0.078,0.110,3,128,119
1784771526922,2026-07-23T01:52:06.922Z,-23.6052735,-46.8362029,831.526,0.079,0.080,3,128,119
1784771526975,2026-07-23T01:52:06.975Z,-23.6052734,-46.8362029,831.518,0.106,0.090,3,122,120
1784771527033,2026-07-23T01:52:07.033Z,-23.6052733,-46.8362028,831.512,0.152,0.110,3,122,120
1784771527091,2026-07-23T01:52:07.091Z,-23.6052732,-46.8362028,831.504,0.148,0.160,3,122,120
1784771527149,2026-07-23T01:52:07.149Z,-23.6052731,-46.8362027,831.506,0.215,0.150,3,122,120
1784771527207,2026-07-23T01:52:07.207Z,-23.6052729,-46.8362026,831.511,0.254,0.220,3,122,120
1784771527265,2026-07-23T01:52:07.265Z,-23.6052727,-46.8362026,831.554,0.313,0.260,3,122,120
1784771527323,2026-07-23T01:52:07.323Z,-23.6052725,-46.8362025,831.606,0.400,0.310,3,122,120
1784771527381,2026-07-23T01:52:07.381Z,-23.6052724,-46.8362024,831.613,0.329,0.400,3,122,120
1784771527439,2026-07-23T01:52:07.439Z,-23.6052725,-46.8362022,831.593,0.223,0.330,3,122,120
1784771527497,2026-07-23T01:52:07.497Z,-23.6052727,-46.8362019,831.581,0.277,0.220,3,122,120
1784771527555,2026-07-23T01:52:07.555Z,-23.6052727,-46.8362015,831.577,0.392,0.280,3,122,120
1784771527613,2026-07-23T01:52:07.613Z,-23.6052726,-46.8362010,831.595,0.543,0.390,3,122,120
1784771527671,2026-07-23T01:52:07.671Z,-23.6052725,-46.8362005,831.618,0.666,0.540,3,122,120
1784771527729,2026-07-23T01:52:07.729Z,-23.6052727,-46.8362002,831.619,0.637,0.670,3,122,120
1784771527787,2026-07-23T01:52:07.787Z,-23.6052727,-46.8361998,831.619,0.689,0.640,3,122,120
1784771527845,2026-07-23T01:52:07.845Z,-23.6052728,-46.8361993,831.616,0.757,0.690,3,122,120
1784771527903,2026-07-23T01:52:07.903Z,-23.6052729,-46.8361988,831.617,0.804,0.760,3,122,120
1784771527961,2026-07-23T01:52:07.961Z,-23.6052730,-46.8361984,831.598,0.752,0.800,3,122,120
1784771528020,2026-07-23T01:52:08.020Z,-23.6052729,-46.8361982,831.566,0.648,0.750,3,122,121
1784771528075,2026-07-23T01:52:08.075Z,-23.6052727,-46.8361980,831.562,0.548,0.650,3,122,121
1784771528130,2026-07-23T01:52:08.130Z,-23.6052724,-46.8361980,831.570,0.493,0.550,3,122,121
1784771528185,2026-07-23T01:52:08.185Z,-23.6052721,-46.8361976,831.555,0.617,0.490,3,122,121
1784771528240,2026-07-23T01:52:08.240Z,-23.6052719,-46.8361980,831.589,0.419,0.620,3,122,121
1784771528295,2026-07-23T01:52:08.295Z,-23.6052719,-46.8361981,831.615,0.256,0.420,3,122,121
1784771528350,2026-07-23T01:52:08.350Z,-23.6052719,-46.8361983,831.652,0.045,0.260,3,122,121
1784771528405,2026-07-23T01:52:08.405Z,-23.6052721,-46.8361986,831.666,0.148,0.050,3,122,121
1784771528460,2026-07-23T01:52:08.460Z,-23.6052722,-46.8361987,831.660,0.191,0.150,3,122,121
1784771528515,2026-07-23T01:52:08.515Z,-23.6052722,-46.8361987,831.650,0.180,0.190,3,122,121
1784771528570,2026-07-23T01:52:08.570Z,-23.6052722,-46.8361988,831.663,0.164,0.180,3,122,121
1784771528625,2026-07-23T01:52:08.625Z,-23.6052723,-46.8361988,831.645,0.151,0.160,3,122,121
1784771528680,2026-07-23T01:52:08.680Z,-23.6052722,-46.8361988,831.650,0.132,0.150,3,122,121
1784771528735,2026-07-23T01:52:08.735Z,-23.6052722,-46.8361988,831.654,0.071,0.130,3,122,121
1784771528790,2026-07-23T01:52:08.790Z,-23.6052722,-46.8361988,831.667,0.073,0.070,3,122,121
1784771528845,2026-07-23T01:52:08.845Z,-23.6052724,-46.8361988,831.654,0.145,0.070,3,122,121
1784771528900,2026-07-23T01:52:08.900Z,-23.6052726,-46.8361986,831.652,0.190,0.150,3,122,121
1784771528955,2026-07-23T01:52:08.955Z,-23.6052727,-46.8361986,831.647,0.240,0.190,3,122,121
1784771529010,2026-07-23T01:52:09.010Z,-23.6052728,-46.8361985,831.664,0.262,0.240,3,122,122
1784771529065,2026-07-23T01:52:09.065Z,-23.6052728,-46.8361984,831.682,0.213,0.260,3,122,122
1784771529120,2026-07-23T01:52:09.120Z,-23.6052729,-46.8361982,831.681,0.268,0.210,3,122,122
1784771529175,2026-07-23T01:52:09.175Z,-23.6052730,-46.8361980,831.675,0.277,0.270,3,122,122
1784771529230,2026-07-23T01:52:09.230Z,-23.6052731,-46.8361979,831.676,0.292,0.280,3,122,122
1784771529285,2026-07-23T01:52:09.285Z,-23.6052732,-46.8361979,831.691,0.268,0.290,3,122,122
1784771529340,2026-07-23T01:52:09.340Z,-23.6052733,-46.8361978,831.679,0.205,0.270,3,122,122
1784771529395,2026-07-23T01:52:09.395Z,-23.6052733,-46.8361978,831.680,0.148,0.210,3,122,122
1784771529450,2026-07-23T01:52:09.450Z,-23.6052733,-46.8361978,831.681,0.121,0.150,3,122,122
1784771529505,2026-07-23T01:52:09.505Z,-23.6052733,-46.8361978,831.678,0.083,0.120,3,122,122
1784771529560,2026-07-23T01:52:09.560Z,-23.6052734,-46.8361978,831.698,0.094,0.080,3,122,122
1784771529615,2026-07-23T01:52:09.615Z,-23.6052734,-46.8361978,831.689,0.089,0.090,3,122,122
1784771529670,2026-07-23T01:52:09.670Z,-23.6052735,-46.8361978,831.689,0.100,0.090,3,122,122
1784771529725,2026-07-23T01:52:09.725Z,-23.6052735,-46.8361978,831.699,0.072,0.100,3,122,122
1784771529780,2026-07-23T01:52:09.780Z,-23.6052735,-46.8361977,831.684,0.057,0.070,3,122,122
1784771529835,2026-07-23T01:52:09.835Z,-23.6052736,-46.8361976,831.675,0.071,0.060,3,122,122
1784771529890,2026-07-23T01:52:09.890Z,-23.6052736,-46.8361977,831.686,0.067,0.070,3,122,122
1784771529945,2026-07-23T01:52:09.945Z,-23.6052737,-46.8361977,831.686,0.082,0.070,3,122,122
1784771530000,2026-07-23T01:52:10.000Z,-23.6052738,-46.8361978,831.708,0.136,0.080,3,120,123
1784771530055,2026-07-23T01:52:10.055Z,-23.6052738,-46.8361978,831.706,0.081,0.140,3,120,123
1784771530110,2026-07-23T01:52:10.110Z,-23.6052738,-46.8361978,831.709,0.080,0.080,3,120,123
1784771530165,2026-07-23T01:52:10.165Z,-23.6052738,-46.8361978,831.706,0.066,0.080,3,120,123
1784771530220,2026-07-23T01:52:10.220Z,-23.6052739,-46.8361977,831.686,0.063,0.070,3,120,123
1784771530275,2026-07-23T01:52:10.275Z,-23.6052739,-46.8361976,831.690,0.049,0.070,3,120,123
1784771530330,2026-07-23T01:52:10.330Z,-23.6052739,-46.8361977,831.701,0.023,0.050,3,120,123
1784771530385,2026-07-23T01:52:10.385Z,-23.6052739,-46.8361976,831.703,0.040,0.020,3,120,123
1784771530440,2026-07-23T01:52:10.440Z,-23.6052738,-46.8361977,831.726,0.023,0.040,3,120,123
1784771530495,2026-07-23T01:52:10.495Z,-23.6052738,-46.8361977,831.743,0.016,0.030,3,120,123
1784771530550,2026-07-23T01:52:10.550Z,-23.6052739,-46.8361976,831.763,0.088,0.030,3,120,123
1784771530605,2026-07-23T01:52:10.605Z,-23.6052738,-46.8361976,831.789,0.129,0.100,3,120,123
1784771530660,2026-07-23T01:52:10.660Z,-23.6052736,-46.8361977,831.797,0.176,0.140,3,120,123
1784771530715,2026-07-23T01:52:10.715Z,-23.6052734,-46.8361976,831.786,0.260,0.180,3,120,123
1784771530770,2026-07-23T01:52:10.770Z,-23.6052733,-46.8361978,831.782,0.256,0.260,3,120,123
1784771530825,2026-07-23T01:52:10.825Z,-23.6052732,-46.8361979,831.766,0.257,0.260,3,120,123
1784771530880,2026-07-23T01:52:10.880Z,-23.6052732,-46.8361978,831.754,0.187,0.260,3,120,123
1784771530935,2026-07-23T01:52:10.935Z,-23.6052732,-46.8361977,831.742,0.155,0.190,3,120,123
1784771530990,2026-07-23T01:52:10.990Z,-23.6052731,-46.8361977,831.746,0.181,0.160,3,127,124
1784771531042,2026-07-23T01:52:11.042Z,-23.6052728,-46.8361977,831.745,0.297,0.180,3,127,124
1784771531094,2026-07-23T01:52:11.094Z,-23.6052725,-46.8361979,831.744,0.416,0.300,3,127,124
1784771531146,2026-07-23T01:52:11.146Z,-23.6052723,-46.8361980,831.763,0.450,0.420,3,127,124
1784771531198,2026-07-23T01:52:11.198Z,-23.6052720,-46.8361982,831.754,0.475,0.450,3,127,124
1784771531250,2026-07-23T01:52:11.250Z,-23.6052718,-46.8361982,831.745,0.459,0.480,3,127,124
1784771531302,2026-07-23T01:52:11.302Z,-23.6052717,-46.8361982,831.759,0.368,0.460,3,127,124
1784771531354,2026-07-23T01:52:11.354Z,-23.6052715,-46.8361983,831.779,0.350,0.370,3,127,124
1784771531406,2026-07-23T01:52:11.406Z,-23.6052715,-46.8361982,831.807,0.288,0.350,3,127,124
1784771531458,2026-07-23T01:52:11.458Z,-23.6052715,-46.8361981,831.828,0.223,0.290,3,127,124
1784771531511,2026-07-23T01:52:11.511Z,-23.6052715,-46.8361981,831.831,0.178,0.220,3,127,124
1784771531563,2026-07-23T01:52:11.563Z,-23.6052717,-46.8361980,831.831,0.204,0.180,3,127,124
1784771531615,2026-07-23T01:52:11.615Z,-23.6052717,-46.8361980,831.820,0.108,0.210,3,127,124
1784771531667,2026-07-23T01:52:11.667Z,-23.6052718,-46.8361983,831.845,0.048,0.110,3,127,124
1784771531719,2026-07-23T01:52:11.719Z,-23.6052719,-46.8361983,831.852,0.136,0.050,3,127,124
1784771531771,2026-07-23T01:52:11.771Z,-23.6052720,-46.8361983,831.841,0.155,0.140,3,127,124
1784771531823,2026-07-23T01:52:11.823Z,-23.6052722,-46.8361983,831.847,0.241,0.160,3,127,124
1784771531875,2026-07-23T01:52:11.875Z,-23.6052724,-46.8361983,831.863,0.295,0.240,3,127,124
1784771531927,2026-07-23T01:52:11.927Z,-23.6052725,-46.8361982,831.851,0.270,0.300,3,127,124
1784771531980,2026-07-23T01:52:11.980Z,-23.6052724,-46.8361982,831.807,0.131,0.270,3,135,125
1784771532035,2026-07-23T01:52:12.035Z,-23.6052724,-46.8361982,831.825,0.043,0.130,3,135,125
1784771532090,2026-07-23T01:52:12.090Z,-23.6052723,-46.8361983,831.820,0.046,0.040,3,135,125
1784771532145,2026-07-23T01:52:12.145Z,-23.6052723,-46.8361984,831.837,0.061,0.050,3,135,125
1784771532200,2026-07-23T01:52:12.200Z,-23.6052722,-46.8361984,831.840,0.085,0.060,3,135,125
1784771532255,2026-07-23T01:52:12.255Z,-23.6052721,-46.8361984,831.846,0.093,0.080,3,135,125
1784771532310,2026-07-23T01:52:12.310Z,-23.6052722,-46.8361984,831.833,0.028,0.090,3,135,125
1784771532365,2026-07-23T01:52:12.365Z,-23.6052723,-46.8361984,831.839,0.061,0.030,3,135,125
1784771532420,2026-07-23T01:52:12.420Z,-23.6052723,-46.8361985,831.860,0.036,0.060,3,135,125
1784771532475,2026-07-23T01:52:12.475Z,-23.6052723,-46.8361986,831.864,0.047,0.040,3,135,125
1784771532530,2026-07-23T01:52:12.530Z,-23.6052723,-46.8361986,831.874,0.074,0.050,3,135,125
1784771532585,2026-07-23T01:52:12.585Z,-23.6052724,-46.8361987,831.845,0.112,0.080,3,135,125
1784771532640,2026-07-23T01:52:12.640Z,-23.6052723,-46.8361986,831.838,0.043,0.110,3,135,125
1784771532695,2026-07-23T01:52:12.695Z,-23.6052723,-46.8361986,831.840,0.035,0.040,3,135,125
1784771532750,2026-07-23T01:52:12.750Z,-23.6052723,-46.8361986,831.854,0.031,0.040,3,135,125
1784771532805,2026-07-23T01:52:12.805Z,-23.6052723,-46.8361986,831.862,0.026,0.030,3,135,125
1784771532860,2026-07-23T01:52:12.860Z,-23.6052723,-46.8361987,831.860,0.054,0.030,3,135,125
1784771532915,2026-07-23T01:52:12.915Z,-23.6052722,-46.8361986,831.848,0.093,0.060,3,135,125
1784771532970,2026-07-23T01:52:12.970Z,-23.6052721,-46.8361985,831.821,0.136,0.090,3,135,126
1784771533028,2026-07-23T01:52:13.028Z,-23.6052722,-46.8361985,831.810,0.058,0.140,3,135,126
1784771533086,2026-07-23T01:52:13.086Z,-23.6052721,-46.8361986,831.831,0.077,0.060,3,135,126
1784771533144,2026-07-23T01:52:13.144Z,-23.6052721,-46.8361987,831.831,0.081,0.080,3,135,126
1784771533202,2026-07-23T01:52:13.202Z,-23.6052722,-46.8361985,831.809,0.013,0.080,3,135,126
1784771533260,2026-07-23T01:52:13.260Z,-23.6052722,-46.8361985,831.788,0.017,0.010,3,135,126
1784771533318,2026-07-23T01:52:13.318Z,-23.6052722,-46.8361985,831.799,0.031,0.020,3,135,126
1784771533376,2026-07-23T01:52:13.376Z,-23.6052721,-46.8361985,831.798,0.092,0.030,3,135,126
1784771533434,2026-07-23T01:52:13.434Z,-23.6052721,-46.8361985,831.768,0.078,0.090,3,135,126
1784771533492,2026-07-23T01:52:13.492Z,-23.6052720,-46.8361986,831.778,0.122,0.080,3,135,126
1784771533550,2026-07-23T01:52:13.550Z,-23.6052720,-46.8361986,831.789,0.114,0.120,3,135,126
1784771533608,2026-07-23T01:52:13.608Z,-23.6052720,-46.8361988,831.802,0.130,0.110,3,135,126
1784771533666,2026-07-23T01:52:13.666Z,-23.6052720,-46.8361987,831.812,0.027,0.130,3,135,126
1784771533724,2026-07-23T01:52:13.724Z,-23.6052721,-46.8361985,831.805,0.082,0.030,3,135,126
1784771533782,2026-07-23T01:52:13.782Z,-23.6052720,-46.8361984,831.804,0.118,0.080,3,135,126
1784771533840,2026-07-23T01:52:13.840Z,-23.6052720,-46.8361982,831.796,0.196,0.120,3,135,126
1784771533898,2026-07-23T01:52:13.898Z,-23.6052719,-46.8361980,831.788,0.251,0.200,3,135,126
1784771533956,2026-07-23T01:52:13.956Z,-23.6052720,-46.8361980,831.801,0.176,0.250,3,135,126
1784771534015,2026-07-23T01:52:14.015Z,-23.6052719,-46.8361980,831.814,0.152,0.180,3,140,127
1784771534070,2026-07-23T01:52:14.070Z,-23.6052719,-46.8361981,831.815,0.089,0.150,3,140,127
1784771534125,2026-07-23T01:52:14.125Z,-23.6052719,-46.8361980,831.808,0.120,0.090,3,140,127
1784771534180,2026-07-23T01:52:14.180Z,-23.6052720,-46.8361980,831.801,0.079,0.120,3,140,127
1784771534235,2026-07-23T01:52:14.235Z,-23.6052720,-46.8361981,831.801,0.034,0.080,3,140,127
1784771534290,2026-07-23T01:52:14.290Z,-23.6052721,-46.8361981,831.815,0.098,0.040,3,140,127
1784771534345,2026-07-23T01:52:14.345Z,-23.6052722,-46.8361982,831.820,0.196,0.100,3,140,127
1784771534400,2026-07-23T01:52:14.400Z,-23.6052724,-46.8361982,831.780,0.272,0.200,3,140,127
1784771534455,2026-07-23T01:52:14.455Z,-23.6052727,-46.8361982,831.758,0.397,0.270,3,140,127
1784771534510,2026-07-23T01:52:14.510Z,-23.6052731,-46.8361983,831.760,0.561,0.400,3,140,127
1784771534565,2026-07-23T01:52:14.565Z,-23.6052732,-46.8361984,831.785,0.417,0.560,3,140,127
1784771534620,2026-07-23T01:52:14.620Z,-23.6052733,-46.8361986,831.798,0.351,0.420,3,140,127
1784771534675,2026-07-23T01:52:14.675Z,-23.6052734,-46.8361985,831.788,0.293,0.350,3,140,127
1784771534730,2026-07-23T01:52:14.730Z,-23.6052737,-46.8361985,831.788,0.441,0.290,3,140,127
1784771534785,2026-07-23T01:52:14.785Z,-23.6052740,-46.8361984,831.786,0.474,0.440,3,140,127
1784771534840,2026-07-23T01:52:14.840Z,-23.6052744,-46.8361983,831.773,0.617,0.480,3,140,127
1784771534895,2026-07-23T01:52:14.895Z,-23.6052746,-46.8361983,831.783,0.526,0.620,3,140,127
1784771534950,2026-07-23T01:52:14.950Z,-23.6052747,-46.8361984,831.762,0.417,0.530,3,140,127
1784771535005,2026-07-23T01:52:15.005Z,-23.6052748,-46.8361984,831.758,0.301,0.420,3,140,128
1784771535063,2026-07-23T01:52:15.063Z,-23.6052747,-46.8361987,831.750,0.256,0.310,3,140,128
1784771535121,2026-07-23T01:52:15.121Z,-23.6052746,-46.8361988,831.739,0.152,0.260,3,140,128
1784771535179,2026-07-23T01:52:15.179Z,-23.6052744,-46.8361988,831.729,0.172,0.160,3,140,128
1784771535237,2026-07-23T01:52:15.237Z,-23.6052744,-46.8361992,831.674,0.345,0.180,3,140,128
1784771535295,2026-07-23T01:52:15.295Z,-23.6052743,-46.8361994,831.675,0.356,0.360,3,140,128
1784771535353,2026-07-23T01:52:15.353Z,-23.6052741,-46.8361994,831.663,0.354,0.370,3,140,128
1784771535411,2026-07-23T01:52:15.411Z,-23.6052738,-46.8361996,831.678,0.392,0.370,3,140,128
1784771535469,2026-07-23T01:52:15.469Z,-23.6052737,-46.8361998,831.695,0.375,0.400,3,140,128
1784771535527,2026-07-23T01:52:15.527Z,-23.6052735,-46.8362000,831.699,0.428,0.380,3,140,128
1784771535585,2026-07-23T01:52:15.585Z,-23.6052734,-46.8361999,831.711,0.336,0.430,3,140,128
1784771535643,2026-07-23T01:52:15.643Z,-23.6052732,-46.8362001,831.699,0.354,0.340,3,140,128
1784771535701,2026-07-23T01:52:15.701Z,-23.6052730,-46.8362003,831.712,0.405,0.360,3,140,128
1784771535759,2026-07-23T01:52:15.759Z,-23.6052730,-46.8362002,831.690,0.259,0.410,3,140,128
1784771535817,2026-07-23T01:52:15.817Z,-23.6052730,-46.8362002,831.676,0.178,0.260,3,140,128
1784771535875,2026-07-23T01:52:15.875Z,-23.6052732,-46.8362002,831.672,0.036,0.190,3,140,128
1784771535933,2026-07-23T01:52:15.933Z,-23.6052732,-46.8362002,831.655,0.055,0.070,3,140,128
1784771535991,2026-07-23T01:52:15.991Z,-23.6052732,-46.8362002,831.661,0.045,0.090,3,140,128
1784771536050,2026-07-23T01:52:16.050Z,-23.6052733,-46.8362002,831.678,0.084,0.080,3,131,129
1784771536105,2026-07-23T01:52:16.105Z,-23.6052734,-46.8362001,831.676,0.129,0.100,3,131,129
1784771536160,2026-07-23T01:52:16.160Z,-23.6052734,-46.8361999,831.685,0.185,0.140,3,131,129
1784771536215,2026-07-23T01:52:16.215Z,-23.6052733,-46.8361999,831.693,0.182,0.190,3,131,129
1784771536270,2026-07-23T01:52:16.270Z,-23.6052733,-46.8361999,831.708,0.125,0.190,3,131,129
1784771536325,2026-07-23T01:52:16.325Z,-23.6052733,-46.8362001,831.719,0.010,0.130,3,131,129
1784771536380,2026-07-23T01:52:16.380Z,-23.6052733,-46.8362002,831.721,0.033,0.030,3,131,129
1784771536435,2026-07-23T01:52:16.435Z,-23.6052731,-46.8362003,831.699,0.106,0.040,3,131,129
1784771536490,2026-07-23T01:52:16.490Z,-23.6052730,-46.8362003,831.680,0.089,0.110,3,131,129
1784771536545,2026-07-23T01:52:16.545Z,-23.6052731,-46.8362003,831.688,0.062,0.100,3,131,129
1784771536600,2026-07-23T01:52:16.600Z,-23.6052732,-46.8362003,831.671,0.042,0.080,3,131,129
1784771536655,2026-07-23T01:52:16.655Z,-23.6052733,-46.8362002,831.674,0.095,0.070,3,131,129
1784771536710,2026-07-23T01:52:16.710Z,-23.6052733,-46.8362003,831.687,0.048,0.110,3,131,129
1784771536765,2026-07-23T01:52:16.765Z,-23.6052732,-46.8362004,831.703,0.041,0.070,3,131,129
1784771536820,2026-07-23T01:52:16.820Z,-23.6052732,-46.8362005,831.708,0.049,0.060,3,131,129
1784771536875,2026-07-23T01:52:16.875Z,-23.6052731,-46.8362005,831.699,0.047,0.060,3,131,129
1784771536930,2026-07-23T01:52:16.930Z,-23.6052730,-46.8362005,831.697,0.069,0.060,3,131,129
1784771536985,2026-07-23T01:52:16.985Z,-23.6052732,-46.8362004,831.684,0.074,0.080,3,131,129
1784771537040,2026-07-23T01:52:17.040Z,-23.6052730,-46.8362006,831.696,0.089,0.090,3,131,130
1784771537092,2026-07-23T01:52:17.092Z,-23.6052729,-46.8362006,831.712,0.107,0.100,3,131,130
1784771537144,2026-07-23T01:52:17.144Z,-23.6052729,-46.8362006,831.690,0.054,0.110,3,131,130
1784771537196,2026-07-23T01:52:17.196Z,-23.6052729,-46.8362006,831.708,0.029,0.070,3,131,130
1784771537248,2026-07-23T01:52:17.248Z,-23.6052728,-46.8362006,831.685,0.056,0.040,3,131,130
1784771537300,2026-07-23T01:52:17.300Z,-23.6052727,-46.8362007,831.681,0.086,0.070,3,131,130
1784771537352,2026-07-23T01:52:17.352Z,-23.6052726,-46.8362007,831.685,0.088,0.090,3,131,130
1784771537404,2026-07-23T01:52:17.404Z,-23.6052726,-46.8362008,831.687,0.110,0.090,3,131,130
1784771537456,2026-07-23T01:52:17.456Z,-23.6052725,-46.8362008,831.686,0.126,0.110,3,131,130
1784771537508,2026-07-23T01:52:17.508Z,-23.6052725,-46.8362010,831.687,0.153,0.130,3,131,130
1784771537561,2026-07-23T01:52:17.561Z,-23.6052725,-46.8362008,831.682,0.066,0.160,3,131,130
1784771537613,2026-07-23T01:52:17.613Z,-23.6052724,-46.8362009,831.681,0.095,0.070,3,131,130
1784771537665,2026-07-23T01:52:17.665Z,-23.6052724,-46.8362009,831.683,0.059,0.100,3,131,130
1784771537717,2026-07-23T01:52:17.717Z,-23.6052724,-46.8362009,831.679,0.058,0.070,3,131,130
1784771537769,2026-07-23T01:52:17.769Z,-23.6052725,-46.8362010,831.695,0.018,0.070,3,131,130
1784771537821,2026-07-23T01:52:17.821Z,-23.6052725,-46.8362011,831.683,0.080,0.030,3,131,130
1784771537873,2026-07-23T01:52:17.873Z,-23.6052725,-46.8362010,831.678,0.034,0.090,3,131,130
1784771537925,2026-07-23T01:52:17.925Z,-23.6052724,-46.8362010,831.659,0.009,0.050,3,131,130
1784771537977,2026-07-23T01:52:17.977Z,-23.6052724,-46.8362009,831.647,0.005,0.040,3,131,130
1784771538030,2026-07-23T01:52:18.030Z,-23.6052723,-46.8362009,831.655,0.089,0.040,3,137,131
1784771538085,2026-07-23T01:52:18.085Z,-23.6052722,-46.8362009,831.647,0.083,0.100,3,137,131
1784771538140,2026-07-23T01:52:18.140Z,-23.6052722,-46.8362010,831.651,0.042,0.090,3,137,131
1784771538195,2026-07-23T01:52:18.195Z,-23.6052721,-46.8362010,831.641,0.064,0.050,3,137,131
1784771538250,2026-07-23T01:52:18.250Z,-23.6052721,-46.8362009,831.634,0.062,0.070,3,137,131
1784771538305,2026-07-23T01:52:18.305Z,-23.6052722,-46.8362009,831.632,0.022,0.080,3,137,131
1784771538360,2026-07-23T01:52:18.360Z,-23.6052722,-46.8362008,831.624,0.041,0.050,3,137,131
1784771538415,2026-07-23T01:52:18.415Z,-23.6052722,-46.8362008,831.635,0.029,0.070,3,137,131
1784771538470,2026-07-23T01:52:18.470Z,-23.6052721,-46.8362009,831.635,0.030,0.050,3,137,131
1784771538525,2026-07-23T01:52:18.525Z,-23.6052720,-46.8362009,831.632,0.041,0.050,3,137,131
1784771538580,2026-07-23T01:52:18.580Z,-23.6052722,-46.8362009,831.649,0.030,0.060,3,137,131
1784771538635,2026-07-23T01:52:18.635Z,-23.6052722,-46.8362009,831.651,0.020,0.040,3,137,131
1784771538690,2026-07-23T01:52:18.690Z,-23.6052721,-46.8362009,831.662,0.016,0.040,3,137,131
1784771538745,2026-07-23T01:52:18.745Z,-23.6052721,-46.8362010,831.671,0.044,0.030,3,137,131
1784771538800,2026-07-23T01:52:18.800Z,-23.6052721,-46.8362009,831.657,0.011,0.050,3,137,131
1784771538855,2026-07-23T01:52:18.855Z,-23.6052720,-46.8362008,831.656,0.066,0.030,3,137,131
1784771538910,2026-07-23T01:52:18.910Z,-23.6052719,-46.8362006,831.613,0.103,0.070,3,137,131
1784771538965,2026-07-23T01:52:18.965Z,-23.6052720,-46.8362006,831.618,0.060,0.110,3,137,131
1784771539020,2026-07-23T01:52:19.020Z,-23.6052719,-46.8362006,831.623,0.021,0.070,3,134,132
1784771539072,2026-07-23T01:52:19.072Z,-23.6052718,-46.8362007,831.620,0.046,0.050,3,134,132
1784771539124,2026-07-23T01:52:19.124Z,-23.6052719,-46.8362006,831.615,0.043,0.060,3,134,132
1784771539176,2026-07-23T01:52:19.176Z,-23.6052719,-46.8362006,831.627,0.051,0.060,3,134,132
1784771539228,2026-07-23T01:52:19.228Z,-23.6052718,-46.8362006,831.613,0.021,0.060,3,134,132
1784771539280,2026-07-23T01:52:19.280Z,-23.6052718,-46.8362006,831.609,0.044,0.040,3,134,132
1784771539332,2026-07-23T01:52:19.332Z,-23.6052716,-46.8362006,831.610,0.075,0.060,3,134,132
1784771539384,2026-07-23T01:52:19.384Z,-23.6052717,-46.8362007,831.606,0.037,0.080,3,134,132
1784771539436,2026-07-23T01:52:19.436Z,-23.6052717,-46.8362007,831.609,0.022,0.050,3,134,132
1784771539488,2026-07-23T01:52:19.488Z,-23.6052717,-46.8362006,831.598,0.054,0.040,3,134,132
1784771539541,2026-07-23T01:52:19.541Z,-23.6052718,-46.8362007,831.591,0.080,0.070,3,134,132
1784771539593,2026-07-23T01:52:19.593Z,-23.6052717,-46.8362008,831.615,0.024,0.090,3,134,132
1784771539645,2026-07-23T01:52:19.645Z,-23.6052717,-46.8362008,831.643,0.038,0.040,3,134,132
1784771539697,2026-07-23T01:52:19.697Z,-23.6052717,-46.8362009,831.641,0.059,0.040,3,134,132
1784771539749,2026-07-23T01:52:19.749Z,-23.6052717,-46.8362009,831.655,0.010,0.060,3,134,132
1784771539801,2026-07-23T01:52:19.801Z,-23.6052717,-46.8362009,831.665,0.031,0.020,3,134,132
1784771539853,2026-07-23T01:52:19.853Z,-23.6052716,-46.8362008,831.652,0.084,0.040,3,134,132
1784771539905,2026-07-23T01:52:19.905Z,-23.6052715,-46.8362008,831.651,0.071,0.090,3,134,132
1784771539957,2026-07-23T01:52:19.957Z,-23.6052716,-46.8362007,831.660,0.090,0.080,3,134,132
1784771540010,2026-07-23T01:52:20.010Z,-23.6052716,-46.8362008,831.666,0.035,0.090,3,131,133
1784771540065,2026-07-23T01:52:20.065Z,-23.6052715,-46.8362009,831.682,0.004,0.050,3,131,133
1784771540120,2026-07-23T01:52:20.120Z,-23.6052715,-46.8362008,831.693,0.019,0.020,3,131,133
1784771540175,2026-07-23T01:52:20.175Z,-23.6052715,-46.8362008,831.690,0.050,0.030,3,131,133
1784771540230,2026-07-23T01:52:20.230Z,-23.6052716,-46.8362008,831.692,0.041,0.060,3,131,133
1784771540285,2026-07-23T01:52:20.285Z,-23.6052716,-46.8362007,831.696,0.054,0.050,3,131,133
1784771540340,2026-07-23T01:52:20.340Z,-23.6052715,-46.8362008,831.710,0.033,0.060,3,131,133
1784771540395,2026-07-23T01:52:20.395Z,-23.6052715,-46.8362008,831.715,0.003,0.040,3,131,133
1784771540450,2026-07-23T01:52:20.450Z,-23.6052715,-46.8362008,831.715,0.006,0.030,3,131,133
1784771540505,2026-07-23T01:52:20.505Z,-23.6052714,-46.8362008,831.726,0.045,0.030,3,131,133
1784771540560,2026-07-23T01:52:20.560Z,-23.6052714,-46.8362008,831.730,0.054,0.050,3,131,133
1784771540615,2026-07-23T01:52:20.615Z,-23.6052713,-46.8362008,831.729,0.073,0.060,3,131,133
1784771540670,2026-07-23T01:52:20.670Z,-23.6052712,-46.8362007,831.742,0.117,0.080,3,131,133
1784771540725,2026-07-23T01:52:20.725Z,-23.6052713,-46.8362007,831.764,0.075,0.120,3,131,133
1784771540780,2026-07-23T01:52:20.780Z,-23.6052712,-46.8362008,831.779,0.046,0.080,3,131,133
1784771540835,2026-07-23T01:52:20.835Z,-23.6052711,-46.8362008,831.789,0.115,0.050,3,131,133
1784771540890,2026-07-23T01:52:20.890Z,-23.6052710,-46.8362008,831.791,0.128,0.120,3,131,133
1784771540945,2026-07-23T01:52:20.945Z,-23.6052709,-46.8362008,831.807,0.115,0.130,3,131,133
1784771541000,2026-07-23T01:52:21.000Z,-23.6052709,-46.8362009,831.797,0.064,0.110,3,131,134
1784771541055,2026-07-23T01:52:21.055Z,-23.6052708,-46.8362008,831.775,0.083,0.060,3,131,134
1784771541110,2026-07-23T01:52:21.110Z,-23.6052710,-46.8362008,831.776,0.042,0.090,3,131,134
1784771541165,2026-07-23T01:52:21.165Z,-23.6052710,-46.8362009,831.796,0.039,0.050,3,131,134
1784771541220,2026-07-23T01:52:21.220Z,-23.6052709,-46.8362009,831.797,0.057,0.050,3,131,134
1784771541275,2026-07-23T01:52:21.275Z,-23.6052711,-46.8362008,831.818,0.110,0.060,3,131,134
1784771541330,2026-07-23T01:52:21.330Z,-23.6052711,-46.8362011,831.853,0.091,0.110,3,131,134
1784771541385,2026-07-23T01:52:21.385Z,-23.6052710,-46.8362011,831.849,0.068,0.090,3,131,134
1784771541440,2026-07-23T01:52:21.440Z,-23.6052710,-46.8362011,831.848,0.048,0.070,3,131,134
1784771541495,2026-07-23T01:52:21.495Z,-23.6052709,-46.8362012,831.841,0.091,0.050,3,131,134
1784771541550,2026-07-23T01:52:21.550Z,-23.6052709,-46.8362012,831.842,0.036,0.090,3,131,134
1784771541605,2026-07-23T01:52:21.605Z,-23.6052708,-46.8362012,831.841,0.033,0.040,3,131,134
1784771541660,2026-07-23T01:52:21.660Z,-23.6052709,-46.8362012,831.857,0.025,0.030,3,131,134
1784771541715,2026-07-23T01:52:21.715Z,-23.6052710,-46.8362012,831.851,0.066,0.020,3,131,134
1784771541770,2026-07-23T01:52:21.770Z,-23.6052709,-46.8362013,831.881,0.049,0.070,3,131,134
1784771541825,2026-07-23T01:52:21.825Z,-23.6052709,-46.8362014,831.899,0.042,0.050,3,131,134
1784771541880,2026-07-23T01:52:21.880Z,-23.6052709,-46.8362015,831.889,0.027,0.040,3,131,134
1784771541935,2026-07-23T01:52:21.935Z,-23.6052709,-46.8362015,831.898,0.022,0.030,3,131,134
1784771541990,2026-07-23T01:52:21.990Z,-23.6052708,-46.8362016,831.904,0.049,0.020,3,131,135
1784771542045,2026-07-23T01:52:22.045Z,-23.6052707,-46.8362019,831.940,0.168,0.050,3,131,135
1784771542100,2026-07-23T01:52:22.100Z,-23.6052707,-46.8362020,831.943,0.168,0.170,3,131,135
1784771542155,2026-07-23T01:52:22.155Z,-23.6052707,-46.8362021,831.941,0.128,0.170,3,131,135
1784771542210,2026-07-23T01:52:22.210Z,-23.6052707,-46.8362022,831.953,0.133,0.130,3,131,135
1784771542265,2026-07-23T01:52:22.265Z,-23.6052708,-46.8362022,831.950,0.105,0.130,3,131,135
1784771542320,2026-07-23T01:52:22.320Z,-23.6052709,-46.8362023,831.971,0.104,0.110,3,131,135
1784771542375,2026-07-23T01:52:22.375Z,-23.6052708,-46.8362024,831.971,0.099,0.100,3,131,135
1784771542430,2026-07-23T01:52:22.430Z,-23.6052707,-46.8362025,831.984,0.090,0.100,3,131,135
1784771542485,2026-07-23T01:52:22.485Z,-23.6052706,-46.8362026,832.000,0.136,0.090,3,131,135
1784771542540,2026-07-23T01:52:22.540Z,-23.6052706,-46.8362026,832.002,0.095,0.140,3,131,135
1784771542595,2026-07-23T01:52:22.595Z,-23.6052706,-46.8362027,831.993,0.108,0.100,3,131,135
1784771542650,2026-07-23T01:52:22.650Z,-23.6052705,-46.8362028,832.013,0.150,0.110,3,131,135
1784771542705,2026-07-23T01:52:22.705Z,-23.6052705,-46.8362028,832.020,0.091,0.150,3,131,135
1784771542760,2026-07-23T01:52:22.760Z,-23.6052706,-46.8362028,832.034,0.027,0.090,3,131,135
1784771542815,2026-07-23T01:52:22.815Z,-23.6052707,-46.8362028,832.032,0.054,0.030,3,131,135
1784771542870,2026-07-23T01:52:22.870Z,-23.6052708,-46.8362028,832.040,0.056,0.060,3,131,135
1784771542925,2026-07-23T01:52:22.925Z,-23.6052708,-46.8362028,832.049,0.031,0.060,3,131,135
1784771542980,2026-07-23T01:52:22.980Z,-23.6052708,-46.8362027,832.043,0.041,0.030,3,131,136
1784771543038,2026-07-23T01:52:23.038Z,-23.6052708,-46.8362027,832.049,0.048,0.040,3,131,136
1784771543096,2026-07-23T01:52:23.096Z,-23.6052707,-46.8362029,832.073,0.108,0.050,3,131,136
1784771543154,2026-07-23T01:52:23.154Z,-23.6052707,-46.8362029,832.091,0.106,0.110,3,131,136
1784771543212,2026-07-23T01:52:23.212Z,-23.6052707,-46.8362027,832.075,0.062,0.110,3,131,136
1784771543270,2026-07-23T01:52:23.270Z,-23.6052709,-46.8362027,832.069,0.105,0.060,3,131,136
1784771543328,2026-07-23T01:52:23.328Z,-23.6052711,-46.8362024,832.074,0.229,0.110,3,131,136
1784771543386,2026-07-23T01:52:23.386Z,-23.6052710,-46.8362024,832.080,0.158,0.230,3,131,136
1784771543444,2026-07-23T01:52:23.444Z,-23.6052711,-46.8362024,832.077,0.094,0.160,3,131,136
1784771543502,2026-07-23T01:52:23.502Z,-23.6052711,-46.8362024,832.078,0.063,0.090,3,131,136
1784771543560,2026-07-23T01:52:23.560Z,-23.6052712,-46.8362023,832.083,0.113,0.060,3,131,136
1784771543618,2026-07-23T01:52:23.618Z,-23.6052712,-46.8362025,832.101,0.002,0.110,3,131,136
1784771543676,2026-07-23T01:52:23.676Z,-23.6052712,-46.8362026,832.114,0.044,0.000,3,131,136
1784771543734,2026-07-23T01:52:23.734Z,-23.6052713,-46.8362026,832.133,0.038,0.040,3,131,136
1784771543792,2026-07-23T01:52:23.792Z,-23.6052712,-46.8362026,832.140,0.028,0.040,3,131,136
1784771543850,2026-07-23T01:52:23.850Z,-23.6052712,-46.8362026,832.154,0.054,0.030,3,131,136
1784771543908,2026-07-23T01:52:23.908Z,-23.6052712,-46.8362025,832.147,0.048,0.060,3,131,136
1784771543966,2026-07-23T01:52:23.966Z,-23.6052712,-46.8362025,832.162,0.036,0.050,3,131,136
1784771544025,2026-07-23T01:52:24.025Z,-23.6052713,-46.8362025,832.196,0.025,0.040,3,131,137
1784771544080,2026-07-23T01:52:24.080Z,-23.6052714,-46.8362026,832.206,0.060,0.030,3,131,137
1784771544135,2026-07-23T01:52:24.135Z,-23.6052713,-46.8362027,832.197,0.042,0.060,3,131,137
1784771544190,2026-07-23T01:52:24.190Z,-23.6052713,-46.8362027,832.179,0.047,0.040,3,131,137
1784771544245,2026-07-23T01:52:24.245Z,-23.6052713,-46.8362028,832.192,0.067,0.050,3,131,137
1784771544300,2026-07-23T01:52:24.300Z,-23.6052713,-46.8362028,832.211,0.064,0.070,3,131,137
1784771544355,2026-07-23T01:52:24.355Z,-23.6052712,-46.8362028,832.219,0.133,0.070,3,131,137
1784771544410,2026-07-23T01:52:24.410Z,-23.6052711,-46.8362027,832.213,0.168,0.130,3,131,137
1784771544465,2026-07-23T01:52:24.465Z,-23.6052711,-46.8362027,832.206,0.099,0.170,3,131,137
1784771544520,2026-07-23T01:52:24.520Z,-23.6052712,-46.8362026,832.198,0.100,0.100,3,131,137
1784771544575,2026-07-23T01:52:24.575Z,-23.6052712,-46.8362027,832.217,0.010,0.100,3,131,137
1784771544630,2026-07-23T01:52:24.630Z,-23.6052712,-46.8362029,832.268,0.110,0.010,3,131,137
1784771544685,2026-07-23T01:52:24.685Z,-23.6052712,-46.8362029,832.272,0.023,0.120,3,131,137
1784771544740,2026-07-23T01:52:24.740Z,-23.6052713,-46.8362028,832.255,0.030,0.040,3,131,137
1784771544795,2026-07-23T01:52:24.795Z,-23.6052712,-46.8362028,832.280,0.023,0.040,3,131,137
1784771544850,2026-07-23T01:52:24.850Z,-23.6052713,-46.8362028,832.259,0.041,0.040,3,131,137
1784771544905,2026-07-23T01:52:24.905Z,-23.6052713,-46.8362028,832.251,0.032,0.050,3,131,137
1784771544960,2026-07-23T01:52:24.960Z,-23.6052713,-46.8362028,832.256,0.027,0.030,3,131,137
1784771545015,2026-07-23T01:52:25.015Z,-23.6052712,-46.8362028,832.265,0.069,0.030,3,131,138
1784771545070,2026-07-23T01:52:25.070Z,-23.6052712,-46.8362028,832.258,0.086,0.070,3,131,138
1784771545125,2026-07-23T01:52:25.125Z,-23.6052712,-46.8362027,832.249,0.021,0.090,3,131,138
1784771545180,2026-07-23T01:52:25.180Z,-23.6052712,-46.8362027,832.270,0.014,0.020,3,131,138
1784771545235,2026-07-23T01:52:25.235Z,-23.6052713,-46.8362027,832.271,0.034,0.020,3,131,138
1784771545290,2026-07-23T01:52:25.290Z,-23.6052713,-46.8362026,832.274,0.073,0.040,3,131,138
1784771545345,2026-07-23T01:52:25.345Z,-23.6052713,-46.8362027,832.277,0.014,0.070,3,131,138
1784771545400,2026-07-23T01:52:25.400Z,-23.6052712,-46.8362027,832.286,0.018,0.020,3,131,138
1784771545455,2026-07-23T01:52:25.455Z,-23.6052712,-46.8362027,832.297,0.018,0.020,3,131,138
1784771545510,2026-07-23T01:52:25.510Z,-23.6052712,-46.8362026,832.290,0.031,0.020,3,131,138
1784771545565,2026-07-23T01:52:25.565Z,-23.6052711,-46.8362026,832.274,0.076,0.030,3,131,138
1784771545620,2026-07-23T01:52:25.620Z,-23.6052711,-46.8362025,832.279,0.049,0.080,3,131,138
1784771545675,2026-07-23T01:52:25.675Z,-23.6052711,-46.8362024,832.261,0.054,0.050,3,131,138
1784771545730,2026-07-23T01:52:25.730Z,-23.6052711,-46.8362025,832.278,0.034,0.060,3,131,138
1784771545785,2026-07-23T01:52:25.785Z,-23.6052711,-46.8362026,832.293,0.078,0.030,3,131,138
1784771545840,2026-07-23T01:52:25.840Z,-23.6052712,-46.8362027,832.310,0.070,0.080,3,131,138
1784771545895,2026-07-23T01:52:25.895Z,-23.6052712,-46.8362027,832.291,0.088,0.070,3,131,138
1784771545950,2026-07-23T01:52:25.950Z,-23.6052712,-46.8362027,832.301,0.119,0.090,3,131,138
1784771546005,2026-07-23T01:52:26.005Z,-23.6052712,-46.8362027,832.287,0.043,0.120,3,131,139
1784771546057,2026-07-23T01:52:26.057Z,-23.6052711,-46.8362027,832.278,0.072,0.040,3,131,139
1784771546109,2026-07-23T01:52:26.109Z,-23.6052710,-46.8362027,832.283,0.096,0.070,3,131,139
1784771546162,2026-07-23T01:52:26.162Z,-23.6052710,-46.8362027,832.283,0.092,0.100,3,131,139
1784771546214,2026-07-23T01:52:26.214Z,-23.6052710,-46.8362027,832.291,0.034,0.090,3,131,139
1784771546266,2026-07-23T01:52:26.266Z,-23.6052710,-46.8362026,832.274,0.023,0.030,3,131,139
1784771546319,2026-07-23T01:52:26.319Z,-23.6052710,-46.8362025,832.280,0.057,0.030,3,131,139
1784771546371,2026-07-23T01:52:26.371Z,-23.6052710,-46.8362026,832.294,0.064,0.060,3,131,139
1784771546423,2026-07-23T01:52:26.423Z,-23.6052710,-46.8362026,832.291,0.053,0.060,3,131,139
1784771546476,2026-07-23T01:52:26.476Z,-23.6052711,-46.8362026,832.294,0.090,0.050,3,131,139
1784771546528,2026-07-23T01:52:26.528Z,-23.6052711,-46.8362026,832.287,0.079,0.090,3,131,139
1784771546581,2026-07-23T01:52:26.581Z,-23.6052711,-46.8362026,832.280,0.021,0.080,3,131,139
1784771546633,2026-07-23T01:52:26.633Z,-23.6052710,-46.8362027,832.297,0.050,0.030,3,131,139
1784771546685,2026-07-23T01:52:26.685Z,-23.6052710,-46.8362027,832.294,0.035,0.050,3,131,139
1784771546738,2026-07-23T01:52:26.738Z,-23.6052711,-46.8362027,832.281,0.054,0.040,3,131,139
1784771546790,2026-07-23T01:52:26.790Z,-23.6052711,-46.8362026,832.272,0.079,0.060,3,131,139
1784771546842,2026-07-23T01:52:26.842Z,-23.6052711,-46.8362027,832.276,0.027,0.080,3,131,139
1784771546895,2026-07-23T01:52:26.895Z,-23.6052710,-46.8362027,832.285,0.003,0.030,3,131,139
1784771546947,2026-07-23T01:52:26.947Z,-23.6052711,-46.8362028,832.292,0.041,0.010,3,131,139
1784771547000,2026-07-23T01:52:27.000Z,-23.6052711,-46.8362028,832.302,0.057,0.040,3,131,140
1784771547057,2026-07-23T01:52:27.057Z,-23.6052710,-46.8362028,832.294,0.009,0.060,3,131,140
1784771547115,2026-07-23T01:52:27.115Z,-23.6052710,-46.8362027,832.280,0.042,0.010,3,131,140
1784771547173,2026-07-23T01:52:27.173Z,-23.6052711,-46.8362027,832.263,0.039,0.040,3,131,140
1784771547231,2026-07-23T01:52:27.231Z,-23.6052711,-46.8362027,832.260,0.034,0.040,3,131,140
1784771547288,2026-07-23T01:52:27.288Z,-23.6052710,-46.8362027,832.243,0.039,0.040,3,131,140
1784771547346,2026-07-23T01:52:27.346Z,-23.6052711,-46.8362027,832.228,0.023,0.040,3,131,140
1784771547404,2026-07-23T01:52:27.404Z,-23.6052711,-46.8362028,832.237,0.062,0.040,3,131,140
1784771547462,2026-07-23T01:52:27.462Z,-23.6052711,-46.8362028,832.229,0.055,0.060,3,131,140
1784771547520,2026-07-23T01:52:27.520Z,-23.6052710,-46.8362028,832.229,0.052,0.060,3,131,140
1784771547577,2026-07-23T01:52:27.577Z,-23.6052709,-46.8362028,832.239,0.061,0.060,3,131,140
1784771547635,2026-07-23T01:52:27.635Z,-23.6052708,-46.8362029,832.243,0.130,0.060,3,131,140
1784771547693,2026-07-23T01:52:27.693Z,-23.6052706,-46.8362029,832.257,0.175,0.130,3,131,140
1784771547751,2026-07-23T01:52:27.751Z,-23.6052705,-46.8362029,832.266,0.181,0.180,3,131,140
1784771547808,2026-07-23T01:52:27.808Z,-23.6052705,-46.8362029,832.257,0.132,0.180,3,131,140
1784771547866,2026-07-23T01:52:27.866Z,-23.6052705,-46.8362029,832.249,0.098,0.130,3,131,140
1784771547924,2026-07-23T01:52:27.924Z,-23.6052705,-46.8362028,832.233,0.042,0.100,3,131,140
1784771547982,2026-07-23T01:52:27.982Z,-23.6052706,-46.8362028,832.223,0.023,0.040,3,131,140
1784771548040,2026-07-23T01:52:28.040Z,-23.6052707,-46.8362027,832.221,0.110,0.020,3,131,141
1784771548095,2026-07-23T01:52:28.095Z,-23.6052708,-46.8362027,832.219,0.147,0.110,3,131,141
1784771548150,2026-07-23T01:52:28.150Z,-23.6052709,-46.8362028,832.204,0.136,0.150,3,131,141
1784771548205,2026-07-23T01:52:28.205Z,-23.6052708,-46.8362029,832.206,0.107,0.140,3,131,141
1784771548260,2026-07-23T01:52:28.260Z,-23.6052707,-46.8362027,832.188,0.025,0.110,3,131,141
1784771548315,2026-07-23T01:52:28.315Z,-23.6052706,-46.8362027,832.192,0.044,0.030,3,131,141
1784771548370,2026-07-23T01:52:28.370Z,-23.6052706,-46.8362026,832.181,0.050,0.040,3,131,141
1784771548425,2026-07-23T01:52:28.425Z,-23.6052706,-46.8362025,832.171,0.072,0.050,3,131,141
1784771548480,2026-07-23T01:52:28.480Z,-23.6052705,-46.8362025,832.175,0.065,0.070,3,131,141
1784771548535,2026-07-23T01:52:28.535Z,-23.6052705,-46.8362026,832.181,0.066,0.070,3,131,141
1784771548590,2026-07-23T01:52:28.590Z,-23.6052705,-46.8362027,832.175,0.142,0.070,3,131,141
1784771548645,2026-07-23T01:52:28.645Z,-23.6052702,-46.8362029,832.169,0.274,0.140,3,131,141
1784771548700,2026-07-23T01:52:28.700Z,-23.6052701,-46.8362029,832.157,0.285,0.270,3,131,141
1784771548755,2026-07-23T01:52:28.755Z,-23.6052701,-46.8362029,832.146,0.193,0.280,3,131,141
1784771548810,2026-07-23T01:52:28.810Z,-23.6052700,-46.8362028,832.155,0.130,0.190,3,131,141
1784771548865,2026-07-23T01:52:28.865Z,-23.6052699,-46.8362028,832.147,0.151,0.130,3,131,141
1784771548920,2026-07-23T01:52:28.920Z,-23.6052697,-46.8362027,832.128,0.264,0.150,3,131,141
1784771548975,2026-07-23T01:52:28.975Z,-23.6052693,-46.8362028,832.113,0.469,0.260,3,131,141
1784771549030,2026-07-23T01:52:29.030Z,-23.6052690,-46.8362029,832.123,0.508,0.470,3,123,142
1784771549085,2026-07-23T01:52:29.085Z,-23.6052689,-46.8362030,832.108,0.440,0.510,3,123,142
1784771549140,2026-07-23T01:52:29.140Z,-23.6052688,-46.8362030,832.069,0.363,0.440,3,123,142
1784771549195,2026-07-23T01:52:29.195Z,-23.6052689,-46.8362030,832.052,0.244,0.360,3,123,142
1784771549250,2026-07-23T01:52:29.250Z,-23.6052689,-46.8362029,832.043,0.096,0.240,3,123,142
1784771549305,2026-07-23T01:52:29.305Z,-23.6052690,-46.8362028,832.058,0.027,0.100,3,123,142
1784771549360,2026-07-23T01:52:29.360Z,-23.6052690,-46.8362026,832.072,0.126,0.030,3,123,142
1784771549415,2026-07-23T01:52:29.415Z,-23.6052690,-46.8362026,832.089,0.080,0.130,3,123,142
1784771549470,2026-07-23T01:52:29.470Z,-23.6052691,-46.8362026,832.100,0.111,0.080,3,123,142
1784771549525,2026-07-23T01:52:29.525Z,-23.6052688,-46.8362027,832.116,0.069,0.110,3,123,142
1784771549580,2026-07-23T01:52:29.580Z,-23.6052689,-46.8362027,832.101,0.079,0.070,3,123,142
1784771549635,2026-07-23T01:52:29.635Z,-23.6052690,-46.8362026,832.066,0.060,0.080,3,123,142
1784771549690,2026-07-23T01:52:29.690Z,-23.6052690,-46.8362026,832.050,0.031,0.060,3,123,142
1784771549745,2026-07-23T01:52:29.745Z,-23.6052690,-46.8362026,832.070,0.073,0.040,3,123,142
1784771549800,2026-07-23T01:52:29.800Z,-23.6052690,-46.8362027,832.061,0.083,0.070,3,123,142
1784771549855,2026-07-23T01:52:29.855Z,-23.6052689,-46.8362027,832.049,0.035,0.080,3,123,142
1784771549910,2026-07-23T01:52:29.910Z,-23.6052688,-46.8362026,832.046,0.082,0.040,3,123,142
1784771549965,2026-07-23T01:52:29.965Z,-23.6052689,-46.8362025,832.032,0.076,0.080,3,123,142
1784771550020,2026-07-23T01:52:30.020Z,-23.6052688,-46.8362027,832.083,0.034,0.080,3,123,143
1784771550075,2026-07-23T01:52:30.075Z,-23.6052687,-46.8362028,832.095,0.020,0.030,3,123,143
1784771550130,2026-07-23T01:52:30.130Z,-23.6052687,-46.8362027,832.082,0.060,0.020,3,123,143
1784771550185,2026-07-23T01:52:30.185Z,-23.6052687,-46.8362028,832.057,0.023,0.060,3,123,143
1784771550240,2026-07-23T01:52:30.240Z,-23.6052685,-46.8362030,832.082,0.098,0.030,3,123,143
1784771550295,2026-07-23T01:52:30.295Z,-23.6052685,-46.8362030,832.057,0.053,0.100,3,123,143
1784771550350,2026-07-23T01:52:30.350Z,-23.6052684,-46.8362030,832.091,0.080,0.060,3,123,143
1784771550405,2026-07-23T01:52:30.405Z,-23.6052683,-46.8362031,832.075,0.057,0.080,3,123,143
1784771550460,2026-07-23T01:52:30.460Z,-23.6052684,-46.8362031,832.066,0.025,0.060,3,123,143
1784771550515,2026-07-23T01:52:30.515Z,-23.6052683,-46.8362032,832.073,0.063,0.030,3,123,143
1784771550570,2026-07-23T01:52:30.570Z,-23.6052683,-46.8362033,832.074,0.057,0.060,3,123,143
1784771550625,2026-07-23T01:52:30.625Z,-23.6052683,-46.8362033,832.041,0.050,0.060,3,123,143
1784771550680,2026-07-23T01:52:30.680Z,-23.6052682,-46.8362034,832.044,0.041,0.060,3,123,143
1784771550735,2026-07-23T01:52:30.735Z,-23.6052682,-46.8362034,832.040,0.063,0.050,3,123,143
1784771550790,2026-07-23T01:52:30.790Z,-23.6052682,-46.8362036,832.013,0.125,0.070,3,123,143
1784771550845,2026-07-23T01:52:30.845Z,-23.6052682,-46.8362036,832.018,0.067,0.130,3,123,143
1784771550900,2026-07-23T01:52:30.900Z,-23.6052681,-46.8362037,832.056,0.068,0.080,3,123,143
1784771550955,2026-07-23T01:52:30.955Z,-23.6052680,-46.8362036,832.049,0.044,0.070,3,123,143
1784771551010,2026-07-23T01:52:31.010Z,-23.6052679,-46.8362037,832.047,0.086,0.050,3,123,144
1784771551065,2026-07-23T01:52:31.065Z,-23.6052678,-46.8362036,832.026,0.056,0.090,3,123,144
1784771551120,2026-07-23T01:52:31.120Z,-23.6052679,-46.8362037,832.027,0.062,0.060,3,123,144
1784771551175,2026-07-23T01:52:31.175Z,-23.6052679,-46.8362037,832.020,0.054,0.070,3,123,144
1784771551230,2026-07-23T01:52:31.230Z,-23.6052679,-46.8362036,832.031,0.071,0.060,3,123,144
1784771551285,2026-07-23T01:52:31.285Z,-23.6052679,-46.8362036,832.034,0.107,0.070,3,123,144
1784771551340,2026-07-23T01:52:31.340Z,-23.6052679,-46.8362036,832.027,0.063,0.110,3,123,144
1784771551395,2026-07-23T01:52:31.395Z,-23.6052679,-46.8362036,832.028,0.091,0.070,3,123,144
1784771551450,2026-07-23T01:52:31.450Z,-23.6052678,-46.8362036,832.043,0.096,0.090,3,123,144
1784771551505,2026-07-23T01:52:31.505Z,-23.6052678,-46.8362036,832.041,0.057,0.100,3,123,144
1784771551560,2026-07-23T01:52:31.560Z,-23.6052679,-46.8362035,832.040,0.171,0.060,3,123,144
1784771551615,2026-07-23T01:52:31.615Z,-23.6052680,-46.8362035,832.040,0.155,0.170,3,123,144
1784771551670,2026-07-23T01:52:31.670Z,-23.6052681,-46.8362035,832.026,0.204,0.160,3,123,144
1784771551725,2026-07-23T01:52:31.725Z,-23.6052683,-46.8362035,832.031,0.297,0.200,3,123,144
1784771551780,2026-07-23T01:52:31.780Z,-23.6052685,-46.8362034,832.034,0.431,0.300,3,123,144
1784771551835,2026-07-23T01:52:31.835Z,-23.6052689,-46.8362032,831.995,0.547,0.430,3,123,144
1784771551890,2026-07-23T01:52:31.890Z,-23.6052691,-46.8362031,831.962,0.553,0.550,3,123,144
1784771551945,2026-07-23T01:52:31.945Z,-23.6052693,-46.8362029,831.935,0.526,0.560,3,123,144
1784771552000,2026-07-23T01:52:32.000Z,-23.6052693,-46.8362028,831.940,0.346,0.530,3,120,145
1784771552055,2026-07-23T01:52:32.055Z,-23.6052693,-46.8362029,831.941,0.194,0.350,3,120,145
1784771552110,2026-07-23T01:52:32.110Z,-23.6052692,-46.8362029,831.959,0.128,0.200,3,120,145
1784771552165,2026-07-23T01:52:32.165Z,-23.6052692,-46.8362029,831.972,0.139,0.140,3,120,145
1784771552220,2026-07-23T01:52:32.220Z,-23.6052693,-46.8362030,831.974,0.160,0.140,3,120,145
1784771552275,2026-07-23T01:52:32.275Z,-23.6052693,-46.8362031,831.982,0.128,0.170,3,120,145
1784771552330,2026-07-23T01:52:32.330Z,-23.6052692,-46.8362030,831.993,0.089,0.130,3,120,145
1784771552385,2026-07-23T01:52:32.385Z,-23.6052691,-46.8362030,832.007,0.087,0.100,3,120,145
1784771552440,2026-07-23T01:52:32.440Z,-23.6052690,-46.8362030,832.018,0.074,0.090,3,120,145
1784771552495,2026-07-23T01:52:32.495Z,-23.6052691,-46.8362031,832.014,0.056,0.080,3,120,145
1784771552550,2026-07-23T01:52:32.550Z,-23.6052690,-46.8362032,832.011,0.081,0.060,3,120,145
1784771552605,2026-07-23T01:52:32.605Z,-23.6052688,-46.8362031,832.023,0.105,0.090,3,120,145
1784771552660,2026-07-23T01:52:32.660Z,-23.6052688,-46.8362032,832.036,0.054,0.110,3,120,145
1784771552715,2026-07-23T01:52:32.715Z,-23.6052688,-46.8362032,832.057,0.017,0.060,3,120,145
1784771552770,2026-07-23T01:52:32.770Z,-23.6052688,-46.8362032,832.054,0.051,0.030,3,120,145
1784771552825,2026-07-23T01:52:32.825Z,-23.6052688,-46.8362031,832.061,0.042,0.060,3,120,145
1784771552880,2026-07-23T01:52:32.880Z,-23.6052687,-46.8362031,832.066,0.056,0.050,3,120,145
1784771552935,2026-07-23T01:52:32.935Z,-23.6052687,-46.8362031,832.077,0.062,0.070,3,120,145
1784771552990,2026-07-23T01:52:32.990Z,-23.6052686,-46.8362031,832.086,0.074,0.070,3,120,145
1784771553045,2026-07-23T01:52:33.045Z,-23.6052686,-46.8362031,832.102,0.054,0.080,3,120,146
1784771553100,2026-07-23T01:52:33.100Z,-23.6052685,-46.8362033,832.131,0.079,0.060,3,120,146
1784771553155,2026-07-23T01:52:33.155Z,-23.6052684,-46.8362034,832.143,0.123,0.080,3,120,146
1784771553210,2026-07-23T01:52:33.210Z,-23.6052682,-46.8362034,832.173,0.134,0.120,3,120,146
1784771553265,2026-07-23T01:52:33.265Z,-23.6052679,-46.8362035,832.197,0.318,0.130,3,120,146
1784771553320,2026-07-23T01:52:33.320Z,-23.6052675,-46.8362035,832.216,0.487,0.320,3,120,146
1784771553375,2026-07-23T01:52:33.375Z,-23.6052670,-46.8362037,832.239,0.655,0.490,3,120,146
1784771553430,2026-07-23T01:52:33.430Z,-23.6052666,-46.8362039,832.243,0.728,0.660,3,120,146
1784771553485,2026-07-23T01:52:33.485Z,-23.6052663,-46.8362042,832.223,0.696,0.730,3,120,146
1784771553540,2026-07-23T01:52:33.540Z,-23.6052663,-46.8362043,832.217,0.510,0.700,3,120,146
1784771553595,2026-07-23T01:52:33.595Z,-23.6052665,-46.8362043,832.205,0.258,0.510,3,120,146
1784771553650,2026-07-23T01:52:33.650Z,-23.6052666,-46.8362042,832.219,0.061,0.260,3,120,146
1784771553705,2026-07-23T01:52:33.705Z,-23.6052666,-46.8362043,832.223,0.084,0.060,3,120,146
1784771553760,2026-07-23T01:52:33.760Z,-23.6052665,-46.8362042,832.223,0.074,0.090,3,120,146
1784771553815,2026-07-23T01:52:33.815Z,-23.6052665,-46.8362042,832.211,0.037,0.070,3,120,146
1784771553870,2026-07-23T01:52:33.870Z,-23.6052665,-46.8362042,832.220,0.024,0.040,3,120,146
1784771553925,2026-07-23T01:52:33.925Z,-23.6052666,-46.8362042,832.227,0.088,0.020,3,120,146
1784771553980,2026-07-23T01:52:33.980Z,-23.6052665,-46.8362042,832.223,0.025,0.090,3,120,146
1784771554035,2026-07-23T01:52:34.035Z,-23.6052665,-46.8362042,832.238,0.021,0.020,3,120,147
1784771554090,2026-07-23T01:52:34.090Z,-23.6052665,-46.8362043,832.251,0.041,0.020,3,120,147
1784771554145,2026-07-23T01:52:34.145Z,-23.6052665,-46.8362043,832.249,0.052,0.050,3,120,147
1784771554200,2026-07-23T01:52:34.200Z,-23.6052665,-46.8362043,832.258,0.039,0.050,3,120,147
1784771554255,2026-07-23T01:52:34.255Z,-23.6052664,-46.8362044,832.258,0.015,0.040,3,120,147
1784771554310,2026-07-23T01:52:34.310Z,-23.6052663,-46.8362044,832.246,0.024,0.030,3,120,147
1784771554365,2026-07-23T01:52:34.365Z,-23.6052663,-46.8362044,832.240,0.028,0.030,3,120,147
1784771554420,2026-07-23T01:52:34.420Z,-23.6052662,-46.8362044,832.255,0.039,0.030,3,120,147
1784771554475,2026-07-23T01:52:34.475Z,-23.6052662,-46.8362044,832.246,0.054,0.040,3,120,147
1784771554530,2026-07-23T01:52:34.530Z,-23.6052662,-46.8362044,832.227,0.064,0.060,3,120,147
1784771554585,2026-07-23T01:52:34.585Z,-23.6052663,-46.8362043,832.212,0.095,0.060,3,120,147
1784771554640,2026-07-23T01:52:34.640Z,-23.6052662,-46.8362044,832.206,0.062,0.090,3,120,147
1784771554695,2026-07-23T01:52:34.695Z,-23.6052661,-46.8362045,832.224,0.020,0.060,3,120,147
1784771554750,2026-07-23T01:52:34.750Z,-23.6052659,-46.8362045,832.241,0.060,0.020,3,120,147
1784771554805,2026-07-23T01:52:34.805Z,-23.6052659,-46.8362045,832.252,0.056,0.060,3,120,147
1784771554860,2026-07-23T01:52:34.860Z,-23.6052657,-46.8362046,832.271,0.101,0.060,3,120,147
1784771554915,2026-07-23T01:52:34.915Z,-23.6052656,-46.8362048,832.287,0.111,0.100,3,120,147
1784771554970,2026-07-23T01:52:34.970Z,-23.6052655,-46.8362049,832.299,0.072,0.060,3,120,148
1784771555025,2026-07-23T01:52:35.025Z,-23.6052654,-46.8362049,832.310,0.058,0.080,3,120,148
1784771555080,2026-07-23T01:52:35.080Z,-23.6052653,-46.8362049,832.318,0.028,0.060,3,120,148
1784771555135,2026-07-23T01:52:35.135Z,-23.6052653,-46.8362049,832.318,0.025,0.040,3,120,148
1784771555190,2026-07-23T01:52:35.190Z,-23.6052653,-46.8362050,832.322,0.022,0.040,3,120,148
1784771555245,2026-07-23T01:52:35.245Z,-23.6052652,-46.8362050,832.324,0.007,0.030,3,120,148
1784771555300,2026-07-23T01:52:35.300Z,-23.6052652,-46.8362050,832.331,0.036,0.020,3,120,148
1784771555355,2026-07-23T01:52:35.355Z,-23.6052651,-46.8362051,832.334,0.049,0.040,3,120,148
1784771555410,2026-07-23T01:52:35.410Z,-23.6052650,-46.8362051,832.347,0.026,0.050,3,120,148
1784771555465,2026-07-23T01:52:35.465Z,-23.6052649,-46.8362052,832.341,0.013,0.040,3,120,148
1784771555520,2026-07-23T01:52:35.520Z,-23.6052650,-46.8362052,832.332,0.063,0.020,3,120,148
1784771555575,2026-07-23T01:52:35.575Z,-23.6052648,-46.8362053,832.347,0.052,0.060,3,120,148
1784771555630,2026-07-23T01:52:35.630Z,-23.6052646,-46.8362055,832.361,0.141,0.060,3,120,148
1784771555685,2026-07-23T01:52:35.685Z,-23.6052645,-46.8362056,832.340,0.134,0.140,3,120,148
1784771555740,2026-07-23T01:52:35.740Z,-23.6052644,-46.8362056,832.366,0.114,0.130,3,120,148
1784771555795,2026-07-23T01:52:35.795Z,-23.6052642,-46.8362057,832.382,0.143,0.120,3,120,148
1784771555850,2026-07-23T01:52:35.850Z,-23.6052642,-46.8362056,832.383,0.039,0.150,3,120,148
1784771555905,2026-07-23T01:52:35.905Z,-23.6052643,-46.8362057,832.381,0.086,0.040,3,120,148
1784771555960,2026-07-23T01:52:35.960Z,-23.6052642,-46.8362058,832.386,0.030,0.090,3,120,148
1784771556015,2026-07-23T01:52:36.015Z,-23.6052641,-46.8362058,832.401,0.030,0.040,3,120,149
1784771556076,2026-07-23T01:52:36.076Z,-23.6052641,-46.8362058,832.402,0.057,0.040,3,120,149
1784771556138,2026-07-23T01:52:36.138Z,-23.6052640,-46.8362058,832.415,0.062,0.060,3,120,149
1784771556200,2026-07-23T01:52:36.200Z,-23.6052639,-46.8362059,832.438,0.023,0.070,3,120,149
1784771556262,2026-07-23T01:52:36.262Z,-23.6052639,-46.8362060,832.448,0.048,0.050,3,120,149
1784771556324,2026-07-23T01:52:36.324Z,-23.6052639,-46.8362060,832.451,0.014,0.060,3,120,149
1784771556386,2026-07-23T01:52:36.386Z,-23.6052638,-46.8362061,832.477,0.019,0.040,3,120,149
1784771556448,2026-07-23T01:52:36.448Z,-23.6052638,-46.8362062,832.496,0.004,0.050,3,120,149
1784771556510,2026-07-23T01:52:36.510Z,-23.6052636,-46.8362063,832.518,0.105,0.060,3,120,149
1784771556571,2026-07-23T01:52:36.571Z,-23.6052635,-46.8362064,832.531,0.101,0.120,3,120,149
1784771556633,2026-07-23T01:52:36.633Z,-23.6052634,-46.8362066,832.539,0.136,0.120,3,120,149
1784771556695,2026-07-23T01:52:36.695Z,-23.6052633,-46.8362066,832.576,0.092,0.160,3,120,149
1784771556757,2026-07-23T01:52:36.757Z,-23.6052633,-46.8362065,832.553,0.060,0.130,3,120,149
1784771556819,2026-07-23T01:52:36.819Z,-23.6052634,-46.8362065,832.527,0.014,0.100,3,120,149
1784771556881,2026-07-23T01:52:36.881Z,-23.6052633,-46.8362065,832.538,0.007,0.050,3,120,149
1784771556943,2026-07-23T01:52:36.943Z,-23.6052632,-46.8362065,832.534,0.034,0.050,3,120,149
1784771557005,2026-07-23T01:52:37.005Z,-23.6052631,-46.8362066,832.525,0.032,0.060,3,120,150
1784771557057,2026-07-23T01:52:37.057Z,-23.6052630,-46.8362067,832.535,0.061,0.050,3,120,150
1784771557109,2026-07-23T01:52:37.109Z,-23.6052629,-46.8362067,832.560,0.075,0.070,3,120,150
1784771557162,2026-07-23T01:52:37.162Z,-23.6052629,-46.8362068,832.581,0.033,0.090,3,120,150
1784771557214,2026-07-23T01:52:37.214Z,-23.6052627,-46.8362069,832.582,0.054,0.070,3,120,150
1784771557266,2026-07-23T01:52:37.266Z,-23.6052627,-46.8362069,832.583,0.036,0.080,3,120,150
1784771557319,2026-07-23T01:52:37.319Z,-23.6052626,-46.8362069,832.591,0.021,0.060,3,120,150
1784771557371,2026-07-23T01:52:37.371Z,-23.6052626,-46.8362070,832.599,0.015,0.060,3,120,150
1784771557423,2026-07-23T01:52:37.423Z,-23.6052625,-46.8362071,832.605,0.030,0.050,3,120,150
1784771557476,2026-07-23T01:52:37.476Z,-23.6052625,-46.8362071,832.599,0.004,0.060,3,120,150
1784771557528,2026-07-23T01:52:37.528Z,-23.6052625,-46.8362072,832.600,0.056,0.040,3,120,150
1784771557581,2026-07-23T01:52:37.581Z,-23.6052624,-46.8362072,832.619,0.017,0.060,3,120,150
1784771557633,2026-07-23T01:52:37.633Z,-23.6052623,-46.8362072,832.631,0.040,0.040,3,120,150
1784771557685,2026-07-23T01:52:37.685Z,-23.6052623,-46.8362073,832.631,0.008,0.060,3,120,150
1784771557738,2026-07-23T01:52:37.738Z,-23.6052622,-46.8362074,832.658,0.021,0.040,3,120,150
1784771557790,2026-07-23T01:52:37.790Z,-23.6052622,-46.8362074,832.656,0.062,0.050,3,120,150
1784771557842,2026-07-23T01:52:37.842Z,-23.6052621,-46.8362074,832.675,0.027,0.070,3,120,150
1784771557895,2026-07-23T01:52:37.895Z,-23.6052620,-46.8362075,832.677,0.012,0.050,3,120,150
1784771557947,2026-07-23T01:52:37.947Z,-23.6052620,-46.8362076,832.683,0.024,0.040,3,120,150
1784771558000,2026-07-23T01:52:38.000Z,-23.6052619,-46.8362077,832.690,0.051,0.040,3,120,151
1784771558057,2026-07-23T01:52:38.057Z,-23.6052619,-46.8362077,832.706,0.057,0.060,3,120,151
1784771558115,2026-07-23T01:52:38.115Z,-23.6052619,-46.8362078,832.705,0.048,0.070,3,120,151
1784771558173,2026-07-23T01:52:38.173Z,-23.6052618,-46.8362078,832.715,0.025,0.060,3,120,151
1784771558231,2026-07-23T01:52:38.231Z,-23.6052618,-46.8362078,832.714,0.029,0.040,3,120,151
1784771558288,2026-07-23T01:52:38.288Z,-23.6052617,-46.8362079,832.722,0.005,0.040,3,120,151
1784771558346,2026-07-23T01:52:38.346Z,-23.6052617,-46.8362079,832.731,0.009,0.030,3,120,151
1784771558404,2026-07-23T01:52:38.404Z,-23.6052616,-46.8362080,832.726,0.028,0.040,3,120,151
1784771558462,2026-07-23T01:52:38.462Z,-23.6052616,-46.8362080,832.723,0.029,0.040,3,120,151
1784771558520,2026-07-23T01:52:38.520Z,-23.6052615,-46.8362080,832.726,0.027,0.040,3,120,151
1784771558577,2026-07-23T01:52:38.577Z,-23.6052615,-46.8362079,832.721,0.042,0.040,3,120,151
1784771558635,2026-07-23T01:52:38.635Z,-23.6052615,-46.8362079,832.712,0.032,0.050,3,120,151
1784771558693,2026-07-23T01:52:38.693Z,-23.6052614,-46.8362079,832.708,0.056,0.040,3,120,151
1784771558751,2026-07-23T01:52:38.751Z,-23.6052614,-46.8362080,832.710,0.038,0.060,3,120,151
1784771558808,2026-07-23T01:52:38.808Z,-23.6052614,-46.8362080,832.716,0.035,0.040,3,120,151
1784771558866,2026-07-23T01:52:38.866Z,-23.6052614,-46.8362081,832.722,0.023,0.040,3,120,151
1784771558924,2026-07-23T01:52:38.924Z,-23.6052613,-46.8362083,832.736,0.067,0.030,3,120,151
1784771558982,2026-07-23T01:52:38.982Z,-23.6052613,-46.8362082,832.742,0.028,0.070,3,120,151
1784771559040,2026-07-23T01:52:39.040Z,-23.6052612,-46.8362082,832.736,0.034,0.030,3,120,152
1784771559095,2026-07-23T01:52:39.095Z,-23.6052612,-46.8362082,832.729,0.003,0.040,3,120,152
1784771559150,2026-07-23T01:52:39.150Z,-23.6052612,-46.8362083,832.728,0.053,0.010,3,120,152
1784771559205,2026-07-23T01:52:39.205Z,-23.6052612,-46.8362084,832.733,0.037,0.050,3,120,152
1784771559260,2026-07-23T01:52:39.260Z,-23.6052612,-46.8362084,832.740,0.021,0.040,3,120,152
1784771559315,2026-07-23T01:52:39.315Z,-23.6052612,-46.8362083,832.727,0.007,0.020,3,120,152
1784771559370,2026-07-23T01:52:39.370Z,-23.6052612,-46.8362084,832.724,0.013,0.010,3,120,152
1784771559425,2026-07-23T01:52:39.425Z,-23.6052611,-46.8362084,832.729,0.029,0.010,3,120,152
1784771559480,2026-07-23T01:52:39.480Z,-23.6052611,-46.8362084,832.716,0.002,0.030,3,120,152
1784771559535,2026-07-23T01:52:39.535Z,-23.6052611,-46.8362083,832.717,0.015,0.010,3,120,152
1784771559590,2026-07-23T01:52:39.590Z,-23.6052611,-46.8362083,832.737,0.042,0.020,3,120,152
1784771559645,2026-07-23T01:52:39.645Z,-23.6052612,-46.8362084,832.756,0.045,0.040,3,120,152
1784771559700,2026-07-23T01:52:39.700Z,-23.6052612,-46.8362083,832.757,0.039,0.050,3,120,152
1784771559755,2026-07-23T01:52:39.755Z,-23.6052611,-46.8362084,832.756,0.034,0.040,3,120,152
1784771559810,2026-07-23T01:52:39.810Z,-23.6052611,-46.8362084,832.788,0.024,0.030,3,120,152
1784771559865,2026-07-23T01:52:39.865Z,-23.6052611,-46.8362084,832.769,0.009,0.040,3,120,152
1784771559920,2026-07-23T01:52:39.920Z,-23.6052611,-46.8362085,832.773,0.076,0.010,3,120,152
1784771559975,2026-07-23T01:52:39.975Z,-23.6052611,-46.8362085,832.778,0.051,0.080,3,120,152
1784771560030,2026-07-23T01:52:40.030Z,-23.6052611,-46.8362085,832.791,0.029,0.050,3,120,153
1784771560085,2026-07-23T01:52:40.085Z,-23.6052610,-46.8362086,832.799,0.016,0.030,3,120,153
1784771560140,2026-07-23T01:52:40.140Z,-23.6052612,-46.8362086,832.806,0.100,0.020,3,120,153
1784771560195,2026-07-23T01:52:40.195Z,-23.6052611,-46.8362086,832.802,0.024,0.100,3,120,153
1784771560250,2026-07-23T01:52:40.250Z,-23.6052611,-46.8362086,832.808,0.020,0.030,3,120,153
1784771560305,2026-07-23T01:52:40.305Z,-23.6052611,-46.8362086,832.814,0.030,0.020,3,120,153
1784771560360,2026-07-23T01:52:40.360Z,-23.6052612,-46.8362087,832.822,0.052,0.030,3,120,153
1784771560415,2026-07-23T01:52:40.415Z,-23.6052612,-46.8362087,832.821,0.046,0.050,3,120,153
1784771560470,2026-07-23T01:52:40.470Z,-23.6052612,-46.8362087,832.817,0.041,0.050,3,120,153
1784771560525,2026-07-23T01:52:40.525Z,-23.6052611,-46.8362086,832.796,0.029,0.040,3,120,153
1784771560580,2026-07-23T01:52:40.580Z,-23.6052611,-46.8362086,832.787,0.043,0.030,3,120,153
1784771560635,2026-07-23T01:52:40.635Z,-23.6052611,-46.8362086,832.790,0.018,0.040,3,120,153
1784771560690,2026-07-23T01:52:40.690Z,-23.6052611,-46.8362086,832.808,0.011,0.020,3,120,153
1784771560745,2026-07-23T01:52:40.745Z,-23.6052611,-46.8362087,832.790,0.068,0.020,3,120,153
1784771560800,2026-07-23T01:52:40.800Z,-23.6052611,-46.8362087,832.795,0.049,0.070,3,120,153
1784771560855,2026-07-23T01:52:40.855Z,-23.6052611,-46.8362088,832.802,0.042,0.050,3,120,153
1784771560910,2026-07-23T01:52:40.910Z,-23.6052611,-46.8362088,832.800,0.025,0.040,3,120,153
1784771560965,2026-07-23T01:52:40.965Z,-23.6052611,-46.8362088,832.810,0.056,0.030,3,120,153
1784771561020,2026-07-23T01:52:41.020Z,-23.6052611,-46.8362088,832.808,0.032,0.060,3,120,154
1784771561072,2026-07-23T01:52:41.072Z,-23.6052611,-46.8362087,832.804,0.023,0.030,3,120,154
1784771561124,2026-07-23T01:52:41.124Z,-23.6052611,-46.8362088,832.816,0.049,0.020,3,120,154
1784771561176,2026-07-23T01:52:41.176Z,-23.6052611,-46.8362089,832.832,0.037,0.050,3,120,154
1784771561228,2026-07-23T01:52:41.228Z,-23.6052611,-46.8362088,832.823,0.015,0.040,3,120,154
1784771561280,2026-07-23T01:52:41.280Z,-23.6052612,-46.8362087,832.807,0.022,0.020,3,120,154
1784771561332,2026-07-23T01:52:41.332Z,-23.6052612,-46.8362088,832.830,0.038,0.020,3,120,154
1784771561384,2026-07-23T01:52:41.384Z,-23.6052612,-46.8362088,832.833,0.040,0.040,3,120,154
1784771561436,2026-07-23T01:52:41.436Z,-23.6052612,-46.8362089,832.845,0.051,0.040,3,120,154
1784771561488,2026-07-23T01:52:41.488Z,-23.6052612,-46.8362088,832.849,0.045,0.050,3,120,154
1784771561541,2026-07-23T01:52:41.541Z,-23.6052612,-46.8362088,832.843,0.043,0.050,3,120,154
1784771561593,2026-07-23T01:52:41.593Z,-23.6052612,-46.8362088,832.848,0.027,0.040,3,120,154
1784771561645,2026-07-23T01:52:41.645Z,-23.6052612,-46.8362089,832.859,0.037,0.030,3,120,154
1784771561697,2026-07-23T01:52:41.697Z,-23.6052612,-46.8362088,832.866,0.020,0.040,3,120,154
1784771561749,2026-07-23T01:52:41.749Z,-23.6052611,-46.8362089,832.868,0.036,0.020,3,120,154
1784771561801,2026-07-23T01:52:41.801Z,-23.6052611,-46.8362089,832.876,0.077,0.040,3,120,154
1784771561853,2026-07-23T01:52:41.853Z,-23.6052611,-46.8362089,832.871,0.039,0.080,3,120,154
1784771561905,2026-07-23T01:52:41.905Z,-23.6052611,-46.8362089,832.874,0.015,0.040,3,120,154
1784771561957,2026-07-23T01:52:41.957Z,-23.6052612,-46.8362089,832.883,0.035,0.020,3,120,154
1784771562010,2026-07-23T01:52:42.010Z,-23.6052612,-46.8362089,832.907,0.029,0.030,3,120,155
1784771562065,2026-07-23T01:52:42.065Z,-23.6052612,-46.8362090,832.931,0.035,0.030,3,120,155
1784771562120,2026-07-23T01:52:42.120Z,-23.6052611,-46.8362089,832.933,0.034,0.040,3,120,155
1784771562175,2026-07-23T01:52:42.175Z,-23.6052612,-46.8362089,832.950,0.048,0.040,3,120,155
1784771562230,2026-07-23T01:52:42.230Z,-23.6052612,-46.8362090,832.951,0.026,0.050,3,120,155
1784771562285,2026-07-23T01:52:42.285Z,-23.6052612,-46.8362090,832.939,0.026,0.030,3,120,155
1784771562340,2026-07-23T01:52:42.340Z,-23.6052612,-46.8362090,832.941,0.034,0.030,3,120,155
1784771562395,2026-07-23T01:52:42.395Z,-23.6052611,-46.8362091,832.972,0.036,0.040,3,120,155
1784771562450,2026-07-23T01:52:42.450Z,-23.6052612,-46.8362092,832.987,0.044,0.040,3,120,155
1784771562505,2026-07-23T01:52:42.505Z,-23.6052612,-46.8362092,832.983,0.033,0.040,3,120,155
1784771562560,2026-07-23T01:52:42.560Z,-23.6052612,-46.8362093,833.000,0.054,0.030,3,120,155
1784771562615,2026-07-23T01:52:42.615Z,-23.6052612,-46.8362093,833.005,0.027,0.050,3,120,155
1784771562670,2026-07-23T01:52:42.670Z,-23.6052612,-46.8362093,833.008,0.013,0.030,3,120,155
1784771562725,2026-07-23T01:52:42.725Z,-23.6052611,-46.8362092,833.005,0.062,0.010,3,120,155
1784771562780,2026-07-23T01:52:42.780Z,-23.6052611,-46.8362093,833.017,0.029,0.060,3,120,155
1784771562835,2026-07-23T01:52:42.835Z,-23.6052611,-46.8362093,833.025,0.019,0.030,3,120,155
1784771562890,2026-07-23T01:52:42.890Z,-23.6052612,-46.8362093,833.038,0.057,0.020,3,120,155
1784771562945,2026-07-23T01:52:42.945Z,-23.6052612,-46.8362093,833.039,0.042,0.060,3,120,155
1784771563000,2026-07-23T01:52:43.000Z,-23.6052612,-46.8362093,833.049,0.067,0.040,3,120,156
1784771563061,2026-07-23T01:52:43.061Z,-23.6052613,-46.8362092,833.047,0.073,0.070,3,120,156
1784771563122,2026-07-23T01:52:43.122Z,-23.6052613,-46.8362091,833.049,0.110,0.070,3,120,156
1784771563184,2026-07-23T01:52:43.184Z,-23.6052614,-46.8362091,833.061,0.150,0.110,3,120,156
1784771563245,2026-07-23T01:52:43.245Z,-23.6052615,-46.8362088,833.052,0.194,0.150,3,120,156
1784771563307,2026-07-23T01:52:43.307Z,-23.6052615,-46.8362087,833.054,0.226,0.190,3,120,156
1784771563368,2026-07-23T01:52:43.368Z,-23.6052616,-46.8362087,833.067,0.178,0.230,3,120,156
1784771563430,2026-07-23T01:52:43.430Z,-23.6052616,-46.8362088,833.065,0.081,0.180,3,120,156
1784771563491,2026-07-23T01:52:43.491Z,-23.6052616,-46.8362088,833.075,0.076,0.080,3,120,156
1784771563553,2026-07-23T01:52:43.553Z,-23.6052615,-46.8362087,833.067,0.059,0.080,3,120,156
1784771563614,2026-07-23T01:52:43.614Z,-23.6052616,-46.8362087,833.083,0.043,0.060,3,120,156
1784771563676,2026-07-23T01:52:43.676Z,-23.6052617,-46.8362088,833.099,0.095,0.040,3,120,156
1784771563737,2026-07-23T01:52:43.737Z,-23.6052618,-46.8362088,833.102,0.068,0.090,3,120,156
1784771563799,2026-07-23T01:52:43.799Z,-23.6052618,-46.8362088,833.103,0.061,0.070,3,120,156
1784771563860,2026-07-23T01:52:43.860Z,-23.6052617,-46.8362088,833.086,0.056,0.060,3,120,156
1784771563922,2026-07-23T01:52:43.922Z,-23.6052617,-46.8362086,833.082,0.042,0.060,3,120,156
1784771563983,2026-07-23T01:52:43.983Z,-23.6052617,-46.8362086,833.081,0.048,0.050,3,120,156
1784771564045,2026-07-23T01:52:44.045Z,-23.6052618,-46.8362087,833.084,0.043,0.050,3,120,157
1784771564103,2026-07-23T01:52:44.103Z,-23.6052617,-46.8362087,833.094,0.055,0.050,3,120,157
1784771564161,2026-07-23T01:52:44.161Z,-23.6052617,-46.8362087,833.100,0.039,0.060,3,120,157
1784771564219,2026-07-23T01:52:44.219Z,-23.6052617,-46.8362087,833.099,0.028,0.040,3,120,157
1784771564277,2026-07-23T01:52:44.277Z,-23.6052617,-46.8362087,833.099,0.039,0.030,3,120,157
1784771564336,2026-07-23T01:52:44.336Z,-23.6052616,-46.8362088,833.095,0.105,0.040,3,120,157
1784771564394,2026-07-23T01:52:44.394Z,-23.6052615,-46.8362088,833.101,0.140,0.110,3,120,157
1784771564452,2026-07-23T01:52:44.452Z,-23.6052616,-46.8362090,833.128,0.116,0.140,3,120,157
1784771564510,2026-07-23T01:52:44.510Z,-23.6052616,-46.8362088,833.132,0.033,0.120,3,120,157
1784771564569,2026-07-23T01:52:44.569Z,-23.6052615,-46.8362087,833.126,0.081,0.040,3,120,157
1784771564627,2026-07-23T01:52:44.627Z,-23.6052616,-46.8362087,833.120,0.044,0.080,3,120,157
1784771564685,2026-07-23T01:52:44.685Z,-23.6052615,-46.8362087,833.138,0.036,0.040,3,120,157
1784771564743,2026-07-23T01:52:44.743Z,-23.6052616,-46.8362087,833.141,0.015,0.040,3,120,157
1784771564802,2026-07-23T01:52:44.802Z,-23.6052616,-46.8362086,833.121,0.012,0.020,3,120,157
1784771564860,2026-07-23T01:52:44.860Z,-23.6052616,-46.8362085,833.120,0.010,0.010,3,120,157
1784771564918,2026-07-23T01:52:44.918Z,-23.6052616,-46.8362085,833.110,0.026,0.010,3,120,157
1784771564976,2026-07-23T01:52:44.976Z,-23.6052616,-46.8362085,833.107,0.017,0.030,3,120,157
1784771565035,2026-07-23T01:52:45.035Z,-23.6052616,-46.8362084,833.107,0.034,0.020,3,120,158
1784771565090,2026-07-23T01:52:45.090Z,-23.6052616,-46.8362084,833.113,0.052,0.030,3,120,158
1784771565145,2026-07-23T01:52:45.145Z,-23.6052616,-46.8362084,833.124,0.049,0.050,3,120,158
1784771565200,2026-07-23T01:52:45.200Z,-23.6052615,-46.8362083,833.116,0.087,0.050,3,120,158
1784771565255,2026-07-23T01:52:45.255Z,-23.6052615,-46.8362082,833.114,0.085,0.090,3,120,158
1784771565310,2026-07-23T01:52:45.310Z,-23.6052616,-46.8362082,833.110,0.016,0.080,3,120,158
1784771565365,2026-07-23T01:52:45.365Z,-23.6052617,-46.8362082,833.103,0.077,0.020,3,120,158
1784771565420,2026-07-23T01:52:45.420Z,-23.6052616,-46.8362081,833.095,0.072,0.080,3,120,158
1784771565475,2026-07-23T01:52:45.475Z,-23.6052616,-46.8362080,833.084,0.047,0.070,3,120,158
1784771565530,2026-07-23T01:52:45.530Z,-23.6052616,-46.8362080,833.099,0.021,0.050,3,120,158
1784771565585,2026-07-23T01:52:45.585Z,-23.6052617,-46.8362080,833.095,0.083,0.020,3,120,158
1784771565640,2026-07-23T01:52:45.640Z,-23.6052617,-46.8362079,833.091,0.025,0.080,3,120,158
1784771565695,2026-07-23T01:52:45.695Z,-23.6052617,-46.8362078,833.082,0.042,0.030,3,120,158
1784771565750,2026-07-23T01:52:45.750Z,-23.6052617,-46.8362078,833.077,0.019,0.040,3,120,158
1784771565805,2026-07-23T01:52:45.805Z,-23.6052618,-46.8362077,833.068,0.040,0.020,3,120,158
1784771565860,2026-07-23T01:52:45.860Z,-23.6052618,-46.8362076,833.083,0.026,0.040,3,120,158
1784771565915,2026-07-23T01:52:45.915Z,-23.6052618,-46.8362076,833.095,0.027,0.030,3,120,158
1784771565970,2026-07-23T01:52:45.970Z,-23.6052618,-46.8362075,833.085,0.005,0.030,3,120,158
1784771566025,2026-07-23T01:52:46.025Z,-23.6052617,-46.8362075,833.087,0.055,0.010,3,120,159
1784771566080,2026-07-23T01:52:46.080Z,-23.6052618,-46.8362075,833.084,0.028,0.060,3,120,159
1784771566135,2026-07-23T01:52:46.135Z,-23.6052618,-46.8362075,833.078,0.052,0.030,3,120,159
1784771566190,2026-07-23T01:52:46.190Z,-23.6052618,-46.8362075,833.087,0.038,0.050,3,120,159
1784771566245,2026-07-23T01:52:46.245Z,-23.6052618,-46.8362075,833.078,0.040,0.040,3,120,159
1784771566300,2026-07-23T01:52:46.300Z,-23.6052619,-46.8362075,833.072,0.098,0.040,3,120,159
1784771566355,2026-07-23T01:52:46.355Z,-23.6052618,-46.8362072,833.064,0.126,0.100,3,120,159
1784771566410,2026-07-23T01:52:46.410Z,-23.6052618,-46.8362072,833.069,0.087,0.130,3,120,159
1784771566465,2026-07-23T01:52:46.465Z,-23.6052619,-46.8362073,833.067,0.021,0.090,3,120,159
1784771566520,2026-07-23T01:52:46.520Z,-23.6052618,-46.8362073,833.064,0.073,0.020,3,120,159
1784771566575,2026-07-23T01:52:46.575Z,-23.6052618,-46.8362075,833.084,0.145,0.070,3,120,159
1784771566630,2026-07-23T01:52:46.630Z,-23.6052619,-46.8362074,833.072,0.067,0.150,3,120,159
1784771566685,2026-07-23T01:52:46.685Z,-23.6052619,-46.8362071,833.040,0.131,0.070,3,120,159
1784771566740,2026-07-23T01:52:46.740Z,-23.6052619,-46.8362070,833.036,0.079,0.130,3,120,159
1784771566795,2026-07-23T01:52:46.795Z,-23.6052620,-46.8362071,833.043,0.038,0.080,3,120,159
1784771566850,2026-07-23T01:52:46.850Z,-23.6052619,-46.8362069,833.042,0.051,0.040,3,120,159
1784771566905,2026-07-23T01:52:46.905Z,-23.6052620,-46.8362068,833.038,0.102,0.050,3,120,159
1784771566960,2026-07-23T01:52:46.960Z,-23.6052620,-46.8362068,833.040,0.035,0.100,3,120,159
1784771567015,2026-07-23T01:52:47.015Z,-23.6052620,-46.8362068,833.035,0.031,0.040,3,120,159
1784771567070,2026-07-23T01:52:47.070Z,-23.6052620,-46.8362067,833.034,0.050,0.030,3,120,160
1784771567128,2026-07-23T01:52:47.128Z,-23.6052620,-46.8362067,833.060,0.012,0.050,3,120,160
1784771567186,2026-07-23T01:52:47.186Z,-23.6052620,-46.8362066,833.044,0.028,0.020,3,120,160
1784771567245,2026-07-23T01:52:47.245Z,-23.6052620,-46.8362065,833.039,0.058,0.030,3,120,160
1784771567303,2026-07-23T01:52:47.303Z,-23.6052620,-46.8362065,833.043,0.050,0.060,3,120,160
1784771567362,2026-07-23T01:52:47.362Z,-23.6052620,-46.8362065,833.043,0.011,0.050,3,120,160
1784771567420,2026-07-23T01:52:47.420Z,-23.6052620,-46.8362065,833.040,0.027,0.010,3,120,160
1784771567479,2026-07-23T01:52:47.479Z,-23.6052620,-46.8362065,833.050,0.060,0.030,3,120,160
1784771567537,2026-07-23T01:52:47.537Z,-23.6052619,-46.8362065,833.050,0.037,0.060,3,120,160
1784771567595,2026-07-23T01:52:47.595Z,-23.6052618,-46.8362063,833.052,0.076,0.040,3,120,160
1784771567654,2026-07-23T01:52:47.654Z,-23.6052618,-46.8362063,833.054,0.037,0.080,3,120,160
1784771567712,2026-07-23T01:52:47.712Z,-23.6052618,-46.8362062,833.044,0.050,0.040,3,120,160
1784771567771,2026-07-23T01:52:47.771Z,-23.6052617,-46.8362062,833.053,0.072,0.050,3,120,160
1784771567829,2026-07-23T01:52:47.829Z,-23.6052617,-46.8362062,833.058,0.030,0.070,3,120,160
1784771567888,2026-07-23T01:52:47.888Z,-23.6052617,-46.8362061,833.034,0.055,0.030,3,120,160
1784771567946,2026-07-23T01:52:47.946Z,-23.6052617,-46.8362061,833.040,0.024,0.060,3,120,160
1784771568005,2026-07-23T01:52:48.005Z,-23.6052617,-46.8362060,833.034,0.052,0.020,3,120,161
1784771568057,2026-07-23T01:52:48.057Z,-23.6052616,-46.8362060,833.060,0.077,0.050,3,120,161
1784771568109,2026-07-23T01:52:48.109Z,-23.6052614,-46.8362058,833.045,0.217,0.080,3,120,161
1784771568161,2026-07-23T01:52:48.161Z,-23.6052614,-46.8362056,833.050,0.197,0.220,3,120,161
1784771568214,2026-07-23T01:52:48.214Z,-23.6052614,-46.8362055,833.036,0.161,0.200,3,120,161
1784771568266,2026-07-23T01:52:48.266Z,-23.6052614,-46.8362056,833.032,0.074,0.160,3,120,161
1784771568318,2026-07-23T01:52:48.318Z,-23.6052614,-46.8362056,833.045,0.073,0.070,3,120,161
1784771568370,2026-07-23T01:52:48.370Z,-23.6052614,-46.8362055,833.037,0.073,0.070,3,120,161
1784771568423,2026-07-23T01:52:48.423Z,-23.6052614,-46.8362056,833.046,0.010,0.070,3,120,161
1784771568475,2026-07-23T01:52:48.475Z,-23.6052615,-46.8362056,833.033,0.073,0.010,3,120,161
1784771568527,2026-07-23T01:52:48.527Z,-23.6052616,-46.8362056,833.014,0.075,0.070,3,120,161
1784771568579,2026-07-23T01:52:48.579Z,-23.6052616,-46.8362056,833.028,0.053,0.080,3,120,161
1784771568632,2026-07-23T01:52:48.632Z,-23.6052616,-46.8362056,833.026,0.073,0.050,3,120,161
1784771568684,2026-07-23T01:52:48.684Z,-23.6052617,-46.8362055,833.015,0.046,0.070,3,120,161
1784771568736,2026-07-23T01:52:48.736Z,-23.6052618,-46.8362055,832.979,0.075,0.050,3,120,161
1784771568788,2026-07-23T01:52:48.788Z,-23.6052618,-46.8362056,832.964,0.093,0.080,3,120,161
1784771568841,2026-07-23T01:52:48.841Z,-23.6052618,-46.8362055,832.965,0.025,0.100,3,120,161
1784771568893,2026-07-23T01:52:48.893Z,-23.6052619,-46.8362056,832.958,0.084,0.040,3,120,161
1784771568945,2026-07-23T01:52:48.945Z,-23.6052620,-46.8362057,832.928,0.154,0.090,3,120,161
1784771568997,2026-07-23T01:52:48.997Z,-23.6052621,-46.8362058,832.906,0.166,0.160,3,120,161
1784771569050,2026-07-23T01:52:49.050Z,-23.6052622,-46.8362059,832.891,0.178,0.180,3,120,162
1784771569108,2026-07-23T01:52:49.108Z,-23.6052623,-46.8362060,832.874,0.197,0.190,3,120,162
1784771569166,2026-07-23T01:52:49.166Z,-23.6052624,-46.8362061,832.851,0.191,0.210,3,120,162
1784771569225,2026-07-23T01:52:49.225Z,-23.6052625,-46.8362060,832.831,0.153,0.210,3,120,162
1784771569283,2026-07-23T01:52:49.283Z,-23.6052626,-46.8362060,832.820,0.111,0.180,3,120,162
1784771569342,2026-07-23T01:52:49.342Z,-23.6052626,-46.8362061,832.831,0.107,0.150,3,120,162
1784771569400,2026-07-23T01:52:49.400Z,-23.6052627,-46.8362060,832.828,0.068,0.140,3,120,162
1784771569459,2026-07-23T01:52:49.459Z,-23.6052628,-46.8362060,832.815,0.084,0.110,3,120,162
1784771569517,2026-07-23T01:52:49.517Z,-23.6052628,-46.8362060,832.820,0.052,0.120,3,120,162
1784771569575,2026-07-23T01:52:49.575Z,-23.6052628,-46.8362060,832.812,0.026,0.100,3,120,162
1784771569634,2026-07-23T01:52:49.634Z,-23.6052629,-46.8362059,832.808,0.052,0.090,3,120,162
1784771569692,2026-07-23T01:52:49.692Z,-23.6052629,-46.8362058,832.803,0.074,0.100,3,120,162
1784771569751,2026-07-23T01:52:49.751Z,-23.6052630,-46.8362058,832.798,0.048,0.110,3,120,162
1784771569809,2026-07-23T01:52:49.809Z,-23.6052631,-46.8362059,832.804,0.087,0.100,3,120,162
1784771569868,2026-07-23T01:52:49.868Z,-23.6052631,-46.8362058,832.788,0.039,0.110,3,120,162
1784771569926,2026-07-23T01:52:49.926Z,-23.6052632,-46.8362057,832.779,0.051,0.090,3,120,162
1784771569985,2026-07-23T01:52:49.985Z,-23.6052631,-46.8362057,832.789,0.081,0.090,3,120,163
1784771570043,2026-07-23T01:52:50.043Z,-23.6052631,-46.8362056,832.796,0.125,0.110,3,120,163
1784771570101,2026-07-23T01:52:50.101Z,-23.6052631,-46.8362056,832.785,0.086,0.140,3,120,163
1784771570159,2026-07-23T01:52:50.159Z,-23.6052632,-46.8362056,832.796,0.010,0.110,3,120,163
1784771570217,2026-07-23T01:52:50.217Z,-23.6052632,-46.8362056,832.788,0.078,0.060,3,120,163
1784771570275,2026-07-23T01:52:50.275Z,-23.6052633,-46.8362056,832.772,0.012,0.100,3,120,163
1784771570333,2026-07-23T01:52:50.333Z,-23.6052632,-46.8362057,832.806,0.054,0.080,3,120,163
1784771570391,2026-07-23T01:52:50.391Z,-23.6052632,-46.8362057,832.812,0.082,0.070,3,120,163
1784771570449,2026-07-23T01:52:50.449Z,-23.6052632,-46.8362057,832.803,0.069,0.090,3,120,163
1784771570507,2026-07-23T01:52:50.507Z,-23.6052633,-46.8362056,832.790,0.014,0.090,3,120,163
1784771570565,2026-07-23T01:52:50.565Z,-23.6052633,-46.8362058,832.805,0.070,0.060,3,120,163
1784771570623,2026-07-23T01:52:50.623Z,-23.6052633,-46.8362056,832.790,0.034,0.090,3,120,163
1784771570681,2026-07-23T01:52:50.681Z,-23.6052633,-46.8362057,832.803,0.023,0.070,3,120,163
1784771570739,2026-07-23T01:52:50.739Z,-23.6052633,-46.8362058,832.825,0.075,0.050,3,120,163
1784771570797,2026-07-23T01:52:50.797Z,-23.6052633,-46.8362058,832.833,0.020,0.080,3,120,163
1784771570855,2026-07-23T01:52:50.855Z,-23.6052633,-46.8362057,832.822,0.078,0.040,3,120,163
1784771570913,2026-07-23T01:52:50.913Z,-23.6052633,-46.8362056,832.812,0.080,0.090,3,120,163
1784771570971,2026-07-23T01:52:50.971Z,-23.6052633,-46.8362057,832.837,0.042,0.090,3,120,163
1784771571030,2026-07-23T01:52:51.030Z,-23.6052633,-46.8362058,832.860,0.038,0.050,3,123,164
1784771571082,2026-07-23T01:52:51.082Z,-23.6052634,-46.8362057,832.851,0.062,0.040,3,123,164
1784771571134,2026-07-23T01:52:51.134Z,-23.6052634,-46.8362057,832.851,0.033,0.070,3,123,164
1784771571186,2026-07-23T01:52:51.186Z,-23.6052634,-46.8362058,832.843,0.043,0.040,3,123,164
1784771571238,2026-07-23T01:52:51.238Z,-23.6052634,-46.8362058,832.845,0.026,0.050,3,123,164
1784771571290,2026-07-23T01:52:51.290Z,-23.6052634,-46.8362058,832.849,0.026,0.040,3,123,164
1784771571342,2026-07-23T01:52:51.342Z,-23.6052633,-46.8362057,832.864,0.080,0.040,3,123,164
1784771571394,2026-07-23T01:52:51.394Z,-23.6052634,-46.8362057,832.855,0.028,0.080,3,123,164
1784771571446,2026-07-23T01:52:51.446Z,-23.6052634,-46.8362057,832.858,0.032,0.040,3,123,164
1784771571498,2026-07-23T01:52:51.498Z,-23.6052633,-46.8362057,832.875,0.036,0.040,3,123,164
1784771571551,2026-07-23T01:52:51.551Z,-23.6052633,-46.8362057,832.882,0.031,0.040,3,123,164
1784771571603,2026-07-23T01:52:51.603Z,-23.6052633,-46.8362056,832.886,0.029,0.030,3,123,164
1784771571655,2026-07-23T01:52:51.655Z,-23.6052633,-46.8362056,832.897,0.037,0.030,3,123,164
1784771571707,2026-07-23T01:52:51.707Z,-23.6052633,-46.8362056,832.908,0.019,0.040,3,123,164
1784771571759,2026-07-23T01:52:51.759Z,-23.6052633,-46.8362056,832.904,0.037,0.020,3,123,164
1784771571811,2026-07-23T01:52:51.811Z,-23.6052632,-46.8362056,832.918,0.067,0.040,3,123,164
1784771571863,2026-07-23T01:52:51.863Z,-23.6052632,-46.8362057,832.913,0.035,0.070,3,123,164
1784771571915,2026-07-23T01:52:51.915Z,-23.6052632,-46.8362056,832.935,0.052,0.040,3,123,164
1784771571967,2026-07-23T01:52:51.967Z,-23.6052632,-46.8362056,832.940,0.028,0.050,3,123,164
1784771572020,2026-07-23T01:52:52.020Z,-23.6052632,-46.8362055,832.940,0.097,0.030,3,123,165
1784771572081,2026-07-23T01:52:52.081Z,-23.6052632,-46.8362055,832.951,0.050,0.100,3,123,165
1784771572143,2026-07-23T01:52:52.143Z,-23.6052631,-46.8362056,832.959,0.028,0.050,3,123,165
1784771572205,2026-07-23T01:52:52.205Z,-23.6052632,-46.8362056,832.947,0.064,0.030,3,123,165
1784771572267,2026-07-23T01:52:52.267Z,-23.6052632,-46.8362056,832.957,0.041,0.070,3,123,165
1784771572329,2026-07-23T01:52:52.329Z,-23.6052631,-46.8362056,832.986,0.024,0.040,3,123,165
1784771572391,2026-07-23T01:52:52.391Z,-23.6052630,-46.8362056,832.989,0.030,0.030,3,123,165
1784771572453,2026-07-23T01:52:52.453Z,-23.6052630,-46.8362056,832.983,0.027,0.030,3,123,165
1784771572515,2026-07-23T01:52:52.515Z,-23.6052630,-46.8362057,832.990,0.023,0.030,3,123,165
1784771572576,2026-07-23T01:52:52.576Z,-23.6052630,-46.8362057,832.996,0.035,0.020,3,123,165
1784771572638,2026-07-23T01:52:52.638Z,-23.6052631,-46.8362057,832.976,0.063,0.030,3,123,165
1784771572700,2026-07-23T01:52:52.700Z,-23.6052630,-46.8362054,832.959,0.104,0.070,3,123,165
1784771572762,2026-07-23T01:52:52.762Z,-23.6052631,-46.8362056,832.975,0.077,0.110,3,123,165
1784771572824,2026-07-23T01:52:52.824Z,-23.6052631,-46.8362055,832.971,0.092,0.080,3,123,165
1784771572886,2026-07-23T01:52:52.886Z,-23.6052632,-46.8362056,832.976,0.084,0.100,3,123,165
1784771572948,2026-07-23T01:52:52.948Z,-23.6052632,-46.8362056,832.987,0.088,0.090,3,123,165
1784771573010,2026-07-23T01:52:53.010Z,-23.6052632,-46.8362057,833.004,0.064,0.090,3,123,166
1784771573065,2026-07-23T01:52:53.065Z,-23.6052632,-46.8362058,833.019,0.107,0.060,3,123,166
1784771573120,2026-07-23T01:52:53.120Z,-23.6052632,-46.8362058,833.040,0.051,0.110,3,123,166
1784771573175,2026-07-23T01:52:53.175Z,-23.6052633,-46.8362057,833.035,0.061,0.050,3,123,166
1784771573230,2026-07-23T01:52:53.230Z,-23.6052632,-46.8362057,833.043,0.046,0.060,3,123,166
1784771573285,2026-07-23T01:52:53.285Z,-23.6052632,-46.8362056,833.034,0.082,0.050,3,123,166
1784771573340,2026-07-23T01:52:53.340Z,-23.6052632,-46.8362056,833.031,0.034,0.080,3,123,166
1784771573395,2026-07-23T01:52:53.395Z,-23.6052632,-46.8362056,833.042,0.032,0.040,3,123,166
1784771573450,2026-07-23T01:52:53.450Z,-23.6052633,-46.8362058,833.061,0.095,0.040,3,123,166
1784771573505,2026-07-23T01:52:53.505Z,-23.6052633,-46.8362057,833.052,0.041,0.100,3,123,166
1784771573560,2026-07-23T01:52:53.560Z,-23.6052634,-46.8362058,833.056,0.104,0.050,3,123,166
1784771573615,2026-07-23T01:52:53.615Z,-23.6052634,-46.8362061,833.071,0.196,0.110,3,123,166
1784771573670,2026-07-23T01:52:53.670Z,-23.6052634,-46.8362059,833.035,0.059,0.200,3,123,166
1784771573725,2026-07-23T01:52:53.725Z,-23.6052634,-46.8362059,833.038,0.043,0.080,3,123,166
1784771573780,2026-07-23T01:52:53.780Z,-23.6052635,-46.8362058,833.021,0.083,0.060,3,123,166
1784771573835,2026-07-23T01:52:53.835Z,-23.6052636,-46.8362059,833.033,0.106,0.100,3,123,166
1784771573890,2026-07-23T01:52:53.890Z,-23.6052636,-46.8362060,833.057,0.135,0.120,3,123,166
1784771573945,2026-07-23T01:52:53.945Z,-23.6052636,-46.8362061,833.067,0.092,0.140,3,123,166
1784771574000,2026-07-23T01:52:54.000Z,-23.6052635,-46.8362062,833.071,0.085,0.100,3,123,166
1784771574055,2026-07-23T01:52:54.055Z,-23.6052635,-46.8362061,833.061,0.016,0.090,3,123,167
1784771574110,2026-07-23T01:52:54.110Z,-23.6052634,-46.8362060,833.066,0.072,0.040,3,123,167
1784771574165,2026-07-23T01:52:54.165Z,-23.6052634,-46.8362059,833.055,0.145,0.080,3,123,167
1784771574220,2026-07-23T01:52:54.220Z,-23.6052634,-46.8362060,833.069,0.077,0.150,3,123,167
1784771574275,2026-07-23T01:52:54.275Z,-23.6052633,-46.8362062,833.091,0.068,0.090,3,123,167
1784771574330,2026-07-23T01:52:54.330Z,-23.6052633,-46.8362061,833.091,0.070,0.080,3,123,167
1784771574385,2026-07-23T01:52:54.385Z,-23.6052632,-46.8362060,833.096,0.161,0.080,3,123,167
1784771574440,2026-07-23T01:52:54.440Z,-23.6052632,-46.8362060,833.081,0.068,0.170,3,123,167
1784771574495,2026-07-23T01:52:54.495Z,-23.6052632,-46.8362060,833.100,0.074,0.090,3,123,167
1784771574550,2026-07-23T01:52:54.550Z,-23.6052632,-46.8362062,833.121,0.033,0.080,3,123,167
1784771574605,2026-07-23T01:52:54.605Z,-23.6052632,-46.8362063,833.121,0.065,0.050,3,123,167
1784771574660,2026-07-23T01:52:54.660Z,-23.6052632,-46.8362064,833.135,0.031,0.080,3,123,167
1784771574715,2026-07-23T01:52:54.715Z,-23.6052633,-46.8362062,833.107,0.080,0.050,3,123,167
1784771574770,2026-07-23T01:52:54.770Z,-23.6052633,-46.8362063,833.149,0.113,0.100,3,123,167
1784771574825,2026-07-23T01:52:54.825Z,-23.6052633,-46.8362065,833.175,0.083,0.120,3,123,167
1784771574880,2026-07-23T01:52:54.880Z,-23.6052633,-46.8362066,833.188,0.077,0.080,3,123,167
1784771574935,2026-07-23T01:52:54.935Z,-23.6052633,-46.8362067,833.189,0.096,0.080,3,123,167
1784771574990,2026-07-23T01:52:54.990Z,-23.6052633,-46.8362067,833.209,0.038,0.100,3,123,167
1784771575045,2026-07-23T01:52:55.045Z,-23.6052633,-46.8362066,833.210,0.059,0.040,3,123,168
1784771575097,2026-07-23T01:52:55.097Z,-23.6052634,-46.8362067,833.209,0.073,0.060,3,123,168
1784771575149,2026-07-23T01:52:55.149Z,-23.6052634,-46.8362067,833.220,0.065,0.080,3,123,168
1784771575201,2026-07-23T01:52:55.201Z,-23.6052634,-46.8362067,833.237,0.084,0.070,3,123,168
1784771575253,2026-07-23T01:52:55.253Z,-23.6052634,-46.8362068,833.253,0.071,0.090,3,123,168
1784771575305,2026-07-23T01:52:55.305Z,-23.6052636,-46.8362069,833.255,0.159,0.070,3,123,168
1784771575357,2026-07-23T01:52:55.357Z,-23.6052638,-46.8362070,833.259,0.265,0.160,3,123,168
1784771575409,2026-07-23T01:52:55.409Z,-23.6052642,-46.8362071,833.248,0.410,0.270,3,123,168
1784771575461,2026-07-23T01:52:55.461Z,-23.6052647,-46.8362074,833.242,0.637,0.410,3,123,168
1784771575513,2026-07-23T01:52:55.513Z,-23.6052652,-46.8362075,833.229,0.726,0.640,3,123,168
1784771575566,2026-07-23T01:52:55.566Z,-23.6052654,-46.8362076,833.199,0.628,0.730,3,123,168
1784771575618,2026-07-23T01:52:55.618Z,-23.6052657,-46.8362079,833.167,0.636,0.630,3,123,168
1784771575670,2026-07-23T01:52:55.670Z,-23.6052659,-46.8362081,833.178,0.633,0.640,3,123,168
1784771575722,2026-07-23T01:52:55.722Z,-23.6052661,-46.8362084,833.178,0.661,0.640,3,123,168
1784771575774,2026-07-23T01:52:55.774Z,-23.6052662,-46.8362086,833.182,0.588,0.670,3,123,168
1784771575826,2026-07-23T01:52:55.826Z,-23.6052662,-46.8362088,833.193,0.472,0.590,3,123,168
1784771575878,2026-07-23T01:52:55.878Z,-23.6052662,-46.8362087,833.193,0.350,0.470,3,123,168
1784771575930,2026-07-23T01:52:55.930Z,-23.6052662,-46.8362087,833.194,0.277,0.350,3,123,168
1784771575982,2026-07-23T01:52:55.982Z,-23.6052662,-46.8362086,833.195,0.183,0.280,3,123,168
1784771576035,2026-07-23T01:52:56.035Z,-23.6052663,-46.8362085,833.195,0.139,0.190,3,123,169
1784771576093,2026-07-23T01:52:56.093Z,-23.6052663,-46.8362084,833.187,0.108,0.150,3,123,169
1784771576151,2026-07-23T01:52:56.151Z,-23.6052663,-46.8362083,833.179,0.103,0.120,3,123,169
1784771576209,2026-07-23T01:52:56.209Z,-23.6052663,-46.8362082,833.167,0.112,0.120,3,123,169
1784771576267,2026-07-23T01:52:56.267Z,-23.6052663,-46.8362082,833.170,0.073,0.130,3,123,169
1784771576326,2026-07-23T01:52:56.326Z,-23.6052662,-46.8362082,833.173,0.065,0.090,3,123,169
1784771576384,2026-07-23T01:52:56.384Z,-23.6052662,-46.8362082,833.178,0.069,0.090,3,123,169
1784771576442,2026-07-23T01:52:56.442Z,-23.6052662,-46.8362082,833.179,0.070,0.090,3,123,169
1784771576500,2026-07-23T01:52:56.500Z,-23.6052663,-46.8362081,833.162,0.095,0.090,3,123,169
1784771576559,2026-07-23T01:52:56.559Z,-23.6052662,-46.8362081,833.166,0.061,0.120,3,123,169
1784771576617,2026-07-23T01:52:56.617Z,-23.6052662,-46.8362082,833.184,0.038,0.090,3,123,169
1784771576675,2026-07-23T01:52:56.675Z,-23.6052661,-46.8362083,833.186,0.047,0.070,3,123,169
1784771576733,2026-07-23T01:52:56.733Z,-23.6052662,-46.8362082,833.178,0.030,0.070,3,123,169
1784771576792,2026-07-23T01:52:56.792Z,-23.6052664,-46.8362081,833.178,0.134,0.060,3,123,169
1784771576850,2026-07-23T01:52:56.850Z,-23.6052663,-46.8362083,833.205,0.017,0.140,3,123,169
1784771576908,2026-07-23T01:52:56.908Z,-23.6052662,-46.8362082,833.212,0.018,0.040,3,123,169
1784771576966,2026-07-23T01:52:56.966Z,-23.6052662,-46.8362082,833.214,0.069,0.040,3,123,169
1784771577025,2026-07-23T01:52:57.025Z,-23.6052662,-46.8362082,833.217,0.042,0.080,3,123,170
1784771577077,2026-07-23T01:52:57.077Z,-23.6052662,-46.8362081,833.224,0.117,0.050,3,123,170
1784771577129,2026-07-23T01:52:57.129Z,-23.6052662,-46.8362081,833.233,0.064,0.120,3,123,170
1784771577181,2026-07-23T01:52:57.181Z,-23.6052662,-46.8362082,833.245,0.047,0.070,3,123,170
1784771577233,2026-07-23T01:52:57.233Z,-23.6052662,-46.8362083,833.258,0.019,0.050,3,123,170
1784771577285,2026-07-23T01:52:57.285Z,-23.6052662,-46.8362084,833.256,0.033,0.020,3,123,170
1784771577337,2026-07-23T01:52:57.337Z,-23.6052663,-46.8362084,833.247,0.024,0.030,3,123,170
1784771577389,2026-07-23T01:52:57.389Z,-23.6052663,-46.8362082,833.235,0.069,0.030,3,123,170
1784771577441,2026-07-23T01:52:57.441Z,-23.6052664,-46.8362080,833.210,0.163,0.070,3,123,170
1784771577493,2026-07-23T01:52:57.493Z,-23.6052667,-46.8362080,833.184,0.252,0.170,3,123,170
1784771577546,2026-07-23T01:52:57.546Z,-23.6052668,-46.8362079,833.155,0.231,0.260,3,123,170
1784771577598,2026-07-23T01:52:57.598Z,-23.6052669,-46.8362079,833.139,0.225,0.240,3,123,170
1784771577650,2026-07-23T01:52:57.650Z,-23.6052671,-46.8362078,833.124,0.258,0.240,3,123,170
1784771577702,2026-07-23T01:52:57.702Z,-23.6052673,-46.8362077,833.127,0.275,0.270,3,123,170
1784771577754,2026-07-23T01:52:57.754Z,-23.6052673,-46.8362078,833.142,0.198,0.290,3,123,170
1784771577806,2026-07-23T01:52:57.806Z,-23.6052673,-46.8362078,833.147,0.138,0.210,3,123,170
1784771577858,2026-07-23T01:52:57.858Z,-23.6052673,-46.8362078,833.152,0.084,0.150,3,123,170
1784771577910,2026-07-23T01:52:57.910Z,-23.6052673,-46.8362078,833.160,0.084,0.110,3,123,170
1784771577962,2026-07-23T01:52:57.962Z,-23.6052675,-46.8362078,833.180,0.140,0.100,3,123,170
1784771578015,2026-07-23T01:52:58.015Z,-23.6052674,-46.8362080,833.176,0.014,0.150,3,128,171
1784771578070,2026-07-23T01:52:58.070Z,-23.6052674,-46.8362079,833.153,0.042,0.050,3,128,171
1784771578125,2026-07-23T01:52:58.125Z,-23.6052675,-46.8362079,833.151,0.052,0.070,3,128,171
1784771578180,2026-07-23T01:52:58.180Z,-23.6052675,-46.8362080,833.158,0.020,0.080,3,128,171
1784771578235,2026-07-23T01:52:58.235Z,-23.6052674,-46.8362082,833.169,0.091,0.050,3,128,171
1784771578290,2026-07-23T01:52:58.290Z,-23.6052675,-46.8362083,833.157,0.093,0.100,3,128,171
1784771578345,2026-07-23T01:52:58.345Z,-23.6052675,-46.8362083,833.144,0.095,0.100,3,128,171
1784771578400,2026-07-23T01:52:58.400Z,-23.6052674,-46.8362082,833.137,0.095,0.110,3,128,171
1784771578455,2026-07-23T01:52:58.455Z,-23.6052673,-46.8362082,833.154,0.156,0.110,3,128,171
1784771578510,2026-07-23T01:52:58.510Z,-23.6052671,-46.8362083,833.174,0.261,0.160,3,128,171
1784771578565,2026-07-23T01:52:58.565Z,-23.6052668,-46.8362082,833.181,0.346,0.260,3,128,171
1784771578620,2026-07-23T01:52:58.620Z,-23.6052666,-46.8362080,833.213,0.478,0.350,3,128,171
1784771578675,2026-07-23T01:52:58.675Z,-23.6052662,-46.8362080,833.283,0.555,0.480,3,128,171
1784771578730,2026-07-23T01:52:58.730Z,-23.6052657,-46.8362080,833.300,0.707,0.560,3,128,171
1784771578785,2026-07-23T01:52:58.785Z,-23.6052653,-46.8362081,833.273,0.749,0.710,3,128,171
1784771578840,2026-07-23T01:52:58.840Z,-23.6052651,-46.8362081,833.226,0.683,0.750,3,128,171
1784771578895,2026-07-23T01:52:58.895Z,-23.6052649,-46.8362082,833.252,0.595,0.680,3,128,171
1784771578950,2026-07-23T01:52:58.950Z,-23.6052649,-46.8362082,833.236,0.380,0.600,3,128,171
1784771579005,2026-07-23T01:52:59.005Z,-23.6052651,-46.8362083,833.240,0.188,0.380,3,128,172
1784771579063,2026-07-23T01:52:59.063Z,-23.6052650,-46.8362082,833.228,0.166,0.190,3,128,172
1784771579121,2026-07-23T01:52:59.121Z,-23.6052650,-46.8362081,833.266,0.191,0.170,3,128,172
1784771579179,2026-07-23T01:52:59.179Z,-23.6052650,-46.8362081,833.248,0.096,0.190,3,128,172
1784771579237,2026-07-23T01:52:59.237Z,-23.6052650,-46.8362081,833.220,0.054,0.100,3,128,172
1784771579295,2026-07-23T01:52:59.295Z,-23.6052652,-46.8362080,833.205,0.036,0.050,3,128,172
1784771579353,2026-07-23T01:52:59.353Z,-23.6052652,-46.8362080,833.209,0.070,0.040,3,128,172
1784771579411,2026-07-23T01:52:59.411Z,-23.6052652,-46.8362080,833.198,0.090,0.070,3,128,172
1784771579469,2026-07-23T01:52:59.469Z,-23.6052653,-46.8362080,833.188,0.053,0.090,3,128,172
1784771579527,2026-07-23T01:52:59.527Z,-23.6052653,-46.8362079,833.200,0.053,0.050,3,128,172
1784771579585,2026-07-23T01:52:59.585Z,-23.6052654,-46.8362078,833.197,0.061,0.050,3,128,172
1784771579643,2026-07-23T01:52:59.643Z,-23.6052655,-46.8362078,833.181,0.089,0.060,3,128,172
1784771579701,2026-07-23T01:52:59.701Z,-23.6052655,-46.8362078,833.158,0.109,0.090,3,128,172
1784771579759,2026-07-23T01:52:59.759Z,-23.6052657,-46.8362078,833.162,0.213,0.110,3,128,172
1784771579817,2026-07-23T01:52:59.817Z,-23.6052659,-46.8362077,833.169,0.295,0.210,3,128,172
1784771579875,2026-07-23T01:52:59.875Z,-23.6052664,-46.8362075,833.146,0.486,0.300,3,128,172
1784771579933,2026-07-23T01:52:59.933Z,-23.6052668,-46.8362072,833.146,0.664,0.490,3,128,172
1784771579991,2026-07-23T01:52:59.991Z,-23.6052675,-46.8362071,833.145,0.868,0.660,3,128,172
1784771580050,2026-07-23T01:53:00.050Z,-23.6052680,-46.8362070,833.171,0.916,0.870,3,128,173
1784771580105,2026-07-23T01:53:00.105Z,-23.6052685,-46.8362068,833.157,0.984,0.920,3,128,173
1784771580160,2026-07-23T01:53:00.160Z,-23.6052690,-46.8362064,833.107,1.073,0.980,3,128,173
1784771580215,2026-07-23T01:53:00.215Z,-23.6052696,-46.8362062,833.100,1.104,1.070,3,128,173
1784771580270,2026-07-23T01:53:00.270Z,-23.6052702,-46.8362059,833.112,1.146,1.100,3,128,173
1784771580325,2026-07-23T01:53:00.325Z,-23.6052708,-46.8362058,833.126,1.217,1.150,3,128,173
1784771580380,2026-07-23T01:53:00.380Z,-23.6052715,-46.8362057,833.140,1.271,1.220,3,128,173
1784771580435,2026-07-23T01:53:00.435Z,-23.6052723,-46.8362053,833.141,1.381,1.270,3,128,173
1784771580490,2026-07-23T01:53:00.490Z,-23.6052729,-46.8362049,833.133,1.416,1.380,3,128,173
1784771580545,2026-07-23T01:53:00.545Z,-23.6052735,-46.8362048,833.125,1.284,1.420,3,128,173
1784771580600,2026-07-23T01:53:00.600Z,-23.6052738,-46.8362047,833.126,1.096,1.280,3,128,173
1784771580655,2026-07-23T01:53:00.655Z,-23.6052740,-46.8362046,833.128,0.843,1.100,3,128,173
1784771580710,2026-07-23T01:53:00.710Z,-23.6052741,-46.8362044,833.121,0.650,0.840,3,128,173
1784771580765,2026-07-23T01:53:00.765Z,-23.6052742,-46.8362044,833.119,0.477,0.650,3,128,173
1784771580820,2026-07-23T01:53:00.820Z,-23.6052741,-46.8362043,833.051,0.302,0.480,3,128,173
1784771580875,2026-07-23T01:53:00.875Z,-23.6052741,-46.8362043,833.049,0.203,0.300,3,128,173
1784771580930,2026-07-23T01:53:00.930Z,-23.6052741,-46.8362043,833.035,0.165,0.210,3,128,173
1784771580985,2026-07-23T01:53:00.985Z,-23.6052741,-46.8362042,833.041,0.148,0.170,3,128,173
1784771581040,2026-07-23T01:53:01.040Z,-23.6052742,-46.8362041,833.021,0.144,0.160,3,128,174
1784771581095,2026-07-23T01:53:01.095Z,-23.6052743,-46.8362041,833.004,0.146,0.150,3,128,174
1784771581150,2026-07-23T01:53:01.150Z,-23.6052745,-46.8362040,832.985,0.284,0.160,3,128,174
1784771581205,2026-07-23T01:53:01.205Z,-23.6052748,-46.8362039,832.983,0.358,0.290,3,128,174
1784771581260,2026-07-23T01:53:01.260Z,-23.6052752,-46.8362040,833.012,0.481,0.360,3,128,174
1784771581315,2026-07-23T01:53:01.315Z,-23.6052756,-46.8362038,833.016,0.599,0.480,3,128,174
1784771581370,2026-07-23T01:53:01.370Z,-23.6052760,-46.8362038,833.019,0.660,0.600,3,128,174
1784771581425,2026-07-23T01:53:01.425Z,-23.6052763,-46.8362037,833.033,0.624,0.660,3,128,174
1784771581480,2026-07-23T01:53:01.480Z,-23.6052765,-46.8362036,833.045,0.621,0.620,3,128,174
1784771581535,2026-07-23T01:53:01.535Z,-23.6052766,-46.8362035,833.075,0.452,0.620,3,128,174
1784771581590,2026-07-23T01:53:01.590Z,-23.6052765,-46.8362035,833.059,0.193,0.450,3,128,174
1784771581645,2026-07-23T01:53:01.645Z,-23.6052763,-46.8362036,833.018,0.104,0.190,3,128,174
1784771581700,2026-07-23T01:53:01.700Z,-23.6052761,-46.8362037,832.997,0.212,0.110,3,128,174
1784771581755,2026-07-23T01:53:01.755Z,-23.6052759,-46.8362038,833.009,0.262,0.220,3,128,174
1784771581810,2026-07-23T01:53:01.810Z,-23.6052758,-46.8362036,833.034,0.222,0.260,3,128,174
1784771581865,2026-07-23T01:53:01.865Z,-23.6052758,-46.8362035,833.056,0.235,0.220,3,128,174
1784771581920,2026-07-23T01:53:01.920Z,-23.6052758,-46.8362034,833.106,0.227,0.240,3,128,174
1784771581975,2026-07-23T01:53:01.975Z,-23.6052757,-46.8362033,833.125,0.237,0.230,3,128,174
1784771582030,2026-07-23T01:53:02.030Z,-23.6052756,-46.8362033,833.151,0.224,0.240,3,128,175
1784771582082,2026-07-23T01:53:02.082Z,-23.6052755,-46.8362031,833.116,0.338,0.230,3,128,175
1784771582134,2026-07-23T01:53:02.134Z,-23.6052753,-46.8362030,833.103,0.321,0.340,3,128,175
1784771582186,2026-07-23T01:53:02.186Z,-23.6052752,-46.8362030,833.096,0.305,0.320,3,128,175
1784771582238,2026-07-23T01:53:02.238Z,-23.6052751,-46.8362031,833.084,0.253,0.310,3,128,175
1784771582290,2026-07-23T01:53:02.290Z,-23.6052751,-46.8362032,833.090,0.213,0.260,3,128,175
1784771582342,2026-07-23T01:53:02.342Z,-23.6052751,-46.8362033,833.082,0.183,0.220,3,128,175
1784771582394,2026-07-23T01:53:02.394Z,-23.6052750,-46.8362035,833.054,0.214,0.190,3,128,175
1784771582446,2026-07-23T01:53:02.446Z,-23.6052752,-46.8362037,833.042,0.245,0.220,3,128,175
1784771582498,2026-07-23T01:53:02.498Z,-23.6052752,-46.8362038,833.031,0.235,0.250,3,128,175
1784771582551,2026-07-23T01:53:02.551Z,-23.6052751,-46.8362040,833.018,0.269,0.240,3,128,175
1784771582603,2026-07-23T01:53:02.603Z,-23.6052750,-46.8362041,833.007,0.284,0.270,3,128,175
1784771582655,2026-07-23T01:53:02.655Z,-23.6052749,-46.8362044,833.024,0.342,0.280,3,128,175
1784771582707,2026-07-23T01:53:02.707Z,-23.6052749,-46.8362045,833.039,0.303,0.340,3,128,175
1784771582759,2026-07-23T01:53:02.759Z,-23.6052748,-46.8362045,833.055,0.252,0.300,3,128,175
1784771582811,2026-07-23T01:53:02.811Z,-23.6052747,-46.8362044,833.043,0.178,0.250,3,128,175
1784771582863,2026-07-23T01:53:02.863Z,-23.6052747,-46.8362043,833.017,0.053,0.180,3,128,175
1784771582915,2026-07-23T01:53:02.915Z,-23.6052748,-46.8362042,833.019,0.042,0.060,3,128,175
1784771582967,2026-07-23T01:53:02.967Z,-23.6052750,-46.8362041,833.008,0.158,0.040,3,128,175
1784771583020,2026-07-23T01:53:03.020Z,-23.6052751,-46.8362040,833.002,0.212,0.160,3,128,176
1784771583085,2026-07-23T01:53:03.085Z,-23.6052752,-46.8362039,833.002,0.233,0.210,3,128,176
1784771583150,2026-07-23T01:53:03.150Z,-23.6052753,-46.8362039,832.999,0.251,0.230,3,128,176
1784771583215,2026-07-23T01:53:03.215Z,-23.6052754,-46.8362039,832.977,0.262,0.250,3,128,176
1784771583281,2026-07-23T01:53:03.281Z,-23.6052756,-46.8362038,832.965,0.283,0.260,3,128,176
1784771583346,2026-07-23T01:53:03.346Z,-23.6052758,-46.8362037,832.959,0.387,0.280,3,128,176
1784771583411,2026-07-23T01:53:03.411Z,-23.6052763,-46.8362034,832.933,0.614,0.390,3,128,176
1784771583477,2026-07-23T01:53:03.477Z,-23.6052768,-46.8362032,832.930,0.760,0.610,3,128,176
1784771583542,2026-07-23T01:53:03.542Z,-23.6052776,-46.8362030,832.923,0.836,0.760,3,128,176
1784771583607,2026-07-23T01:53:03.607Z,-23.6052780,-46.8362028,832.916,0.876,0.840,3,128,176
1784771583673,2026-07-23T01:53:03.673Z,-23.6052782,-46.8362026,832.908,0.747,0.880,3,128,176
1784771583738,2026-07-23T01:53:03.738Z,-23.6052784,-46.8362026,832.872,0.650,0.750,3,128,176
1784771583803,2026-07-23T01:53:03.803Z,-23.6052789,-46.8362025,832.879,0.747,0.650,3,128,176
1784771583869,2026-07-23T01:53:03.869Z,-23.6052793,-46.8362023,832.909,0.769,0.750,3,128,176
1784771583934,2026-07-23T01:53:03.934Z,-23.6052797,-46.8362022,832.888,0.780,0.770,3,128,176
1784771583999,2026-07-23T01:53:03.999Z,-23.6052800,-46.8362020,832.885,0.788,0.780,3,128,176
1784771584065,2026-07-23T01:53:04.065Z,-23.6052805,-46.8362018,832.876,0.876,0.790,3,128,177
1784771584111,2026-07-23T01:53:04.111Z,-23.6052810,-46.8362016,832.884,0.918,0.880,3,128,177
1784771584158,2026-07-23T01:53:04.158Z,-23.6052815,-46.8362014,832.866,0.951,0.920,3,128,177
1784771584205,2026-07-23T01:53:04.205Z,-23.6052820,-46.8362011,832.863,1.046,0.950,3,128,177
1784771584252,2026-07-23T01:53:04.252Z,-23.6052826,-46.8362010,832.841,1.071,1.050,3,128,177
1784771584298,2026-07-23T01:53:04.298Z,-23.6052830,-46.8362010,832.823,1.004,1.070,3,128,177
1784771584345,2026-07-23T01:53:04.345Z,-23.6052835,-46.8362012,832.843,0.991,1.000,3,128,177
1784771584392,2026-07-23T01:53:04.392Z,-23.6052842,-46.8362012,832.830,1.109,0.990,3,128,177
1784771584439,2026-07-23T01:53:04.439Z,-23.6052847,-46.8362014,832.823,1.070,1.110,3,128,177
1784771584485,2026-07-23T01:53:04.485Z,-23.6052851,-46.8362016,832.804,1.010,1.070,3,128,177
1784771584532,2026-07-23T01:53:04.532Z,-23.6052854,-46.8362017,832.762,0.894,1.010,3,128,177
1784771584579,2026-07-23T01:53:04.579Z,-23.6052857,-46.8362015,832.714,0.780,0.900,3,128,177
1784771584626,2026-07-23T01:53:04.626Z,-23.6052861,-46.8362014,832.737,0.782,0.780,3,128,177
1784771584672,2026-07-23T01:53:04.672Z,-23.6052864,-46.8362011,832.735,0.758,0.780,3,128,177
1784771584719,2026-07-23T01:53:04.719Z,-23.6052866,-46.8362008,832.709,0.672,0.760,3,128,177
1784771584766,2026-07-23T01:53:04.766Z,-23.6052868,-46.8362006,832.714,0.656,0.680,3,128,177
1784771584813,2026-07-23T01:53:04.813Z,-23.6052869,-46.8362006,832.735,0.530,0.660,3,128,177
1784771584859,2026-07-23T01:53:04.859Z,-23.6052868,-46.8362005,832.746,0.399,0.530,3,128,177
1784771584906,2026-07-23T01:53:04.906Z,-23.6052867,-46.8362004,832.770,0.322,0.400,3,128,177
1784771584953,2026-07-23T01:53:04.953Z,-23.6052869,-46.8362002,832.785,0.388,0.320,3,128,177
1784771585000,2026-07-23T01:53:05.000Z,-23.6052867,-46.8361999,832.780,0.409,0.390,3,126,178
1784771585058,2026-07-23T01:53:05.058Z,-23.6052865,-46.8361997,832.744,0.366,0.410,3,126,178
1784771585116,2026-07-23T01:53:05.116Z,-23.6052863,-46.8361998,832.752,0.290,0.370,3,126,178
1784771585174,2026-07-23T01:53:05.174Z,-23.6052864,-46.8361998,832.757,0.173,0.290,3,126,178
1784771585232,2026-07-23T01:53:05.232Z,-23.6052864,-46.8361999,832.774,0.088,0.170,3,126,178
1784771585290,2026-07-23T01:53:05.290Z,-23.6052865,-46.8361998,832.769,0.086,0.090,3,126,178
1784771585348,2026-07-23T01:53:05.348Z,-23.6052866,-46.8361997,832.753,0.096,0.090,3,126,178
1784771585406,2026-07-23T01:53:05.406Z,-23.6052866,-46.8361998,832.754,0.074,0.100,3,126,178
1784771585464,2026-07-23T01:53:05.464Z,-23.6052866,-46.8361997,832.733,0.096,0.070,3,126,178
1784771585522,2026-07-23T01:53:05.522Z,-23.6052868,-46.8361996,832.734,0.144,0.100,3,126,178
1784771585580,2026-07-23T01:53:05.580Z,-23.6052869,-46.8361995,832.710,0.142,0.140,3,126,178
1784771585638,2026-07-23T01:53:05.638Z,-23.6052869,-46.8361994,832.742,0.152,0.140,3,126,178
1784771585696,2026-07-23T01:53:05.696Z,-23.6052871,-46.8361993,832.746,0.240,0.150,3,126,178
1784771585754,2026-07-23T01:53:05.754Z,-23.6052872,-46.8361993,832.742,0.214,0.240,3,126,178
1784771585812,2026-07-23T01:53:05.812Z,-23.6052874,-46.8361992,832.725,0.245,0.210,3,126,178
1784771585870,2026-07-23T01:53:05.870Z,-23.6052875,-46.8361991,832.727,0.234,0.250,3,126,178
1784771585928,2026-07-23T01:53:05.928Z,-23.6052876,-46.8361989,832.703,0.283,0.230,3,126,178
1784771585986,2026-07-23T01:53:05.986Z,-23.6052878,-46.8361989,832.693,0.283,0.280,3,126,178
1784771586045,2026-07-23T01:53:06.045Z,-23.6052878,-46.8361989,832.696,0.212,0.280,3,126,179
1784771586100,2026-07-23T01:53:06.100Z,-23.6052879,-46.8361990,832.696,0.180,0.210,3,126,179
1784771586155,2026-07-23T01:53:06.155Z,-23.6052879,-46.8361991,832.697,0.145,0.180,3,126,179
1784771586210,2026-07-23T01:53:06.210Z,-23.6052879,-46.8361992,832.681,0.167,0.150,3,126,179
1784771586265,2026-07-23T01:53:06.265Z,-23.6052880,-46.8361992,832.668,0.155,0.170,3,126,179
1784771586320,2026-07-23T01:53:06.320Z,-23.6052881,-46.8361991,832.661,0.138,0.160,3,126,179
1784771586375,2026-07-23T01:53:06.375Z,-23.6052881,-46.8361991,832.656,0.107,0.140,3,126,179
1784771586430,2026-07-23T01:53:06.430Z,-23.6052882,-46.8361990,832.658,0.135,0.110,3,126,179
1784771586485,2026-07-23T01:53:06.485Z,-23.6052882,-46.8361989,832.653,0.127,0.130,3,126,179
1784771586540,2026-07-23T01:53:06.540Z,-23.6052883,-46.8361988,832.642,0.131,0.130,3,126,179
1784771586595,2026-07-23T01:53:06.595Z,-23.6052883,-46.8361988,832.642,0.123,0.130,3,126,179
1784771586650,2026-07-23T01:53:06.650Z,-23.6052883,-46.8361987,832.636,0.073,0.120,3,126,179
1784771586705,2026-07-23T01:53:06.705Z,-23.6052882,-46.8361988,832.640,0.016,0.070,3,126,179
1784771586760,2026-07-23T01:53:06.760Z,-23.6052883,-46.8361987,832.640,0.040,0.020,3,126,179
1784771586815,2026-07-23T01:53:06.815Z,-23.6052883,-46.8361987,832.640,0.036,0.040,3,126,179
1784771586870,2026-07-23T01:53:06.870Z,-23.6052883,-46.8361987,832.613,0.035,0.040,3,126,179
1784771586925,2026-07-23T01:53:06.925Z,-23.6052884,-46.8361985,832.607,0.099,0.040,3,126,179
1784771586980,2026-07-23T01:53:06.980Z,-23.6052884,-46.8361983,832.593,0.139,0.100,3,126,179
1784771587035,2026-07-23T01:53:07.035Z,-23.6052883,-46.8361983,832.605,0.121,0.140,3,126,180
1784771587090,2026-07-23T01:53:07.090Z,-23.6052884,-46.8361983,832.613,0.085,0.120,3,126,180
1784771587145,2026-07-23T01:53:07.145Z,-23.6052884,-46.8361983,832.623,0.074,0.090,3,126,180
1784771587200,2026-07-23T01:53:07.200Z,-23.6052885,-46.8361982,832.619,0.089,0.080,3,126,180
1784771587255,2026-07-23T01:53:07.255Z,-23.6052886,-46.8361982,832.614,0.051,0.090,3,126,180
1784771587310,2026-07-23T01:53:07.310Z,-23.6052887,-46.8361983,832.627,0.117,0.060,3,126,180
1784771587365,2026-07-23T01:53:07.365Z,-23.6052889,-46.8361983,832.631,0.194,0.120,3,126,180
1784771587420,2026-07-23T01:53:07.420Z,-23.6052890,-46.8361984,832.629,0.231,0.190,3,126,180
1784771587475,2026-07-23T01:53:07.475Z,-23.6052893,-46.8361984,832.638,0.309,0.230,3,126,180
1784771587530,2026-07-23T01:53:07.530Z,-23.6052896,-46.8361984,832.648,0.410,0.310,3,126,180
1784771587585,2026-07-23T01:53:07.585Z,-23.6052899,-46.8361984,832.658,0.482,0.410,3,126,180
1784771587640,2026-07-23T01:53:07.640Z,-23.6052902,-46.8361984,832.633,0.516,0.480,3,126,180
1784771587695,2026-07-23T01:53:07.695Z,-23.6052907,-46.8361984,832.643,0.637,0.520,3,126,180
1784771587750,2026-07-23T01:53:07.750Z,-23.6052910,-46.8361984,832.658,0.673,0.640,3,126,180
1784771587805,2026-07-23T01:53:07.805Z,-23.6052914,-46.8361984,832.656,0.665,0.670,3,126,180
1784771587860,2026-07-23T01:53:07.860Z,-23.6052918,-46.8361982,832.657,0.696,0.670,3,126,180
1784771587915,2026-07-23T01:53:07.915Z,-23.6052920,-46.8361981,832.660,0.598,0.700,3,126,180
1784771587970,2026-07-23T01:53:07.970Z,-23.6052921,-46.8361981,832.659,0.435,0.600,3,126,180
1784771588025,2026-07-23T01:53:08.025Z,-23.6052919,-46.8361981,832.648,0.081,0.440,3,126,181
1784771588080,2026-07-23T01:53:08.080Z,-23.6052917,-46.8361981,832.637,0.137,0.080,3,126,181
1784771588135,2026-07-23T01:53:08.135Z,-23.6052915,-46.8361982,832.648,0.223,0.140,3,126,181
1784771588190,2026-07-23T01:53:08.190Z,-23.6052913,-46.8361982,832.665,0.333,0.220,3,126,181
1784771588245,2026-07-23T01:53:08.245Z,-23.6052910,-46.8361981,832.649,0.436,0.330,3,126,181
1784771588300,2026-07-23T01:53:08.300Z,-23.6052907,-46.8361980,832.648,0.496,0.440,3,126,181
1784771588355,2026-07-23T01:53:08.355Z,-23.6052905,-46.8361980,832.635,0.505,0.500,3,126,181
1784771588410,2026-07-23T01:53:08.410Z,-23.6052904,-46.8361980,832.627,0.394,0.510,3,126,181
1784771588465,2026-07-23T01:53:08.465Z,-23.6052903,-46.8361979,832.629,0.347,0.390,3,126,181
1784771588520,2026-07-23T01:53:08.520Z,-23.6052901,-46.8361978,832.622,0.365,0.350,3,126,181
1784771588575,2026-07-23T01:53:08.575Z,-23.6052899,-46.8361979,832.628,0.424,0.370,3,126,181
1784771588630,2026-07-23T01:53:08.630Z,-23.6052897,-46.8361980,832.609,0.391,0.420,3,126,181
1784771588685,2026-07-23T01:53:08.685Z,-23.6052896,-46.8361981,832.599,0.348,0.390,3,126,181
1784771588740,2026-07-23T01:53:08.740Z,-23.6052895,-46.8361982,832.604,0.291,0.350,3,126,181
1784771588795,2026-07-23T01:53:08.795Z,-23.6052894,-46.8361982,832.597,0.279,0.290,3,126,181
1784771588850,2026-07-23T01:53:08.850Z,-23.6052892,-46.8361981,832.587,0.336,0.280,3,126,181
1784771588905,2026-07-23T01:53:08.905Z,-23.6052892,-46.8361982,832.604,0.249,0.340,3,126,181
1784771588960,2026-07-23T01:53:08.960Z,-23.6052891,-46.8361982,832.605,0.204,0.250,3,126,181
1784771589015,2026-07-23T01:53:09.015Z,-23.6052890,-46.8361983,832.598,0.198,0.200,3,126,182
1784771589070,2026-07-23T01:53:09.070Z,-23.6052891,-46.8361983,832.618,0.095,0.200,3,126,182
1784771589125,2026-07-23T01:53:09.125Z,-23.6052891,-46.8361982,832.625,0.048,0.100,3,126,182
1784771589180,2026-07-23T01:53:09.180Z,-23.6052892,-46.8361982,832.629,0.027,0.050,3,126,182
1784771589235,2026-07-23T01:53:09.235Z,-23.6052892,-46.8361982,832.621,0.011,0.030,3,126,182
1784771589290,2026-07-23T01:53:09.290Z,-23.6052892,-46.8361982,832.600,0.021,0.010,3,126,182
1784771589345,2026-07-23T01:53:09.345Z,-23.6052892,-46.8361982,832.585,0.061,0.030,3,126,182
1784771589400,2026-07-23T01:53:09.400Z,-23.6052893,-46.8361982,832.564,0.087,0.070,3,126,182
1784771589455,2026-07-23T01:53:09.455Z,-23.6052894,-46.8361982,832.562,0.146,0.090,3,126,182
1784771589510,2026-07-23T01:53:09.510Z,-23.6052895,-46.8361983,832.570,0.159,0.150,3,126,182
1784771589565,2026-07-23T01:53:09.565Z,-23.6052896,-46.8361984,832.576,0.148,0.160,3,126,182
1784771589620,2026-07-23T01:53:09.620Z,-23.6052897,-46.8361984,832.579,0.146,0.150,3,126,182
1784771589675,2026-07-23T01:53:09.675Z,-23.6052897,-46.8361984,832.580,0.128,0.150,3,126,182
1784771589730,2026-07-23T01:53:09.730Z,-23.6052898,-46.8361984,832.561,0.126,0.130,3,126,182
1784771589785,2026-07-23T01:53:09.785Z,-23.6052899,-46.8361984,832.572,0.124,0.130,3,126,182
1784771589840,2026-07-23T01:53:09.840Z,-23.6052900,-46.8361985,832.582,0.132,0.130,3,126,182
1784771589895,2026-07-23T01:53:09.895Z,-23.6052901,-46.8361985,832.556,0.153,0.130,3,126,182
1784771589950,2026-07-23T01:53:09.950Z,-23.6052901,-46.8361984,832.546,0.076,0.160,3,126,182
1784771590005,2026-07-23T01:53:10.005Z,-23.6052901,-46.8361984,832.557,0.089,0.080,3,126,183
1784771590063,2026-07-23T01:53:10.063Z,-23.6052901,-46.8361984,832.556,0.050,0.090,3,126,183
1784771590121,2026-07-23T01:53:10.121Z,-23.6052902,-46.8361985,832.554,0.056,0.050,3,126,183
1784771590179,2026-07-23T01:53:10.179Z,-23.6052902,-46.8361986,832.553,0.089,0.060,3,126,183
1784771590237,2026-07-23T01:53:10.237Z,-23.6052903,-46.8361987,832.549,0.141,0.090,3,126,183
1784771590295,2026-07-23T01:53:10.295Z,-23.6052904,-46.8361988,832.542,0.179,0.140,3,126,183
1784771590353,2026-07-23T01:53:10.353Z,-23.6052905,-46.8361989,832.524,0.182,0.180,3,126,183
1784771590411,2026-07-23T01:53:10.411Z,-23.6052906,-46.8361990,832.528,0.154,0.190,3,126,183
1784771590469,2026-07-23T01:53:10.469Z,-23.6052905,-46.8361991,832.536,0.110,0.160,3,126,183
1784771590527,2026-07-23T01:53:10.527Z,-23.6052905,-46.8361991,832.530,0.059,0.110,3,126,183
1784771590585,2026-07-23T01:53:10.585Z,-23.6052906,-46.8361990,832.519,0.018,0.060,3,126,183
1784771590643,2026-07-23T01:53:10.643Z,-23.6052906,-46.8361991,832.511,0.041,0.030,3,126,183
1784771590701,2026-07-23T01:53:10.701Z,-23.6052906,-46.8361991,832.515,0.011,0.050,3,126,183
1784771590759,2026-07-23T01:53:10.759Z,-23.6052905,-46.8361990,832.531,0.141,0.020,3,126,183
1784771590817,2026-07-23T01:53:10.817Z,-23.6052904,-46.8361989,832.528,0.168,0.140,3,126,183
1784771590875,2026-07-23T01:53:10.875Z,-23.6052904,-46.8361989,832.517,0.180,0.170,3,126,183
1784771590933,2026-07-23T01:53:10.933Z,-23.6052904,-46.8361987,832.503,0.238,0.180,3,126,183
1784771590991,2026-07-23T01:53:10.991Z,-23.6052902,-46.8361984,832.499,0.371,0.240,3,126,183
1784771591050,2026-07-23T01:53:11.050Z,-23.6052901,-46.8361984,832.478,0.345,0.370,3,126,184
1784771591108,2026-07-23T01:53:11.108Z,-23.6052899,-46.8361982,832.470,0.430,0.350,3,126,184
1784771591166,2026-07-23T01:53:11.166Z,-23.6052898,-46.8361981,832.489,0.401,0.430,3,126,184
1784771591224,2026-07-23T01:53:11.224Z,-23.6052896,-46.8361979,832.475,0.425,0.400,3,126,184
1784771591282,2026-07-23T01:53:11.282Z,-23.6052895,-46.8361979,832.451,0.327,0.420,3,126,184
1784771591340,2026-07-23T01:53:11.340Z,-23.6052895,-46.8361980,832.456,0.210,0.330,3,126,184
1784771591398,2026-07-23T01:53:11.398Z,-23.6052895,-46.8361978,832.431,0.206,0.210,3,126,184
1784771591456,2026-07-23T01:53:11.456Z,-23.6052894,-46.8361977,832.416,0.166,0.210,3,126,184
1784771591514,2026-07-23T01:53:11.514Z,-23.6052894,-46.8361978,832.420,0.139,0.170,3,126,184
1784771591572,2026-07-23T01:53:11.572Z,-23.6052894,-46.8361979,832.426,0.074,0.150,3,126,184
1784771591630,2026-07-23T01:53:11.630Z,-23.6052894,-46.8361979,832.411,0.072,0.080,3,126,184
1784771591688,2026-07-23T01:53:11.688Z,-23.6052895,-46.8361979,832.416,0.064,0.080,3,126,184
1784771591746,2026-07-23T01:53:11.746Z,-23.6052896,-46.8361979,832.429,0.166,0.070,3,126,184
1784771591804,2026-07-23T01:53:11.804Z,-23.6052899,-46.8361978,832.435,0.342,0.170,3,126,184
1784771591862,2026-07-23T01:53:11.862Z,-23.6052902,-46.8361979,832.458,0.495,0.340,3,126,184
1784771591920,2026-07-23T01:53:11.920Z,-23.6052905,-46.8361980,832.458,0.517,0.490,3,126,184
1784771591978,2026-07-23T01:53:11.978Z,-23.6052906,-46.8361981,832.430,0.460,0.520,3,126,184
1784771592036,2026-07-23T01:53:12.036Z,-23.6052907,-46.8361980,832.398,0.340,0.460,3,126,184
1784771592095,2026-07-23T01:53:12.095Z,-23.6052907,-46.8361979,832.405,0.232,0.340,3,126,185
1784771592150,2026-07-23T01:53:12.150Z,-23.6052909,-46.8361979,832.402,0.285,0.230,3,126,185
1784771592205,2026-07-23T01:53:12.205Z,-23.6052911,-46.8361978,832.405,0.356,0.290,3,126,185
1784771592260,2026-07-23T01:53:12.260Z,-23.6052913,-46.8361979,832.401,0.427,0.360,3,126,185
1784771592315,2026-07-23T01:53:12.315Z,-23.6052915,-46.8361979,832.394,0.372,0.430,3,126,185
1784771592370,2026-07-23T01:53:12.370Z,-23.6052916,-46.8361980,832.388,0.373,0.370,3,126,185
1784771592425,2026-07-23T01:53:12.425Z,-23.6052917,-46.8361980,832.391,0.326,0.370,3,126,185
1784771592480,2026-07-23T01:53:12.480Z,-23.6052919,-46.8361980,832.370,0.328,0.330,3,126,185
1784771592535,2026-07-23T01:53:12.535Z,-23.6052920,-46.8361979,832.375,0.327,0.330,3,126,185
1784771592590,2026-07-23T01:53:12.590Z,-23.6052921,-46.8361978,832.377,0.244,0.330,3,126,185
1784771592645,2026-07-23T01:53:12.645Z,-23.6052922,-46.8361979,832.376,0.232,0.240,3,126,185
1784771592700,2026-07-23T01:53:12.700Z,-23.6052923,-46.8361980,832.389,0.267,0.230,3,126,185
1784771592755,2026-07-23T01:53:12.755Z,-23.6052924,-46.8361981,832.404,0.232,0.270,3,126,185
1784771592810,2026-07-23T01:53:12.810Z,-23.6052925,-46.8361981,832.393,0.209,0.230,3,126,185
1784771592865,2026-07-23T01:53:12.865Z,-23.6052927,-46.8361981,832.377,0.245,0.210,3,126,185
1784771592920,2026-07-23T01:53:12.920Z,-23.6052927,-46.8361979,832.364,0.122,0.250,3,126,185
1784771592975,2026-07-23T01:53:12.975Z,-23.6052927,-46.8361979,832.364,0.122,0.150,3,126,185
1784771593030,2026-07-23T01:53:13.030Z,-23.6052927,-46.8361979,832.355,0.087,0.120,3,126,185
1784771593085,2026-07-23T01:53:13.085Z,-23.6052928,-46.8361980,832.351,0.072,0.090,3,126,186
1784771593134,2026-07-23T01:53:13.134Z,-23.6052926,-46.8361980,832.359,0.058,0.070,3,126,186
1784771593183,2026-07-23T01:53:13.183Z,-23.6052924,-46.8361981,832.375,0.183,0.060,3,126,186
1784771593232,2026-07-23T01:53:13.232Z,-23.6052923,-46.8361982,832.379,0.193,0.180,3,126,186
1784771593281,2026-07-23T01:53:13.281Z,-23.6052922,-46.8361982,832.370,0.198,0.190,3,126,186
1784771593331,2026-07-23T01:53:13.331Z,-23.6052922,-46.8361982,832.360,0.184,0.200,3,126,186
1784771593380,2026-07-23T01:53:13.380Z,-23.6052921,-46.8361981,832.353,0.177,0.180,3,126,186
1784771593429,2026-07-23T01:53:13.429Z,-23.6052921,-46.8361980,832.343,0.166,0.180,3,126,186
1784771593478,2026-07-23T01:53:13.478Z,-23.6052922,-46.8361980,832.339,0.067,0.170,3,126,186
1784771593527,2026-07-23T01:53:13.527Z,-23.6052923,-46.8361980,832.333,0.068,0.070,3,126,186
1784771593577,2026-07-23T01:53:13.577Z,-23.6052926,-46.8361981,832.329,0.203,0.070,3,126,186
1784771593626,2026-07-23T01:53:13.626Z,-23.6052928,-46.8361982,832.293,0.257,0.200,3,126,186
1784771593675,2026-07-23T01:53:13.675Z,-23.6052929,-46.8361982,832.282,0.258,0.260,3,126,186
1784771593724,2026-07-23T01:53:13.724Z,-23.6052928,-46.8361983,832.278,0.143,0.260,3,126,186
1784771593773,2026-07-23T01:53:13.773Z,-23.6052925,-46.8361984,832.287,0.190,0.150,3,126,186
1784771593823,2026-07-23T01:53:13.823Z,-23.6052922,-46.8361983,832.310,0.339,0.190,3,126,186
1784771593872,2026-07-23T01:53:13.872Z,-23.6052919,-46.8361982,832.314,0.489,0.340,3,126,186
1784771593921,2026-07-23T01:53:13.921Z,-23.6052916,-46.8361982,832.328,0.517,0.490,3,126,186
1784771593970,2026-07-23T01:53:13.970Z,-23.6052916,-46.8361983,832.325,0.357,0.520,3,126,186
1784771594020,2026-07-23T01:53:14.020Z,-23.6052917,-46.8361984,832.311,0.187,0.360,3,126,187
1784771594075,2026-07-23T01:53:14.075Z,-23.6052918,-46.8361985,832.282,0.117,0.190,3,126,187
1784771594130,2026-07-23T01:53:14.130Z,-23.6052918,-46.8361984,832.268,0.050,0.120,3,126,187
1784771594185,2026-07-23T01:53:14.185Z,-23.6052919,-46.8361984,832.254,0.068,0.050,3,126,187
1784771594240,2026-07-23T01:53:14.240Z,-23.6052920,-46.8361984,832.246,0.094,0.070,3,126,187
1784771594295,2026-07-23T01:53:14.295Z,-23.6052921,-46.8361985,832.237,0.085,0.090,3,126,187
1784771594350,2026-07-23T01:53:14.350Z,-23.6052921,-46.8361984,832.236,0.040,0.090,3,126,187
1784771594405,2026-07-23T01:53:14.405Z,-23.6052921,-46.8361983,832.225,0.067,0.040,3,126,187
1784771594460,2026-07-23T01:53:14.460Z,-23.6052921,-46.8361984,832.212,0.033,0.070,3,126,187
1784771594515,2026-07-23T01:53:14.515Z,-23.6052921,-46.8361984,832.196,0.040,0.040,3,126,187
1784771594570,2026-07-23T01:53:14.570Z,-23.6052921,-46.8361985,832.193,0.035,0.040,3,126,187
1784771594625,2026-07-23T01:53:14.625Z,-23.6052921,-46.8361985,832.188,0.043,0.040,3,126,187
1784771594680,2026-07-23T01:53:14.680Z,-23.6052920,-46.8361986,832.184,0.061,0.040,3,126,187
1784771594735,2026-07-23T01:53:14.735Z,-23.6052921,-46.8361986,832.187,0.001,0.060,3,126,187
1784771594790,2026-07-23T01:53:14.790Z,-23.6052921,-46.8361986,832.172,0.021,0.000,3,126,187
1784771594845,2026-07-23T01:53:14.845Z,-23.6052920,-46.8361985,832.173,0.063,0.020,3,126,187
1784771594900,2026-07-23T01:53:14.900Z,-23.6052920,-46.8361986,832.163,0.038,0.060,3,126,187
1784771594955,2026-07-23T01:53:14.955Z,-23.6052920,-46.8361986,832.155,0.067,0.040,3,126,187
1784771595010,2026-07-23T01:53:15.010Z,-23.6052920,-46.8361986,832.147,0.021,0.070,3,131,188
1784771595068,2026-07-23T01:53:15.068Z,-23.6052920,-46.8361987,832.154,0.014,0.020,3,131,188
1784771595126,2026-07-23T01:53:15.126Z,-23.6052919,-46.8361988,832.164,0.031,0.010,3,131,188
1784771595184,2026-07-23T01:53:15.184Z,-23.6052919,-46.8361987,832.151,0.030,0.030,3,131,188
1784771595242,2026-07-23T01:53:15.242Z,-23.6052919,-46.8361988,832.144,0.041,0.030,3,131,188
1784771595300,2026-07-23T01:53:15.300Z,-23.6052919,-46.8361988,832.134,0.053,0.040,3,131,188
1784771595358,2026-07-23T01:53:15.358Z,-23.6052918,-46.8361989,832.134,0.056,0.050,3,131,188
1784771595416,2026-07-23T01:53:15.416Z,-23.6052919,-46.8361989,832.136,0.030,0.060,3,131,188
1784771595474,2026-07-23T01:53:15.474Z,-23.6052919,-46.8361990,832.134,0.062,0.030,3,131,188
1784771595532,2026-07-23T01:53:15.532Z,-23.6052919,-46.8361991,832.149,0.062,0.060,3,131,188
1784771595590,2026-07-23T01:53:15.590Z,-23.6052919,-46.8361991,832.158,0.041,0.060,3,131,188
1784771595648,2026-07-23T01:53:15.648Z,-23.6052918,-46.8361992,832.160,0.040,0.040,3,131,188
1784771595706,2026-07-23T01:53:15.706Z,-23.6052916,-46.8361990,832.172,0.175,0.040,3,131,188
1784771595764,2026-07-23T01:53:15.764Z,-23.6052917,-46.8361990,832.160,0.112,0.170,3,131,188
1784771595822,2026-07-23T01:53:15.822Z,-23.6052917,-46.8361989,832.152,0.146,0.110,3,131,188
1784771595880,2026-07-23T01:53:15.880Z,-23.6052917,-46.8361988,832.142,0.149,0.150,3,131,188
1784771595938,2026-07-23T01:53:15.938Z,-23.6052919,-46.8361989,832.136,0.117,0.150,3,131,188
1784771595996,2026-07-23T01:53:15.996Z,-23.6052919,-46.8361990,832.158,0.137,0.120,3,131,188
1784771596055,2026-07-23T01:53:16.055Z,-23.6052920,-46.8361990,832.163,0.116,0.140,3,131,189
1784771596107,2026-07-23T01:53:16.107Z,-23.6052921,-46.8361989,832.144,0.222,0.120,3,131,189
1784771596159,2026-07-23T01:53:16.159Z,-23.6052922,-46.8361990,832.151,0.223,0.220,3,131,189
1784771596211,2026-07-23T01:53:16.211Z,-23.6052923,-46.8361989,832.149,0.232,0.220,3,131,189
1784771596263,2026-07-23T01:53:16.263Z,-23.6052923,-46.8361989,832.154,0.174,0.230,3,131,189
1784771596315,2026-07-23T01:53:16.315Z,-23.6052924,-46.8361990,832.140,0.113,0.170,3,131,189
1784771596367,2026-07-23T01:53:16.367Z,-23.6052925,-46.8361989,832.135,0.177,0.110,3,131,189
1784771596419,2026-07-23T01:53:16.419Z,-23.6052927,-46.8361989,832.120,0.217,0.180,3,131,189
1784771596471,2026-07-23T01:53:16.471Z,-23.6052927,-46.8361989,832.123,0.143,0.220,3,131,189
1784771596523,2026-07-23T01:53:16.523Z,-23.6052928,-46.8361990,832.110,0.172,0.140,3,131,189
1784771596576,2026-07-23T01:53:16.576Z,-23.6052929,-46.8361991,832.110,0.175,0.170,3,131,189
1784771596628,2026-07-23T01:53:16.628Z,-23.6052928,-46.8361991,832.115,0.091,0.180,3,131,189
1784771596680,2026-07-23T01:53:16.680Z,-23.6052928,-46.8361991,832.107,0.016,0.090,3,131,189
1784771596732,2026-07-23T01:53:16.732Z,-23.6052927,-46.8361991,832.088,0.042,0.020,3,131,189
1784771596784,2026-07-23T01:53:16.784Z,-23.6052926,-46.8361992,832.095,0.087,0.050,3,131,189
1784771596836,2026-07-23T01:53:16.836Z,-23.6052926,-46.8361992,832.061,0.077,0.090,3,131,189
1784771596888,2026-07-23T01:53:16.888Z,-23.6052926,-46.8361992,832.062,0.058,0.080,3,131,189
1784771596940,2026-07-23T01:53:16.940Z,-23.6052926,-46.8361992,832.079,0.054,0.070,3,131,189
1784771596992,2026-07-23T01:53:16.992Z,-23.6052926,-46.8361992,832.084,0.049,0.060,3,131,189
1784771597045,2026-07-23T01:53:17.045Z,-23.6052926,-46.8361992,832.080,0.078,0.050,3,131,190
1784771597100,2026-07-23T01:53:17.100Z,-23.6052925,-46.8361992,832.056,0.082,0.080,3,131,190
1784771597155,2026-07-23T01:53:17.155Z,-23.6052925,-46.8361992,832.047,0.099,0.080,3,131,190
1784771597210,2026-07-23T01:53:17.210Z,-23.6052925,-46.8361992,832.040,0.074,0.100,3,131,190
1784771597265,2026-07-23T01:53:17.265Z,-23.6052926,-46.8361993,832.057,0.011,0.080,3,131,190
1784771597320,2026-07-23T01:53:17.320Z,-23.6052926,-46.8361994,832.050,0.024,0.020,3,131,190
1784771597375,2026-07-23T01:53:17.375Z,-23.6052928,-46.8361994,832.036,0.089,0.030,3,131,190
1784771597430,2026-07-23T01:53:17.430Z,-23.6052929,-46.8361995,832.038,0.124,0.090,3,131,190
1784771597485,2026-07-23T01:53:17.485Z,-23.6052930,-46.8361996,832.025,0.154,0.130,3,131,190
1784771597540,2026-07-23T01:53:17.540Z,-23.6052931,-46.8361996,832.018,0.132,0.160,3,131,190
1784771597595,2026-07-23T01:53:17.595Z,-23.6052933,-46.8361996,832.020,0.205,0.130,3,131,190
1784771597650,2026-07-23T01:53:17.650Z,-23.6052935,-46.8361996,832.021,0.237,0.210,3,131,190
1784771597705,2026-07-23T01:53:17.705Z,-23.6052936,-46.8361995,832.014,0.234,0.240,3,131,190
1784771597760,2026-07-23T01:53:17.760Z,-23.6052939,-46.8361995,832.005,0.331,0.240,3,131,190
1784771597815,2026-07-23T01:53:17.815Z,-23.6052942,-46.8361993,831.980,0.460,0.330,3,131,190
1784771597870,2026-07-23T01:53:17.870Z,-23.6052949,-46.8361991,831.950,0.738,0.460,3,131,190
1784771597925,2026-07-23T01:53:17.925Z,-23.6052957,-46.8361988,831.900,0.973,0.740,3,131,190
1784771597980,2026-07-23T01:53:17.980Z,-23.6052962,-46.8361984,831.824,1.043,0.980,3,131,190
1784771598035,2026-07-23T01:53:18.035Z,-23.6052967,-46.8361986,831.848,1.006,1.050,3,132,191
1784771598090,2026-07-23T01:53:18.090Z,-23.6052970,-46.8361989,831.880,0.805,1.010,3,132,191
1784771598145,2026-07-23T01:53:18.145Z,-23.6052971,-46.8361992,831.936,0.626,0.810,3,132,191
1784771598200,2026-07-23T01:53:18.200Z,-23.6052971,-46.8361992,831.987,0.413,0.630,3,132,191
1784771598255,2026-07-23T01:53:18.255Z,-23.6052972,-46.8361991,832.024,0.344,0.410,3,132,191
1784771598310,2026-07-23T01:53:18.310Z,-23.6052976,-46.8361989,832.038,0.497,0.340,3,132,191
1784771598365,2026-07-23T01:53:18.365Z,-23.6052982,-46.8361983,831.967,0.763,0.500,3,132,191
1784771598420,2026-07-23T01:53:18.420Z,-23.6052986,-46.8361979,831.886,0.852,0.760,3,132,191
1784771598475,2026-07-23T01:53:18.475Z,-23.6052994,-46.8361976,831.824,1.116,0.850,3,132,191
1784771598530,2026-07-23T01:53:18.530Z,-23.6053001,-46.8361971,831.806,1.259,1.120,3,132,191
1784771598585,2026-07-23T01:53:18.585Z,-23.6053007,-46.8361968,831.783,1.308,1.260,3,132,191
1784771598640,2026-07-23T01:53:18.640Z,-23.6053013,-46.8361965,831.812,1.314,1.310,3,132,191
1784771598695,2026-07-23T01:53:18.695Z,-23.6053018,-46.8361962,831.812,1.266,1.320,3,132,191
1784771598750,2026-07-23T01:53:18.750Z,-23.6053025,-46.8361961,831.798,1.253,1.270,3,132,191
1784771598805,2026-07-23T01:53:18.805Z,-23.6053032,-46.8361961,831.782,1.242,1.260,3,132,191
1784771598860,2026-07-23T01:53:18.860Z,-23.6053038,-46.8361957,831.777,1.275,1.240,3,132,191
1784771598915,2026-07-23T01:53:18.915Z,-23.6053044,-46.8361953,831.814,1.299,1.280,3,132,191
1784771598970,2026-07-23T01:53:18.970Z,-23.6053051,-46.8361946,831.791,1.426,1.300,3,132,191
1784771599025,2026-07-23T01:53:19.025Z,-23.6053055,-46.8361940,831.821,1.456,1.430,3,131,192
1784771599080,2026-07-23T01:53:19.080Z,-23.6053061,-46.8361933,831.801,1.514,1.460,3,131,192
1784771599135,2026-07-23T01:53:19.135Z,-23.6053069,-46.8361927,831.790,1.646,1.520,3,131,192
1784771599190,2026-07-23T01:53:19.190Z,-23.6053077,-46.8361921,831.787,1.699,1.650,3,131,192
1784771599245,2026-07-23T01:53:19.245Z,-23.6053085,-46.8361916,831.781,1.752,1.700,3,131,192
1784771599300,2026-07-23T01:53:19.300Z,-23.6053095,-46.8361912,831.794,1.810,1.750,3,131,192
1784771599355,2026-07-23T01:53:19.355Z,-23.6053102,-46.8361903,831.800,1.919,1.810,3,131,192
1784771599410,2026-07-23T01:53:19.410Z,-23.6053109,-46.8361900,831.809,1.823,1.920,3,131,192
1784771599465,2026-07-23T01:53:19.465Z,-23.6053116,-46.8361896,831.816,1.701,1.820,3,131,192
1784771599520,2026-07-23T01:53:19.520Z,-23.6053122,-46.8361892,831.809,1.647,1.700,3,131,192
1784771599575,2026-07-23T01:53:19.575Z,-23.6053128,-46.8361887,831.814,1.629,1.650,3,131,192
1784771599630,2026-07-23T01:53:19.630Z,-23.6053136,-46.8361882,831.818,1.706,1.630,3,131,192
1784771599685,2026-07-23T01:53:19.685Z,-23.6053146,-46.8361877,831.832,1.828,1.710,3,131,192
1784771599740,2026-07-23T01:53:19.740Z,-23.6053155,-46.8361874,831.849,1.833,1.830,3,131,192
1784771599795,2026-07-23T01:53:19.795Z,-23.6053164,-46.8361868,831.845,1.908,1.830,3,131,192
1784771599850,2026-07-23T01:53:19.850Z,-23.6053176,-46.8361860,831.846,2.156,1.910,3,131,192
1784771599905,2026-07-23T01:53:19.905Z,-23.6053189,-46.8361852,831.872,2.376,2.160,3,131,192
1784771599960,2026-07-23T01:53:19.960Z,-23.6053202,-46.8361843,831.871,2.558,2.380,3,131,192
1784771600015,2026-07-23T01:53:20.015Z,-23.6053215,-46.8361832,831.853,2.759,2.560,3,136,193
1784771600073,2026-07-23T01:53:20.073Z,-23.6053231,-46.8361824,831.853,2.949,2.760,3,136,193
1784771600131,2026-07-23T01:53:20.131Z,-23.6053245,-46.8361813,831.808,3.086,2.950,3,136,193
1784771600189,2026-07-23T01:53:20.189Z,-23.6053259,-46.8361801,831.794,3.261,3.090,3,136,193
1784771600247,2026-07-23T01:53:20.247Z,-23.6053275,-46.8361793,831.831,3.320,3.260,3,136,193
1784771600305,2026-07-23T01:53:20.305Z,-23.6053288,-46.8361784,831.842,3.250,3.320,3,136,193
1784771600363,2026-07-23T01:53:20.363Z,-23.6053300,-46.8361776,831.799,3.111,3.250,3,136,193
1784771600421,2026-07-23T01:53:20.421Z,-23.6053314,-46.8361769,831.778,3.132,3.110,3,136,193
1784771600479,2026-07-23T01:53:20.479Z,-23.6053329,-46.8361756,831.794,3.291,3.130,3,136,193
1784771600537,2026-07-23T01:53:20.537Z,-23.6053345,-46.8361746,831.806,3.415,3.290,3,136,193
1784771600595,2026-07-23T01:53:20.595Z,-23.6053366,-46.8361744,831.725,3.515,3.410,3,136,193
1784771600653,2026-07-23T01:53:20.653Z,-23.6053385,-46.8361734,831.652,3.719,3.520,3,136,193
1784771600711,2026-07-23T01:53:20.711Z,-23.6053407,-46.8361723,831.602,4.000,3.720,3,136,193
1784771600769,2026-07-23T01:53:20.769Z,-23.6053428,-46.8361712,831.650,4.189,4.000,3,136,193
1784771600827,2026-07-23T01:53:20.827Z,-23.6053442,-46.8361695,831.707,4.220,4.190,3,136,193
1784771600885,2026-07-23T01:53:20.885Z,-23.6053464,-46.8361686,831.693,4.284,4.220,3,136,193
1784771600943,2026-07-23T01:53:20.943Z,-23.6053483,-46.8361676,831.625,4.300,4.280,3,136,193
1784771601001,2026-07-23T01:53:21.001Z,-23.6053501,-46.8361674,831.592,4.044,4.300,3,136,193
1784771601060,2026-07-23T01:53:21.060Z,-23.6053518,-46.8361665,831.605,4.009,4.050,3,131,194
1784771601115,2026-07-23T01:53:21.115Z,-23.6053536,-46.8361654,831.637,4.051,4.010,3,131,194
1784771601170,2026-07-23T01:53:21.170Z,-23.6053553,-46.8361644,831.655,4.002,4.050,3,131,194
1784771601225,2026-07-23T01:53:21.225Z,-23.6053570,-46.8361633,831.551,4.042,4.000,3,131,194
1784771601280,2026-07-23T01:53:21.280Z,-23.6053589,-46.8361620,831.513,4.173,4.040,3,131,194
1784771601335,2026-07-23T01:53:21.335Z,-23.6053610,-46.8361609,831.504,4.282,4.180,3,131,194
1784771601390,2026-07-23T01:53:21.390Z,-23.6053632,-46.8361602,831.513,4.354,4.280,3,131,194
1784771601445,2026-07-23T01:53:21.445Z,-23.6053660,-46.8361593,831.510,4.626,4.360,3,131,194
1784771601500,2026-07-23T01:53:21.500Z,-23.6053679,-46.8361583,831.515,4.581,4.630,3,131,194
1784771601555,2026-07-23T01:53:21.555Z,-23.6053701,-46.8361573,831.532,4.590,4.580,3,131,194
1784771601610,2026-07-23T01:53:21.610Z,-23.6053726,-46.8361565,831.563,4.724,4.590,3,131,194
1784771601665,2026-07-23T01:53:21.665Z,-23.6053753,-46.8361557,831.633,4.908,4.730,3,131,194
1784771601720,2026-07-23T01:53:21.720Z,-23.6053779,-46.8361548,831.686,5.024,4.910,3,131,194
1784771601775,2026-07-23T01:53:21.775Z,-23.6053807,-46.8361540,831.685,5.167,5.020,3,131,194
1784771601830,2026-07-23T01:53:21.830Z,-23.6053835,-46.8361529,831.674,5.372,5.170,3,131,194
1784771601885,2026-07-23T01:53:21.885Z,-23.6053862,-46.8361518,831.671,5.481,5.370,3,131,194
1784771601940,2026-07-23T01:53:21.940Z,-23.6053890,-46.8361510,831.688,5.547,5.480,3,131,194
1784771601995,2026-07-23T01:53:21.995Z,-23.6053915,-46.8361500,831.698,5.520,5.550,3,131,194
1784771602050,2026-07-23T01:53:22.050Z,-23.6053944,-46.8361490,831.728,5.653,5.520,3,131,194
1784771602105,2026-07-23T01:53:22.105Z,-23.6053975,-46.8361479,831.761,5.887,5.650,3,131,195
1784771602163,2026-07-23T01:53:22.163Z,-23.6054005,-46.8361470,831.796,5.945,5.890,3,131,195
1784771602221,2026-07-23T01:53:22.221Z,-23.6054033,-46.8361459,831.785,6.000,5.950,3,131,195
1784771602279,2026-07-23T01:53:22.279Z,-23.6054062,-46.8361446,831.713,6.122,6.000,3,131,195
1784771602337,2026-07-23T01:53:22.337Z,-23.6054092,-46.8361434,831.697,6.203,6.120,3,131,195
1784771602396,2026-07-23T01:53:22.396Z,-23.6054123,-46.8361424,831.710,6.242,6.200,3,131,195
1784771602454,2026-07-23T01:53:22.454Z,-23.6054155,-46.8361414,831.707,6.364,6.240,3,131,195
1784771602512,2026-07-23T01:53:22.512Z,-23.6054186,-46.8361404,831.690,6.420,6.360,3,131,195
1784771602570,2026-07-23T01:53:22.570Z,-23.6054218,-46.8361393,831.660,6.496,6.420,3,131,195
1784771602629,2026-07-23T01:53:22.629Z,-23.6054250,-46.8361380,831.580,6.643,6.500,3,131,195
1784771602687,2026-07-23T01:53:22.687Z,-23.6054282,-46.8361366,831.511,6.759,6.640,3,131,195
1784771602745,2026-07-23T01:53:22.745Z,-23.6054314,-46.8361352,831.462,6.864,6.760,3,131,195
1784771602803,2026-07-23T01:53:22.803Z,-23.6054350,-46.8361345,831.465,6.941,6.870,3,131,195
1784771602862,2026-07-23T01:53:22.862Z,-23.6054383,-46.8361333,831.458,7.033,6.940,3,131,195
1784771602920,2026-07-23T01:53:22.920Z,-23.6054418,-46.8361323,831.478,7.052,7.030,3,131,195
1784771602978,2026-07-23T01:53:22.978Z,-23.6054454,-46.8361310,831.490,7.229,7.050,3,131,195
1784771603036,2026-07-23T01:53:23.036Z,-23.6054490,-46.8361298,831.487,7.312,7.230,3,131,195
1784771603095,2026-07-23T01:53:23.095Z,-23.6054525,-46.8361287,831.471,7.316,7.310,3,131,196
1784771603147,2026-07-23T01:53:23.147Z,-23.6054561,-46.8361275,831.472,7.368,7.320,3,131,196
1784771603199,2026-07-23T01:53:23.199Z,-23.6054595,-46.8361263,831.499,7.322,7.370,3,131,196
1784771603251,2026-07-23T01:53:23.251Z,-23.6054633,-46.8361250,831.505,7.519,7.320,3,131,196
1784771603303,2026-07-23T01:53:23.303Z,-23.6054669,-46.8361236,831.507,7.618,7.520,3,131,196
1784771603355,2026-07-23T01:53:23.355Z,-23.6054708,-46.8361226,831.516,7.669,7.620,3,131,196
1784771603407,2026-07-23T01:53:23.407Z,-23.6054746,-46.8361213,831.521,7.800,7.670,3,131,196
1784771603459,2026-07-23T01:53:23.459Z,-23.6054785,-46.8361200,831.537,7.906,7.800,3,131,196
1784771603511,2026-07-23T01:53:23.511Z,-23.6054824,-46.8361185,831.551,8.003,7.910,3,131,196
1784771603563,2026-07-23T01:53:23.563Z,-23.6054864,-46.8361172,831.576,8.104,8.000,3,131,196
1784771603616,2026-07-23T01:53:23.616Z,-23.6054902,-46.8361160,831.642,8.038,8.100,3,131,196
1784771603668,2026-07-23T01:53:23.668Z,-23.6054941,-46.8361150,831.710,8.028,8.040,3,131,196
1784771603720,2026-07-23T01:53:23.720Z,-23.6054980,-46.8361141,831.773,7.962,8.030,3,131,196
1784771603772,2026-07-23T01:53:23.772Z,-23.6055025,-46.8361136,831.849,8.142,7.960,3,131,196
1784771603824,2026-07-23T01:53:23.824Z,-23.6055070,-46.8361129,831.886,8.294,8.140,3,131,196
1784771603876,2026-07-23T01:53:23.876Z,-23.6055115,-46.8361124,831.929,8.458,8.290,3,131,196
1784771603928,2026-07-23T01:53:23.928Z,-23.6055160,-46.8361119,832.022,8.530,8.460,3,131,196
1784771603980,2026-07-23T01:53:23.980Z,-23.6055205,-46.8361114,832.111,8.589,8.530,3,131,196
1784771604032,2026-07-23T01:53:24.032Z,-23.6055250,-46.8361102,832.100,8.762,8.590,3,131,196
1784771604085,2026-07-23T01:53:24.085Z,-23.6055295,-46.8361086,832.088,8.962,8.760,3,131,197
1784771604140,2026-07-23T01:53:24.140Z,-23.6055341,-46.8361072,832.079,9.149,8.960,3,131,197
1784771604195,2026-07-23T01:53:24.195Z,-23.6055384,-46.8361059,832.037,9.135,9.150,3,131,197
1784771604250,2026-07-23T01:53:24.250Z,-23.6055430,-46.8361046,832.018,9.234,9.140,3,131,197
1784771604305,2026-07-23T01:53:24.305Z,-23.6055475,-46.8361032,832.037,9.302,9.230,3,131,197
1784771604360,2026-07-23T01:53:24.360Z,-23.6055520,-46.8361017,832.046,9.326,9.300,3,131,197
1784771604415,2026-07-23T01:53:24.415Z,-23.6055567,-46.8361001,832.026,9.478,9.330,3,131,197
1784771604470,2026-07-23T01:53:24.470Z,-23.6055615,-46.8360986,832.037,9.619,9.480,3,131,197
1784771604525,2026-07-23T01:53:24.525Z,-23.6055663,-46.8360972,832.018,9.716,9.620,3,131,197
1784771604580,2026-07-23T01:53:24.580Z,-23.6055713,-46.8360958,831.986,9.888,9.720,3,131,197
1784771604635,2026-07-23T01:53:24.635Z,-23.6055763,-46.8360940,831.891,10.085,9.890,3,131,197
1784771604690,2026-07-23T01:53:24.690Z,-23.6055813,-46.8360922,831.849,10.240,10.080,3,131,197
1784771604745,2026-07-23T01:53:24.745Z,-23.6055864,-46.8360906,831.793,10.362,10.240,3,131,197
1784771604800,2026-07-23T01:53:24.800Z,-23.6055915,-46.8360889,831.746,10.470,10.360,3,131,197
1784771604855,2026-07-23T01:53:24.855Z,-23.6055967,-46.8360870,831.660,10.630,10.470,3,131,197
1784771604910,2026-07-23T01:53:24.910Z,-23.6056019,-46.8360851,831.587,10.730,10.630,3,131,197
1784771604965,2026-07-23T01:53:24.965Z,-23.6056071,-46.8360833,831.535,10.808,10.730,3,131,197
1784771605020,2026-07-23T01:53:25.020Z,-23.6056124,-46.8360815,831.512,10.957,10.810,3,131,197
1784771605075,2026-07-23T01:53:25.075Z,-23.6056181,-46.8360800,831.442,11.170,10.960,3,131,198
1784771605130,2026-07-23T01:53:25.130Z,-23.6056236,-46.8360787,831.486,11.223,11.170,3,131,198
1784771605185,2026-07-23T01:53:25.185Z,-23.6056292,-46.8360772,831.440,11.342,11.220,3,131,198
1784771605240,2026-07-23T01:53:25.240Z,-23.6056347,-46.8360756,831.338,11.384,11.340,3,131,198
1784771605295,2026-07-23T01:53:25.295Z,-23.6056403,-46.8360745,831.294,11.408,11.380,3,131,198
1784771605350,2026-07-23T01:53:25.350Z,-23.6056460,-46.8360737,831.262,11.497,11.410,3,131,198
1784771605405,2026-07-23T01:53:25.405Z,-23.6056518,-46.8360730,831.180,11.573,11.500,3,131,198
1784771605460,2026-07-23T01:53:25.460Z,-23.6056576,-46.8360724,831.174,11.662,11.580,3,131,198
1784771605515,2026-07-23T01:53:25.515Z,-23.6056634,-46.8360719,831.159,11.611,11.660,3,131,198
1784771605570,2026-07-23T01:53:25.570Z,-23.6056690,-46.8360717,831.161,11.484,11.610,3,131,198
1784771605625,2026-07-23T01:53:25.625Z,-23.6056743,-46.8360719,831.145,11.164,11.490,3,131,198
1784771605680,2026-07-23T01:53:25.680Z,-23.6056794,-46.8360723,831.146,10.883,11.170,3,131,198
1784771605735,2026-07-23T01:53:25.735Z,-23.6056848,-46.8360728,831.143,10.811,10.890,3,131,198
1784771605790,2026-07-23T01:53:25.790Z,-23.6056901,-46.8360735,831.155,10.704,10.810,3,131,198
1784771605845,2026-07-23T01:53:25.845Z,-23.6056954,-46.8360743,831.136,10.712,10.710,3,131,198
1784771605900,2026-07-23T01:53:25.900Z,-23.6057011,-46.8360753,831.159,10.858,10.710,3,131,198
1784771605955,2026-07-23T01:53:25.955Z,-23.6057063,-46.8360762,831.097,10.816,10.860,3,131,198
1784771606010,2026-07-23T01:53:26.010Z,-23.6057119,-46.8360775,831.068,10.951,10.820,3,131,198
1784771606065,2026-07-23T01:53:26.065Z,-23.6057174,-46.8360790,831.013,11.023,10.950,3,131,199
1784771606114,2026-07-23T01:53:26.114Z,-23.6057226,-46.8360807,830.968,11.000,11.030,3,131,199
1784771606164,2026-07-23T01:53:26.164Z,-23.6057280,-46.8360830,830.918,11.139,11.000,3,131,199
1784771606213,2026-07-23T01:53:26.213Z,-23.6057331,-46.8360854,830.882,11.113,11.140,3,131,199
1784771606263,2026-07-23T01:53:26.263Z,-23.6057377,-46.8360880,830.781,10.931,11.120,3,131,199
1784771606312,2026-07-23T01:53:26.312Z,-23.6057421,-46.8360910,830.567,10.884,10.940,3,131,199
1784771606362,2026-07-23T01:53:26.362Z,-23.6057470,-46.8360941,830.477,11.087,10.890,3,131,199
1784771606411,2026-07-23T01:53:26.411Z,-23.6057518,-46.8360972,830.481,11.081,11.100,3,131,199
1784771606461,2026-07-23T01:53:26.461Z,-23.6057563,-46.8361003,830.496,10.968,11.090,3,131,199
1784771606510,2026-07-23T01:53:26.510Z,-23.6057609,-46.8361038,830.364,11.147,10.980,3,131,199
1784771606560,2026-07-23T01:53:26.560Z,-23.6057658,-46.8361078,830.137,11.641,11.160,3,131,199
1784771606609,2026-07-23T01:53:26.609Z,-23.6057703,-46.8361113,830.036,11.625,11.650,3,131,199
1784771606659,2026-07-23T01:53:26.659Z,-23.6057749,-46.8361149,829.990,11.558,11.640,3,131,199
1784771606708,2026-07-23T01:53:26.708Z,-23.6057791,-46.8361188,829.957,11.494,11.570,3,131,199
1784771606758,2026-07-23T01:53:26.758Z,-23.6057831,-46.8361231,829.844,11.556,11.570,3,131,199
1784771606807,2026-07-23T01:53:26.807Z,-23.6057831,-46.8361231,829.844,11.556,11.570,3,131,199
1784771606857,2026-07-23T01:53:26.857Z,-23.6057868,-46.8361277,829.802,11.556,11.570,3,131,199
1784771606906,2026-07-23T01:53:26.906Z,-23.6057894,-46.8361324,829.797,11.252,11.570,3,131,199
1784771606956,2026-07-23T01:53:26.956Z,-23.6057920,-46.8361371,829.720,11.072,11.270,3,131,199
1784771607005,2026-07-23T01:53:27.005Z,-23.6057944,-46.8361421,829.616,11.050,11.090,3,131,199
1784771607055,2026-07-23T01:53:27.055Z,-23.6057966,-46.8361474,829.455,11.177,11.070,3,131,200
1784771607110,2026-07-23T01:53:27.110Z,-23.6057989,-46.8361525,829.443,11.007,11.200,3,131,200
1784771607165,2026-07-23T01:53:27.165Z,-23.6058012,-46.8361579,829.416,10.993,11.030,3,131,200
1784771607220,2026-07-23T01:53:27.220Z,-23.6058035,-46.8361633,829.365,11.074,11.020,3,131,200
1784771607275,2026-07-23T01:53:27.275Z,-23.6058056,-46.8361690,829.300,11.163,11.100,3,131,200
1784771607330,2026-07-23T01:53:27.330Z,-23.6058076,-46.8361746,829.257,11.151,11.190,3,131,200
1784771607385,2026-07-23T01:53:27.385Z,-23.6058094,-46.8361805,829.177,11.272,11.180,3,131,200
1784771607440,2026-07-23T01:53:27.440Z,-23.6058110,-46.8361863,829.087,11.321,11.300,3,131,200
1784771607495,2026-07-23T01:53:27.495Z,-23.6058121,-46.8361924,828.971,11.476,11.350,3,131,200
1784771607550,2026-07-23T01:53:27.550Z,-23.6058131,-46.8361989,828.875,11.735,11.500,3,131,200
1784771607605,2026-07-23T01:53:27.605Z,-23.6058143,-46.8362054,828.729,12.036,11.760,3,131,200
1784771607660,2026-07-23T01:53:27.660Z,-23.6058157,-46.8362122,828.660,12.342,12.070,3,131,200
1784771607715,2026-07-23T01:53:27.715Z,-23.6058169,-46.8362190,828.585,12.520,12.370,3,131,200
1784771607770,2026-07-23T01:53:27.770Z,-23.6058178,-46.8362256,828.502,12.518,12.550,3,131,200
1784771607825,2026-07-23T01:53:27.825Z,-23.6058187,-46.8362325,828.512,12.542,12.550,3,131,200
1784771607880,2026-07-23T01:53:27.880Z,-23.6058198,-46.8362392,828.516,12.480,12.570,3,131,200
1784771607935,2026-07-23T01:53:27.935Z,-23.6058208,-46.8362458,828.452,12.487,12.510,3,131,200
1784771607990,2026-07-23T01:53:27.990Z,-23.6058216,-46.8362523,828.329,12.479,12.520,3,131,200
1784771608045,2026-07-23T01:53:28.045Z,-23.6058223,-46.8362591,828.285,12.565,12.510,3,131,201
1784771608100,2026-07-23T01:53:28.100Z,-23.6058229,-46.8362661,828.243,12.689,12.600,3,131,201
1784771608155,2026-07-23T01:53:28.155Z,-23.6058234,-46.8362730,828.207,12.763,12.720,3,131,201
1784771608210,2026-07-23T01:53:28.210Z,-23.6058237,-46.8362800,828.141,12.845,12.800,3,131,201
1784771608265,2026-07-23T01:53:28.265Z,-23.6058240,-46.8362872,828.066,13.042,12.880,3,131,201
1784771608320,2026-07-23T01:53:28.320Z,-23.6058241,-46.8362944,828.001,13.158,13.080,3,131,201
1784771608375,2026-07-23T01:53:28.375Z,-23.6058241,-46.8363014,827.945,13.176,13.190,3,131,201
1784771608430,2026-07-23T01:53:28.430Z,-23.6058239,-46.8363087,827.889,13.276,13.210,3,131,201
1784771608485,2026-07-23T01:53:28.485Z,-23.6058238,-46.8363159,827.820,13.337,13.310,3,131,201
1784771608540,2026-07-23T01:53:28.540Z,-23.6058237,-46.8363233,827.749,13.497,13.370,3,131,201
1784771608595,2026-07-23T01:53:28.595Z,-23.6058235,-46.8363309,827.678,13.690,13.530,3,131,201
1784771608650,2026-07-23T01:53:28.650Z,-23.6058230,-46.8363386,827.634,13.869,13.730,3,131,201
1784771608705,2026-07-23T01:53:28.705Z,-23.6058225,-46.8363465,827.632,14.048,13.900,3,131,201
1784771608760,2026-07-23T01:53:28.760Z,-23.6058220,-46.8363544,827.612,14.202,14.080,3,131,201
1784771608815,2026-07-23T01:53:28.815Z,-23.6058214,-46.8363621,827.591,14.207,14.230,3,131,201
1784771608870,2026-07-23T01:53:28.870Z,-23.6058209,-46.8363698,827.523,14.275,14.240,3,131,201
1784771608925,2026-07-23T01:53:28.925Z,-23.6058207,-46.8363774,827.481,14.238,14.310,3,131,201
1784771608980,2026-07-23T01:53:28.980Z,-23.6058207,-46.8363850,827.382,14.247,14.270,3,131,201
1784771609035,2026-07-23T01:53:29.035Z,-23.6058208,-46.8363926,827.292,14.241,14.280,3,131,202
1784771609090,2026-07-23T01:53:29.090Z,-23.6058211,-46.8364002,827.250,14.154,14.280,3,131,202
1784771609145,2026-07-23T01:53:29.145Z,-23.6058216,-46.8364075,827.225,13.959,14.190,3,131,202
1784771609200,2026-07-23T01:53:29.200Z,-23.6058223,-46.8364147,827.164,13.804,13.990,3,131,202
1784771609255,2026-07-23T01:53:29.255Z,-23.6058233,-46.8364224,827.138,13.875,13.840,3,131,202
1784771609310,2026-07-23T01:53:29.310Z,-23.6058245,-46.8364303,827.110,14.092,13.910,3,131,202
1784771609365,2026-07-23T01:53:29.365Z,-23.6058259,-46.8364386,827.082,14.415,14.120,3,131,202
1784771609420,2026-07-23T01:53:29.420Z,-23.6058272,-46.8364466,827.047,14.566,14.450,3,131,202
1784771609475,2026-07-23T01:53:29.475Z,-23.6058287,-46.8364544,826.986,14.651,14.600,3,131,202
1784771609530,2026-07-23T01:53:29.530Z,-23.6058306,-46.8364620,826.908,14.677,14.680,3,131,202
1784771609585,2026-07-23T01:53:29.585Z,-23.6058326,-46.8364694,826.813,14.652,14.710,3,131,202
1784771609640,2026-07-23T01:53:29.640Z,-23.6058348,-46.8364768,826.759,14.563,14.680,3,131,202
1784771609695,2026-07-23T01:53:29.695Z,-23.6058374,-46.8364841,826.694,14.566,14.600,3,131,202
1784771609750,2026-07-23T01:53:29.750Z,-23.6058402,-46.8364914,826.624,14.624,14.600,3,131,202
1784771609805,2026-07-23T01:53:29.805Z,-23.6058426,-46.8364988,826.537,14.681,14.660,3,131,202
1784771609860,2026-07-23T01:53:29.860Z,-23.6058447,-46.8365063,826.489,14.658,14.710,3,131,202
1784771609915,2026-07-23T01:53:29.915Z,-23.6058469,-46.8365141,826.463,14.748,14.690,3,131,202
1784771609970,2026-07-23T01:53:29.970Z,-23.6058497,-46.8365214,826.431,14.741,14.780,3,131,202
1784771610025,2026-07-23T01:53:30.025Z,-23.6058528,-46.8365284,826.367,14.668,14.770,3,139,203
1784771610083,2026-07-23T01:53:30.083Z,-23.6058561,-46.8365354,826.266,14.766,14.700,3,139,203
1784771610141,2026-07-23T01:53:30.141Z,-23.6058598,-46.8365423,826.158,14.821,14.800,3,139,203
1784771610199,2026-07-23T01:53:30.199Z,-23.6058635,-46.8365491,826.051,14.886,14.850,3,139,203
1784771610257,2026-07-23T01:53:30.257Z,-23.6058674,-46.8365562,825.975,15.023,14.920,3,139,203
1784771610315,2026-07-23T01:53:30.315Z,-23.6058716,-46.8365632,825.905,15.195,15.060,3,139,203
1784771610373,2026-07-23T01:53:30.373Z,-23.6058758,-46.8365700,825.806,15.284,15.230,3,139,203
1784771610431,2026-07-23T01:53:30.431Z,-23.6058802,-46.8365768,825.713,15.341,15.320,3,139,203
1784771610489,2026-07-23T01:53:30.489Z,-23.6058845,-46.8365836,825.616,15.391,15.380,3,139,203
1784771610547,2026-07-23T01:53:30.547Z,-23.6058888,-46.8365906,825.535,15.496,15.430,3,139,203
1784771610605,2026-07-23T01:53:30.605Z,-23.6058929,-46.8365978,825.473,15.570,15.530,3,139,203
1784771610663,2026-07-23T01:53:30.663Z,-23.6058968,-46.8366050,825.388,15.573,15.610,3,139,203
1784771610721,2026-07-23T01:53:30.721Z,-23.6059005,-46.8366121,825.336,15.494,15.610,3,139,203
1784771610779,2026-07-23T01:53:30.779Z,-23.6059040,-46.8366193,825.280,15.414,15.530,3,139,203
1784771610837,2026-07-23T01:53:30.837Z,-23.6059073,-46.8366264,825.226,15.268,15.450,3,139,203
1784771610895,2026-07-23T01:53:30.895Z,-23.6059107,-46.8366333,825.178,15.119,15.310,3,139,203
1784771610953,2026-07-23T01:53:30.953Z,-23.6059139,-46.8366402,825.105,14.995,15.160,3,139,203
1784771611011,2026-07-23T01:53:31.011Z,-23.6059172,-46.8366471,825.025,14.899,15.040,3,139,203
1784771611070,2026-07-23T01:53:31.070Z,-23.6059200,-46.8366540,824.955,14.737,14.940,3,131,204
1784771611122,2026-07-23T01:53:31.122Z,-23.6059227,-46.8366608,824.878,14.586,14.780,3,131,204
1784771611174,2026-07-23T01:53:31.174Z,-23.6059254,-46.8366677,824.805,14.479,14.630,3,131,204
1784771611226,2026-07-23T01:53:31.226Z,-23.6059282,-46.8366749,824.753,14.470,14.520,3,131,204
1784771611278,2026-07-23T01:53:31.278Z,-23.6059306,-46.8366820,824.695,14.382,14.510,3,131,204
1784771611330,2026-07-23T01:53:31.330Z,-23.6059327,-46.8366894,824.657,14.356,14.430,3,131,204
1784771611382,2026-07-23T01:53:31.382Z,-23.6059345,-46.8366970,824.608,14.350,14.400,3,131,204
1784771611434,2026-07-23T01:53:31.434Z,-23.6059360,-46.8367060,824.560,14.729,14.390,3,131,204
1784771611486,2026-07-23T01:53:31.486Z,-23.6059377,-46.8367140,824.497,14.818,14.770,3,131,204
1784771611538,2026-07-23T01:53:31.538Z,-23.6059391,-46.8367223,824.432,14.979,14.860,3,131,204
1784771611591,2026-07-23T01:53:31.591Z,-23.6059407,-46.8367303,824.309,15.087,15.020,3,131,204
1784771611643,2026-07-23T01:53:31.643Z,-23.6059422,-46.8367383,824.223,15.104,15.130,3,131,204
1784771611695,2026-07-23T01:53:31.695Z,-23.6059433,-46.8367459,824.108,15.029,15.150,3,131,204
1784771611747,2026-07-23T01:53:31.747Z,-23.6059442,-46.8367535,824.040,14.908,15.070,3,131,204
1784771611799,2026-07-23T01:53:31.799Z,-23.6059449,-46.8367611,823.968,14.797,14.950,3,131,204
1784771611851,2026-07-23T01:53:31.851Z,-23.6059456,-46.8367690,823.889,14.818,14.840,3,131,204
1784771611903,2026-07-23T01:53:31.903Z,-23.6059457,-46.8367765,823.848,14.625,14.860,3,131,204
1784771611955,2026-07-23T01:53:31.955Z,-23.6059460,-46.8367846,823.779,14.735,14.670,3,131,204
1784771612007,2026-07-23T01:53:32.007Z,-23.6059461,-46.8367931,823.715,14.965,14.780,3,131,204
1784771612060,2026-07-23T01:53:32.060Z,-23.6059460,-46.8368011,823.625,14.980,15.010,3,142,205
1784771612115,2026-07-23T01:53:32.115Z,-23.6059436,-46.8368087,823.280,15.099,15.030,3,142,205
1784771612170,2026-07-23T01:53:32.170Z,-23.6059418,-46.8368169,823.095,15.312,15.150,3,142,205
1784771612225,2026-07-23T01:53:32.225Z,-23.6059405,-46.8368250,822.997,15.341,15.370,3,142,205
1784771612280,2026-07-23T01:53:32.280Z,-23.6059381,-46.8368332,822.936,15.500,15.400,3,142,205
1784771612335,2026-07-23T01:53:32.335Z,-23.6059352,-46.8368418,822.850,15.888,15.560,3,142,205
1784771612390,2026-07-23T01:53:32.390Z,-23.6059325,-46.8368494,822.768,15.804,15.950,3,142,205
1784771612445,2026-07-23T01:53:32.445Z,-23.6059295,-46.8368568,822.729,15.710,15.860,3,142,205
1784771612500,2026-07-23T01:53:32.500Z,-23.6059262,-46.8368643,822.642,15.741,15.770,3,142,205
1784771612555,2026-07-23T01:53:32.555Z,-23.6059219,-46.8368711,822.590,15.711,15.800,3,142,205
1784771612610,2026-07-23T01:53:32.610Z,-23.6059175,-46.8368781,822.599,15.740,15.770,3,142,205
1784771612665,2026-07-23T01:53:32.665Z,-23.6059130,-46.8368854,822.657,15.839,15.790,3,142,205
1784771612720,2026-07-23T01:53:32.720Z,-23.6059081,-46.8368932,822.762,16.136,15.890,3,142,205
1784771612775,2026-07-23T01:53:32.775Z,-23.6059034,-46.8369000,822.746,16.089,16.180,3,142,205
1784771612830,2026-07-23T01:53:32.830Z,-23.6058983,-46.8369068,822.709,16.140,16.130,3,142,205
1784771612885,2026-07-23T01:53:32.885Z,-23.6058931,-46.8369133,822.698,16.138,16.180,3,142,205
1784771612940,2026-07-23T01:53:32.940Z,-23.6058879,-46.8369197,822.675,16.090,16.180,3,142,205
1784771612995,2026-07-23T01:53:32.995Z,-23.6058824,-46.8369262,822.666,16.192,16.130,3,142,205
1784771613050,2026-07-23T01:53:33.050Z,-23.6058770,-46.8369325,822.607,16.187,16.230,3,142,206
1784771613108,2026-07-23T01:53:33.108Z,-23.6058713,-46.8369391,822.577,16.303,16.220,3,142,206
1784771613166,2026-07-23T01:53:33.166Z,-23.6058656,-46.8369453,822.571,16.316,16.340,3,142,206
1784771613224,2026-07-23T01:53:33.224Z,-23.6058599,-46.8369515,822.542,16.328,16.350,3,142,206
1784771613282,2026-07-23T01:53:33.282Z,-23.6058541,-46.8369574,822.467,16.319,16.360,3,142,206
1784771613340,2026-07-23T01:53:33.340Z,-23.6058479,-46.8369632,822.434,16.373,16.350,3,142,206
1784771613398,2026-07-23T01:53:33.398Z,-23.6058417,-46.8369688,822.440,16.377,16.410,3,142,206
1784771613456,2026-07-23T01:53:33.456Z,-23.6058356,-46.8369739,822.455,16.218,16.410,3,142,206
1784771613514,2026-07-23T01:53:33.514Z,-23.6058293,-46.8369790,822.475,16.170,16.250,3,142,206
1784771613572,2026-07-23T01:53:33.572Z,-23.6058231,-46.8369845,822.432,16.161,16.200,3,142,206
1784771613630,2026-07-23T01:53:33.630Z,-23.6058167,-46.8369901,822.375,16.300,16.190,3,142,206
1784771613688,2026-07-23T01:53:33.688Z,-23.6058102,-46.8369957,822.392,16.343,16.330,3,142,206
1784771613746,2026-07-23T01:53:33.746Z,-23.6058037,-46.8370012,822.385,16.417,16.370,3,142,206
1784771613804,2026-07-23T01:53:33.804Z,-23.6057967,-46.8370067,822.328,16.649,16.440,3,142,206
1784771613862,2026-07-23T01:53:33.862Z,-23.6057898,-46.8370118,822.315,16.671,16.670,3,142,206
1784771613920,2026-07-23T01:53:33.920Z,-23.6057832,-46.8370164,822.315,16.512,16.690,3,142,206
1784771613978,2026-07-23T01:53:33.978Z,-23.6057763,-46.8370211,822.314,16.490,16.530,3,142,206
1784771614036,2026-07-23T01:53:34.036Z,-23.6057692,-46.8370259,822.290,16.556,16.510,3,142,206
1784771614095,2026-07-23T01:53:34.095Z,-23.6057619,-46.8370306,822.249,16.687,16.580,3,135,207
1784771614150,2026-07-23T01:53:34.150Z,-23.6057544,-46.8370354,822.244,16.903,16.710,3,135,207
1784771614205,2026-07-23T01:53:34.205Z,-23.6057468,-46.8370401,822.247,17.093,16.920,3,135,207
1784771614260,2026-07-23T01:53:34.260Z,-23.6057389,-46.8370445,822.203,17.304,17.110,3,135,207
1784771614315,2026-07-23T01:53:34.315Z,-23.6057310,-46.8370488,822.207,17.418,17.320,3,135,207
1784771614370,2026-07-23T01:53:34.370Z,-23.6057233,-46.8370530,822.221,17.371,17.440,3,135,207
1784771614425,2026-07-23T01:53:34.425Z,-23.6057156,-46.8370571,822.254,17.307,17.390,3,135,207
1784771614480,2026-07-23T01:53:34.480Z,-23.6057080,-46.8370612,822.288,17.172,17.320,3,135,207
1784771614535,2026-07-23T01:53:34.535Z,-23.6057006,-46.8370651,822.320,16.975,17.190,3,135,207
1784771614590,2026-07-23T01:53:34.590Z,-23.6056931,-46.8370687,822.331,16.794,16.990,3,135,207
1784771614645,2026-07-23T01:53:34.645Z,-23.6056855,-46.8370720,822.293,16.683,16.810,3,135,207
1784771614700,2026-07-23T01:53:34.700Z,-23.6056777,-46.8370757,822.421,16.778,16.700,3,135,207
1784771614755,2026-07-23T01:53:34.755Z,-23.6056699,-46.8370794,822.485,16.810,16.790,3,135,207
1784771614810,2026-07-23T01:53:34.810Z,-23.6056621,-46.8370828,822.511,16.846,16.820,3,135,207
1784771614865,2026-07-23T01:53:34.865Z,-23.6056541,-46.8370862,822.541,16.964,16.850,3,135,207
1784771614920,2026-07-23T01:53:34.920Z,-23.6056461,-46.8370896,822.586,17.046,16.970,3,135,207
1784771614975,2026-07-23T01:53:34.975Z,-23.6056381,-46.8370931,822.657,17.109,17.050,3,135,207
1784771615030,2026-07-23T01:53:35.030Z,-23.6056301,-46.8370963,822.715,17.143,17.110,3,135,207
1784771615085,2026-07-23T01:53:35.085Z,-23.6056219,-46.8370995,822.730,17.287,17.150,3,135,208
1784771615140,2026-07-23T01:53:35.140Z,-23.6056135,-46.8371024,822.758,17.414,17.290,3,135,208
1784771615195,2026-07-23T01:53:35.195Z,-23.6056052,-46.8371054,822.793,17.538,17.420,3,135,208
1784771615250,2026-07-23T01:53:35.250Z,-23.6055968,-46.8371084,822.853,17.590,17.540,3,135,208
1784771615305,2026-07-23T01:53:35.305Z,-23.6055885,-46.8371111,822.852,17.564,17.590,3,135,208
1784771615360,2026-07-23T01:53:35.360Z,-23.6055803,-46.8371140,822.886,17.444,17.570,3,135,208
1784771615415,2026-07-23T01:53:35.415Z,-23.6055721,-46.8371168,822.904,17.436,17.450,3,135,208
1784771615470,2026-07-23T01:53:35.470Z,-23.6055638,-46.8371197,822.918,17.465,17.440,3,135,208
1784771615525,2026-07-23T01:53:35.525Z,-23.6055555,-46.8371225,822.929,17.509,17.470,3,135,208
1784771615580,2026-07-23T01:53:35.580Z,-23.6055473,-46.8371255,822.952,17.470,17.510,3,135,208
1784771615635,2026-07-23T01:53:35.635Z,-23.6055390,-46.8371285,822.978,17.511,17.470,3,135,208
1784771615690,2026-07-23T01:53:35.690Z,-23.6055308,-46.8371315,822.997,17.518,17.510,3,135,208
1784771615745,2026-07-23T01:53:35.745Z,-23.6055226,-46.8371346,823.025,17.498,17.520,3,135,208
1784771615800,2026-07-23T01:53:35.800Z,-23.6055143,-46.8371373,823.023,17.492,17.500,3,135,208
1784771615855,2026-07-23T01:53:35.855Z,-23.6055059,-46.8371402,823.020,17.536,17.490,3,135,208
1784771615910,2026-07-23T01:53:35.910Z,-23.6054976,-46.8371430,823.023,17.566,17.540,3,135,208
1784771615965,2026-07-23T01:53:35.965Z,-23.6054891,-46.8371460,823.043,17.641,17.570,3,135,208
1784771616020,2026-07-23T01:53:36.020Z,-23.6054807,-46.8371490,823.071,17.715,17.640,3,135,208
1784771616075,2026-07-23T01:53:36.075Z,-23.6054722,-46.8371519,823.091,17.762,17.720,3,135,209
1784771616127,2026-07-23T01:53:36.127Z,-23.6054637,-46.8371548,823.092,17.799,17.760,3,135,209
1784771616179,2026-07-23T01:53:36.179Z,-23.6054552,-46.8371574,823.074,17.806,17.800,3,135,209
1784771616231,2026-07-23T01:53:36.231Z,-23.6054466,-46.8371600,823.082,17.802,17.810,3,135,209
1784771616283,2026-07-23T01:53:36.283Z,-23.6054376,-46.8371624,823.158,17.991,17.800,3,135,209
1784771616335,2026-07-23T01:53:36.335Z,-23.6054287,-46.8371650,823.207,18.114,17.990,3,135,209
1784771616387,2026-07-23T01:53:36.387Z,-23.6054200,-46.8371677,823.240,18.126,18.110,3,135,209
1784771616439,2026-07-23T01:53:36.439Z,-23.6054112,-46.8371703,823.286,18.150,18.130,3,135,209
1784771616491,2026-07-23T01:53:36.491Z,-23.6054025,-46.8371730,823.298,18.162,18.150,3,135,209
1784771616543,2026-07-23T01:53:36.543Z,-23.6053939,-46.8371757,823.291,18.094,18.160,3,135,209
1784771616596,2026-07-23T01:53:36.596Z,-23.6053852,-46.8371782,823.301,18.144,18.090,3,135,209
1784771616648,2026-07-23T01:53:36.648Z,-23.6053764,-46.8371807,823.374,18.146,18.140,3,135,209
1784771616700,2026-07-23T01:53:36.700Z,-23.6053675,-46.8371831,823.388,18.238,18.150,3,135,209
1784771616752,2026-07-23T01:53:36.752Z,-23.6053587,-46.8371856,823.455,18.246,18.240,3,135,209
1784771616804,2026-07-23T01:53:36.804Z,-23.6053499,-46.8371883,823.480,18.277,18.250,3,135,209
1784771616856,2026-07-23T01:53:36.856Z,-23.6053411,-46.8371909,823.496,18.311,18.280,3,135,209
1784771616908,2026-07-23T01:53:36.908Z,-23.6053323,-46.8371935,823.523,18.291,18.310,3,135,209
1784771616960,2026-07-23T01:53:36.960Z,-23.6053234,-46.8371962,823.566,18.363,18.290,3,135,209
1784771617012,2026-07-23T01:53:37.012Z,-23.6053144,-46.8371987,823.599,18.481,18.360,3,135,209
1784771617065,2026-07-23T01:53:37.065Z,-23.6053055,-46.8372013,823.642,18.519,18.480,3,135,210
1784771617123,2026-07-23T01:53:37.123Z,-23.6052966,-46.8372038,823.657,18.480,18.520,3,135,210
1784771617181,2026-07-23T01:53:37.181Z,-23.6052877,-46.8372062,823.665,18.484,18.480,3,135,210
1784771617239,2026-07-23T01:53:37.239Z,-23.6052787,-46.8372086,823.696,18.598,18.490,3,135,210
1784771617297,2026-07-23T01:53:37.297Z,-23.6052695,-46.8372107,823.794,18.650,18.600,3,135,210
1784771617356,2026-07-23T01:53:37.356Z,-23.6052606,-46.8372127,823.825,18.582,18.650,3,135,210
1784771617414,2026-07-23T01:53:37.414Z,-23.6052518,-46.8372147,823.851,18.456,18.580,3,135,210
1784771617472,2026-07-23T01:53:37.472Z,-23.6052428,-46.8372164,823.869,18.455,18.460,3,135,210
1784771617530,2026-07-23T01:53:37.530Z,-23.6052336,-46.8372182,823.857,18.570,18.460,3,135,210
1784771617589,2026-07-23T01:53:37.589Z,-23.6052247,-46.8372197,823.935,18.450,18.570,3,135,210
1784771617647,2026-07-23T01:53:37.647Z,-23.6052156,-46.8372211,824.016,18.445,18.450,3,135,210
1784771617705,2026-07-23T01:53:37.705Z,-23.6052065,-46.8372224,824.081,18.412,18.450,3,135,210
1784771617763,2026-07-23T01:53:37.763Z,-23.6051975,-46.8372234,824.154,18.308,18.410,3,135,210
1784771617822,2026-07-23T01:53:37.822Z,-23.6051884,-46.8372245,824.164,18.348,18.310,3,135,210
1784771617880,2026-07-23T01:53:37.880Z,-23.6051794,-46.8372252,824.194,18.260,18.350,3,135,210
1784771617938,2026-07-23T01:53:37.938Z,-23.6051703,-46.8372256,824.226,18.219,18.260,3,135,210
1784771617996,2026-07-23T01:53:37.996Z,-23.6051610,-46.8372255,824.258,18.251,18.220,3,135,210
1784771618055,2026-07-23T01:53:38.055Z,-23.6051517,-46.8372249,824.242,18.302,18.250,3,135,211
1784771618110,2026-07-23T01:53:38.110Z,-23.6051425,-46.8372237,824.270,18.230,18.310,3,135,211
1784771618165,2026-07-23T01:53:38.165Z,-23.6051334,-46.8372220,824.278,18.161,18.230,3,135,211
1784771618220,2026-07-23T01:53:38.220Z,-23.6051243,-46.8372204,824.315,18.178,18.160,3,135,211
1784771618275,2026-07-23T01:53:38.275Z,-23.6051152,-46.8372186,824.358,18.203,18.180,3,135,211
1784771618330,2026-07-23T01:53:38.330Z,-23.6051060,-46.8372171,824.429,18.271,18.210,3,135,211
1784771618385,2026-07-23T01:53:38.385Z,-23.6050969,-46.8372153,824.518,18.258,18.270,3,135,211
1784771618440,2026-07-23T01:53:38.440Z,-23.6050878,-46.8372134,824.523,18.347,18.260,3,135,211
1784771618495,2026-07-23T01:53:38.495Z,-23.6050788,-46.8372111,824.579,18.292,18.350,3,135,211
1784771618550,2026-07-23T01:53:38.550Z,-23.6050701,-46.8372085,824.631,18.204,18.300,3,135,211
1784771618605,2026-07-23T01:53:38.605Z,-23.6050612,-46.8372057,824.689,18.217,18.210,3,135,211
1784771618660,2026-07-23T01:53:38.660Z,-23.6050524,-46.8372028,824.754,18.242,18.220,3,135,211
1784771618715,2026-07-23T01:53:38.715Z,-23.6050441,-46.8371991,824.714,18.083,18.250,3,135,211
1784771618770,2026-07-23T01:53:38.770Z,-23.6050358,-46.8371952,824.721,18.074,18.090,3,135,211
1784771618825,2026-07-23T01:53:38.825Z,-23.6050274,-46.8371909,824.730,18.108,18.080,3,135,211
1784771618880,2026-07-23T01:53:38.880Z,-23.6050191,-46.8371869,824.749,18.117,18.110,3,135,211
1784771618935,2026-07-23T01:53:38.935Z,-23.6050108,-46.8371832,824.812,17.999,18.120,3,135,211
1784771618990,2026-07-23T01:53:38.990Z,-23.6050028,-46.8371794,824.896,17.802,18.000,3,135,211
1784771619045,2026-07-23T01:53:39.045Z,-23.6049949,-46.8371755,824.962,17.633,17.810,3,135,211
1784771619100,2026-07-23T01:53:39.100Z,-23.6049868,-46.8371714,824.978,17.703,17.640,3,135,212
1784771619155,2026-07-23T01:53:39.155Z,-23.6049787,-46.8371673,825.007,17.724,17.710,3,135,212
1784771619210,2026-07-23T01:53:39.210Z,-23.6049706,-46.8371631,825.056,17.747,17.730,3,135,212
1784771619265,2026-07-23T01:53:39.265Z,-23.6049627,-46.8371587,825.098,17.740,17.750,3,135,212
1784771619320,2026-07-23T01:53:39.320Z,-23.6049545,-46.8371538,825.149,17.883,17.750,3,135,212
1784771619375,2026-07-23T01:53:39.375Z,-23.6049467,-46.8371489,825.207,17.875,17.890,3,135,212
1784771619430,2026-07-23T01:53:39.430Z,-23.6049388,-46.8371438,825.257,17.909,17.880,3,135,212
1784771619485,2026-07-23T01:53:39.485Z,-23.6049311,-46.8371387,825.321,17.916,17.920,3,135,212
1784771619540,2026-07-23T01:53:39.540Z,-23.6049235,-46.8371339,825.374,17.835,17.920,3,135,212
1784771619595,2026-07-23T01:53:39.595Z,-23.6049161,-46.8371289,825.410,17.755,17.840,3,135,212
1784771619650,2026-07-23T01:53:39.650Z,-23.6049086,-46.8371236,825.456,17.753,17.760,3,135,212
1784771619705,2026-07-23T01:53:39.705Z,-23.6049010,-46.8371182,825.515,17.858,17.760,3,135,212
1784771619760,2026-07-23T01:53:39.760Z,-23.6048933,-46.8371127,825.592,17.964,17.870,3,135,212
1784771619815,2026-07-23T01:53:39.815Z,-23.6048858,-46.8371073,825.661,17.985,17.970,3,135,212
1784771619870,2026-07-23T01:53:39.870Z,-23.6048785,-46.8371019,825.750,17.860,18.000,3,135,212
1784771619925,2026-07-23T01:53:39.925Z,-23.6048711,-46.8370965,825.826,17.828,17.870,3,135,212
1784771619980,2026-07-23T01:53:39.980Z,-23.6048637,-46.8370909,825.885,17.867,17.840,3,135,212
1784771620035,2026-07-23T01:53:40.035Z,-23.6048565,-46.8370850,825.975,17.823,17.880,3,135,212
1784771620090,2026-07-23T01:53:40.090Z,-23.6048495,-46.8370787,826.040,17.868,17.840,3,135,213
1784771620145,2026-07-23T01:53:40.145Z,-23.6048428,-46.8370724,826.057,17.823,17.880,3,135,213
1784771620200,2026-07-23T01:53:40.200Z,-23.6048363,-46.8370664,826.078,17.604,17.840,3,135,213
1784771620255,2026-07-23T01:53:40.255Z,-23.6048300,-46.8370604,826.130,17.372,17.620,3,135,213
1784771620310,2026-07-23T01:53:40.310Z,-23.6048239,-46.8370545,826.155,17.136,17.390,3,135,213
1784771620365,2026-07-23T01:53:40.365Z,-23.6048179,-46.8370488,826.151,16.906,17.150,3,135,213
1784771620420,2026-07-23T01:53:40.420Z,-23.6048120,-46.8370431,826.175,16.670,16.920,3,135,213
1784771620475,2026-07-23T01:53:40.475Z,-23.6048063,-46.8370371,826.240,16.452,16.680,3,135,213
1784771620530,2026-07-23T01:53:40.530Z,-23.6048007,-46.8370310,826.293,16.319,16.470,3,135,213
1784771620585,2026-07-23T01:53:40.585Z,-23.6047951,-46.8370247,826.349,16.253,16.330,3,135,213
1784771620640,2026-07-23T01:53:40.640Z,-23.6047898,-46.8370183,826.360,16.176,16.270,3,135,213
1784771620695,2026-07-23T01:53:40.695Z,-23.6047847,-46.8370117,826.396,16.102,16.190,3,135,213
1784771620750,2026-07-23T01:53:40.750Z,-23.6047800,-46.8370052,826.534,15.801,16.120,3,135,213
1784771620805,2026-07-23T01:53:40.805Z,-23.6047756,-46.8369981,826.607,15.719,15.820,3,135,213
1784771620860,2026-07-23T01:53:40.860Z,-23.6047716,-46.8369911,826.659,15.516,15.740,3,135,213
1784771620915,2026-07-23T01:53:40.915Z,-23.6047680,-46.8369844,826.705,15.218,15.540,3,135,213
1784771620970,2026-07-23T01:53:40.970Z,-23.6047649,-46.8369777,826.777,14.839,15.240,3,135,213
1784771621025,2026-07-23T01:53:41.025Z,-23.6047620,-46.8369710,826.831,14.516,14.860,3,135,213
1784771621080,2026-07-23T01:53:41.080Z,-23.6047594,-46.8369642,826.867,14.271,14.540,3,135,214
1784771621132,2026-07-23T01:53:41.132Z,-23.6047572,-46.8369571,826.885,14.099,14.290,3,135,214
1784771621184,2026-07-23T01:53:41.184Z,-23.6047556,-46.8369500,826.910,13.887,14.120,3,135,214
1784771621236,2026-07-23T01:53:41.236Z,-23.6047541,-46.8369432,826.930,13.663,13.910,3,135,214
1784771621288,2026-07-23T01:53:41.288Z,-23.6047531,-46.8369363,826.913,13.476,13.690,3,135,214
1784771621340,2026-07-23T01:53:41.340Z,-23.6047521,-46.8369296,826.904,13.244,13.500,3,135,214
1784771621392,2026-07-23T01:53:41.392Z,-23.6047517,-46.8369230,826.831,12.967,13.260,3,135,214
1784771621444,2026-07-23T01:53:41.444Z,-23.6047514,-46.8369167,826.854,12.651,12.990,3,135,214
1784771621496,2026-07-23T01:53:41.496Z,-23.6047512,-46.8369106,826.893,12.316,12.670,3,135,214
1784771621548,2026-07-23T01:53:41.548Z,-23.6047511,-46.8369047,826.941,12.013,12.340,3,135,214
1784771621601,2026-07-23T01:53:41.601Z,-23.6047514,-46.8368991,826.975,11.603,12.030,3,135,214
1784771621653,2026-07-23T01:53:41.653Z,-23.6047523,-46.8368933,827.010,11.363,11.620,3,135,214
1784771621705,2026-07-23T01:53:41.705Z,-23.6047530,-46.8368876,827.047,11.206,11.380,3,135,214
1784771621757,2026-07-23T01:53:41.757Z,-23.6047541,-46.8368821,827.072,10.997,11.230,3,135,214
1784771621809,2026-07-23T01:53:41.809Z,-23.6047556,-46.8368767,827.043,10.837,11.020,3,135,214
1784771621861,2026-07-23T01:53:41.861Z,-23.6047575,-46.8368715,827.014,10.657,10.860,3,135,214
1784771621913,2026-07-23T01:53:41.913Z,-23.6047597,-46.8368664,827.000,10.552,10.670,3,135,214
1784771621965,2026-07-23T01:53:41.965Z,-23.6047620,-46.8368615,827.019,10.400,10.570,3,135,214
1784771622017,2026-07-23T01:53:42.017Z,-23.6047646,-46.8368569,827.086,10.269,10.420,3,135,214
1784771622070,2026-07-23T01:53:42.070Z,-23.6047674,-46.8368521,827.099,10.307,10.290,3,135,215
1784771622128,2026-07-23T01:53:42.128Z,-23.6047704,-46.8368475,827.145,10.280,10.320,3,135,215
1784771622186,2026-07-23T01:53:42.186Z,-23.6047737,-46.8368432,827.200,10.236,10.300,3,135,215
1784771622244,2026-07-23T01:53:42.244Z,-23.6047772,-46.8368393,827.225,10.122,10.250,3,135,215
1784771622302,2026-07-23T01:53:42.302Z,-23.6047809,-46.8368358,827.267,9.980,10.140,3,135,215
1784771622361,2026-07-23T01:53:42.361Z,-23.6047847,-46.8368325,827.286,9.855,10.000,3,135,215
1784771622419,2026-07-23T01:53:42.419Z,-23.6047889,-46.8368293,827.334,9.843,9.870,3,135,215
1784771622477,2026-07-23T01:53:42.477Z,-23.6047932,-46.8368260,827.373,9.966,9.860,3,135,215
1784771622535,2026-07-23T01:53:42.535Z,-23.6047980,-46.8368239,827.410,9.860,9.980,3,135,215
1784771622594,2026-07-23T01:53:42.594Z,-23.6048030,-46.8368218,827.445,9.912,9.880,3,135,215
1784771622652,2026-07-23T01:53:42.652Z,-23.6048079,-46.8368196,827.492,9.998,9.930,3,135,215
1784771622710,2026-07-23T01:53:42.710Z,-23.6048127,-46.8368177,827.605,10.004,10.010,3,135,215
1784771622768,2026-07-23T01:53:42.768Z,-23.6048177,-46.8368156,827.623,10.138,10.020,3,135,215
1784771622827,2026-07-23T01:53:42.827Z,-23.6048229,-46.8368136,827.653,10.306,10.160,3,135,215
1784771622885,2026-07-23T01:53:42.885Z,-23.6048279,-46.8368116,827.677,10.374,10.320,3,135,215
1784771622943,2026-07-23T01:53:42.943Z,-23.6048329,-46.8368099,827.677,10.407,10.390,3,135,215
1784771623001,2026-07-23T01:53:43.001Z,-23.6048378,-46.8368084,827.674,10.343,10.420,3,135,215
1784771623060,2026-07-23T01:53:43.060Z,-23.6048432,-46.8368078,827.672,10.361,10.360,3,106,216
1784771623115,2026-07-23T01:53:43.115Z,-23.6048483,-46.8368075,827.673,10.307,10.370,3,106,216
1784771623170,2026-07-23T01:53:43.170Z,-23.6048533,-46.8368076,827.691,10.204,10.320,3,106,216
1784771623225,2026-07-23T01:53:43.225Z,-23.6048584,-46.8368085,827.712,10.128,10.220,3,106,216
1784771623280,2026-07-23T01:53:43.280Z,-23.6048635,-46.8368101,827.732,10.100,10.140,3,106,216
1784771623335,2026-07-23T01:53:43.335Z,-23.6048686,-46.8368120,827.750,10.111,10.110,3,106,216
1784771623390,2026-07-23T01:53:43.390Z,-23.6048735,-46.8368141,827.785,10.091,10.120,3,106,216
1784771623445,2026-07-23T01:53:43.445Z,-23.6048786,-46.8368161,827.789,10.178,10.100,3,106,216
1784771623500,2026-07-23T01:53:43.500Z,-23.6048836,-46.8368182,827.823,10.263,10.190,3,106,216
1784771623555,2026-07-23T01:53:43.555Z,-23.6048888,-46.8368205,827.807,10.425,10.280,3,106,216
1784771623610,2026-07-23T01:53:43.610Z,-23.6048940,-46.8368232,827.779,10.612,10.440,3,106,216
1784771623665,2026-07-23T01:53:43.665Z,-23.6048989,-46.8368260,827.770,10.732,10.620,3,106,216
1784771623720,2026-07-23T01:53:43.720Z,-23.6049040,-46.8368290,827.825,10.910,10.740,3,106,216
1784771623775,2026-07-23T01:53:43.775Z,-23.6049088,-46.8368323,827.844,11.007,10.920,3,106,216
1784771623830,2026-07-23T01:53:43.830Z,-23.6049135,-46.8368358,827.781,11.121,11.020,3,106,216
1784771623885,2026-07-23T01:53:43.885Z,-23.6049182,-46.8368398,827.748,11.344,11.130,3,106,216
1784771623940,2026-07-23T01:53:43.940Z,-23.6049225,-46.8368437,827.659,11.357,11.350,3,106,216
1784771623995,2026-07-23T01:53:43.995Z,-23.6049266,-46.8368478,827.634,11.304,11.360,3,106,216
1784771624050,2026-07-23T01:53:44.050Z,-23.6049307,-46.8368522,827.622,11.366,11.310,3,106,216
1784771624105,2026-07-23T01:53:44.105Z,-23.6049347,-46.8368568,827.587,11.447,11.370,3,135,217
1784771624154,2026-07-23T01:53:44.154Z,-23.6049386,-46.8368616,827.562,11.571,11.450,3,135,217
1784771624203,2026-07-23T01:53:44.203Z,-23.6049425,-46.8368664,827.511,11.659,11.570,3,135,217
1784771624252,2026-07-23T01:53:44.252Z,-23.6049463,-46.8368714,827.469,11.783,11.660,3,135,217
1784771624301,2026-07-23T01:53:44.301Z,-23.6049504,-46.8368764,827.421,11.945,11.790,3,135,217
1784771624351,2026-07-23T01:53:44.351Z,-23.6049543,-46.8368814,827.304,12.044,11.950,3,135,217
1784771624400,2026-07-23T01:53:44.400Z,-23.6049582,-46.8368864,827.209,12.096,12.050,3,135,217
1784771624449,2026-07-23T01:53:44.449Z,-23.6049623,-46.8368913,827.129,12.171,12.100,3,135,217
1784771624498,2026-07-23T01:53:44.498Z,-23.6049665,-46.8368962,827.048,12.292,12.170,3,135,217
1784771624547,2026-07-23T01:53:44.547Z,-23.6049709,-46.8369011,826.919,12.426,12.290,3,135,217
1784771624597,2026-07-23T01:53:44.597Z,-23.6049753,-46.8369061,826.854,12.580,12.430,3,135,217
1784771624646,2026-07-23T01:53:44.646Z,-23.6049799,-46.8369110,826.790,12.690,12.580,3,135,217
1784771624695,2026-07-23T01:53:44.695Z,-23.6049846,-46.8369156,826.772,12.752,12.690,3,135,217
1784771624744,2026-07-23T01:53:44.744Z,-23.6049894,-46.8369200,826.755,12.702,12.750,3,135,217
1784771624793,2026-07-23T01:53:44.793Z,-23.6049945,-46.8369243,826.714,12.752,12.700,3,135,217
1784771624843,2026-07-23T01:53:44.843Z,-23.6049999,-46.8369282,826.664,12.789,12.750,3,135,217
1784771624892,2026-07-23T01:53:44.892Z,-23.6050052,-46.8369320,826.584,12.792,12.790,3,135,217
1784771624941,2026-07-23T01:53:44.941Z,-23.6050108,-46.8369356,826.485,12.842,12.790,3,135,217
1784771624990,2026-07-23T01:53:44.990Z,-23.6050166,-46.8369386,826.410,12.769,12.840,3,135,217
1784771625040,2026-07-23T01:53:45.040Z,-23.6050223,-46.8369414,826.287,12.659,12.770,3,127,218
1784771625101,2026-07-23T01:53:45.101Z,-23.6050282,-46.8369440,826.194,12.630,12.660,3,127,218
1784771625162,2026-07-23T01:53:45.162Z,-23.6050340,-46.8369460,826.129,12.409,12.630,3,127,218
1784771625224,2026-07-23T01:53:45.224Z,-23.6050397,-46.8369476,826.052,12.080,12.410,3,127,218
1784771625285,2026-07-23T01:53:45.285Z,-23.6050454,-46.8369487,826.055,11.839,12.080,3,127,218
1784771625347,2026-07-23T01:53:45.347Z,-23.6050513,-46.8369498,825.970,11.815,11.840,3,127,218
1784771625408,2026-07-23T01:53:45.408Z,-23.6050573,-46.8369504,825.894,11.728,11.820,3,127,218
1784771625470,2026-07-23T01:53:45.470Z,-23.6050631,-46.8369505,825.880,11.595,11.730,3,127,218
1784771625531,2026-07-23T01:53:45.531Z,-23.6050687,-46.8369500,825.902,11.290,11.600,3,127,218
1784771625593,2026-07-23T01:53:45.593Z,-23.6050743,-46.8369493,825.908,11.123,11.290,3,127,218
1784771625654,2026-07-23T01:53:45.654Z,-23.6050798,-46.8369482,825.989,10.995,11.130,3,127,218
1784771625716,2026-07-23T01:53:45.716Z,-23.6050854,-46.8369472,825.996,11.019,11.000,3,127,218
1784771625777,2026-07-23T01:53:45.777Z,-23.6050913,-46.8369460,825.950,11.265,11.020,3,127,218
1784771625839,2026-07-23T01:53:45.839Z,-23.6050971,-46.8369447,825.963,11.433,11.270,3,127,218
1784771625900,2026-07-23T01:53:45.900Z,-23.6051028,-46.8369428,825.913,11.406,11.440,3,127,218
1784771625962,2026-07-23T01:53:45.962Z,-23.6051082,-46.8369404,825.881,11.308,11.410,3,127,218
1784771626023,2026-07-23T01:53:46.023Z,-23.6051135,-46.8369375,825.857,11.249,11.310,3,127,218
1784771626085,2026-07-23T01:53:46.085Z,-23.6051188,-46.8369342,825.762,11.319,11.250,3,127,219
1784771626137,2026-07-23T01:53:46.137Z,-23.6051238,-46.8369309,825.707,11.268,11.320,3,127,219
1784771626189,2026-07-23T01:53:46.189Z,-23.6051286,-46.8369272,825.758,11.300,11.270,3,127,219
1784771626241,2026-07-23T01:53:46.241Z,-23.6051333,-46.8369232,825.794,11.404,11.300,3,127,219
1784771626293,2026-07-23T01:53:46.293Z,-23.6051378,-46.8369197,825.819,11.335,11.410,3,127,219
1784771626345,2026-07-23T01:53:46.345Z,-23.6051421,-46.8369159,825.875,11.290,11.340,3,127,219
1784771626397,2026-07-23T01:53:46.397Z,-23.6051464,-46.8369117,825.893,11.302,11.290,3,127,219
1784771626449,2026-07-23T01:53:46.449Z,-23.6051509,-46.8369073,825.877,11.540,11.300,3,127,219
1784771626501,2026-07-23T01:53:46.501Z,-23.6051551,-46.8369028,825.883,11.581,11.540,3,127,219
1784771626553,2026-07-23T01:53:46.553Z,-23.6051590,-46.8368978,825.811,11.667,11.580,3,127,219
1784771626606,2026-07-23T01:53:46.606Z,-23.6051625,-46.8368927,825.771,11.579,11.670,3,127,219
1784771626658,2026-07-23T01:53:46.658Z,-23.6051657,-46.8368871,825.731,11.645,11.580,3,127,219
1784771626710,2026-07-23T01:53:46.710Z,-23.6051686,-46.8368816,825.714,11.620,11.650,3,127,219
1784771626762,2026-07-23T01:53:46.762Z,-23.6051714,-46.8368758,825.640,11.662,11.620,3,127,219
1784771626814,2026-07-23T01:53:46.814Z,-23.6051742,-46.8368699,825.590,11.778,11.660,3,127,219
1784771626866,2026-07-23T01:53:46.866Z,-23.6051766,-46.8368640,825.576,11.833,11.780,3,127,219
1784771626918,2026-07-23T01:53:46.918Z,-23.6051795,-46.8368582,825.588,11.976,11.830,3,127,219
1784771626970,2026-07-23T01:53:46.970Z,-23.6051821,-46.8368523,825.613,12.054,11.980,3,127,219
1784771627022,2026-07-23T01:53:47.022Z,-23.6051846,-46.8368461,825.636,12.210,12.060,3,127,219
1784771627075,2026-07-23T01:53:47.075Z,-23.6051869,-46.8368397,825.593,12.333,12.210,3,127,220
1784771627133,2026-07-23T01:53:47.133Z,-23.6051891,-46.8368335,825.595,12.337,12.330,3,127,220
1784771627191,2026-07-23T01:53:47.191Z,-23.6051913,-46.8368273,825.615,12.286,12.340,3,127,220
1784771627249,2026-07-23T01:53:47.249Z,-23.6051937,-46.8368209,825.558,12.456,12.290,3,127,220
1784771627307,2026-07-23T01:53:47.307Z,-23.6051958,-46.8368145,825.533,12.473,12.460,3,127,220
1784771627366,2026-07-23T01:53:47.366Z,-23.6051979,-46.8368077,825.584,12.705,12.470,3,127,220
1784771627424,2026-07-23T01:53:47.424Z,-23.6052002,-46.8368006,825.557,13.139,12.710,3,127,220
1784771627482,2026-07-23T01:53:47.482Z,-23.6052046,-46.8367869,825.546,13.359,13.140,3,127,220
1784771627540,2026-07-23T01:53:47.540Z,-23.6052066,-46.8367800,825.555,13.339,13.360,3,127,220
1784771627599,2026-07-23T01:53:47.599Z,-23.6052079,-46.8367731,825.579,13.205,13.340,3,127,220
1784771627657,2026-07-23T01:53:47.657Z,-23.6052096,-46.8367662,825.547,13.190,13.210,3,127,220
1784771627715,2026-07-23T01:53:47.715Z,-23.6052113,-46.8367594,825.460,13.064,13.190,3,127,220
1784771627773,2026-07-23T01:53:47.773Z,-23.6052133,-46.8367522,825.344,13.261,13.070,3,127,220
1784771627832,2026-07-23T01:53:47.832Z,-23.6052155,-46.8367444,825.243,13.710,13.260,3,127,220
1784771627890,2026-07-23T01:53:47.890Z,-23.6052175,-46.8367366,825.135,14.062,13.710,3,127,220
1784771627948,2026-07-23T01:53:47.948Z,-23.6052196,-46.8367293,825.130,14.063,14.070,3,127,220
1784771628006,2026-07-23T01:53:48.006Z,-23.6052220,-46.8367217,825.050,14.299,14.070,3,127,220
1784771628065,2026-07-23T01:53:48.065Z,-23.6052248,-46.8367144,824.978,14.407,14.300,3,126,221
1784771628123,2026-07-23T01:53:48.123Z,-23.6052278,-46.8367073,824.938,14.398,14.410,3,126,221
1784771628181,2026-07-23T01:53:48.181Z,-23.6052312,-46.8367005,824.965,14.439,14.400,3,126,221
1784771628239,2026-07-23T01:53:48.239Z,-23.6052348,-46.8366938,824.945,14.446,14.440,3,126,221
1784771628297,2026-07-23T01:53:48.297Z,-23.6052386,-46.8366874,824.987,14.372,14.450,3,126,221
1784771628355,2026-07-23T01:53:48.355Z,-23.6052429,-46.8366809,824.905,14.489,14.370,3,126,221
1784771628413,2026-07-23T01:53:48.413Z,-23.6052472,-46.8366749,824.943,14.487,14.490,3,126,221
1784771628471,2026-07-23T01:53:48.471Z,-23.6052517,-46.8366690,824.956,14.427,14.490,3,126,221
1784771628529,2026-07-23T01:53:48.529Z,-23.6052566,-46.8366630,824.939,14.681,14.430,3,126,221
1784771628587,2026-07-23T01:53:48.587Z,-23.6052617,-46.8366574,824.931,14.682,14.680,3,126,221
1784771628645,2026-07-23T01:53:48.645Z,-23.6052668,-46.8366522,824.904,14.542,14.680,3,126,221
1784771628703,2026-07-23T01:53:48.703Z,-23.6052721,-46.8366471,824.837,14.493,14.540,3,126,221
1784771628761,2026-07-23T01:53:48.761Z,-23.6052776,-46.8366420,824.787,14.513,14.500,3,126,221
1784771628819,2026-07-23T01:53:48.819Z,-23.6052832,-46.8366373,824.717,14.361,14.520,3,126,221
1784771628877,2026-07-23T01:53:48.877Z,-23.6052889,-46.8366327,824.638,14.364,14.370,3,126,221
1784771628935,2026-07-23T01:53:48.935Z,-23.6052947,-46.8366281,824.598,14.361,14.370,3,126,221
1784771628993,2026-07-23T01:53:48.993Z,-23.6053006,-46.8366238,824.534,14.279,14.370,3,126,221
1784771629051,2026-07-23T01:53:49.051Z,-23.6053066,-46.8366201,824.454,14.076,14.290,3,126,221
1784771629110,2026-07-23T01:53:49.110Z,-23.6053129,-46.8366170,824.347,13.964,14.080,3,126,222
1784771629165,2026-07-23T01:53:49.165Z,-23.6053193,-46.8366138,824.259,13.936,13.970,3,126,222
1784771629220,2026-07-23T01:53:49.220Z,-23.6053257,-46.8366112,824.215,13.883,13.950,3,126,222
1784771629275,2026-07-23T01:53:49.275Z,-23.6053321,-46.8366088,824.171,13.708,13.890,3,126,222
1784771629330,2026-07-23T01:53:49.330Z,-23.6053385,-46.8366063,824.088,13.633,13.720,3,126,222
1784771629385,2026-07-23T01:53:49.385Z,-23.6053449,-46.8366042,824.041,13.487,13.650,3,126,222
1784771629440,2026-07-23T01:53:49.440Z,-23.6053513,-46.8366027,824.027,13.344,13.500,3,126,222
1784771629495,2026-07-23T01:53:49.495Z,-23.6053577,-46.8366013,823.989,13.176,13.360,3,126,222
1784771629550,2026-07-23T01:53:49.550Z,-23.6053639,-46.8366002,823.950,12.939,13.190,3,126,222
1784771629605,2026-07-23T01:53:49.605Z,-23.6053701,-46.8365991,823.890,12.793,12.950,3,126,222
1784771629660,2026-07-23T01:53:49.660Z,-23.6053763,-46.8365992,823.898,12.587,12.810,3,126,222
1784771629715,2026-07-23T01:53:49.715Z,-23.6053826,-46.8365997,823.889,12.454,12.600,3,126,222
1784771629770,2026-07-23T01:53:49.770Z,-23.6053889,-46.8366007,823.820,12.364,12.470,3,126,222
1784771629825,2026-07-23T01:53:49.825Z,-23.6053951,-46.8366020,823.787,12.276,12.380,3,126,222
1784771629880,2026-07-23T01:53:49.880Z,-23.6054013,-46.8366033,823.736,12.275,12.290,3,126,222
1784771629935,2026-07-23T01:53:49.935Z,-23.6054075,-46.8366053,823.707,12.310,12.290,3,126,222
1784771629990,2026-07-23T01:53:49.990Z,-23.6054134,-46.8366070,823.687,12.226,12.330,3,126,222
1784771630045,2026-07-23T01:53:50.045Z,-23.6054193,-46.8366091,823.702,12.183,12.240,3,126,222
1784771630100,2026-07-23T01:53:50.100Z,-23.6054252,-46.8366117,823.657,12.201,12.200,3,126,223
1784771630152,2026-07-23T01:53:50.152Z,-23.6054307,-46.8366149,823.584,12.116,12.220,3,126,223
1784771630204,2026-07-23T01:53:50.204Z,-23.6054364,-46.8366188,823.460,12.280,12.130,3,126,223
1784771630256,2026-07-23T01:53:50.256Z,-23.6054418,-46.8366229,823.369,12.412,12.300,3,126,223
1784771630308,2026-07-23T01:53:50.308Z,-23.6054472,-46.8366270,823.300,12.548,12.430,3,126,223
1784771630360,2026-07-23T01:53:50.360Z,-23.6054521,-46.8366310,823.258,12.411,12.570,3,126,223
1784771630412,2026-07-23T01:53:50.412Z,-23.6054567,-46.8366353,823.211,12.324,12.430,3,126,223
1784771630464,2026-07-23T01:53:50.464Z,-23.6054613,-46.8366401,823.162,12.412,12.350,3,126,223
1784771630516,2026-07-23T01:53:50.516Z,-23.6054655,-46.8366453,823.124,12.445,12.440,3,126,223
1784771630568,2026-07-23T01:53:50.568Z,-23.6054694,-46.8366504,823.073,12.325,12.470,3,126,223
1784771630621,2026-07-23T01:53:50.621Z,-23.6054730,-46.8366562,822.992,12.508,12.350,3,126,223
1784771630673,2026-07-23T01:53:50.673Z,-23.6054766,-46.8366618,822.922,12.562,12.530,3,126,223
1784771630725,2026-07-23T01:53:50.725Z,-23.6054800,-46.8366673,822.857,12.517,12.590,3,126,223
1784771630777,2026-07-23T01:53:50.777Z,-23.6054830,-46.8366730,822.757,12.515,12.550,3,126,223
1784771630829,2026-07-23T01:53:50.829Z,-23.6054859,-46.8366786,822.700,12.397,12.550,3,126,223
1784771630881,2026-07-23T01:53:50.881Z,-23.6054886,-46.8366842,822.637,12.286,12.430,3,126,223
1784771630933,2026-07-23T01:53:50.933Z,-23.6054914,-46.8366901,822.571,12.318,12.320,3,126,223
1784771630985,2026-07-23T01:53:50.985Z,-23.6054939,-46.8366961,822.532,12.304,12.350,3,126,223
1784771631037,2026-07-23T01:53:51.037Z,-23.6054964,-46.8367020,822.489,12.256,12.340,3,126,223
1784771631090,2026-07-23T01:53:51.090Z,-23.6054986,-46.8367079,822.458,12.134,12.290,3,126,224
1784771631145,2026-07-23T01:53:51.145Z,-23.6055010,-46.8367139,822.428,12.128,12.170,3,126,224
1784771631200,2026-07-23T01:53:51.200Z,-23.6055029,-46.8367200,822.399,12.082,12.160,3,126,224
1784771631255,2026-07-23T01:53:51.255Z,-23.6055046,-46.8367262,822.279,12.112,12.110,3,126,224
1784771631310,2026-07-23T01:53:51.310Z,-23.6055058,-46.8367323,822.233,11.963,12.150,3,126,224
1784771631365,2026-07-23T01:53:51.365Z,-23.6055064,-46.8367392,822.261,12.041,12.000,3,126,224
1784771631420,2026-07-23T01:53:51.420Z,-23.6055075,-46.8367461,822.274,12.240,12.070,3,126,224
1784771631475,2026-07-23T01:53:51.475Z,-23.6055091,-46.8367530,822.238,12.479,12.270,3,126,224
1784771631530,2026-07-23T01:53:51.530Z,-23.6055107,-46.8367597,822.209,12.565,12.510,3,126,224
1784771631585,2026-07-23T01:53:51.585Z,-23.6055124,-46.8367662,822.139,12.578,12.590,3,126,224
1784771631640,2026-07-23T01:53:51.640Z,-23.6055144,-46.8367728,822.088,12.607,12.610,3,126,224
1784771631695,2026-07-23T01:53:51.695Z,-23.6055167,-46.8367791,822.045,12.577,12.630,3,126,224
1784771631750,2026-07-23T01:53:51.750Z,-23.6055190,-46.8367856,821.978,12.677,12.600,3,126,224
1784771631805,2026-07-23T01:53:51.805Z,-23.6055214,-46.8367922,821.925,12.828,12.700,3,126,224
1784771631860,2026-07-23T01:53:51.860Z,-23.6055241,-46.8367986,821.877,12.862,12.850,3,126,224
1784771631915,2026-07-23T01:53:51.915Z,-23.6055272,-46.8368047,821.900,12.740,12.890,3,126,224
1784771631970,2026-07-23T01:53:51.970Z,-23.6055307,-46.8368106,821.901,12.688,12.770,3,126,224
1784771632025,2026-07-23T01:53:52.025Z,-23.6055345,-46.8368165,821.876,12.803,12.710,3,126,224
1784771632080,2026-07-23T01:53:52.080Z,-23.6055387,-46.8368221,821.896,12.849,12.830,3,126,225
1784771632135,2026-07-23T01:53:52.135Z,-23.6055430,-46.8368273,821.796,12.847,12.870,3,126,225
1784771632190,2026-07-23T01:53:52.190Z,-23.6055474,-46.8368325,821.764,12.842,12.870,3,126,225
1784771632245,2026-07-23T01:53:52.245Z,-23.6055518,-46.8368377,821.694,12.909,12.860,3,126,225
1784771632300,2026-07-23T01:53:52.300Z,-23.6055566,-46.8368427,821.640,13.062,12.930,3,126,225
1784771632355,2026-07-23T01:53:52.355Z,-23.6055618,-46.8368469,821.537,12.976,13.090,3,126,225
1784771632410,2026-07-23T01:53:52.410Z,-23.6055667,-46.8368507,821.461,12.731,13.000,3,126,225
1784771632465,2026-07-23T01:53:52.465Z,-23.6055719,-46.8368545,821.409,12.647,12.760,3,126,225
1784771632520,2026-07-23T01:53:52.520Z,-23.6055772,-46.8368579,821.380,12.533,12.670,3,126,225
1784771632575,2026-07-23T01:53:52.575Z,-23.6055827,-46.8368610,821.363,12.437,12.560,3,126,225
1784771632630,2026-07-23T01:53:52.630Z,-23.6055885,-46.8368639,821.360,12.524,12.460,3,126,225
1784771632685,2026-07-23T01:53:52.685Z,-23.6055942,-46.8368666,821.344,12.492,12.550,3,126,225
1784771632740,2026-07-23T01:53:52.740Z,-23.6056002,-46.8368690,821.348,12.504,12.510,3,126,225
1784771632795,2026-07-23T01:53:52.795Z,-23.6056064,-46.8368711,821.301,12.643,12.520,3,126,225
1784771632850,2026-07-23T01:53:52.850Z,-23.6056127,-46.8368724,821.228,12.571,12.660,3,126,225
1784771632905,2026-07-23T01:53:52.905Z,-23.6056189,-46.8368733,821.177,12.430,12.590,3,126,225
1784771632960,2026-07-23T01:53:52.960Z,-23.6056255,-46.8368740,821.106,12.665,12.450,3,126,225
1784771633015,2026-07-23T01:53:53.015Z,-23.6056320,-46.8368749,821.079,12.871,12.690,3,126,225
1784771633070,2026-07-23T01:53:53.070Z,-23.6056382,-46.8368756,821.126,12.685,12.890,3,126,226
1784771633128,2026-07-23T01:53:53.128Z,-23.6056442,-46.8368760,821.108,12.459,12.700,3,126,226
1784771633186,2026-07-23T01:53:53.186Z,-23.6056504,-46.8368761,821.103,12.476,12.480,3,126,226
1784771633244,2026-07-23T01:53:53.244Z,-23.6056564,-46.8368763,821.098,12.346,12.490,3,126,226
1784771633302,2026-07-23T01:53:53.302Z,-23.6056624,-46.8368760,821.148,12.227,12.360,3,126,226
1784771633360,2026-07-23T01:53:53.360Z,-23.6056684,-46.8368753,821.207,12.211,12.240,3,126,226
1784771633418,2026-07-23T01:53:53.418Z,-23.6056743,-46.8368743,821.254,12.129,12.220,3,126,226
1784771633476,2026-07-23T01:53:53.476Z,-23.6056801,-46.8368732,821.252,11.984,12.140,3,126,226
1784771633534,2026-07-23T01:53:53.534Z,-23.6056856,-46.8368712,821.301,11.798,11.990,3,126,226
1784771633592,2026-07-23T01:53:53.592Z,-23.6056912,-46.8368689,821.339,11.800,11.810,3,126,226
1784771633650,2026-07-23T01:53:53.650Z,-23.6056968,-46.8368669,821.344,11.740,11.810,3,126,226
1784771633708,2026-07-23T01:53:53.708Z,-23.6057023,-46.8368649,821.341,11.713,11.750,3,126,226
1784771633766,2026-07-23T01:53:53.766Z,-23.6057077,-46.8368626,821.355,11.687,11.720,3,126,226
1784771633824,2026-07-23T01:53:53.824Z,-23.6057129,-46.8368601,821.386,11.569,11.690,3,126,226
1784771633882,2026-07-23T01:53:53.882Z,-23.6057178,-46.8368572,821.400,11.452,11.570,3,126,226
1784771633940,2026-07-23T01:53:53.940Z,-23.6057225,-46.8368541,821.393,11.280,11.460,3,126,226
1784771633998,2026-07-23T01:53:53.998Z,-23.6057269,-46.8368502,821.398,11.221,11.280,3,126,226
1784771634056,2026-07-23T01:53:54.056Z,-23.6057313,-46.8368458,821.386,11.304,11.230,3,126,226
1784771634115,2026-07-23T01:53:54.115Z,-23.6057351,-46.8368417,821.396,11.138,11.310,3,126,227
1784771634170,2026-07-23T01:53:54.170Z,-23.6057385,-46.8368372,821.470,10.993,11.140,3,126,227
1784771634225,2026-07-23T01:53:54.225Z,-23.6057415,-46.8368327,821.527,10.821,11.000,3,126,227
1784771634280,2026-07-23T01:53:54.280Z,-23.6057446,-46.8368277,821.542,10.880,10.820,3,126,227
1784771634335,2026-07-23T01:53:54.335Z,-23.6057476,-46.8368224,821.515,10.960,10.880,3,126,227
1784771634390,2026-07-23T01:53:54.390Z,-23.6057499,-46.8368173,821.494,10.809,10.960,3,126,227
1784771634445,2026-07-23T01:53:54.445Z,-23.6057519,-46.8368120,821.476,10.704,10.810,3,126,227
1784771634500,2026-07-23T01:53:54.500Z,-23.6057536,-46.8368066,821.472,10.649,10.710,3,126,227
1784771634555,2026-07-23T01:53:54.555Z,-23.6057550,-46.8368011,821.469,10.628,10.650,3,126,227
1784771634610,2026-07-23T01:53:54.610Z,-23.6057562,-46.8367955,821.488,10.588,10.630,3,126,227
1784771634665,2026-07-23T01:53:54.665Z,-23.6057572,-46.8367901,821.521,10.504,10.590,3,126,227
1784771634720,2026-07-23T01:53:54.720Z,-23.6057579,-46.8367848,821.566,10.390,10.500,3,126,227
1784771634775,2026-07-23T01:53:54.775Z,-23.6057585,-46.8367795,821.646,10.317,10.390,3,126,227
1784771634830,2026-07-23T01:53:54.830Z,-23.6057588,-46.8367741,821.719,10.248,10.320,3,126,227
1784771634885,2026-07-23T01:53:54.885Z,-23.6057586,-46.8367688,821.808,10.159,10.250,3,126,227
1784771634940,2026-07-23T01:53:54.940Z,-23.6057582,-46.8367632,821.822,10.196,10.160,3,126,227
1784771634995,2026-07-23T01:53:54.995Z,-23.6057576,-46.8367576,821.826,10.288,10.200,3,126,227
1784771635050,2026-07-23T01:53:55.050Z,-23.6057567,-46.8367519,821.861,10.418,10.290,3,126,227
1784771635105,2026-07-23T01:53:55.105Z,-23.6057556,-46.8367461,821.897,10.577,10.420,3,126,228
1784771635160,2026-07-23T01:53:55.160Z,-23.6057543,-46.8367403,821.919,10.759,10.580,3,126,228
1784771635215,2026-07-23T01:53:55.215Z,-23.6057528,-46.8367343,821.973,11.010,10.760,3,126,228
1784771635270,2026-07-23T01:53:55.270Z,-23.6057517,-46.8367282,821.974,11.169,11.010,3,126,228
1784771635325,2026-07-23T01:53:55.325Z,-23.6057505,-46.8367217,821.933,11.469,11.170,3,126,228
1784771635380,2026-07-23T01:53:55.380Z,-23.6057496,-46.8367153,821.947,11.648,11.470,3,126,228
1784771635435,2026-07-23T01:53:55.435Z,-23.6057485,-46.8367093,822.055,11.648,11.650,3,126,228
1784771635490,2026-07-23T01:53:55.490Z,-23.6057476,-46.8367033,822.198,11.628,11.650,3,126,228
1784771635545,2026-07-23T01:53:55.545Z,-23.6057470,-46.8366976,822.363,11.494,11.630,3,126,228
1784771635600,2026-07-23T01:53:55.600Z,-23.6057463,-46.8366918,822.400,11.320,11.500,3,126,228
1784771635655,2026-07-23T01:53:55.655Z,-23.6057454,-46.8366859,822.384,11.263,11.320,3,126,228
1784771635710,2026-07-23T01:53:55.710Z,-23.6057445,-46.8366801,822.406,11.223,11.270,3,126,228
1784771635765,2026-07-23T01:53:55.765Z,-23.6057435,-46.8366744,822.415,11.119,11.230,3,126,228
1784771635820,2026-07-23T01:53:55.820Z,-23.6057423,-46.8366686,822.412,11.100,11.120,3,126,228
1784771635875,2026-07-23T01:53:55.875Z,-23.6057409,-46.8366629,822.468,11.109,11.100,3,126,228
1784771635930,2026-07-23T01:53:55.930Z,-23.6057388,-46.8366577,822.566,11.025,11.110,3,126,228
1784771635985,2026-07-23T01:53:55.985Z,-23.6057371,-46.8366519,822.599,11.173,11.030,3,126,228
1784771636040,2026-07-23T01:53:56.040Z,-23.6057356,-46.8366462,822.694,11.155,11.180,3,126,228
1784771636095,2026-07-23T01:53:56.095Z,-23.6057340,-46.8366403,822.743,11.263,11.160,3,126,229
1784771636147,2026-07-23T01:53:56.147Z,-23.6057324,-46.8366341,822.810,11.492,11.270,3,126,229
1784771636199,2026-07-23T01:53:56.199Z,-23.6057306,-46.8366276,822.863,11.850,11.500,3,126,229
1784771636251,2026-07-23T01:53:56.251Z,-23.6057288,-46.8366212,822.920,12.039,11.860,3,126,229
1784771636303,2026-07-23T01:53:56.303Z,-23.6057272,-46.8366149,822.993,12.128,12.050,3,126,229
1784771636355,2026-07-23T01:53:56.355Z,-23.6057255,-46.8366089,823.073,12.003,12.140,3,126,229
1784771636407,2026-07-23T01:53:56.407Z,-23.6057235,-46.8366031,823.149,11.893,12.010,3,126,229
1784771636459,2026-07-23T01:53:56.459Z,-23.6057218,-46.8365972,823.212,11.819,11.900,3,126,229
1784771636511,2026-07-23T01:53:56.511Z,-23.6057201,-46.8365912,823.249,11.786,11.830,3,126,229
1784771636563,2026-07-23T01:53:56.563Z,-23.6057184,-46.8365849,823.286,11.913,11.800,3,126,229
1784771636616,2026-07-23T01:53:56.616Z,-23.6057165,-46.8365787,823.322,12.015,11.920,3,126,229
1784771636668,2026-07-23T01:53:56.668Z,-23.6057145,-46.8365728,823.398,11.965,12.020,3,126,229
1784771636720,2026-07-23T01:53:56.720Z,-23.6057125,-46.8365670,823.453,11.830,11.980,3,126,229
1784771636772,2026-07-23T01:53:56.772Z,-23.6057106,-46.8365611,823.483,11.801,11.840,3,126,229
1784771636824,2026-07-23T01:53:56.824Z,-23.6057086,-46.8365550,823.554,11.890,11.810,3,126,229
1784771636876,2026-07-23T01:53:56.876Z,-23.6057065,-46.8365486,823.648,12.111,11.900,3,126,229
1784771636928,2026-07-23T01:53:56.928Z,-23.6057044,-46.8365423,823.753,12.279,12.120,3,126,229
1784771636980,2026-07-23T01:53:56.980Z,-23.6057024,-46.8365358,823.857,12.414,12.290,3,126,229
1784771637032,2026-07-23T01:53:57.032Z,-23.6057006,-46.8365291,823.969,12.585,12.430,3,126,229
1784771637085,2026-07-23T01:53:57.085Z,-23.6056987,-46.8365226,824.102,12.643,12.600,3,126,230
1784771637143,2026-07-23T01:53:57.143Z,-23.6056966,-46.8365163,824.222,12.618,12.660,3,126,230
1784771637201,2026-07-23T01:53:57.201Z,-23.6056946,-46.8365101,824.302,12.490,12.640,3,126,230
1784771637259,2026-07-23T01:53:57.259Z,-23.6056926,-46.8365038,824.323,12.509,12.510,3,126,230
1784771637317,2026-07-23T01:53:57.317Z,-23.6056904,-46.8364976,824.427,12.439,12.530,3,126,230
1784771637376,2026-07-23T01:53:57.376Z,-23.6056880,-46.8364914,824.498,12.462,12.460,3,126,230
1784771637434,2026-07-23T01:53:57.434Z,-23.6056859,-46.8364850,824.569,12.481,12.480,3,126,230
1784771637492,2026-07-23T01:53:57.492Z,-23.6056836,-46.8364786,824.612,12.544,12.500,3,126,230
1784771637550,2026-07-23T01:53:57.550Z,-23.6056811,-46.8364721,824.651,12.718,12.570,3,126,230
1784771637609,2026-07-23T01:53:57.609Z,-23.6056785,-46.8364656,824.712,12.789,12.740,3,126,230
1784771637667,2026-07-23T01:53:57.667Z,-23.6056760,-46.8364593,824.796,12.769,12.810,3,126,230
1784771637725,2026-07-23T01:53:57.725Z,-23.6056734,-46.8364530,824.873,12.758,12.790,3,126,230
1784771637783,2026-07-23T01:53:57.783Z,-23.6056705,-46.8364468,824.917,12.834,12.780,3,126,230
1784771637842,2026-07-23T01:53:57.842Z,-23.6056673,-46.8364406,825.007,12.902,12.860,3,126,230
1784771637900,2026-07-23T01:53:57.900Z,-23.6056638,-46.8364347,825.127,12.902,12.930,3,126,230
1784771637958,2026-07-23T01:53:57.958Z,-23.6056602,-46.8364287,825.225,12.989,12.930,3,126,230
1784771638016,2026-07-23T01:53:58.016Z,-23.6056566,-46.8364227,825.276,13.088,13.020,3,126,230
1784771638075,2026-07-23T01:53:58.075Z,-23.6056530,-46.8364170,825.350,13.007,13.120,3,127,231
1784771638130,2026-07-23T01:53:58.130Z,-23.6056493,-46.8364114,825.436,12.940,13.040,3,127,231
1784771638185,2026-07-23T01:53:58.185Z,-23.6056454,-46.8364058,825.536,12.965,12.970,3,127,231
1784771638240,2026-07-23T01:53:58.240Z,-23.6056412,-46.8364001,825.620,13.108,13.000,3,127,231
1784771638295,2026-07-23T01:53:58.295Z,-23.6056368,-46.8363946,825.744,13.202,13.140,3,127,231
1784771638350,2026-07-23T01:53:58.350Z,-23.6056322,-46.8363893,825.879,13.277,13.240,3,127,231
1784771638405,2026-07-23T01:53:58.405Z,-23.6056276,-46.8363843,825.980,13.259,13.310,3,127,231
1784771638460,2026-07-23T01:53:58.460Z,-23.6056225,-46.8363796,826.111,13.281,13.300,3,127,231
1784771638515,2026-07-23T01:53:58.515Z,-23.6056175,-46.8363751,826.192,13.262,13.320,3,127,231
1784771638570,2026-07-23T01:53:58.570Z,-23.6056123,-46.8363709,826.236,13.276,13.300,3,127,231
1784771638625,2026-07-23T01:53:58.625Z,-23.6056071,-46.8363666,826.274,13.299,13.320,3,127,231
1784771638680,2026-07-23T01:53:58.680Z,-23.6056018,-46.8363625,826.322,13.283,13.340,3,127,231
1784771638735,2026-07-23T01:53:58.735Z,-23.6055963,-46.8363589,826.365,13.262,13.320,3,127,231
1784771638790,2026-07-23T01:53:58.790Z,-23.6055907,-46.8363555,826.363,13.268,13.300,3,127,231
1784771638845,2026-07-23T01:53:58.845Z,-23.6055850,-46.8363523,826.355,13.246,13.310,3,127,231
1784771638900,2026-07-23T01:53:58.900Z,-23.6055792,-46.8363492,826.359,13.273,13.280,3,127,231
1784771638955,2026-07-23T01:53:58.955Z,-23.6055732,-46.8363465,826.407,13.249,13.310,3,127,231
1784771639010,2026-07-23T01:53:59.010Z,-23.6055670,-46.8363439,826.435,13.378,13.280,3,127,231
1784771639065,2026-07-23T01:53:59.065Z,-23.6055609,-46.8363414,826.437,13.420,13.410,3,127,231
1784771639120,2026-07-23T01:53:59.120Z,-23.6055545,-46.8363392,826.382,13.532,13.450,3,136,232
1784771639175,2026-07-23T01:53:59.175Z,-23.6055480,-46.8363374,826.362,13.597,13.560,3,136,232
1784771639230,2026-07-23T01:53:59.230Z,-23.6055410,-46.8363361,826.430,13.757,13.620,3,136,232
1784771639285,2026-07-23T01:53:59.285Z,-23.6055342,-46.8363347,826.464,13.866,13.780,3,136,232
1784771639340,2026-07-23T01:53:59.340Z,-23.6055274,-46.8363333,826.527,13.826,13.890,3,136,232
1784771639395,2026-07-23T01:53:59.395Z,-23.6055205,-46.8363324,826.556,13.923,13.850,3,136,232
1784771639450,2026-07-23T01:53:59.450Z,-23.6055136,-46.8363315,826.591,13.999,13.950,3,136,232
1784771639505,2026-07-23T01:53:59.505Z,-23.6055067,-46.8363310,826.641,13.977,14.020,3,136,232
1784771639560,2026-07-23T01:53:59.560Z,-23.6054997,-46.8363307,826.656,14.077,14.000,3,136,232
1784771639615,2026-07-23T01:53:59.615Z,-23.6054926,-46.8363309,826.700,14.135,14.100,3,136,232
1784771639670,2026-07-23T01:53:59.670Z,-23.6054856,-46.8363311,826.688,14.236,14.160,3,136,232
1784771639725,2026-07-23T01:53:59.725Z,-23.6054784,-46.8363313,826.716,14.372,14.260,3,136,232
1784771639780,2026-07-23T01:53:59.780Z,-23.6054710,-46.8363316,826.786,14.514,14.390,3,136,232
1784771639835,2026-07-23T01:53:59.835Z,-23.6054640,-46.8363317,826.810,14.410,14.540,3,136,232
1784771639890,2026-07-23T01:53:59.890Z,-23.6054572,-46.8363321,826.807,14.289,14.430,3,136,232
1784771639945,2026-07-23T01:53:59.945Z,-23.6054503,-46.8363327,826.814,14.219,14.310,3,136,232
1784771640000,2026-07-23T01:54:00.000Z,-23.6054433,-46.8363334,826.821,14.193,14.240,3,136,232
1784771640055,2026-07-23T01:54:00.055Z,-23.6054364,-46.8363342,826.803,14.188,14.210,3,136,232
1784771640110,2026-07-23T01:54:00.110Z,-23.6054294,-46.8363354,826.833,14.239,14.210,3,136,233
1784771640165,2026-07-23T01:54:00.165Z,-23.6054224,-46.8363368,826.878,14.301,14.260,3,136,233
1784771640220,2026-07-23T01:54:00.220Z,-23.6054154,-46.8363383,826.879,14.401,14.320,3,136,233
1784771640275,2026-07-23T01:54:00.275Z,-23.6054084,-46.8363400,826.903,14.431,14.420,3,136,233
1784771640330,2026-07-23T01:54:00.330Z,-23.6054014,-46.8363419,826.937,14.495,14.450,3,136,233
1784771640385,2026-07-23T01:54:00.385Z,-23.6053943,-46.8363436,826.955,14.531,14.510,3,136,233
1784771640440,2026-07-23T01:54:00.440Z,-23.6053873,-46.8363456,827.004,14.579,14.550,3,136,233
1784771640495,2026-07-23T01:54:00.495Z,-23.6053803,-46.8363476,827.039,14.607,14.590,3,136,233
1784771640550,2026-07-23T01:54:00.550Z,-23.6053732,-46.8363495,827.060,14.634,14.620,3,136,233
1784771640605,2026-07-23T01:54:00.605Z,-23.6053662,-46.8363515,827.087,14.670,14.650,3,136,233
1784771640660,2026-07-23T01:54:00.660Z,-23.6053592,-46.8363536,827.133,14.667,14.690,3,136,233
1784771640715,2026-07-23T01:54:00.715Z,-23.6053521,-46.8363558,827.167,14.720,14.680,3,136,233
1784771640770,2026-07-23T01:54:00.770Z,-23.6053451,-46.8363581,827.178,14.729,14.740,3,136,233
1784771640825,2026-07-23T01:54:00.825Z,-23.6053380,-46.8363604,827.226,14.778,14.740,3,136,233
1784771640880,2026-07-23T01:54:00.880Z,-23.6053309,-46.8363629,827.228,14.864,14.790,3,136,233
1784771640935,2026-07-23T01:54:00.935Z,-23.6053238,-46.8363652,827.252,14.883,14.880,3,136,233
1784771640990,2026-07-23T01:54:00.990Z,-23.6053169,-46.8363677,827.278,14.870,14.900,3,136,233
1784771641045,2026-07-23T01:54:01.045Z,-23.6053098,-46.8363702,827.309,14.931,14.880,3,136,233
1784771641100,2026-07-23T01:54:01.100Z,-23.6053028,-46.8363729,827.375,14.904,14.950,3,127,234
1784771641155,2026-07-23T01:54:01.155Z,-23.6052958,-46.8363754,827.409,14.879,14.920,3,127,234
1784771641210,2026-07-23T01:54:01.210Z,-23.6052887,-46.8363779,827.463,14.930,14.890,3,127,234
1784771641265,2026-07-23T01:54:01.265Z,-23.6052815,-46.8363804,827.506,15.016,14.950,3,127,234
1784771641320,2026-07-23T01:54:01.320Z,-23.6052744,-46.8363829,827.540,15.075,15.030,3,127,234
1784771641375,2026-07-23T01:54:01.375Z,-23.6052672,-46.8363855,827.637,15.079,15.090,3,127,234
1784771641430,2026-07-23T01:54:01.430Z,-23.6052601,-46.8363881,827.676,15.125,15.100,3,127,234
1784771641485,2026-07-23T01:54:01.485Z,-23.6052529,-46.8363909,827.722,15.199,15.140,3,127,234
1784771641540,2026-07-23T01:54:01.540Z,-23.6052458,-46.8363937,827.772,15.232,15.220,3,127,234
1784771641595,2026-07-23T01:54:01.595Z,-23.6052385,-46.8363964,827.816,15.301,15.250,3,127,234
1784771641650,2026-07-23T01:54:01.650Z,-23.6052312,-46.8363989,827.868,15.375,15.320,3,127,234
1784771641705,2026-07-23T01:54:01.705Z,-23.6052238,-46.8364013,827.911,15.439,15.390,3,127,234
1784771641760,2026-07-23T01:54:01.760Z,-23.6052165,-46.8364038,827.951,15.439,15.460,3,127,234
1784771641815,2026-07-23T01:54:01.815Z,-23.6052092,-46.8364065,828.028,15.496,15.460,3,127,234
1784771641870,2026-07-23T01:54:01.870Z,-23.6052019,-46.8364091,828.084,15.491,15.510,3,127,234
1784771641925,2026-07-23T01:54:01.925Z,-23.6051944,-46.8364118,828.129,15.575,15.510,3,127,234
1784771641980,2026-07-23T01:54:01.980Z,-23.6051868,-46.8364143,828.180,15.675,15.590,3,127,234
1784771642035,2026-07-23T01:54:02.035Z,-23.6051792,-46.8364168,828.234,15.799,15.690,3,127,234
1784771642090,2026-07-23T01:54:02.090Z,-23.6051716,-46.8364193,828.270,15.828,15.820,3,127,235
1784771642142,2026-07-23T01:54:02.142Z,-23.6051641,-46.8364218,828.346,15.827,15.850,3,127,235
1784771642194,2026-07-23T01:54:02.194Z,-23.6051567,-46.8364246,828.394,15.825,15.850,3,127,235
1784771642246,2026-07-23T01:54:02.246Z,-23.6051497,-46.8364275,828.500,15.599,15.850,3,127,235
1784771642298,2026-07-23T01:54:02.298Z,-23.6051426,-46.8364305,828.604,15.485,15.620,3,127,235
1784771642350,2026-07-23T01:54:02.350Z,-23.6051354,-46.8364333,828.644,15.422,15.510,3,127,235
1784771642402,2026-07-23T01:54:02.402Z,-23.6051281,-46.8364360,828.684,15.486,15.450,3,127,235
1784771642454,2026-07-23T01:54:02.454Z,-23.6051206,-46.8364387,828.749,15.629,15.510,3,127,235
1784771642506,2026-07-23T01:54:02.506Z,-23.6051128,-46.8364411,828.814,15.837,15.650,3,127,235
1784771642558,2026-07-23T01:54:02.558Z,-23.6051048,-46.8364437,828.885,16.156,15.860,3,127,235
1784771642611,2026-07-23T01:54:02.611Z,-23.6050967,-46.8364462,828.977,16.372,16.180,3,127,235
1784771642663,2026-07-23T01:54:02.663Z,-23.6050888,-46.8364485,829.128,16.385,16.400,3,127,235
1784771642715,2026-07-23T01:54:02.715Z,-23.6050808,-46.8364508,829.219,16.457,16.410,3,127,235
1784771642767,2026-07-23T01:54:02.767Z,-23.6050731,-46.8364529,829.295,16.261,16.490,3,127,235
1784771642819,2026-07-23T01:54:02.819Z,-23.6050657,-46.8364554,829.327,16.065,16.290,3,127,235
1784771642871,2026-07-23T01:54:02.871Z,-23.6050585,-46.8364581,829.325,15.847,16.090,3,127,235
1784771642923,2026-07-23T01:54:02.923Z,-23.6050513,-46.8364610,829.358,15.734,15.880,3,127,235
1784771642975,2026-07-23T01:54:02.975Z,-23.6050438,-46.8364637,829.395,15.831,15.760,3,127,235
1784771643027,2026-07-23T01:54:03.027Z,-23.6050363,-46.8364665,829.477,15.933,15.860,3,127,235
1784771643080,2026-07-23T01:54:03.080Z,-23.6050287,-46.8364691,829.551,15.950,15.960,3,127,236
1784771643141,2026-07-23T01:54:03.141Z,-23.6050210,-46.8364718,829.635,16.038,15.980,3,127,236
1784771643202,2026-07-23T01:54:03.202Z,-23.6050134,-46.8364745,829.717,16.074,16.070,3,127,236
1784771643264,2026-07-23T01:54:03.264Z,-23.6050058,-46.8364772,829.757,16.078,16.100,3,127,236
1784771643325,2026-07-23T01:54:03.325Z,-23.6049983,-46.8364797,829.798,16.019,16.110,3,127,236
1784771643387,2026-07-23T01:54:03.387Z,-23.6049905,-46.8364824,829.866,16.236,16.050,3,127,236
1784771643448,2026-07-23T01:54:03.448Z,-23.6049828,-46.8364850,829.918,16.216,16.270,3,127,236
1784771643510,2026-07-23T01:54:03.510Z,-23.6049751,-46.8364877,830.003,16.236,16.250,3,127,236
1784771643571,2026-07-23T01:54:03.571Z,-23.6049673,-46.8364904,830.092,16.295,16.270,3,127,236
1784771643633,2026-07-23T01:54:03.633Z,-23.6049596,-46.8364929,830.138,16.291,16.330,3,127,236
1784771643694,2026-07-23T01:54:03.694Z,-23.6049519,-46.8364955,830.207,16.299,16.320,3,127,236
1784771643756,2026-07-23T01:54:03.756Z,-23.6049440,-46.8364981,830.246,16.375,16.330,3,127,236
1784771643817,2026-07-23T01:54:03.817Z,-23.6049363,-46.8365007,830.313,16.363,16.410,3,127,236
1784771643879,2026-07-23T01:54:03.879Z,-23.6049285,-46.8365034,830.362,16.402,16.390,3,127,236
1784771643940,2026-07-23T01:54:03.940Z,-23.6049208,-46.8365062,830.410,16.380,16.430,3,127,236
1784771644002,2026-07-23T01:54:04.002Z,-23.6049131,-46.8365089,830.454,16.421,16.410,3,127,236
1784771644063,2026-07-23T01:54:04.063Z,-23.6049053,-46.8365118,830.524,16.457,16.450,3,127,236
1784771644125,2026-07-23T01:54:04.125Z,-23.6048975,-46.8365145,830.558,16.501,16.490,3,136,237
1784771644174,2026-07-23T01:54:04.174Z,-23.6048897,-46.8365172,830.585,16.510,16.530,3,136,237
1784771644224,2026-07-23T01:54:04.224Z,-23.6048818,-46.8365200,830.632,16.613,16.540,3,136,237
1784771644273,2026-07-23T01:54:04.273Z,-23.6048739,-46.8365227,830.671,16.647,16.640,3,136,237
1784771644323,2026-07-23T01:54:04.323Z,-23.6048661,-46.8365253,830.697,16.664,16.680,3,136,237
1784771644372,2026-07-23T01:54:04.372Z,-23.6048581,-46.8365282,830.749,16.747,16.690,3,136,237
1784771644422,2026-07-23T01:54:04.422Z,-23.6048503,-46.8365312,830.771,16.748,16.770,3,136,237
1784771644471,2026-07-23T01:54:04.471Z,-23.6048427,-46.8365343,830.772,16.653,16.770,3,136,237
1784771644521,2026-07-23T01:54:04.521Z,-23.6048350,-46.8365374,830.803,16.666,16.680,3,136,237
1784771644570,2026-07-23T01:54:04.570Z,-23.6048273,-46.8365405,830.831,16.633,16.690,3,136,237
1784771644620,2026-07-23T01:54:04.620Z,-23.6048196,-46.8365436,830.864,16.604,16.660,3,136,237
1784771644669,2026-07-23T01:54:04.669Z,-23.6048116,-46.8365466,830.948,16.735,16.630,3,136,237
1784771644719,2026-07-23T01:54:04.719Z,-23.6048034,-46.8365496,830.980,16.913,16.760,3,136,237
1784771644768,2026-07-23T01:54:04.768Z,-23.6047953,-46.8365528,831.006,17.099,16.940,3,136,237
1784771644818,2026-07-23T01:54:04.818Z,-23.6047872,-46.8365561,831.034,17.205,17.120,3,136,237
1784771644867,2026-07-23T01:54:04.867Z,-23.6047793,-46.8365593,831.108,17.133,17.230,3,136,237
1784771644917,2026-07-23T01:54:04.917Z,-23.6047716,-46.8365628,831.161,16.993,17.150,3,136,237
1784771644966,2026-07-23T01:54:04.966Z,-23.6047643,-46.8365668,831.206,16.867,17.010,3,136,237
1784771645016,2026-07-23T01:54:05.016Z,-23.6047568,-46.8365710,831.233,16.888,16.890,3,136,237
1784771645065,2026-07-23T01:54:05.065Z,-23.6047494,-46.8365754,831.257,16.978,16.910,3,136,237
1784771645115,2026-07-23T01:54:05.115Z,-23.6047419,-46.8365800,831.282,17.045,17.000,3,127,238
1784771645170,2026-07-23T01:54:05.170Z,-23.6047345,-46.8365847,831.320,17.169,17.060,3,127,238
1784771645225,2026-07-23T01:54:05.225Z,-23.6047271,-46.8365896,831.339,17.293,17.190,3,127,238
1784771645280,2026-07-23T01:54:05.280Z,-23.6047199,-46.8365946,831.355,17.306,17.310,3,127,238
1784771645335,2026-07-23T01:54:05.335Z,-23.6047127,-46.8365996,831.343,17.295,17.320,3,127,238
1784771645390,2026-07-23T01:54:05.390Z,-23.6047058,-46.8366049,831.356,17.249,17.310,3,127,238
1784771645445,2026-07-23T01:54:05.445Z,-23.6046990,-46.8366104,831.399,17.167,17.260,3,127,238
1784771645500,2026-07-23T01:54:05.500Z,-23.6046923,-46.8366161,831.399,17.192,17.180,3,127,238
1784771645555,2026-07-23T01:54:05.555Z,-23.6046856,-46.8366221,831.363,17.316,17.200,3,127,238
1784771645610,2026-07-23T01:54:05.610Z,-23.6046791,-46.8366283,831.365,17.372,17.330,3,127,238
1784771645665,2026-07-23T01:54:05.665Z,-23.6046727,-46.8366346,831.342,17.413,17.380,3,127,238
1784771645720,2026-07-23T01:54:05.720Z,-23.6046663,-46.8366410,831.319,17.466,17.420,3,127,238
1784771645775,2026-07-23T01:54:05.775Z,-23.6046601,-46.8366476,831.286,17.557,17.470,3,127,238
1784771645830,2026-07-23T01:54:05.830Z,-23.6046541,-46.8366544,831.272,17.504,17.560,3,127,238
1784771645885,2026-07-23T01:54:05.885Z,-23.6046481,-46.8366611,831.242,17.481,17.510,3,127,238
1784771645940,2026-07-23T01:54:05.940Z,-23.6046421,-46.8366681,831.228,17.537,17.490,3,127,238
1784771645995,2026-07-23T01:54:05.995Z,-23.6046363,-46.8366751,831.169,17.579,17.540,3,127,238
1784771646050,2026-07-23T01:54:06.050Z,-23.6046306,-46.8366823,831.113,17.623,17.580,3,127,239
1784771646105,2026-07-23T01:54:06.105Z,-23.6046252,-46.8366897,831.093,17.634,17.620,3,127,239
1784771646160,2026-07-23T01:54:06.160Z,-23.6046199,-46.8366972,831.046,17.636,17.640,3,127,239
1784771646215,2026-07-23T01:54:06.215Z,-23.6046149,-46.8367050,830.986,17.687,17.640,3,127,239
1784771646270,2026-07-23T01:54:06.270Z,-23.6046100,-46.8367129,830.942,17.696,17.690,3,127,239
1784771646325,2026-07-23T01:54:06.325Z,-23.6046054,-46.8367208,830.913,17.680,17.700,3,127,239
1784771646380,2026-07-23T01:54:06.380Z,-23.6046009,-46.8367292,830.838,17.835,17.680,3,127,239
1784771646435,2026-07-23T01:54:06.435Z,-23.6045966,-46.8367375,830.804,17.842,17.830,3,127,239
1784771646490,2026-07-23T01:54:06.490Z,-23.6045923,-46.8367458,830.759,17.851,17.840,3,127,239
1784771646545,2026-07-23T01:54:06.545Z,-23.6045884,-46.8367543,830.723,17.828,17.850,3,127,239
1784771646600,2026-07-23T01:54:06.600Z,-23.6045846,-46.8367630,830.661,17.898,17.830,3,127,239
1784771646655,2026-07-23T01:54:06.655Z,-23.6045811,-46.8367721,830.596,18.024,17.900,3,127,239
1784771646710,2026-07-23T01:54:06.710Z,-23.6045779,-46.8367811,830.547,18.003,18.020,3,127,239
1784771646765,2026-07-23T01:54:06.765Z,-23.6045751,-46.8367901,830.490,17.926,18.000,3,127,239
1784771646820,2026-07-23T01:54:06.820Z,-23.6045723,-46.8367990,830.399,17.918,17.930,3,127,239
1784771646875,2026-07-23T01:54:06.875Z,-23.6045697,-46.8368081,830.335,17.875,17.920,3,127,239
1784771646930,2026-07-23T01:54:06.930Z,-23.6045675,-46.8368172,830.234,17.791,17.880,3,127,239
1784771646985,2026-07-23T01:54:06.985Z,-23.6045654,-46.8368266,830.145,17.869,17.790,3,127,239
1784771647040,2026-07-23T01:54:07.040Z,-23.6045634,-46.8368359,830.085,17.882,17.870,3,127,239
1784771647095,2026-07-23T01:54:07.095Z,-23.6045614,-46.8368450,830.002,17.798,17.890,3,127,240
1784771647153,2026-07-23T01:54:07.153Z,-23.6045597,-46.8368542,829.912,17.683,17.800,3,127,240
1784771647211,2026-07-23T01:54:07.211Z,-23.6045584,-46.8368634,829.828,17.606,17.690,3,127,240
1784771647269,2026-07-23T01:54:07.269Z,-23.6045574,-46.8368725,829.750,17.504,17.610,3,127,240
1784771647327,2026-07-23T01:54:07.327Z,-23.6045567,-46.8368818,829.678,17.467,17.510,3,127,240
1784771647386,2026-07-23T01:54:07.386Z,-23.6045562,-46.8368908,829.600,17.334,17.470,3,127,240
1784771647444,2026-07-23T01:54:07.444Z,-23.6045559,-46.8368999,829.450,17.311,17.340,3,127,240
1784771647502,2026-07-23T01:54:07.502Z,-23.6045561,-46.8369089,829.327,17.234,17.320,3,127,240
1784771647560,2026-07-23T01:54:07.560Z,-23.6045565,-46.8369180,829.216,17.194,17.250,3,127,240
1784771647619,2026-07-23T01:54:07.619Z,-23.6045573,-46.8369267,829.032,16.994,17.210,3,127,240
1784771647677,2026-07-23T01:54:07.677Z,-23.6045585,-46.8369357,828.837,17.004,17.010,3,127,240
1784771647735,2026-07-23T01:54:07.735Z,-23.6045600,-46.8369448,828.708,17.031,17.020,3,127,240
1784771647793,2026-07-23T01:54:07.793Z,-23.6045618,-46.8369541,828.577,17.196,17.050,3,127,240
1784771647852,2026-07-23T01:54:07.852Z,-23.6045642,-46.8369628,828.362,17.116,17.220,3,127,240
1784771647910,2026-07-23T01:54:07.910Z,-23.6045670,-46.8369715,828.088,17.130,17.140,3,127,240
1784771647968,2026-07-23T01:54:07.968Z,-23.6045700,-46.8369806,827.968,17.296,17.170,3,127,240
1784771648026,2026-07-23T01:54:08.026Z,-23.6045731,-46.8369895,827.920,17.366,17.330,3,127,240
1784771648085,2026-07-23T01:54:08.085Z,-23.6045763,-46.8369980,827.789,17.260,17.400,3,127,241
1784771648134,2026-07-23T01:54:08.134Z,-23.6045799,-46.8370062,827.638,17.108,17.300,3,127,241
1784771648184,2026-07-23T01:54:08.184Z,-23.6045839,-46.8370140,827.497,16.924,17.150,3,127,241
1784771648233,2026-07-23T01:54:08.233Z,-23.6045884,-46.8370219,827.372,17.013,16.970,3,127,241
1784771648283,2026-07-23T01:54:08.283Z,-23.6045933,-46.8370298,827.234,17.181,17.060,3,127,241
1784771648332,2026-07-23T01:54:08.332Z,-23.6045982,-46.8370375,827.123,17.276,17.230,3,127,241
1784771648382,2026-07-23T01:54:08.382Z,-23.6046032,-46.8370446,827.002,17.135,17.330,3,127,241
1784771648431,2026-07-23T01:54:08.431Z,-23.6046086,-46.8370516,826.935,17.083,17.190,3,127,241
1784771648481,2026-07-23T01:54:08.481Z,-23.6046142,-46.8370589,826.852,17.260,17.130,3,127,241
1784771648530,2026-07-23T01:54:08.530Z,-23.6046199,-46.8370660,826.758,17.381,17.310,3,127,241
1784771648580,2026-07-23T01:54:08.580Z,-23.6046258,-46.8370730,826.630,17.441,17.430,3,127,241
1784771648629,2026-07-23T01:54:08.629Z,-23.6046319,-46.8370800,826.511,17.641,17.490,3,127,241
1784771648679,2026-07-23T01:54:08.679Z,-23.6046379,-46.8370873,826.415,17.792,17.700,3,127,241
1784771648728,2026-07-23T01:54:08.728Z,-23.6046437,-46.8370946,826.354,17.885,17.850,3,127,241
1784771648778,2026-07-23T01:54:08.778Z,-23.6046496,-46.8371019,826.254,17.959,17.940,3,127,241
1784771648827,2026-07-23T01:54:08.827Z,-23.6046554,-46.8371091,826.138,17.962,18.010,3,127,241
1784771648877,2026-07-23T01:54:08.877Z,-23.6046611,-46.8371167,826.046,18.015,18.020,3,127,241
1784771648926,2026-07-23T01:54:08.926Z,-23.6046665,-46.8371245,825.967,18.126,18.070,3,127,241
1784771648976,2026-07-23T01:54:08.976Z,-23.6046717,-46.8371325,825.907,18.145,18.180,3,127,241
1784771649025,2026-07-23T01:54:09.025Z,-23.6046767,-46.8371406,825.865,18.184,18.200,3,127,241
1784771649075,2026-07-23T01:54:09.075Z,-23.6046816,-46.8371491,825.798,18.324,18.240,3,127,242
1784771649140,2026-07-23T01:54:09.140Z,-23.6046862,-46.8371576,825.735,18.316,18.380,3,127,242
1784771649205,2026-07-23T01:54:09.205Z,-23.6046902,-46.8371666,825.670,18.419,18.370,3,127,242
1784771649270,2026-07-23T01:54:09.270Z,-23.6046941,-46.8371754,825.579,18.370,18.470,3,127,242
1784771649336,2026-07-23T01:54:09.336Z,-23.6046977,-46.8371842,825.537,18.185,18.430,3,127,242
1784771649401,2026-07-23T01:54:09.401Z,-23.6047011,-46.8371934,825.498,18.202,18.240,3,127,242
1784771649466,2026-07-23T01:54:09.466Z,-23.6047082,-46.8372113,825.353,18.196,18.260,3,127,242
1784771649532,2026-07-23T01:54:09.532Z,-23.6047112,-46.8372207,825.294,18.261,18.250,3,127,242
1784771649597,2026-07-23T01:54:09.597Z,-23.6047127,-46.8372304,825.174,18.171,18.310,3,127,242
1784771649662,2026-07-23T01:54:09.662Z,-23.6047144,-46.8372403,825.091,18.317,18.230,3,127,242
1784771649728,2026-07-23T01:54:09.728Z,-23.6047158,-46.8372498,825.051,18.167,18.370,3,127,242
1784771649793,2026-07-23T01:54:09.793Z,-23.6047169,-46.8372591,825.048,17.851,18.220,3,127,242
1784771649858,2026-07-23T01:54:09.858Z,-23.6047179,-46.8372688,825.013,17.864,17.900,3,127,242
1784771649924,2026-07-23T01:54:09.924Z,-23.6047186,-46.8372785,824.994,17.869,17.910,3,127,242
1784771649989,2026-07-23T01:54:09.989Z,-23.6047190,-46.8372884,824.933,17.964,17.920,3,127,242
1784771650054,2026-07-23T01:54:10.054Z,-23.6047187,-46.8372983,824.867,18.043,18.010,3,127,242
1784771650120,2026-07-23T01:54:10.120Z,-23.6047183,-46.8373079,824.923,17.825,18.090,3,136,243
1784771650172,2026-07-23T01:54:10.172Z,-23.6047176,-46.8373174,824.963,17.692,17.870,3,136,243
1784771650224,2026-07-23T01:54:10.224Z,-23.6047166,-46.8373269,824.955,17.641,17.730,3,136,243
1784771650276,2026-07-23T01:54:10.276Z,-23.6047150,-46.8373363,824.978,17.601,17.680,3,136,243
1784771650328,2026-07-23T01:54:10.328Z,-23.6047128,-46.8373457,825.005,17.591,17.630,3,136,243
1784771650380,2026-07-23T01:54:10.380Z,-23.6047102,-46.8373552,825.088,17.701,17.620,3,136,243
1784771650432,2026-07-23T01:54:10.432Z,-23.6047073,-46.8373644,825.158,17.684,17.730,3,136,243
1784771650484,2026-07-23T01:54:10.484Z,-23.6047043,-46.8373734,825.198,17.572,17.710,3,136,243
1784771650536,2026-07-23T01:54:10.536Z,-23.6047008,-46.8373821,825.276,17.490,17.590,3,136,243
1784771650588,2026-07-23T01:54:10.588Z,-23.6046971,-46.8373906,825.381,17.331,17.510,3,136,243
1784771650641,2026-07-23T01:54:10.641Z,-23.6046932,-46.8373988,825.434,17.119,17.340,3,136,243
1784771650693,2026-07-23T01:54:10.693Z,-23.6046888,-46.8374070,825.526,17.146,17.130,3,136,243
1784771650745,2026-07-23T01:54:10.745Z,-23.6046843,-46.8374154,825.695,17.185,17.150,3,136,243
1784771650797,2026-07-23T01:54:10.797Z,-23.6046798,-46.8374233,825.797,17.111,17.190,3,136,243
1784771650849,2026-07-23T01:54:10.849Z,-23.6046750,-46.8374311,825.886,17.079,17.110,3,136,243
1784771650901,2026-07-23T01:54:10.901Z,-23.6046699,-46.8374391,825.951,17.260,17.080,3,136,243
1784771650953,2026-07-23T01:54:10.953Z,-23.6046647,-46.8374465,826.003,17.195,17.260,3,136,243
1784771651005,2026-07-23T01:54:11.005Z,-23.6046593,-46.8374535,826.034,17.040,17.200,3,136,243
1784771651057,2026-07-23T01:54:11.057Z,-23.6046538,-46.8374601,826.062,16.789,17.040,3,136,243
1784771651110,2026-07-23T01:54:11.110Z,-23.6046481,-46.8374666,826.102,16.619,16.790,3,136,244
1784771651168,2026-07-23T01:54:11.168Z,-23.6046423,-46.8374727,826.127,16.466,16.620,3,136,244
1784771651226,2026-07-23T01:54:11.226Z,-23.6046360,-46.8374784,826.175,16.349,16.470,3,136,244
1784771651284,2026-07-23T01:54:11.284Z,-23.6046293,-46.8374843,826.225,16.548,16.350,3,136,244
1784771651342,2026-07-23T01:54:11.342Z,-23.6046227,-46.8374900,826.310,16.576,16.550,3,136,244
1784771651400,2026-07-23T01:54:11.400Z,-23.6046161,-46.8374954,826.345,16.526,16.580,3,136,244
1784771651458,2026-07-23T01:54:11.458Z,-23.6046092,-46.8375004,826.391,16.451,16.530,3,136,244
1784771651516,2026-07-23T01:54:11.516Z,-23.6046024,-46.8375053,826.455,16.368,16.450,3,136,244
1784771651574,2026-07-23T01:54:11.574Z,-23.6045953,-46.8375097,826.489,16.314,16.370,3,136,244
1784771651632,2026-07-23T01:54:11.632Z,-23.6045879,-46.8375137,826.535,16.277,16.310,3,136,244
1784771651690,2026-07-23T01:54:11.690Z,-23.6045802,-46.8375174,826.589,16.353,16.280,3,136,244
1784771651748,2026-07-23T01:54:11.748Z,-23.6045727,-46.8375211,826.644,16.315,16.350,3,136,244
1784771651806,2026-07-23T01:54:11.806Z,-23.6045652,-46.8375245,826.707,16.310,16.320,3,136,244
1784771651864,2026-07-23T01:54:11.864Z,-23.6045575,-46.8375279,826.742,16.402,16.310,3,136,244
1784771651922,2026-07-23T01:54:11.922Z,-23.6045499,-46.8375314,826.795,16.411,16.400,3,136,244
1784771651980,2026-07-23T01:54:11.980Z,-23.6045424,-46.8375346,826.874,16.237,16.410,3,136,244
1784771652038,2026-07-23T01:54:12.038Z,-23.6045351,-46.8375375,826.911,15.996,16.240,3,136,244
1784771652096,2026-07-23T01:54:12.096Z,-23.6045275,-46.8375403,826.968,16.043,16.000,3,136,244
1784771652155,2026-07-23T01:54:12.155Z,-23.6045198,-46.8375429,827.034,16.051,16.050,3,114,245
1784771652206,2026-07-23T01:54:12.206Z,-23.6045124,-46.8375455,827.140,15.866,16.060,3,114,245
1784771652258,2026-07-23T01:54:12.258Z,-23.6045053,-46.8375479,827.247,15.440,15.870,3,114,245
1784771652310,2026-07-23T01:54:12.310Z,-23.6044978,-46.8375499,827.260,15.509,15.450,3,114,245
1784771652362,2026-07-23T01:54:12.362Z,-23.6044905,-46.8375516,827.328,15.346,15.520,3,114,245
1784771652414,2026-07-23T01:54:12.414Z,-23.6044833,-46.8375530,827.422,15.045,15.350,3,114,245
1784771652466,2026-07-23T01:54:12.466Z,-23.6044760,-46.8375545,827.469,14.982,15.050,3,114,245
1784771652518,2026-07-23T01:54:12.518Z,-23.6044686,-46.8375559,827.488,15.064,14.990,3,114,245
1784771652570,2026-07-23T01:54:12.570Z,-23.6044614,-46.8375565,827.525,14.912,15.070,3,114,245
1784771652622,2026-07-23T01:54:12.622Z,-23.6044542,-46.8375568,827.563,14.768,14.920,3,114,245
1784771652674,2026-07-23T01:54:12.674Z,-23.6044471,-46.8375577,827.650,14.632,14.780,3,114,245
1784771652726,2026-07-23T01:54:12.726Z,-23.6044399,-46.8375583,827.737,14.531,14.640,3,114,245
1784771652778,2026-07-23T01:54:12.778Z,-23.6044329,-46.8375579,827.827,14.341,14.540,3,114,245
1784771652830,2026-07-23T01:54:12.830Z,-23.6044256,-46.8375573,827.908,14.487,14.360,3,114,245
1784771652882,2026-07-23T01:54:12.882Z,-23.6044185,-46.8375568,827.993,14.420,14.500,3,114,245
1784771652934,2026-07-23T01:54:12.934Z,-23.6044117,-46.8375562,828.029,14.214,14.440,3,114,245
1784771652986,2026-07-23T01:54:12.986Z,-23.6044049,-46.8375549,828.171,14.042,14.230,3,114,245
1784771653038,2026-07-23T01:54:13.038Z,-23.6043984,-46.8375530,828.289,13.805,14.060,3,114,245
1784771653090,2026-07-23T01:54:13.090Z,-23.6043915,-46.8375512,828.442,13.952,13.830,3,114,246
1784771653148,2026-07-23T01:54:13.148Z,-23.6043847,-46.8375493,828.516,13.994,13.980,3,114,246
1784771653206,2026-07-23T01:54:13.206Z,-23.6043784,-46.8375468,828.630,13.768,14.020,3,114,246
1784771653264,2026-07-23T01:54:13.264Z,-23.6043721,-46.8375438,828.744,13.730,13.800,3,114,246
1784771653322,2026-07-23T01:54:13.322Z,-23.6043663,-46.8375402,828.797,13.493,13.760,3,114,246
1784771653380,2026-07-23T01:54:13.380Z,-23.6043606,-46.8375364,828.842,13.412,13.530,3,114,246
1784771653438,2026-07-23T01:54:13.438Z,-23.6043547,-46.8375321,828.880,13.615,13.450,3,114,246
1784771653496,2026-07-23T01:54:13.496Z,-23.6043492,-46.8375282,828.950,13.402,13.650,3,114,246
1784771653554,2026-07-23T01:54:13.554Z,-23.6043443,-46.8375241,828.993,13.027,13.440,3,114,246
1784771653612,2026-07-23T01:54:13.612Z,-23.6043394,-46.8375195,829.018,12.941,13.060,3,114,246
1784771653670,2026-07-23T01:54:13.670Z,-23.6043347,-46.8375148,829.052,12.847,12.970,3,114,246
1784771653728,2026-07-23T01:54:13.728Z,-23.6043303,-46.8375099,829.072,12.718,12.880,3,114,246
1784771653786,2026-07-23T01:54:13.786Z,-23.6043261,-46.8375049,829.099,12.592,12.750,3,114,246
1784771653844,2026-07-23T01:54:13.844Z,-23.6043227,-46.8374994,829.147,12.286,12.620,3,114,246
1784771653902,2026-07-23T01:54:13.902Z,-23.6043192,-46.8374940,829.196,12.160,12.320,3,114,246
1784771653960,2026-07-23T01:54:13.960Z,-23.6043157,-46.8374885,829.231,12.182,12.190,3,114,246
1784771654018,2026-07-23T01:54:14.018Z,-23.6043133,-46.8374824,829.168,11.992,12.210,3,114,246
1784771654076,2026-07-23T01:54:14.076Z,-23.6043108,-46.8374769,829.240,11.684,12.020,3,114,246
1784771654135,2026-07-23T01:54:14.135Z,-23.6043083,-46.8374715,829.316,11.487,11.710,3,107,247
1784771654184,2026-07-23T01:54:14.184Z,-23.6043060,-46.8374656,829.373,11.514,11.520,3,107,247
1784771654233,2026-07-23T01:54:14.233Z,-23.6043044,-46.8374592,829.358,11.594,11.550,3,107,247
1784771654282,2026-07-23T01:54:14.282Z,-23.6043026,-46.8374527,829.340,11.879,11.620,3,107,247
1784771654331,2026-07-23T01:54:14.331Z,-23.6043008,-46.8374460,829.309,12.169,11.900,3,107,247
1784771654381,2026-07-23T01:54:14.381Z,-23.6042995,-46.8374395,829.279,12.174,12.190,3,107,247
1784771654430,2026-07-23T01:54:14.430Z,-23.6042983,-46.8374331,829.364,12.101,12.190,3,107,247
1784771654479,2026-07-23T01:54:14.479Z,-23.6042970,-46.8374267,829.427,12.058,12.120,3,107,247
1784771654528,2026-07-23T01:54:14.528Z,-23.6042963,-46.8374203,829.426,11.982,12.080,3,107,247
1784771654577,2026-07-23T01:54:14.577Z,-23.6042962,-46.8374141,829.444,11.813,12.000,3,107,247
1784771654627,2026-07-23T01:54:14.627Z,-23.6042966,-46.8374078,829.509,11.696,11.830,3,107,247
1784771654676,2026-07-23T01:54:14.676Z,-23.6042970,-46.8374013,829.591,11.755,11.720,3,107,247
1784771654725,2026-07-23T01:54:14.725Z,-23.6042973,-46.8373948,829.680,11.816,11.780,3,107,247
1784771654774,2026-07-23T01:54:14.774Z,-23.6042983,-46.8373882,829.709,11.920,11.840,3,107,247
1784771654823,2026-07-23T01:54:14.823Z,-23.6042998,-46.8373814,829.708,12.141,11.950,3,107,247
1784771654873,2026-07-23T01:54:14.873Z,-23.6043012,-46.8373752,829.754,12.065,12.160,3,107,247
1784771654922,2026-07-23T01:54:14.922Z,-23.6043027,-46.8373689,829.805,12.080,12.090,3,107,247
1784771654971,2026-07-23T01:54:14.971Z,-23.6043051,-46.8373627,829.838,12.129,12.100,3,107,247
1784771655020,2026-07-23T01:54:15.020Z,-23.6043076,-46.8373569,829.871,12.054,12.150,3,107,247
1784771655070,2026-07-23T01:54:15.070Z,-23.6043104,-46.8373510,829.923,12.089,12.080,3,107,248
1784771655131,2026-07-23T01:54:15.131Z,-23.6043135,-46.8373454,829.893,12.045,12.110,3,107,248
1784771655192,2026-07-23T01:54:15.192Z,-23.6043169,-46.8373394,829.903,12.290,12.070,3,107,248
1784771655254,2026-07-23T01:54:15.254Z,-23.6043204,-46.8373336,829.907,12.411,12.310,3,107,248
1784771655315,2026-07-23T01:54:15.315Z,-23.6043239,-46.8373279,829.931,12.460,12.430,3,107,248
1784771655377,2026-07-23T01:54:15.377Z,-23.6043272,-46.8373222,829.945,12.440,12.480,3,107,248
1784771655438,2026-07-23T01:54:15.438Z,-23.6043303,-46.8373165,829.938,12.364,12.460,3,107,248
1784771655500,2026-07-23T01:54:15.500Z,-23.6043336,-46.8373109,829.898,12.364,12.380,3,107,248
1784771655561,2026-07-23T01:54:15.561Z,-23.6043373,-46.8373051,829.898,12.510,12.380,3,107,248
1784771655623,2026-07-23T01:54:15.623Z,-23.6043411,-46.8372996,829.898,12.564,12.520,3,107,248
1784771655684,2026-07-23T01:54:15.684Z,-23.6043448,-46.8372941,829.884,12.537,12.580,3,107,248
1784771655746,2026-07-23T01:54:15.746Z,-23.6043487,-46.8372888,829.818,12.512,12.550,3,107,248
1784771655807,2026-07-23T01:54:15.807Z,-23.6043523,-46.8372833,829.820,12.479,12.520,3,107,248
1784771655869,2026-07-23T01:54:15.869Z,-23.6043555,-46.8372776,829.839,12.425,12.490,3,107,248
1784771655930,2026-07-23T01:54:15.930Z,-23.6043584,-46.8372715,829.911,12.388,12.430,3,107,248
1784771655992,2026-07-23T01:54:15.992Z,-23.6043612,-46.8372655,829.944,12.389,12.400,3,107,248
1784771656053,2026-07-23T01:54:16.053Z,-23.6043635,-46.8372590,829.956,12.423,12.400,3,107,248
1784771656115,2026-07-23T01:54:16.115Z,-23.6043659,-46.8372525,829.933,12.557,12.430,3,107,249
1784771656170,2026-07-23T01:54:16.170Z,-23.6043679,-46.8372459,829.985,12.543,12.570,3,107,249
1784771656225,2026-07-23T01:54:16.225Z,-23.6043695,-46.8372393,830.053,12.524,12.550,3,107,249
1784771656280,2026-07-23T01:54:16.280Z,-23.6043709,-46.8372324,830.096,12.599,12.530,3,107,249
1784771656335,2026-07-23T01:54:16.335Z,-23.6043720,-46.8372256,830.141,12.625,12.610,3,107,249
1784771656390,2026-07-23T01:54:16.390Z,-23.6043728,-46.8372187,830.171,12.623,12.640,3,107,249
1784771656445,2026-07-23T01:54:16.445Z,-23.6043732,-46.8372116,830.240,12.666,12.630,3,107,249
1784771656500,2026-07-23T01:54:16.500Z,-23.6043732,-46.8372044,830.290,12.855,12.680,3,107,249
1784771656555,2026-07-23T01:54:16.555Z,-23.6043727,-46.8371971,830.333,12.965,12.870,3,107,249
1784771656610,2026-07-23T01:54:16.610Z,-23.6043721,-46.8371897,830.391,13.133,12.980,3,107,249
1784771656665,2026-07-23T01:54:16.665Z,-23.6043712,-46.8371824,830.469,13.164,13.150,3,107,249
1784771656720,2026-07-23T01:54:16.720Z,-23.6043703,-46.8371755,830.543,13.066,13.180,3,107,249
1784771656775,2026-07-23T01:54:16.775Z,-23.6043693,-46.8371688,830.588,12.859,13.080,3,107,249
1784771656830,2026-07-23T01:54:16.830Z,-23.6043684,-46.8371620,830.589,12.788,12.880,3,107,249
1784771656885,2026-07-23T01:54:16.885Z,-23.6043674,-46.8371552,830.601,12.790,12.800,3,107,249
1784771656940,2026-07-23T01:54:16.940Z,-23.6043665,-46.8371484,830.608,12.773,12.810,3,107,249
1784771656995,2026-07-23T01:54:16.995Z,-23.6043654,-46.8371415,830.633,12.820,12.790,3,107,249
1784771657050,2026-07-23T01:54:17.050Z,-23.6043639,-46.8371342,830.633,13.069,12.840,3,107,249
1784771657105,2026-07-23T01:54:17.105Z,-23.6043625,-46.8371272,830.657,13.133,13.080,3,107,250
1784771657157,2026-07-23T01:54:17.157Z,-23.6043610,-46.8371200,830.704,13.250,13.150,3,107,250
1784771657209,2026-07-23T01:54:17.209Z,-23.6043595,-46.8371128,830.761,13.408,13.270,3,107,250
1784771657261,2026-07-23T01:54:17.261Z,-23.6043579,-46.8371057,830.833,13.480,13.420,3,107,250
1784771657313,2026-07-23T01:54:17.313Z,-23.6043561,-46.8370985,830.895,13.544,13.500,3,107,250
1784771657365,2026-07-23T01:54:17.365Z,-23.6043543,-46.8370914,830.922,13.546,13.560,3,107,250
1784771657417,2026-07-23T01:54:17.417Z,-23.6043523,-46.8370842,830.959,13.665,13.560,3,107,250
1784771657469,2026-07-23T01:54:17.469Z,-23.6043502,-46.8370771,830.997,13.683,13.680,3,107,250
1784771657521,2026-07-23T01:54:17.521Z,-23.6043479,-46.8370701,831.070,13.672,13.700,3,107,250
1784771657573,2026-07-23T01:54:17.573Z,-23.6043456,-46.8370631,831.133,13.681,13.690,3,107,250
1784771657626,2026-07-23T01:54:17.626Z,-23.6043431,-46.8370562,831.204,13.682,13.700,3,107,250
1784771657678,2026-07-23T01:54:17.678Z,-23.6043404,-46.8370494,831.304,13.671,13.700,3,107,250
1784771657730,2026-07-23T01:54:17.730Z,-23.6043375,-46.8370427,831.400,13.653,13.690,3,107,250
1784771657782,2026-07-23T01:54:17.782Z,-23.6043345,-46.8370361,831.469,13.632,13.680,3,107,250
1784771657834,2026-07-23T01:54:17.834Z,-23.6043313,-46.8370294,831.502,13.714,13.660,3,107,250
1784771657886,2026-07-23T01:54:17.886Z,-23.6043280,-46.8370230,831.554,13.670,13.740,3,107,250
1784771657938,2026-07-23T01:54:17.938Z,-23.6043246,-46.8370167,831.633,13.635,13.700,3,107,250
1784771657990,2026-07-23T01:54:17.990Z,-23.6043210,-46.8370104,831.719,13.631,13.660,3,107,250
1784771658042,2026-07-23T01:54:18.042Z,-23.6043173,-46.8370040,831.751,13.724,13.660,3,107,250
1784771658095,2026-07-23T01:54:18.095Z,-23.6043134,-46.8369979,831.850,13.731,13.750,3,126,251
1784771658150,2026-07-23T01:54:18.150Z,-23.6043093,-46.8369918,831.913,13.791,13.760,3,126,251
1784771658205,2026-07-23T01:54:18.205Z,-23.6043054,-46.8369857,831.958,13.783,13.820,3,126,251
1784771658260,2026-07-23T01:54:18.260Z,-23.6043014,-46.8369799,832.027,13.708,13.810,3,126,251
1784771658315,2026-07-23T01:54:18.315Z,-23.6042971,-46.8369740,832.086,13.761,13.740,3,126,251
1784771658370,2026-07-23T01:54:18.370Z,-23.6042926,-46.8369682,832.171,13.867,13.790,3,126,251
1784771658425,2026-07-23T01:54:18.425Z,-23.6042880,-46.8369625,832.281,13.949,13.900,3,126,251
1784771658480,2026-07-23T01:54:18.480Z,-23.6042834,-46.8369571,832.391,13.843,13.990,3,126,251
1784771658535,2026-07-23T01:54:18.535Z,-23.6042787,-46.8369517,832.454,13.879,13.880,3,126,251
1784771658590,2026-07-23T01:54:18.590Z,-23.6042739,-46.8369463,832.549,13.895,13.920,3,126,251
1784771658645,2026-07-23T01:54:18.645Z,-23.6042691,-46.8369410,832.706,13.862,13.940,3,126,251
1784771658700,2026-07-23T01:54:18.700Z,-23.6042643,-46.8369358,832.801,13.808,13.910,3,126,251
1784771658755,2026-07-23T01:54:18.755Z,-23.6042595,-46.8369305,832.874,13.820,13.850,3,126,251
1784771658810,2026-07-23T01:54:18.810Z,-23.6042548,-46.8369254,832.951,13.732,13.870,3,126,251
1784771658865,2026-07-23T01:54:18.865Z,-23.6042498,-46.8369204,833.039,13.706,13.780,3,126,251
1784771658920,2026-07-23T01:54:18.920Z,-23.6042448,-46.8369152,833.120,13.769,13.760,3,126,251
1784771658975,2026-07-23T01:54:18.975Z,-23.6042397,-46.8369098,833.177,13.952,13.820,3,126,251
1784771659030,2026-07-23T01:54:19.030Z,-23.6042345,-46.8369046,833.246,14.004,14.000,3,126,251
1784771659085,2026-07-23T01:54:19.085Z,-23.6042293,-46.8368992,833.284,14.173,14.050,3,126,252
1784771659143,2026-07-23T01:54:19.143Z,-23.6042243,-46.8368938,833.310,14.207,14.220,3,126,252
1784771659201,2026-07-23T01:54:19.201Z,-23.6042194,-46.8368882,833.337,14.236,14.250,3,126,252
1784771659259,2026-07-23T01:54:19.259Z,-23.6042146,-46.8368827,833.377,14.137,14.280,3,126,252
1784771659317,2026-07-23T01:54:19.317Z,-23.6042098,-46.8368774,833.428,14.012,14.180,3,126,252
1784771659375,2026-07-23T01:54:19.375Z,-23.6042052,-46.8368716,833.495,14.014,14.050,3,126,252
1784771659433,2026-07-23T01:54:19.433Z,-23.6042006,-46.8368659,833.536,14.018,14.060,3,126,252
1784771659491,2026-07-23T01:54:19.491Z,-23.6041964,-46.8368599,833.599,13.983,14.060,3,126,252
1784771659549,2026-07-23T01:54:19.549Z,-23.6041920,-46.8368537,833.708,14.057,14.030,3,126,252
1784771659607,2026-07-23T01:54:19.607Z,-23.6041878,-46.8368475,833.788,14.108,14.100,3,126,252
1784771659665,2026-07-23T01:54:19.665Z,-23.6041838,-46.8368414,833.881,14.039,14.160,3,126,252
1784771659723,2026-07-23T01:54:19.723Z,-23.6041800,-46.8368357,834.006,13.739,14.090,3,126,252
1784771659781,2026-07-23T01:54:19.781Z,-23.6041761,-46.8368299,834.117,13.628,13.790,3,126,252
1784771659839,2026-07-23T01:54:19.839Z,-23.6041722,-46.8368237,834.215,13.716,13.690,3,126,252
1784771659897,2026-07-23T01:54:19.897Z,-23.6041687,-46.8368172,834.295,13.753,13.780,3,126,252
1784771659955,2026-07-23T01:54:19.955Z,-23.6041654,-46.8368106,834.409,13.735,13.810,3,126,252
1784771660013,2026-07-23T01:54:20.013Z,-23.6041626,-46.8368039,834.503,13.686,13.800,3,126,252
1784771660071,2026-07-23T01:54:20.071Z,-23.6041597,-46.8367970,834.562,13.742,13.750,3,126,252
1784771660130,2026-07-23T01:54:20.130Z,-23.6041572,-46.8367899,834.604,13.792,13.810,3,137,253
1784771660185,2026-07-23T01:54:20.185Z,-23.6041549,-46.8367827,834.624,13.840,13.850,3,137,253
1784771660240,2026-07-23T01:54:20.240Z,-23.6041524,-46.8367755,834.686,13.996,13.900,3,137,253
1784771660295,2026-07-23T01:54:20.295Z,-23.6041504,-46.8367682,834.775,14.021,14.050,3,137,253
1784771660350,2026-07-23T01:54:20.350Z,-23.6041490,-46.8367610,834.811,13.938,14.080,3,137,253
1784771660405,2026-07-23T01:54:20.405Z,-23.6041477,-46.8367534,834.786,13.990,14.000,3,137,253
1784771660460,2026-07-23T01:54:20.460Z,-23.6041469,-46.8367459,834.818,13.963,14.040,3,137,253
1784771660515,2026-07-23T01:54:20.515Z,-23.6041461,-46.8367385,834.818,13.869,14.010,3,137,253
1784771660570,2026-07-23T01:54:20.570Z,-23.6041454,-46.8367312,834.856,13.806,13.920,3,137,253
1784771660625,2026-07-23T01:54:20.625Z,-23.6041454,-46.8367237,834.907,13.795,13.850,3,137,253
1784771660680,2026-07-23T01:54:20.680Z,-23.6041461,-46.8367165,834.888,13.560,13.840,3,137,253
1784771660735,2026-07-23T01:54:20.735Z,-23.6041466,-46.8367093,834.971,13.470,13.600,3,137,253
1784771660790,2026-07-23T01:54:20.790Z,-23.6041475,-46.8367021,835.019,13.439,13.520,3,137,253
1784771660845,2026-07-23T01:54:20.845Z,-23.6041485,-46.8366951,835.137,13.374,13.480,3,137,253
1784771660900,2026-07-23T01:54:20.900Z,-23.6041500,-46.8366879,835.243,13.506,13.420,3,137,253
1784771660955,2026-07-23T01:54:20.955Z,-23.6041514,-46.8366807,835.345,13.592,13.550,3,137,253
1784771661010,2026-07-23T01:54:21.010Z,-23.6041529,-46.8366734,835.437,13.690,13.640,3,137,253
1784771661065,2026-07-23T01:54:21.065Z,-23.6041545,-46.8366664,835.511,13.623,13.740,3,137,253
1784771661120,2026-07-23T01:54:21.120Z,-23.6041565,-46.8366595,835.573,13.576,13.670,3,137,254
1784771661178,2026-07-23T01:54:21.178Z,-23.6041588,-46.8366528,835.651,13.500,13.630,3,137,254
1784771661236,2026-07-23T01:54:21.236Z,-23.6041616,-46.8366460,835.735,13.552,13.550,3,137,254
1784771661294,2026-07-23T01:54:21.294Z,-23.6041647,-46.8366393,835.798,13.663,13.600,3,137,254
1784771661352,2026-07-23T01:54:21.352Z,-23.6041681,-46.8366326,835.826,13.827,13.720,3,137,254
1784771661410,2026-07-23T01:54:21.410Z,-23.6041717,-46.8366261,835.875,13.891,13.880,3,137,254
1784771661468,2026-07-23T01:54:21.468Z,-23.6041756,-46.8366198,835.917,13.908,13.940,3,137,254
1784771661526,2026-07-23T01:54:21.526Z,-23.6041796,-46.8366136,835.932,13.898,13.960,3,137,254
1784771661584,2026-07-23T01:54:21.584Z,-23.6041836,-46.8366072,835.916,13.985,13.940,3,137,254
1784771661642,2026-07-23T01:54:21.642Z,-23.6041883,-46.8366012,835.803,14.041,14.030,3,137,254
1784771661700,2026-07-23T01:54:21.700Z,-23.6041929,-46.8365954,835.808,14.058,14.080,3,137,254
1784771661758,2026-07-23T01:54:21.758Z,-23.6041976,-46.8365899,835.811,13.996,14.090,3,137,254
1784771661816,2026-07-23T01:54:21.816Z,-23.6042028,-46.8365845,835.772,14.059,14.030,3,137,254
1784771661874,2026-07-23T01:54:21.874Z,-23.6042080,-46.8365793,835.745,14.065,14.090,3,137,254
1784771661932,2026-07-23T01:54:21.932Z,-23.6042133,-46.8365740,835.751,14.153,14.090,3,137,254
1784771661990,2026-07-23T01:54:21.990Z,-23.6042187,-46.8365687,835.759,14.285,14.180,3,137,254
1784771662048,2026-07-23T01:54:22.048Z,-23.6042242,-46.8365636,835.727,14.330,14.310,3,137,254
1784771662106,2026-07-23T01:54:22.106Z,-23.6042301,-46.8365587,835.680,14.457,14.350,3,137,254
1784771662165,2026-07-23T01:54:22.165Z,-23.6042360,-46.8365537,835.659,14.578,14.480,3,161,255
1784771662216,2026-07-23T01:54:22.216Z,-23.6042420,-46.8365492,835.665,14.630,14.600,3,161,255
1784771662268,2026-07-23T01:54:22.268Z,-23.6042482,-46.8365450,835.633,14.662,14.650,3,161,255
1784771662320,2026-07-23T01:54:22.320Z,-23.6042547,-46.8365411,835.623,14.718,14.680,3,161,255
1784771662372,2026-07-23T01:54:22.372Z,-23.6042613,-46.8365374,835.628,14.760,14.730,3,161,255
1784771662424,2026-07-23T01:54:22.424Z,-23.6042679,-46.8365337,835.614,14.884,14.770,3,161,255
1784771662476,2026-07-23T01:54:22.476Z,-23.6042746,-46.8365304,835.622,14.858,14.890,3,161,255
1784771662528,2026-07-23T01:54:22.528Z,-23.6042814,-46.8365270,835.612,14.911,14.870,3,161,255
1784771662580,2026-07-23T01:54:22.580Z,-23.6042883,-46.8365238,835.640,15.015,14.920,3,161,255
1784771662632,2026-07-23T01:54:22.632Z,-23.6042950,-46.8365205,835.637,14.959,15.020,3,161,255
1784771662684,2026-07-23T01:54:22.684Z,-23.6043018,-46.8365174,835.650,14.955,14.970,3,161,255
1784771662736,2026-07-23T01:54:22.736Z,-23.6043090,-46.8365150,835.754,15.051,14.960,3,161,255
1784771662788,2026-07-23T01:54:22.788Z,-23.6043162,-46.8365123,835.740,15.103,15.060,3,161,255
1784771662840,2026-07-23T01:54:22.840Z,-23.6043233,-46.8365095,835.743,15.171,15.110,3,161,255
1784771662892,2026-07-23T01:54:22.892Z,-23.6043308,-46.8365068,835.682,15.425,15.180,3,161,255
1784771662944,2026-07-23T01:54:22.944Z,-23.6043382,-46.8365042,835.736,15.474,15.430,3,161,255
1784771662996,2026-07-23T01:54:22.996Z,-23.6043460,-46.8365017,835.681,15.767,15.480,3,161,255
1784771663048,2026-07-23T01:54:23.048Z,-23.6043536,-46.8364990,835.692,15.879,15.770,3,161,255
1784771663100,2026-07-23T01:54:23.100Z,-23.6043614,-46.8364963,835.677,16.042,15.880,3,161,256
1784771663155,2026-07-23T01:54:23.155Z,-23.6043691,-46.8364932,835.604,16.190,16.050,3,161,256
1784771663210,2026-07-23T01:54:23.210Z,-23.6043770,-46.8364904,835.602,16.351,16.190,3,161,256
1784771663265,2026-07-23T01:54:23.265Z,-23.6043847,-46.8364880,835.665,16.274,16.350,3,161,256
1784771663320,2026-07-23T01:54:23.320Z,-23.6043921,-46.8364857,835.727,15.976,16.280,3,161,256
1784771663375,2026-07-23T01:54:23.375Z,-23.6043996,-46.8364831,835.687,15.902,15.980,3,161,256
1784771663430,2026-07-23T01:54:23.430Z,-23.6044071,-46.8364802,835.579,15.961,15.910,3,161,256
1784771663485,2026-07-23T01:54:23.485Z,-23.6044148,-46.8364775,835.535,16.015,15.960,3,161,256
1784771663540,2026-07-23T01:54:23.540Z,-23.6044226,-46.8364748,835.476,16.205,16.020,3,161,256
1784771663595,2026-07-23T01:54:23.595Z,-23.6044304,-46.8364721,835.438,16.299,16.210,3,161,256
1784771663650,2026-07-23T01:54:23.650Z,-23.6044383,-46.8364694,835.438,16.396,16.300,3,161,256
1784771663705,2026-07-23T01:54:23.705Z,-23.6044463,-46.8364671,835.491,16.427,16.400,3,161,256
1784771663760,2026-07-23T01:54:23.760Z,-23.6044541,-46.8364643,835.460,16.472,16.430,3,161,256
1784771663815,2026-07-23T01:54:23.815Z,-23.6044619,-46.8364614,835.383,16.522,16.470,3,161,256
1784771663870,2026-07-23T01:54:23.870Z,-23.6044699,-46.8364587,835.301,16.609,16.520,3,161,256
1784771663925,2026-07-23T01:54:23.925Z,-23.6044779,-46.8364558,835.271,16.674,16.610,3,161,256
1784771663980,2026-07-23T01:54:23.980Z,-23.6044858,-46.8364532,835.263,16.660,16.670,3,161,256
1784771664035,2026-07-23T01:54:24.035Z,-23.6044938,-46.8364504,835.262,16.707,16.660,3,161,256
1784771664090,2026-07-23T01:54:24.090Z,-23.6045019,-46.8364476,835.240,16.771,16.710,3,161,256
1784771664145,2026-07-23T01:54:24.145Z,-23.6045098,-46.8364446,835.236,16.793,16.770,3,167,257
1784771664200,2026-07-23T01:54:24.200Z,-23.6045178,-46.8364416,835.219,16.886,16.790,3,167,257
1784771664255,2026-07-23T01:54:24.255Z,-23.6045258,-46.8364388,835.210,16.888,16.890,3,167,257
1784771664310,2026-07-23T01:54:24.310Z,-23.6045338,-46.8364359,835.186,16.906,16.890,3,167,257
1784771664365,2026-07-23T01:54:24.365Z,-23.6045420,-46.8364330,835.157,17.066,16.910,3,167,257
1784771664420,2026-07-23T01:54:24.420Z,-23.6045502,-46.8364301,835.135,17.149,17.070,3,167,257
1784771664475,2026-07-23T01:54:24.475Z,-23.6045584,-46.8364273,835.114,17.232,17.150,3,167,257
1784771664530,2026-07-23T01:54:24.530Z,-23.6045666,-46.8364245,835.072,17.262,17.230,3,167,257
1784771664585,2026-07-23T01:54:24.585Z,-23.6045747,-46.8364216,835.052,17.300,17.260,3,167,257
1784771664640,2026-07-23T01:54:24.640Z,-23.6045829,-46.8364191,835.069,17.212,17.300,3,167,257
1784771664695,2026-07-23T01:54:24.695Z,-23.6045910,-46.8364163,835.038,17.257,17.210,3,167,257
1784771664750,2026-07-23T01:54:24.750Z,-23.6045994,-46.8364134,835.026,17.370,17.260,3,167,257
1784771664805,2026-07-23T01:54:24.805Z,-23.6046076,-46.8364106,834.973,17.391,17.370,3,167,257
1784771664860,2026-07-23T01:54:24.860Z,-23.6046160,-46.8364078,834.974,17.517,17.390,3,167,257
1784771664915,2026-07-23T01:54:24.915Z,-23.6046244,-46.8364049,834.931,17.597,17.520,3,167,257
1784771664970,2026-07-23T01:54:24.970Z,-23.6046329,-46.8364020,834.897,17.716,17.600,3,167,257
1784771665025,2026-07-23T01:54:25.025Z,-23.6046413,-46.8363989,834.857,17.800,17.720,3,167,257
1784771665080,2026-07-23T01:54:25.080Z,-23.6046497,-46.8363960,834.833,17.778,17.800,3,167,257
1784771665135,2026-07-23T01:54:25.135Z,-23.6046581,-46.8363931,834.812,17.839,17.780,3,140,258
1784771665190,2026-07-23T01:54:25.190Z,-23.6046665,-46.8363899,834.745,17.916,17.840,3,140,258
1784771665245,2026-07-23T01:54:25.245Z,-23.6046750,-46.8363868,834.705,17.963,17.920,3,140,258
1784771665300,2026-07-23T01:54:25.300Z,-23.6046836,-46.8363838,834.697,18.036,17.960,3,140,258
1784771665355,2026-07-23T01:54:25.355Z,-23.6046921,-46.8363808,834.663,18.058,18.040,3,140,258
1784771665410,2026-07-23T01:54:25.410Z,-23.6047006,-46.8363778,834.627,18.080,18.060,3,140,258
1784771665465,2026-07-23T01:54:25.465Z,-23.6047093,-46.8363749,834.551,18.210,18.080,3,140,258
1784771665520,2026-07-23T01:54:25.520Z,-23.6047179,-46.8363718,834.530,18.247,18.210,3,140,258
1784771665575,2026-07-23T01:54:25.575Z,-23.6047269,-46.8363688,834.529,18.430,18.250,3,140,258
1784771665630,2026-07-23T01:54:25.630Z,-23.6047357,-46.8363661,834.559,18.362,18.430,3,140,258
1784771665685,2026-07-23T01:54:25.685Z,-23.6047444,-46.8363635,834.572,18.298,18.360,3,140,258
1784771665740,2026-07-23T01:54:25.740Z,-23.6047532,-46.8363607,834.592,18.358,18.300,3,140,258
1784771665795,2026-07-23T01:54:25.795Z,-23.6047621,-46.8363578,834.601,18.445,18.360,3,140,258
1784771665850,2026-07-23T01:54:25.850Z,-23.6047711,-46.8363549,834.600,18.572,18.450,3,140,258
1784771665905,2026-07-23T01:54:25.905Z,-23.6047801,-46.8363518,834.573,18.701,18.570,3,140,258
1784771665960,2026-07-23T01:54:25.960Z,-23.6047889,-46.8363486,834.522,18.739,18.700,3,140,258
1784771666015,2026-07-23T01:54:26.015Z,-23.6047978,-46.8363452,834.458,18.859,18.740,3,140,258
1784771666070,2026-07-23T01:54:26.070Z,-23.6048066,-46.8363420,834.418,18.830,18.860,3,140,258
1784771666125,2026-07-23T01:54:26.125Z,-23.6048155,-46.8363389,834.369,18.864,18.830,3,140,259
1784771666177,2026-07-23T01:54:26.177Z,-23.6048246,-46.8363356,834.348,19.025,18.870,3,140,259
1784771666229,2026-07-23T01:54:26.229Z,-23.6048335,-46.8363326,834.352,18.970,19.030,3,140,259
1784771666281,2026-07-23T01:54:26.281Z,-23.6048425,-46.8363296,834.331,18.946,18.970,3,140,259
1784771666333,2026-07-23T01:54:26.333Z,-23.6048517,-46.8363263,834.299,19.102,18.950,3,140,259
1784771666385,2026-07-23T01:54:26.385Z,-23.6048610,-46.8363231,834.273,19.236,19.100,3,140,259
1784771666437,2026-07-23T01:54:26.437Z,-23.6048704,-46.8363200,834.272,19.402,19.240,3,140,259
1784771666489,2026-07-23T01:54:26.489Z,-23.6048798,-46.8363171,834.279,19.449,19.400,3,140,259
1784771666541,2026-07-23T01:54:26.541Z,-23.6048890,-46.8363139,834.306,19.444,19.450,3,140,259
1784771666593,2026-07-23T01:54:26.593Z,-23.6048983,-46.8363108,834.295,19.495,19.450,3,140,259
1784771666646,2026-07-23T01:54:26.646Z,-23.6049075,-46.8363079,834.298,19.463,19.500,3,140,259
1784771666698,2026-07-23T01:54:26.698Z,-23.6049166,-46.8363046,834.295,19.451,19.460,3,140,259
1784771666750,2026-07-23T01:54:26.750Z,-23.6049258,-46.8363010,834.259,19.516,19.450,3,140,259
1784771666802,2026-07-23T01:54:26.802Z,-23.6049352,-46.8362977,834.188,19.660,19.520,3,140,259
1784771666854,2026-07-23T01:54:26.854Z,-23.6049445,-46.8362943,834.101,19.704,19.660,3,140,259
1784771666906,2026-07-23T01:54:26.906Z,-23.6049537,-46.8362914,834.121,19.608,19.710,3,140,259
1784771666958,2026-07-23T01:54:26.958Z,-23.6049628,-46.8362880,834.084,19.541,19.610,3,140,259
1784771667010,2026-07-23T01:54:27.010Z,-23.6049717,-46.8362843,834.024,19.481,19.540,3,140,259
1784771667062,2026-07-23T01:54:27.062Z,-23.6049810,-46.8362807,833.932,19.591,19.480,3,140,259
1784771667115,2026-07-23T01:54:27.115Z,-23.6049905,-46.8362772,833.833,19.742,19.590,3,167,260
1784771667170,2026-07-23T01:54:27.170Z,-23.6050000,-46.8362737,833.743,19.932,19.750,3,167,260
1784771667225,2026-07-23T01:54:27.225Z,-23.6050097,-46.8362701,833.724,20.096,19.940,3,167,260
1784771667280,2026-07-23T01:54:27.280Z,-23.6050193,-46.8362668,833.680,20.160,20.100,3,167,260
1784771667335,2026-07-23T01:54:27.335Z,-23.6050289,-46.8362631,833.618,20.279,20.160,3,167,260
1784771667390,2026-07-23T01:54:27.390Z,-23.6050387,-46.8362597,833.591,20.364,20.280,3,167,260
1784771667445,2026-07-23T01:54:27.445Z,-23.6050483,-46.8362563,833.561,20.364,20.370,3,167,260
1784771667500,2026-07-23T01:54:27.500Z,-23.6050579,-46.8362526,833.467,20.424,20.370,3,167,260
1784771667555,2026-07-23T01:54:27.555Z,-23.6050677,-46.8362493,833.433,20.481,20.430,3,167,260
1784771667610,2026-07-23T01:54:27.610Z,-23.6050774,-46.8362458,833.416,20.515,20.490,3,167,260
1784771667665,2026-07-23T01:54:27.665Z,-23.6050870,-46.8362422,833.351,20.574,20.520,3,167,260
1784771667720,2026-07-23T01:54:27.720Z,-23.6050968,-46.8362388,833.330,20.624,20.580,3,167,260
1784771667775,2026-07-23T01:54:27.775Z,-23.6051065,-46.8362351,833.239,20.699,20.630,3,167,260
1784771667830,2026-07-23T01:54:27.830Z,-23.6051162,-46.8362316,833.200,20.679,20.700,3,167,260
1784771667885,2026-07-23T01:54:27.885Z,-23.6051261,-46.8362281,833.140,20.755,20.680,3,167,260
1784771667940,2026-07-23T01:54:27.940Z,-23.6051358,-46.8362244,833.026,20.823,20.760,3,167,260
1784771667995,2026-07-23T01:54:27.995Z,-23.6051456,-46.8362210,833.029,20.784,20.830,3,167,260
1784771668050,2026-07-23T01:54:28.050Z,-23.6051555,-46.8362174,832.982,20.863,20.790,3,167,260
1784771668105,2026-07-23T01:54:28.105Z,-23.6051650,-46.8362134,832.826,20.912,20.870,3,167,261
1784771668160,2026-07-23T01:54:28.160Z,-23.6051749,-46.8362098,832.769,20.917,20.920,3,167,261
1784771668215,2026-07-23T01:54:28.215Z,-23.6051848,-46.8362061,832.727,20.979,20.920,3,167,261
1784771668270,2026-07-23T01:54:28.270Z,-23.6051944,-46.8362024,832.653,20.904,20.990,3,167,261
1784771668325,2026-07-23T01:54:28.325Z,-23.6052042,-46.8361987,832.611,20.937,20.910,3,167,261
1784771668380,2026-07-23T01:54:28.380Z,-23.6052142,-46.8361951,832.565,21.008,20.950,3,167,261
1784771668435,2026-07-23T01:54:28.435Z,-23.6052240,-46.8361915,832.551,20.979,21.020,3,167,261
1784771668490,2026-07-23T01:54:28.490Z,-23.6052340,-46.8361880,832.519,21.021,20.990,3,167,261
1784771668545,2026-07-23T01:54:28.545Z,-23.6052441,-46.8361844,832.487,21.095,21.030,3,167,261
1784771668600,2026-07-23T01:54:28.600Z,-23.6052542,-46.8361809,832.463,21.130,21.100,3,167,261
1784771668655,2026-07-23T01:54:28.655Z,-23.6052642,-46.8361773,832.416,21.160,21.140,3,167,261
1784771668710,2026-07-23T01:54:28.710Z,-23.6052742,-46.8361739,832.405,21.133,21.170,3,167,261
1784771668765,2026-07-23T01:54:28.765Z,-23.6052842,-46.8361702,832.366,21.168,21.140,3,167,261
1784771668820,2026-07-23T01:54:28.820Z,-23.6052942,-46.8361663,832.264,21.273,21.180,3,167,261
1784771668875,2026-07-23T01:54:28.875Z,-23.6053044,-46.8361629,832.210,21.382,21.280,3,167,261
1784771668930,2026-07-23T01:54:28.930Z,-23.6053145,-46.8361593,832.202,21.392,21.390,3,167,261
1784771668985,2026-07-23T01:54:28.985Z,-23.6053249,-46.8361559,832.229,21.444,21.400,3,167,261
1784771669040,2026-07-23T01:54:29.040Z,-23.6053350,-46.8361526,832.244,21.381,21.450,3,167,261
1784771669095,2026-07-23T01:54:29.095Z,-23.6053450,-46.8361490,832.246,21.350,21.390,3,167,262
1784771669150,2026-07-23T01:54:29.150Z,-23.6053550,-46.8361452,832.229,21.347,21.360,3,167,262
1784771669205,2026-07-23T01:54:29.205Z,-23.6053650,-46.8361415,832.192,21.332,21.350,3,167,262
1784771669260,2026-07-23T01:54:29.260Z,-23.6053751,-46.8361377,832.193,21.344,21.340,3,167,262
1784771669315,2026-07-23T01:54:29.315Z,-23.6053850,-46.8361342,832.184,21.247,21.350,3,167,262
1784771669370,2026-07-23T01:54:29.370Z,-23.6053948,-46.8361308,832.178,21.095,21.250,3,167,262
1784771669425,2026-07-23T01:54:29.425Z,-23.6054048,-46.8361272,832.164,21.107,21.100,3,167,262
1784771669480,2026-07-23T01:54:29.480Z,-23.6054147,-46.8361239,832.161,21.047,21.110,3,167,262
1784771669535,2026-07-23T01:54:29.535Z,-23.6054249,-46.8361204,832.154,21.140,21.050,3,167,262
1784771669590,2026-07-23T01:54:29.590Z,-23.6054349,-46.8361170,832.140,21.155,21.150,3,167,262
1784771669645,2026-07-23T01:54:29.645Z,-23.6054449,-46.8361135,832.172,21.081,21.160,3,167,262
1784771669700,2026-07-23T01:54:29.700Z,-23.6054546,-46.8361100,832.242,20.893,21.090,3,167,262
1784771669755,2026-07-23T01:54:29.755Z,-23.6054640,-46.8361063,832.196,20.752,20.900,3,167,262
1784771669810,2026-07-23T01:54:29.810Z,-23.6054735,-46.8361026,832.126,20.662,20.760,3,167,262
1784771669865,2026-07-23T01:54:29.865Z,-23.6054830,-46.8360987,832.073,20.615,20.670,3,167,262
1784771669920,2026-07-23T01:54:29.920Z,-23.6054926,-46.8360951,832.065,20.579,20.620,3,167,262
1784771669975,2026-07-23T01:54:29.975Z,-23.6055021,-46.8360915,832.020,20.488,20.590,3,167,262
1784771670030,2026-07-23T01:54:30.030Z,-23.6055117,-46.8360883,832.042,20.397,20.490,3,167,262
1784771670085,2026-07-23T01:54:30.085Z,-23.6055214,-46.8360854,832.059,20.319,20.400,3,167,263
1784771670140,2026-07-23T01:54:30.140Z,-23.6055313,-46.8360831,832.106,20.244,20.320,3,167,263
1784771670195,2026-07-23T01:54:30.195Z,-23.6055412,-46.8360810,832.075,20.226,20.250,3,167,263
1784771670250,2026-07-23T01:54:30.250Z,-23.6055510,-46.8360787,832.068,20.158,20.230,3,167,263
1784771670305,2026-07-23T01:54:30.305Z,-23.6055607,-46.8360768,832.118,19.972,20.160,3,167,263
1784771670360,2026-07-23T01:54:30.360Z,-23.6055699,-46.8360755,832.194,19.576,19.980,3,167,263
1784771670415,2026-07-23T01:54:30.415Z,-23.6055792,-46.8360742,832.095,19.373,19.580,3,167,263
1784771670470,2026-07-23T01:54:30.470Z,-23.6055884,-46.8360727,832.070,19.193,19.380,3,167,263
1784771670525,2026-07-23T01:54:30.525Z,-23.6055971,-46.8360714,832.050,18.863,19.200,3,167,263
1784771670580,2026-07-23T01:54:30.580Z,-23.6056057,-46.8360699,831.987,18.552,18.870,3,167,263
1784771670635,2026-07-23T01:54:30.635Z,-23.6056143,-46.8360689,831.927,18.251,18.560,3,167,263
1784771670690,2026-07-23T01:54:30.690Z,-23.6056230,-46.8360681,831.864,18.101,18.260,3,167,263
1784771670745,2026-07-23T01:54:30.745Z,-23.6056314,-46.8360675,831.808,17.796,18.110,3,167,263
1784771670800,2026-07-23T01:54:30.800Z,-23.6056396,-46.8360666,831.719,17.551,17.800,3,167,263
1784771670855,2026-07-23T01:54:30.855Z,-23.6056476,-46.8360661,831.603,17.323,17.560,3,167,263
1784771670910,2026-07-23T01:54:30.910Z,-23.6056556,-46.8360658,831.580,17.022,17.330,3,167,263
1784771670965,2026-07-23T01:54:30.965Z,-23.6056632,-46.8360657,831.553,16.643,17.030,3,167,263
1784771671020,2026-07-23T01:54:31.020Z,-23.6056712,-46.8360661,831.484,16.545,16.650,3,167,263
1784771671075,2026-07-23T01:54:31.075Z,-23.6056792,-46.8360670,831.382,16.507,16.550,3,167,263
1784771671130,2026-07-23T01:54:31.130Z,-23.6056870,-46.8360684,831.348,16.358,16.520,3,161,264
1784771671191,2026-07-23T01:54:31.191Z,-23.6056947,-46.8360703,831.389,16.168,16.370,3,161,264
1784771671253,2026-07-23T01:54:31.253Z,-23.6057022,-46.8360724,831.419,15.921,16.180,3,161,264
1784771671315,2026-07-23T01:54:31.315Z,-23.6057097,-46.8360746,831.397,15.852,15.930,3,161,264
1784771671377,2026-07-23T01:54:31.377Z,-23.6057171,-46.8360767,831.352,15.827,15.860,3,161,264
1784771671439,2026-07-23T01:54:31.439Z,-23.6057244,-46.8360792,831.326,15.741,15.840,3,161,264
1784771671501,2026-07-23T01:54:31.501Z,-23.6057387,-46.8360832,831.194,15.414,15.750,3,161,264
1784771671563,2026-07-23T01:54:31.563Z,-23.6057446,-46.8360857,831.109,14.949,15.420,3,161,264
1784771671625,2026-07-23T01:54:31.625Z,-23.6057500,-46.8360894,831.151,14.334,14.960,3,161,264
1784771671686,2026-07-23T01:54:31.686Z,-23.6057554,-46.8360929,831.152,13.924,14.350,3,161,264
1784771671748,2026-07-23T01:54:31.748Z,-23.6057610,-46.8360970,831.119,13.787,13.930,3,161,264
1784771671810,2026-07-23T01:54:31.810Z,-23.6057668,-46.8361015,831.165,13.766,13.800,3,161,264
1784771671872,2026-07-23T01:54:31.872Z,-23.6057722,-46.8361061,830.941,13.962,13.780,3,161,264
1784771671934,2026-07-23T01:54:31.934Z,-23.6057778,-46.8361114,830.732,14.283,13.970,3,161,264
1784771671996,2026-07-23T01:54:31.996Z,-23.6057829,-46.8361162,830.651,14.195,14.300,3,161,264
1784771672058,2026-07-23T01:54:32.058Z,-23.6057879,-46.8361214,830.591,14.173,14.210,3,161,264
1784771672120,2026-07-23T01:54:32.120Z,-23.6057930,-46.8361266,830.548,14.229,14.190,3,134,265
1784771672175,2026-07-23T01:54:32.175Z,-23.6057981,-46.8361313,830.438,14.184,14.250,3,134,265
1784771672230,2026-07-23T01:54:32.230Z,-23.6058027,-46.8361366,830.384,14.094,14.200,3,134,265
1784771672285,2026-07-23T01:54:32.285Z,-23.6058068,-46.8361423,830.338,13.975,14.110,3,134,265
1784771672340,2026-07-23T01:54:32.340Z,-23.6058110,-46.8361482,830.269,14.012,13.990,3,134,265
1784771672395,2026-07-23T01:54:32.395Z,-23.6058148,-46.8361542,830.162,13.985,14.030,3,134,265
1784771672450,2026-07-23T01:54:32.450Z,-23.6058185,-46.8361604,830.037,13.998,14.010,3,134,265
1784771672505,2026-07-23T01:54:32.505Z,-23.6058218,-46.8361667,829.856,14.035,14.020,3,134,265
1784771672560,2026-07-23T01:54:32.560Z,-23.6058251,-46.8361733,829.699,14.134,14.060,3,134,265
1784771672615,2026-07-23T01:54:32.615Z,-23.6058282,-46.8361804,829.511,14.326,14.160,3,134,265
1784771672670,2026-07-23T01:54:32.670Z,-23.6058312,-46.8361877,829.326,14.556,14.360,3,134,265
1784771672725,2026-07-23T01:54:32.725Z,-23.6058339,-46.8361948,829.210,14.571,14.590,3,134,265
1784771672780,2026-07-23T01:54:32.780Z,-23.6058367,-46.8362021,829.212,14.529,14.610,3,134,265
1784771672835,2026-07-23T01:54:32.835Z,-23.6058388,-46.8362098,829.220,14.509,14.560,3,134,265
1784771672890,2026-07-23T01:54:32.890Z,-23.6058401,-46.8362171,829.210,14.359,14.540,3,134,265
1784771672945,2026-07-23T01:54:32.945Z,-23.6058416,-46.8362247,829.176,14.339,14.390,3,134,265
1784771673000,2026-07-23T01:54:33.000Z,-23.6058436,-46.8362327,829.129,14.480,14.370,3,134,265
1784771673055,2026-07-23T01:54:33.055Z,-23.6058452,-46.8362405,829.038,14.581,14.510,3,134,265
1784771673110,2026-07-23T01:54:33.110Z,-23.6058463,-46.8362482,828.945,14.581,14.610,3,134,265
1784771673165,2026-07-23T01:54:33.165Z,-23.6058470,-46.8362563,828.901,14.665,14.610,3,134,266
1784771673216,2026-07-23T01:54:33.216Z,-23.6058474,-46.8362643,828.839,14.686,14.700,3,134,266
1784771673268,2026-07-23T01:54:33.268Z,-23.6058474,-46.8362726,828.788,14.779,14.720,3,134,266
1784771673320,2026-07-23T01:54:33.320Z,-23.6058470,-46.8362814,828.678,15.049,14.810,3,134,266
1784771673372,2026-07-23T01:54:33.372Z,-23.6058467,-46.8362902,828.561,15.316,15.080,3,134,266
1784771673424,2026-07-23T01:54:33.424Z,-23.6058460,-46.8362993,828.479,15.634,15.350,3,134,266
1784771673476,2026-07-23T01:54:33.476Z,-23.6058451,-46.8363086,828.380,15.965,15.670,3,134,266
1784771673528,2026-07-23T01:54:33.528Z,-23.6058436,-46.8363174,828.265,16.111,16.000,3,134,266
1784771673580,2026-07-23T01:54:33.580Z,-23.6058421,-46.8363260,828.212,16.095,16.140,3,134,266
1784771673632,2026-07-23T01:54:33.632Z,-23.6058407,-46.8363344,828.156,15.991,16.130,3,134,266
1784771673684,2026-07-23T01:54:33.684Z,-23.6058396,-46.8363428,828.108,15.905,16.020,3,134,266
1784771673736,2026-07-23T01:54:33.736Z,-23.6058387,-46.8363511,827.971,15.928,15.940,3,134,266
1784771673788,2026-07-23T01:54:33.788Z,-23.6058377,-46.8363596,827.854,15.989,15.960,3,134,266
1784771673840,2026-07-23T01:54:33.840Z,-23.6058370,-46.8363677,827.668,15.916,16.020,3,134,266
1784771673892,2026-07-23T01:54:33.892Z,-23.6058363,-46.8363762,827.588,15.919,15.950,3,134,266
1784771673944,2026-07-23T01:54:33.944Z,-23.6058356,-46.8363849,827.545,15.961,15.960,3,134,266
1784771673996,2026-07-23T01:54:33.996Z,-23.6058348,-46.8363935,827.434,16.083,16.000,3,134,266
1784771674048,2026-07-23T01:54:34.048Z,-23.6058343,-46.8364023,827.321,16.252,16.120,3,134,266
1784771674100,2026-07-23T01:54:34.100Z,-23.6058341,-46.8364111,827.322,16.176,16.290,3,134,267
1784771674158,2026-07-23T01:54:34.158Z,-23.6058340,-46.8364200,827.261,16.230,16.210,3,134,267
1784771674216,2026-07-23T01:54:34.216Z,-23.6058343,-46.8364290,827.231,16.270,16.270,3,134,267
1784771674274,2026-07-23T01:54:34.274Z,-23.6058349,-46.8364381,827.168,16.356,16.310,3,134,267
1784771674332,2026-07-23T01:54:34.332Z,-23.6058358,-46.8364469,827.147,16.221,16.390,3,134,267
1784771674390,2026-07-23T01:54:34.390Z,-23.6058374,-46.8364563,827.090,16.451,16.260,3,134,267
1784771674448,2026-07-23T01:54:34.448Z,-23.6058395,-46.8364656,826.995,16.674,16.490,3,134,267
1784771674506,2026-07-23T01:54:34.506Z,-23.6058422,-46.8364745,826.921,16.681,16.710,3,134,267
1784771674564,2026-07-23T01:54:34.564Z,-23.6058450,-46.8364835,826.795,16.882,16.720,3,134,267
1784771674622,2026-07-23T01:54:34.622Z,-23.6058478,-46.8364927,826.876,16.860,16.920,3,134,267
1784771674680,2026-07-23T01:54:34.680Z,-23.6058505,-46.8365009,826.804,16.655,16.900,3,134,267
1784771674738,2026-07-23T01:54:34.738Z,-23.6058529,-46.8365089,826.671,16.490,16.690,3,134,267
1784771674796,2026-07-23T01:54:34.796Z,-23.6058553,-46.8365169,826.542,16.326,16.530,3,134,267
1784771674854,2026-07-23T01:54:34.854Z,-23.6058581,-46.8365253,826.503,16.317,16.370,3,134,267
1784771674912,2026-07-23T01:54:34.912Z,-23.6058614,-46.8365336,826.527,16.223,16.360,3,134,267
1784771674970,2026-07-23T01:54:34.970Z,-23.6058650,-46.8365414,826.463,16.131,16.260,3,134,267
1784771675028,2026-07-23T01:54:35.028Z,-23.6058687,-46.8365498,826.413,16.336,16.170,3,134,267
1784771675086,2026-07-23T01:54:35.086Z,-23.6058728,-46.8365578,826.347,16.387,16.370,3,134,267
1784771675145,2026-07-23T01:54:35.145Z,-23.6058768,-46.8365658,826.267,16.424,16.420,3,143,268
1784771675200,2026-07-23T01:54:35.200Z,-23.6058810,-46.8365741,826.123,16.773,16.460,3,143,268
1784771675255,2026-07-23T01:54:35.255Z,-23.6058855,-46.8365818,825.884,16.966,16.810,3,143,268
1784771675310,2026-07-23T01:54:35.310Z,-23.6058901,-46.8365899,825.745,17.157,17.010,3,143,268
1784771675365,2026-07-23T01:54:35.365Z,-23.6058952,-46.8365984,825.646,17.488,17.200,3,143,268
1784771675420,2026-07-23T01:54:35.420Z,-23.6058994,-46.8366067,825.529,17.601,17.530,3,143,268
1784771675475,2026-07-23T01:54:35.475Z,-23.6059037,-46.8366150,825.428,17.656,17.650,3,143,268
1784771675530,2026-07-23T01:54:35.530Z,-23.6059078,-46.8366234,825.286,17.801,17.700,3,143,268
1784771675585,2026-07-23T01:54:35.585Z,-23.6059118,-46.8366324,825.224,17.990,17.850,3,143,268
1784771675640,2026-07-23T01:54:35.640Z,-23.6059156,-46.8366413,825.136,18.118,18.040,3,143,268
1784771675695,2026-07-23T01:54:35.695Z,-23.6059191,-46.8366501,824.966,18.269,18.160,3,143,268
1784771675750,2026-07-23T01:54:35.750Z,-23.6059222,-46.8366592,824.832,18.381,18.320,3,143,268
1784771675805,2026-07-23T01:54:35.805Z,-23.6059248,-46.8366681,824.679,18.300,18.430,3,143,268
1784771675860,2026-07-23T01:54:35.860Z,-23.6059274,-46.8366769,824.473,18.278,18.350,3,143,268
1784771675915,2026-07-23T01:54:35.915Z,-23.6059299,-46.8366861,824.346,18.286,18.330,3,143,268
1784771675970,2026-07-23T01:54:35.970Z,-23.6059318,-46.8366958,824.223,18.514,18.340,3,143,268
1784771676025,2026-07-23T01:54:36.025Z,-23.6059336,-46.8367055,824.129,18.551,18.570,3,143,268
1784771676080,2026-07-23T01:54:36.080Z,-23.6059352,-46.8367152,824.019,18.553,18.610,3,143,268
1784771676135,2026-07-23T01:54:36.135Z,-23.6059362,-46.8367244,823.810,18.455,18.610,3,136,269
1784771676193,2026-07-23T01:54:36.193Z,-23.6059373,-46.8367339,823.616,18.478,18.510,3,136,269
1784771676251,2026-07-23T01:54:36.251Z,-23.6059383,-46.8367433,823.429,18.458,18.540,3,136,269
1784771676309,2026-07-23T01:54:36.309Z,-23.6059394,-46.8367529,823.359,18.269,18.520,3,136,269
1784771676367,2026-07-23T01:54:36.367Z,-23.6059402,-46.8367627,823.304,18.219,18.330,3,136,269
1784771676425,2026-07-23T01:54:36.425Z,-23.6059408,-46.8367727,823.273,18.258,18.280,3,136,269
1784771676483,2026-07-23T01:54:36.483Z,-23.6059408,-46.8367820,823.053,18.186,18.320,3,136,269
1784771676541,2026-07-23T01:54:36.541Z,-23.6059404,-46.8367912,822.862,18.045,18.250,3,136,269
1784771676599,2026-07-23T01:54:36.599Z,-23.6059396,-46.8368010,822.760,18.118,18.110,3,136,269
1784771676657,2026-07-23T01:54:36.657Z,-23.6059388,-46.8368110,822.623,18.284,18.190,3,136,269
1784771676715,2026-07-23T01:54:36.715Z,-23.6059372,-46.8368209,822.526,18.371,18.350,3,136,269
1784771676773,2026-07-23T01:54:36.773Z,-23.6059355,-46.8368311,822.457,18.542,18.440,3,136,269
1784771676831,2026-07-23T01:54:36.831Z,-23.6059339,-46.8368415,822.389,18.784,18.610,3,136,269
1784771676889,2026-07-23T01:54:36.889Z,-23.6059317,-46.8368514,822.301,18.827,18.850,3,136,269
1784771676947,2026-07-23T01:54:36.947Z,-23.6059289,-46.8368606,822.162,18.772,18.890,3,136,269
1784771677005,2026-07-23T01:54:37.005Z,-23.6059257,-46.8368698,822.029,18.770,18.840,3,136,269
1784771677063,2026-07-23T01:54:37.063Z,-23.6059227,-46.8368793,821.986,18.779,18.840,3,136,269
1784771677121,2026-07-23T01:54:37.121Z,-23.6059191,-46.8368887,821.985,18.763,18.850,3,136,269
1784771677180,2026-07-23T01:54:37.180Z,-23.6059150,-46.8368974,821.948,18.679,18.830,3,144,270
1784771677229,2026-07-23T01:54:37.229Z,-23.6059108,-46.8369062,821.902,18.679,18.740,3,144,270
1784771677278,2026-07-23T01:54:37.278Z,-23.6059064,-46.8369152,821.850,18.781,18.740,3,144,270
1784771677327,2026-07-23T01:54:37.327Z,-23.6059017,-46.8369241,821.850,18.809,18.840,3,144,270
1784771677376,2026-07-23T01:54:37.376Z,-23.6058966,-46.8369322,821.869,18.695,18.870,3,144,270
1784771677426,2026-07-23T01:54:37.426Z,-23.6058911,-46.8369403,821.863,18.715,18.750,3,144,270
1784771677475,2026-07-23T01:54:37.475Z,-23.6058855,-46.8369482,821.851,18.747,18.770,3,144,270
1784771677524,2026-07-23T01:54:37.524Z,-23.6058796,-46.8369558,821.803,18.713,18.800,3,144,270
1784771677573,2026-07-23T01:54:37.573Z,-23.6058732,-46.8369634,821.796,18.876,18.760,3,144,270
1784771677622,2026-07-23T01:54:37.622Z,-23.6058670,-46.8369708,821.820,18.820,18.920,3,144,270
1784771677672,2026-07-23T01:54:37.672Z,-23.6058606,-46.8369776,821.809,18.743,18.860,3,144,270
1784771677721,2026-07-23T01:54:37.721Z,-23.6058537,-46.8369838,821.689,18.692,18.790,3,144,270
1784771677770,2026-07-23T01:54:37.770Z,-23.6058468,-46.8369902,821.590,18.739,18.740,3,144,270
1784771677819,2026-07-23T01:54:37.819Z,-23.6058401,-46.8369972,821.602,18.744,18.780,3,144,270
1784771677868,2026-07-23T01:54:37.868Z,-23.6058335,-46.8370043,821.721,18.694,18.790,3,144,270
1784771677918,2026-07-23T01:54:37.918Z,-23.6058263,-46.8370105,821.688,18.742,18.730,3,144,270
1784771677967,2026-07-23T01:54:37.967Z,-23.6058188,-46.8370163,821.536,18.833,18.780,3,144,270
1784771678016,2026-07-23T01:54:38.016Z,-23.6058112,-46.8370223,821.475,18.947,18.870,3,144,270
1784771678065,2026-07-23T01:54:38.065Z,-23.6058037,-46.8370280,821.441,18.914,18.990,3,144,270
1784771678115,2026-07-23T01:54:38.115Z,-23.6057959,-46.8370334,821.416,18.904,18.950,3,136,271
1784771678173,2026-07-23T01:54:38.173Z,-23.6057878,-46.8370380,821.380,18.814,18.940,3,136,271
1784771678231,2026-07-23T01:54:38.231Z,-23.6057796,-46.8370427,821.315,18.820,18.850,3,136,271
1784771678289,2026-07-23T01:54:38.289Z,-23.6057716,-46.8370475,821.307,18.680,18.860,3,136,271
1784771678347,2026-07-23T01:54:38.347Z,-23.6057632,-46.8370519,821.297,18.753,18.720,3,136,271
1784771678405,2026-07-23T01:54:38.405Z,-23.6057549,-46.8370561,821.238,18.701,18.790,3,136,271
1784771678463,2026-07-23T01:54:38.463Z,-23.6057464,-46.8370599,821.172,18.707,18.740,3,136,271
1784771678521,2026-07-23T01:54:38.521Z,-23.6057376,-46.8370636,821.129,18.798,18.750,3,136,271
1784771678579,2026-07-23T01:54:38.579Z,-23.6057291,-46.8370676,821.096,18.789,18.840,3,136,271
1784771678637,2026-07-23T01:54:38.637Z,-23.6057205,-46.8370716,821.070,18.835,18.830,3,136,271
1784771678695,2026-07-23T01:54:38.695Z,-23.6057119,-46.8370758,821.083,18.871,18.870,3,136,271
1784771678753,2026-07-23T01:54:38.753Z,-23.6057032,-46.8370797,821.080,18.932,18.910,3,136,271
1784771678811,2026-07-23T01:54:38.811Z,-23.6056943,-46.8370838,821.088,19.070,18.970,3,136,271
1784771678869,2026-07-23T01:54:38.869Z,-23.6056850,-46.8370882,821.119,19.433,19.100,3,136,271
1784771678927,2026-07-23T01:54:38.927Z,-23.6056757,-46.8370927,821.147,19.752,19.460,3,136,271
1784771678985,2026-07-23T01:54:38.985Z,-23.6056667,-46.8370969,821.163,19.743,19.780,3,136,271
1784771679043,2026-07-23T01:54:39.043Z,-23.6056579,-46.8371005,821.141,19.519,19.770,3,136,271
1784771679101,2026-07-23T01:54:39.101Z,-23.6056492,-46.8371039,821.124,19.292,19.540,3,136,271
1784771679160,2026-07-23T01:54:39.160Z,-23.6056407,-46.8371073,821.080,19.016,19.320,3,144,272
1784771679215,2026-07-23T01:54:39.215Z,-23.6056320,-46.8371107,821.027,18.888,19.040,3,144,272
1784771679270,2026-07-23T01:54:39.270Z,-23.6056232,-46.8371140,821.015,18.821,18.910,3,144,272
1784771679325,2026-07-23T01:54:39.325Z,-23.6056146,-46.8371174,821.057,18.748,18.850,3,144,272
1784771679380,2026-07-23T01:54:39.380Z,-23.6056059,-46.8371209,821.071,18.755,18.770,3,144,272
1784771679435,2026-07-23T01:54:39.435Z,-23.6055973,-46.8371243,821.123,18.676,18.780,3,144,272
1784771679490,2026-07-23T01:54:39.490Z,-23.6055887,-46.8371275,821.252,18.550,18.700,3,144,272
1784771679545,2026-07-23T01:54:39.545Z,-23.6055800,-46.8371307,821.339,18.521,18.570,3,144,272
1784771679600,2026-07-23T01:54:39.600Z,-23.6055712,-46.8371337,821.362,18.548,18.540,3,144,272
1784771679655,2026-07-23T01:54:39.655Z,-23.6055624,-46.8371370,821.413,18.584,18.560,3,144,272
1784771679710,2026-07-23T01:54:39.710Z,-23.6055533,-46.8371402,821.464,18.702,18.600,3,144,272
1784771679765,2026-07-23T01:54:39.765Z,-23.6055438,-46.8371439,821.582,19.032,18.710,3,144,272
1784771679820,2026-07-23T01:54:39.820Z,-23.6055345,-46.8371471,821.646,19.141,19.040,3,144,272
1784771679875,2026-07-23T01:54:39.875Z,-23.6055254,-46.8371500,821.682,19.127,19.150,3,144,272
1784771679930,2026-07-23T01:54:39.930Z,-23.6055162,-46.8371529,821.676,19.135,19.130,3,144,272
1784771679985,2026-07-23T01:54:39.985Z,-23.6055068,-46.8371562,821.789,19.328,19.140,3,144,272
1784771680040,2026-07-23T01:54:40.040Z,-23.6054973,-46.8371590,821.789,19.445,19.330,3,144,272
1784771680095,2026-07-23T01:54:40.095Z,-23.6054880,-46.8371621,821.828,19.455,19.450,3,144,272
1784771680150,2026-07-23T01:54:40.150Z,-23.6054788,-46.8371652,821.883,19.420,19.460,3,134,273
1784771680205,2026-07-23T01:54:40.205Z,-23.6054696,-46.8371682,821.956,19.394,19.420,3,134,273
1784771680260,2026-07-23T01:54:40.260Z,-23.6054602,-46.8371711,822.019,19.443,19.400,3,134,273
1784771680315,2026-07-23T01:54:40.315Z,-23.6054509,-46.8371741,822.091,19.495,19.440,3,134,273
1784771680370,2026-07-23T01:54:40.370Z,-23.6054414,-46.8371770,822.153,19.579,19.500,3,134,273
1784771680425,2026-07-23T01:54:40.425Z,-23.6054321,-46.8371800,822.152,19.563,19.580,3,134,273
1784771680480,2026-07-23T01:54:40.480Z,-23.6054229,-46.8371828,822.148,19.509,19.560,3,134,273
1784771680535,2026-07-23T01:54:40.535Z,-23.6054139,-46.8371856,822.143,19.290,19.510,3,134,273
1784771680590,2026-07-23T01:54:40.590Z,-23.6054049,-46.8371886,822.192,19.188,19.290,3,134,273
1784771680645,2026-07-23T01:54:40.645Z,-23.6053957,-46.8371915,822.216,19.188,19.190,3,134,273
1784771680700,2026-07-23T01:54:40.700Z,-23.6053865,-46.8371943,822.217,19.182,19.190,3,134,273
1784771680755,2026-07-23T01:54:40.755Z,-23.6053773,-46.8371971,822.205,19.203,19.180,3,134,273
1784771680810,2026-07-23T01:54:40.810Z,-23.6053680,-46.8371999,822.240,19.287,19.200,3,134,273
1784771680865,2026-07-23T01:54:40.865Z,-23.6053587,-46.8372025,822.278,19.280,19.290,3,134,273
1784771680920,2026-07-23T01:54:40.920Z,-23.6053495,-46.8372050,822.279,19.233,19.280,3,134,273
1784771680975,2026-07-23T01:54:40.975Z,-23.6053401,-46.8372075,822.295,19.306,19.230,3,134,273
1784771681030,2026-07-23T01:54:41.030Z,-23.6053307,-46.8372100,822.306,19.362,19.310,3,134,273
1784771681085,2026-07-23T01:54:41.085Z,-23.6053211,-46.8372122,822.349,19.424,19.360,3,134,273
1784771681140,2026-07-23T01:54:41.140Z,-23.6053116,-46.8372145,822.341,19.454,19.420,3,134,273
1784771681195,2026-07-23T01:54:41.195Z,-23.6053020,-46.8372166,822.341,19.512,19.450,3,146,274
1784771681250,2026-07-23T01:54:41.250Z,-23.6052924,-46.8372187,822.374,19.569,19.510,3,146,274
1784771681305,2026-07-23T01:54:41.305Z,-23.6052828,-46.8372207,822.359,19.598,19.570,3,146,274
1784771681360,2026-07-23T01:54:41.360Z,-23.6052731,-46.8372224,822.372,19.621,19.600,3,146,274
1784771681415,2026-07-23T01:54:41.415Z,-23.6052636,-46.8372240,822.388,19.572,19.620,3,146,274
1784771681470,2026-07-23T01:54:41.470Z,-23.6052540,-46.8372254,822.438,19.524,19.570,3,146,274
1784771681525,2026-07-23T01:54:41.525Z,-23.6052445,-46.8372266,822.479,19.445,19.520,3,146,274
1784771681580,2026-07-23T01:54:41.580Z,-23.6052350,-46.8372276,822.521,19.395,19.440,3,146,274
1784771681635,2026-07-23T01:54:41.635Z,-23.6052253,-46.8372287,822.528,19.440,19.390,3,146,274
1784771681690,2026-07-23T01:54:41.690Z,-23.6052157,-46.8372297,822.523,19.415,19.440,3,146,274
1784771681745,2026-07-23T01:54:41.745Z,-23.6052060,-46.8372307,822.525,19.460,19.420,3,146,274
1784771681800,2026-07-23T01:54:41.800Z,-23.6051964,-46.8372315,822.514,19.422,19.460,3,146,274
1784771681855,2026-07-23T01:54:41.855Z,-23.6051867,-46.8372322,822.489,19.426,19.420,3,146,274
1784771681910,2026-07-23T01:54:41.910Z,-23.6051769,-46.8372326,822.531,19.501,19.430,3,146,274
1784771681965,2026-07-23T01:54:41.965Z,-23.6051672,-46.8372329,822.561,19.431,19.500,3,146,274
1784771682020,2026-07-23T01:54:42.020Z,-23.6051575,-46.8372326,822.690,19.355,19.430,3,146,274
1784771682075,2026-07-23T01:54:42.075Z,-23.6051478,-46.8372324,822.737,19.387,19.350,3,146,274
1784771682130,2026-07-23T01:54:42.130Z,-23.6051381,-46.8372318,822.756,19.320,19.390,3,146,274
1784771682185,2026-07-23T01:54:42.185Z,-23.6051285,-46.8372308,822.769,19.260,19.320,3,140,275
1784771682236,2026-07-23T01:54:42.236Z,-23.6051188,-46.8372296,822.766,19.314,19.260,3,140,275
1784771682288,2026-07-23T01:54:42.288Z,-23.6051091,-46.8372286,822.797,19.338,19.310,3,140,275
1784771682340,2026-07-23T01:54:42.340Z,-23.6050994,-46.8372274,822.833,19.341,19.340,3,140,275
1784771682392,2026-07-23T01:54:42.392Z,-23.6050898,-46.8372257,822.922,19.281,19.340,3,140,275
1784771682444,2026-07-23T01:54:42.444Z,-23.6050802,-46.8372239,822.970,19.293,19.280,3,140,275
1784771682496,2026-07-23T01:54:42.496Z,-23.6050706,-46.8372221,823.007,19.359,19.290,3,140,275
1784771682548,2026-07-23T01:54:42.548Z,-23.6050612,-46.8372199,823.057,19.272,19.360,3,140,275
1784771682600,2026-07-23T01:54:42.600Z,-23.6050517,-46.8372172,823.102,19.327,19.270,3,140,275
1784771682652,2026-07-23T01:54:42.652Z,-23.6050424,-46.8372140,823.174,19.301,19.330,3,140,275
1784771682704,2026-07-23T01:54:42.704Z,-23.6050332,-46.8372106,823.254,19.258,19.300,3,140,275
1784771682756,2026-07-23T01:54:42.756Z,-23.6050240,-46.8372072,823.300,19.236,19.260,3,140,275
1784771682808,2026-07-23T01:54:42.808Z,-23.6050150,-46.8372035,823.421,19.167,19.240,3,140,275
1784771682860,2026-07-23T01:54:42.860Z,-23.6050061,-46.8371997,823.484,19.173,19.170,3,140,275
1784771682912,2026-07-23T01:54:42.912Z,-23.6049971,-46.8371958,823.504,19.207,19.180,3,140,275
1784771682964,2026-07-23T01:54:42.964Z,-23.6049881,-46.8371921,823.574,19.252,19.210,3,140,275
1784771683016,2026-07-23T01:54:43.016Z,-23.6049790,-46.8371881,823.667,19.310,19.260,3,140,275
1784771683068,2026-07-23T01:54:43.068Z,-23.6049704,-46.8371843,823.676,19.085,19.310,3,140,275
1784771683120,2026-07-23T01:54:43.120Z,-23.6049615,-46.8371798,823.754,19.235,19.090,3,134,276
1784771683175,2026-07-23T01:54:43.175Z,-23.6049528,-46.8371753,823.840,19.234,19.240,3,134,276
1784771683230,2026-07-23T01:54:43.230Z,-23.6049443,-46.8371706,823.915,19.162,19.240,3,134,276
1784771683285,2026-07-23T01:54:43.285Z,-23.6049356,-46.8371657,823.963,19.263,19.170,3,134,276
1784771683340,2026-07-23T01:54:43.340Z,-23.6049270,-46.8371607,824.020,19.316,19.270,3,134,276
1784771683395,2026-07-23T01:54:43.395Z,-23.6049185,-46.8371558,824.112,19.271,19.320,3,134,276
1784771683450,2026-07-23T01:54:43.450Z,-23.6049102,-46.8371507,824.200,19.222,19.280,3,134,276
1784771683505,2026-07-23T01:54:43.505Z,-23.6049019,-46.8371456,824.271,19.152,19.230,3,134,276
1784771683560,2026-07-23T01:54:43.560Z,-23.6048939,-46.8371402,824.359,19.037,19.160,3,134,276
1784771683615,2026-07-23T01:54:43.615Z,-23.6048858,-46.8371347,824.393,19.041,19.050,3,134,276
1784771683670,2026-07-23T01:54:43.670Z,-23.6048776,-46.8371292,824.460,19.086,19.050,3,134,276
1784771683725,2026-07-23T01:54:43.725Z,-23.6048697,-46.8371236,824.537,19.022,19.100,3,134,276
1784771683780,2026-07-23T01:54:43.780Z,-23.6048620,-46.8371179,824.632,18.893,19.030,3,134,276
1784771683835,2026-07-23T01:54:43.835Z,-23.6048546,-46.8371120,824.706,18.709,18.900,3,134,276
1784771683890,2026-07-23T01:54:43.890Z,-23.6048472,-46.8371063,824.764,18.528,18.720,3,134,276
1784771683945,2026-07-23T01:54:43.945Z,-23.6048401,-46.8371005,824.826,18.342,18.540,3,134,276
1784771684000,2026-07-23T01:54:44.000Z,-23.6048331,-46.8370945,824.897,18.109,18.360,3,134,276
1784771684055,2026-07-23T01:54:44.055Z,-23.6048263,-46.8370884,824.979,17.945,18.120,3,134,276
1784771684110,2026-07-23T01:54:44.110Z,-23.6048197,-46.8370822,825.088,17.730,17.960,3,141,277
1784771684168,2026-07-23T01:54:44.168Z,-23.6048135,-46.8370758,825.168,17.500,17.750,3,141,277
1784771684226,2026-07-23T01:54:44.226Z,-23.6048077,-46.8370694,825.222,17.159,17.520,3,141,277
1784771684284,2026-07-23T01:54:44.284Z,-23.6048019,-46.8370629,825.270,16.976,17.180,3,141,277
1784771684342,2026-07-23T01:54:44.342Z,-23.6047965,-46.8370564,825.319,16.688,16.990,3,141,277
1784771684400,2026-07-23T01:54:44.400Z,-23.6047912,-46.8370498,825.422,16.404,16.710,3,141,277
1784771684458,2026-07-23T01:54:44.458Z,-23.6047863,-46.8370432,825.474,16.144,16.420,3,141,277
1784771684516,2026-07-23T01:54:44.516Z,-23.6047816,-46.8370364,825.559,15.934,16.160,3,141,277
1784771684574,2026-07-23T01:54:44.574Z,-23.6047775,-46.8370294,825.601,15.592,15.960,3,141,277
1784771684632,2026-07-23T01:54:44.632Z,-23.6047737,-46.8370224,825.680,15.336,15.610,3,141,277
1784771684690,2026-07-23T01:54:44.690Z,-23.6047699,-46.8370154,825.759,15.134,15.360,3,141,277
1784771684748,2026-07-23T01:54:44.748Z,-23.6047665,-46.8370084,825.785,14.897,15.160,3,141,277
1784771684806,2026-07-23T01:54:44.806Z,-23.6047635,-46.8370013,825.834,14.656,14.920,3,141,277
1784771684864,2026-07-23T01:54:44.864Z,-23.6047609,-46.8369943,825.900,14.353,14.680,3,141,277
1784771684922,2026-07-23T01:54:44.922Z,-23.6047583,-46.8369873,825.974,14.149,14.380,3,141,277
1784771684980,2026-07-23T01:54:44.980Z,-23.6047564,-46.8369803,826.046,13.896,14.180,3,141,277
1784771685038,2026-07-23T01:54:45.038Z,-23.6047548,-46.8369734,826.134,13.624,13.920,3,141,277
1784771685096,2026-07-23T01:54:45.096Z,-23.6047534,-46.8369665,826.211,13.370,13.650,3,141,277
1784771685155,2026-07-23T01:54:45.155Z,-23.6047522,-46.8369600,826.291,13.052,13.400,3,134,278
1784771685210,2026-07-23T01:54:45.210Z,-23.6047513,-46.8369535,826.361,12.777,13.090,3,134,278
1784771685265,2026-07-23T01:54:45.265Z,-23.6047509,-46.8369472,826.380,12.469,12.810,3,134,278
1784771685320,2026-07-23T01:54:45.320Z,-23.6047506,-46.8369408,826.450,12.306,12.500,3,134,278
1784771685375,2026-07-23T01:54:45.375Z,-23.6047502,-46.8369343,826.476,12.200,12.340,3,134,278
1784771685430,2026-07-23T01:54:45.430Z,-23.6047500,-46.8369280,826.510,12.074,12.240,3,134,278
1784771685485,2026-07-23T01:54:45.485Z,-23.6047499,-46.8369214,826.546,12.116,12.110,3,134,278
1784771685540,2026-07-23T01:54:45.540Z,-23.6047504,-46.8369150,826.542,12.051,12.150,3,134,278
1784771685595,2026-07-23T01:54:45.595Z,-23.6047514,-46.8369087,826.546,11.977,12.080,3,134,278
1784771685650,2026-07-23T01:54:45.650Z,-23.6047526,-46.8369014,826.574,12.474,12.010,3,134,278
1784771685705,2026-07-23T01:54:45.705Z,-23.6047543,-46.8368942,826.581,12.857,12.500,3,134,278
1784771685760,2026-07-23T01:54:45.760Z,-23.6047561,-46.8368874,826.622,12.920,12.880,3,134,278
1784771685815,2026-07-23T01:54:45.815Z,-23.6047581,-46.8368812,826.666,12.684,12.950,3,134,278
1784771685870,2026-07-23T01:54:45.870Z,-23.6047609,-46.8368754,826.684,12.546,12.710,3,134,278
1784771685925,2026-07-23T01:54:45.925Z,-23.6047631,-46.8368695,826.767,12.327,12.570,3,134,278
1784771685980,2026-07-23T01:54:45.980Z,-23.6047657,-46.8368639,826.792,12.146,12.350,3,134,278
1784771686035,2026-07-23T01:54:46.035Z,-23.6047689,-46.8368590,826.810,11.867,12.170,3,134,278
1784771686090,2026-07-23T01:54:46.090Z,-23.6047723,-46.8368541,826.868,11.654,11.890,3,134,278
1784771686145,2026-07-23T01:54:46.145Z,-23.6047758,-46.8368497,826.907,11.370,11.680,3,135,279
1784771686200,2026-07-23T01:54:46.200Z,-23.6047799,-46.8368452,827.024,11.358,11.400,3,135,279
1784771686255,2026-07-23T01:54:46.255Z,-23.6047843,-46.8368412,827.054,11.286,11.390,3,135,279
1784771686310,2026-07-23T01:54:46.310Z,-23.6047891,-46.8368373,827.070,11.330,11.310,3,135,279
1784771686365,2026-07-23T01:54:46.365Z,-23.6047941,-46.8368339,827.120,11.320,11.360,3,135,279
1784771686420,2026-07-23T01:54:46.420Z,-23.6047988,-46.8368310,827.151,11.136,11.340,3,135,279
1784771686475,2026-07-23T01:54:46.475Z,-23.6048035,-46.8368277,827.208,11.084,11.160,3,135,279
1784771686530,2026-07-23T01:54:46.530Z,-23.6048086,-46.8368248,827.203,11.152,11.110,3,135,279
1784771686585,2026-07-23T01:54:46.585Z,-23.6048138,-46.8368224,827.233,11.100,11.170,3,135,279
1784771686640,2026-07-23T01:54:46.640Z,-23.6048190,-46.8368205,827.257,11.015,11.120,3,135,279
1784771686695,2026-07-23T01:54:46.695Z,-23.6048241,-46.8368191,827.282,10.835,11.040,3,135,279
1784771686750,2026-07-23T01:54:46.750Z,-23.6048292,-46.8368177,827.316,10.743,10.860,3,135,279
1784771686805,2026-07-23T01:54:46.805Z,-23.6048343,-46.8368168,827.340,10.591,10.760,3,135,279
1784771686860,2026-07-23T01:54:46.860Z,-23.6048397,-46.8368160,827.388,10.604,10.610,3,135,279
1784771686915,2026-07-23T01:54:46.915Z,-23.6048449,-46.8368156,827.385,10.514,10.620,3,135,279
1784771686970,2026-07-23T01:54:46.970Z,-23.6048499,-46.8368151,827.417,10.350,10.530,3,135,279
1784771687025,2026-07-23T01:54:47.025Z,-23.6048550,-46.8368155,827.488,10.235,10.370,3,135,279
1784771687080,2026-07-23T01:54:47.080Z,-23.6048603,-46.8368159,827.483,10.310,10.260,3,135,279
1784771687135,2026-07-23T01:54:47.135Z,-23.6048654,-46.8368163,827.448,10.305,10.330,3,135,279
1784771687190,2026-07-23T01:54:47.190Z,-23.6048705,-46.8368173,827.476,10.276,10.320,3,141,280
1784771687248,2026-07-23T01:54:47.248Z,-23.6048755,-46.8368188,827.502,10.210,10.290,3,141,280
1784771687306,2026-07-23T01:54:47.306Z,-23.6048803,-46.8368206,827.512,10.136,10.230,3,141,280
1784771687364,2026-07-23T01:54:47.364Z,-23.6048851,-46.8368224,827.542,10.143,10.150,3,141,280
1784771687422,2026-07-23T01:54:47.422Z,-23.6048898,-46.8368244,827.521,10.111,10.160,3,141,280
1784771687481,2026-07-23T01:54:47.481Z,-23.6048944,-46.8368269,827.486,10.152,10.130,3,141,280
1784771687539,2026-07-23T01:54:47.539Z,-23.6048988,-46.8368292,827.483,10.005,10.170,3,141,280
1784771687597,2026-07-23T01:54:47.597Z,-23.6049034,-46.8368323,827.432,10.226,10.020,3,141,280
1784771687655,2026-07-23T01:54:47.655Z,-23.6049078,-46.8368355,827.422,10.337,10.240,3,141,280
1784771687714,2026-07-23T01:54:47.714Z,-23.6049122,-46.8368388,827.418,10.402,10.350,3,141,280
1784771687772,2026-07-23T01:54:47.772Z,-23.6049165,-46.8368421,827.368,10.508,10.410,3,141,280
1784771687830,2026-07-23T01:54:47.830Z,-23.6049212,-46.8368456,827.283,10.766,10.520,3,141,280
1784771687888,2026-07-23T01:54:47.888Z,-23.6049258,-46.8368491,827.276,10.954,10.770,3,141,280
1784771687947,2026-07-23T01:54:47.947Z,-23.6049304,-46.8368527,827.270,11.072,10.960,3,141,280
1784771688005,2026-07-23T01:54:48.005Z,-23.6049348,-46.8368567,827.212,11.187,11.080,3,141,280
1784771688063,2026-07-23T01:54:48.063Z,-23.6049391,-46.8368609,827.144,11.348,11.190,3,141,280
1784771688121,2026-07-23T01:54:48.121Z,-23.6049434,-46.8368652,827.128,11.459,11.350,3,141,280
1784771688180,2026-07-23T01:54:48.180Z,-23.6049477,-46.8368696,827.101,11.577,11.460,3,141,281
1784771688232,2026-07-23T01:54:48.232Z,-23.6049522,-46.8368741,827.024,11.829,11.580,3,141,281
1784771688284,2026-07-23T01:54:48.284Z,-23.6049567,-46.8368786,826.947,11.992,11.830,3,141,281
1784771688336,2026-07-23T01:54:48.336Z,-23.6049613,-46.8368835,826.940,12.269,11.990,3,141,281
1784771688388,2026-07-23T01:54:48.388Z,-23.6049659,-46.8368882,826.950,12.404,12.270,3,141,281
1784771688440,2026-07-23T01:54:48.440Z,-23.6049705,-46.8368927,826.945,12.446,12.400,3,141,281
1784771688492,2026-07-23T01:54:48.492Z,-23.6049750,-46.8368972,826.917,12.405,12.450,3,141,281
1784771688544,2026-07-23T01:54:48.544Z,-23.6049794,-46.8369014,826.864,12.194,12.410,3,141,281
1784771688596,2026-07-23T01:54:48.596Z,-23.6049838,-46.8369057,826.800,12.064,12.190,3,141,281
1784771688648,2026-07-23T01:54:48.648Z,-23.6049884,-46.8369098,826.711,12.091,12.060,3,141,281
1784771688701,2026-07-23T01:54:48.701Z,-23.6049933,-46.8369136,826.642,12.138,12.090,3,141,281
1784771688753,2026-07-23T01:54:48.753Z,-23.6049985,-46.8369171,826.553,12.202,12.140,3,141,281
1784771688805,2026-07-23T01:54:48.805Z,-23.6050038,-46.8369205,826.549,12.330,12.200,3,141,281
1784771688857,2026-07-23T01:54:48.857Z,-23.6050092,-46.8369238,826.537,12.439,12.330,3,141,281
1784771688909,2026-07-23T01:54:48.909Z,-23.6050150,-46.8369268,826.473,12.628,12.440,3,141,281
1784771688961,2026-07-23T01:54:48.961Z,-23.6050208,-46.8369297,826.467,12.795,12.630,3,141,281
1784771689013,2026-07-23T01:54:49.013Z,-23.6050267,-46.8369324,826.480,12.841,12.800,3,141,281
1784771689065,2026-07-23T01:54:49.065Z,-23.6050329,-46.8369348,826.508,13.029,12.840,3,141,281
1784771689117,2026-07-23T01:54:49.117Z,-23.6050389,-46.8369369,826.549,13.010,13.030,3,141,281
1784771689170,2026-07-23T01:54:49.170Z,-23.6050451,-46.8369388,826.588,13.042,13.010,3,139,282
1784771689228,2026-07-23T01:54:49.228Z,-23.6050516,-46.8369403,826.599,13.138,13.040,3,139,282
1784771689286,2026-07-23T01:54:49.286Z,-23.6050579,-46.8369414,826.632,13.072,13.140,3,139,282
1784771689344,2026-07-23T01:54:49.344Z,-23.6050640,-46.8369423,826.620,12.904,13.070,3,139,282
1784771689402,2026-07-23T01:54:49.402Z,-23.6050705,-46.8369433,826.590,13.043,12.900,3,139,282
1784771689461,2026-07-23T01:54:49.461Z,-23.6050774,-46.8369440,826.579,13.326,13.040,3,139,282
1784771689519,2026-07-23T01:54:49.519Z,-23.6050841,-46.8369446,826.604,13.418,13.330,3,139,282
1784771689577,2026-07-23T01:54:49.577Z,-23.6050905,-46.8369446,826.647,13.278,13.420,3,139,282
1784771689635,2026-07-23T01:54:49.635Z,-23.6050967,-46.8369442,826.595,13.065,13.280,3,139,282
1784771689694,2026-07-23T01:54:49.694Z,-23.6051030,-46.8369437,826.572,13.032,13.060,3,139,282
1784771689752,2026-07-23T01:54:49.752Z,-23.6051091,-46.8369424,826.583,12.916,13.030,3,139,282
1784771689810,2026-07-23T01:54:49.810Z,-23.6051151,-46.8369406,826.532,12.839,12.920,3,139,282
1784771689868,2026-07-23T01:54:49.868Z,-23.6051211,-46.8369380,826.436,12.830,12.840,3,139,282
1784771689927,2026-07-23T01:54:49.927Z,-23.6051265,-46.8369349,826.345,12.640,12.830,3,139,282
1784771689985,2026-07-23T01:54:49.985Z,-23.6051316,-46.8369301,826.542,12.566,12.640,3,139,282
1784771690043,2026-07-23T01:54:50.043Z,-23.6051367,-46.8369258,826.675,12.554,12.570,3,139,282
1784771690101,2026-07-23T01:54:50.101Z,-23.6051417,-46.8369215,826.710,12.548,12.550,3,139,282
1784771690160,2026-07-23T01:54:50.160Z,-23.6051468,-46.8369174,826.696,12.600,12.550,3,139,283
1784771690209,2026-07-23T01:54:50.209Z,-23.6051515,-46.8369129,826.715,12.546,12.600,3,139,283
1784771690259,2026-07-23T01:54:50.259Z,-23.6051563,-46.8369082,826.709,12.625,12.550,3,139,283
1784771690308,2026-07-23T01:54:50.308Z,-23.6051606,-46.8369032,826.700,12.574,12.630,3,139,283
1784771690358,2026-07-23T01:54:50.358Z,-23.6051645,-46.8368980,826.683,12.484,12.570,3,139,283
1784771690407,2026-07-23T01:54:50.407Z,-23.6051683,-46.8368924,826.634,12.488,12.480,3,139,283
1784771690457,2026-07-23T01:54:50.457Z,-23.6051719,-46.8368866,826.600,12.583,12.490,3,139,283
1784771690506,2026-07-23T01:54:50.506Z,-23.6051754,-46.8368806,826.611,12.700,12.580,3,139,283
1784771690556,2026-07-23T01:54:50.556Z,-23.6051787,-46.8368748,826.644,12.698,12.700,3,139,283
1784771690605,2026-07-23T01:54:50.605Z,-23.6051819,-46.8368687,826.665,12.736,12.700,3,139,283
1784771690655,2026-07-23T01:54:50.655Z,-23.6051848,-46.8368624,826.620,12.777,12.740,3,139,283
1784771690704,2026-07-23T01:54:50.704Z,-23.6051875,-46.8368560,826.625,12.820,12.780,3,139,283
1784771690754,2026-07-23T01:54:50.754Z,-23.6051901,-46.8368498,826.648,12.734,12.820,3,139,283
1784771690803,2026-07-23T01:54:50.803Z,-23.6051923,-46.8368434,826.596,12.653,12.730,3,139,283
1784771690853,2026-07-23T01:54:50.853Z,-23.6051945,-46.8368367,826.538,12.746,12.650,3,139,283
1784771690902,2026-07-23T01:54:50.902Z,-23.6051966,-46.8368300,826.505,12.808,12.750,3,139,283
1784771690952,2026-07-23T01:54:50.952Z,-23.6051983,-46.8368231,826.491,12.892,12.810,3,139,283
1784771691001,2026-07-23T01:54:51.001Z,-23.6052001,-46.8368162,826.483,12.979,12.890,3,139,283
1784771691051,2026-07-23T01:54:51.051Z,-23.6052016,-46.8368093,826.482,12.983,12.980,3,139,283
1784771691100,2026-07-23T01:54:51.100Z,-23.6052029,-46.8368022,826.451,13.055,12.980,3,139,283
1784771691150,2026-07-23T01:54:51.150Z,-23.6052041,-46.8367949,826.421,13.173,13.060,3,127,284
1784771691211,2026-07-23T01:54:51.211Z,-23.6052052,-46.8367875,826.422,13.356,13.170,3,127,284
1784771691272,2026-07-23T01:54:51.272Z,-23.6052066,-46.8367803,826.421,13.464,13.360,3,127,284
1784771691334,2026-07-23T01:54:51.334Z,-23.6052080,-46.8367732,826.452,13.491,13.460,3,127,284
1784771691395,2026-07-23T01:54:51.395Z,-23.6052094,-46.8367659,826.460,13.616,13.490,3,127,284
1784771691457,2026-07-23T01:54:51.457Z,-23.6052107,-46.8367586,826.461,13.690,13.620,3,127,284
1784771691518,2026-07-23T01:54:51.518Z,-23.6052122,-46.8367511,826.432,13.867,13.690,3,127,284
1784771691580,2026-07-23T01:54:51.580Z,-23.6052140,-46.8367439,826.409,13.924,13.870,3,127,284
1784771691641,2026-07-23T01:54:51.641Z,-23.6052158,-46.8367366,826.382,14.066,13.920,3,127,284
1784771691703,2026-07-23T01:54:51.703Z,-23.6052179,-46.8367295,826.366,14.069,14.070,3,127,284
1784771691764,2026-07-23T01:54:51.764Z,-23.6052201,-46.8367225,826.410,14.109,14.070,3,127,284
1784771691826,2026-07-23T01:54:51.826Z,-23.6052224,-46.8367153,826.388,14.194,14.110,3,127,284
1784771691887,2026-07-23T01:54:51.887Z,-23.6052250,-46.8367082,826.352,14.265,14.190,3,127,284
1784771691949,2026-07-23T01:54:51.949Z,-23.6052277,-46.8367011,826.345,14.365,14.270,3,127,284
1784771692010,2026-07-23T01:54:52.010Z,-23.6052308,-46.8366942,826.358,14.441,14.370,3,127,284
1784771692072,2026-07-23T01:54:52.072Z,-23.6052342,-46.8366876,826.382,14.423,14.440,3,127,284
1784771692133,2026-07-23T01:54:52.133Z,-23.6052380,-46.8366810,826.358,14.507,14.420,3,127,284
1784771692195,2026-07-23T01:54:52.195Z,-23.6052422,-46.8366747,826.336,14.536,14.510,3,133,285
1784771692247,2026-07-23T01:54:52.247Z,-23.6052463,-46.8366689,826.347,14.288,14.540,3,133,285
1784771692299,2026-07-23T01:54:52.299Z,-23.6052508,-46.8366631,826.328,14.223,14.290,3,133,285
1784771692351,2026-07-23T01:54:52.351Z,-23.6052555,-46.8366575,826.310,14.200,14.220,3,133,285
1784771692403,2026-07-23T01:54:52.403Z,-23.6052604,-46.8366523,826.325,14.131,14.200,3,133,285
1784771692455,2026-07-23T01:54:52.455Z,-23.6052656,-46.8366475,826.299,13.967,14.130,3,133,285
1784771692507,2026-07-23T01:54:52.507Z,-23.6052710,-46.8366427,826.291,14.018,13.970,3,133,285
1784771692559,2026-07-23T01:54:52.559Z,-23.6052765,-46.8366380,826.229,13.984,14.020,3,133,285
1784771692611,2026-07-23T01:54:52.611Z,-23.6052819,-46.8366338,826.244,13.820,13.990,3,133,285
1784771692663,2026-07-23T01:54:52.663Z,-23.6052874,-46.8366296,826.205,13.727,13.820,3,133,285
1784771692716,2026-07-23T01:54:52.716Z,-23.6052930,-46.8366255,826.200,13.683,13.730,3,133,285
1784771692768,2026-07-23T01:54:52.768Z,-23.6052987,-46.8366217,826.144,13.568,13.690,3,133,285
1784771692820,2026-07-23T01:54:52.820Z,-23.6053046,-46.8366183,826.069,13.499,13.570,3,133,285
1784771692872,2026-07-23T01:54:52.872Z,-23.6053108,-46.8366152,826.017,13.556,13.500,3,133,285
1784771692924,2026-07-23T01:54:52.924Z,-23.6053170,-46.8366123,826.018,13.643,13.560,3,133,285
1784771692976,2026-07-23T01:54:52.976Z,-23.6053234,-46.8366095,825.998,13.754,13.650,3,133,285
1784771693028,2026-07-23T01:54:53.028Z,-23.6053301,-46.8366069,825.931,13.999,13.760,3,133,285
1784771693080,2026-07-23T01:54:53.080Z,-23.6053369,-46.8366052,825.834,13.981,14.010,3,133,285
1784771693132,2026-07-23T01:54:53.132Z,-23.6053436,-46.8366037,825.771,13.911,13.990,3,133,285
1784771693185,2026-07-23T01:54:53.185Z,-23.6053503,-46.8366023,825.727,13.881,13.920,3,135,286
1784771693243,2026-07-23T01:54:53.243Z,-23.6053571,-46.8366013,825.693,13.813,13.890,3,135,286
1784771693301,2026-07-23T01:54:53.301Z,-23.6053638,-46.8366010,825.632,13.733,13.820,3,135,286
1784771693360,2026-07-23T01:54:53.360Z,-23.6053707,-46.8366008,825.559,13.745,13.740,3,135,286
1784771693418,2026-07-23T01:54:53.418Z,-23.6053778,-46.8366013,825.615,13.943,13.760,3,135,286
1784771693477,2026-07-23T01:54:53.477Z,-23.6053847,-46.8366022,825.630,13.887,13.950,3,135,286
1784771693535,2026-07-23T01:54:53.535Z,-23.6053983,-46.8366032,825.555,13.859,13.900,3,135,286
1784771693594,2026-07-23T01:54:53.594Z,-23.6054050,-46.8366047,825.517,13.786,13.870,3,135,286
1784771693652,2026-07-23T01:54:53.652Z,-23.6054116,-46.8366077,825.456,13.880,13.800,3,135,286
1784771693710,2026-07-23T01:54:53.710Z,-23.6054179,-46.8366105,825.389,13.818,13.890,3,135,286
1784771693769,2026-07-23T01:54:53.769Z,-23.6054242,-46.8366134,825.340,13.736,13.830,3,135,286
1784771693827,2026-07-23T01:54:53.827Z,-23.6054304,-46.8366166,825.316,13.766,13.750,3,135,286
1784771693886,2026-07-23T01:54:53.886Z,-23.6054367,-46.8366202,825.210,14.002,13.780,3,135,286
1784771693944,2026-07-23T01:54:53.944Z,-23.6054428,-46.8366239,825.057,14.125,14.010,3,135,286
1784771694003,2026-07-23T01:54:54.003Z,-23.6054486,-46.8366278,824.948,14.026,14.140,3,135,286
1784771694061,2026-07-23T01:54:54.061Z,-23.6054544,-46.8366321,824.893,14.074,14.040,3,135,286
1784771694120,2026-07-23T01:54:54.120Z,-23.6054603,-46.8366367,824.818,14.228,14.090,3,135,287
1784771694172,2026-07-23T01:54:54.172Z,-23.6054657,-46.8366415,824.746,14.147,14.250,3,135,287
1784771694224,2026-07-23T01:54:54.224Z,-23.6054707,-46.8366466,824.703,13.950,14.170,3,135,287
1784771694276,2026-07-23T01:54:54.276Z,-23.6054753,-46.8366522,824.660,13.882,13.970,3,135,287
1784771694328,2026-07-23T01:54:54.328Z,-23.6054796,-46.8366582,824.572,13.804,13.900,3,135,287
1784771694380,2026-07-23T01:54:54.380Z,-23.6054837,-46.8366643,824.465,13.776,13.830,3,135,287
1784771694432,2026-07-23T01:54:54.432Z,-23.6054875,-46.8366707,824.365,13.772,13.800,3,135,287
1784771694484,2026-07-23T01:54:54.484Z,-23.6054913,-46.8366772,824.301,13.867,13.800,3,135,287
1784771694536,2026-07-23T01:54:54.536Z,-23.6054951,-46.8366836,824.235,13.887,13.890,3,135,287
1784771694588,2026-07-23T01:54:54.588Z,-23.6054984,-46.8366903,824.227,13.815,13.910,3,135,287
1784771694641,2026-07-23T01:54:54.641Z,-23.6055013,-46.8366976,824.179,13.905,13.840,3,135,287
1784771694693,2026-07-23T01:54:54.693Z,-23.6055039,-46.8367050,824.073,14.136,13.930,3,135,287
1784771694745,2026-07-23T01:54:54.745Z,-23.6055064,-46.8367125,823.970,14.232,14.160,3,135,287
1784771694797,2026-07-23T01:54:54.797Z,-23.6055087,-46.8367194,823.902,14.028,14.260,3,135,287
1784771694849,2026-07-23T01:54:54.849Z,-23.6055109,-46.8367264,823.860,13.867,14.060,3,135,287
1784771694901,2026-07-23T01:54:54.901Z,-23.6055129,-46.8367337,823.818,13.882,13.900,3,135,287
1784771694953,2026-07-23T01:54:54.953Z,-23.6055146,-46.8367414,823.773,14.087,13.910,3,135,287
1784771695005,2026-07-23T01:54:55.005Z,-23.6055162,-46.8367489,823.687,14.083,14.120,3,135,287
1784771695057,2026-07-23T01:54:55.057Z,-23.6055176,-46.8367567,823.595,14.274,14.110,3,135,287
1784771695110,2026-07-23T01:54:55.110Z,-23.6055191,-46.8367644,823.576,14.351,14.310,3,134,288
1784771695168,2026-07-23T01:54:55.168Z,-23.6055207,-46.8367720,823.580,14.352,14.380,3,134,288
1784771695226,2026-07-23T01:54:55.226Z,-23.6055226,-46.8367791,823.552,14.201,14.380,3,134,288
1784771695284,2026-07-23T01:54:55.284Z,-23.6055246,-46.8367863,823.488,14.178,14.230,3,134,288
1784771695342,2026-07-23T01:54:55.342Z,-23.6055266,-46.8367936,823.383,14.284,14.210,3,134,288
1784771695400,2026-07-23T01:54:55.400Z,-23.6055288,-46.8368007,823.294,14.261,14.310,3,134,288
1784771695458,2026-07-23T01:54:55.458Z,-23.6055311,-46.8368074,823.207,14.092,14.290,3,134,288
1784771695516,2026-07-23T01:54:55.516Z,-23.6055336,-46.8368141,823.144,13.961,14.120,3,134,288
1784771695574,2026-07-23T01:54:55.574Z,-23.6055366,-46.8368206,823.113,13.910,13.990,3,134,288
1784771695632,2026-07-23T01:54:55.632Z,-23.6055401,-46.8368267,823.082,13.833,13.940,3,134,288
1784771695690,2026-07-23T01:54:55.690Z,-23.6055438,-46.8368326,823.027,13.764,13.860,3,134,288
1784771695748,2026-07-23T01:54:55.748Z,-23.6055476,-46.8368380,822.929,13.466,13.800,3,134,288
1784771695806,2026-07-23T01:54:55.806Z,-23.6055515,-46.8368432,822.899,13.201,13.500,3,134,288
1784771695864,2026-07-23T01:54:55.864Z,-23.6055555,-46.8368482,822.871,13.007,13.230,3,134,288
1784771695922,2026-07-23T01:54:55.922Z,-23.6055596,-46.8368530,822.773,12.800,13.040,3,134,288
1784771695980,2026-07-23T01:54:55.980Z,-23.6055639,-46.8368576,822.743,12.634,12.830,3,134,288
1784771696038,2026-07-23T01:54:56.038Z,-23.6055687,-46.8368617,822.735,12.507,12.670,3,134,288
1784771696096,2026-07-23T01:54:56.096Z,-23.6055735,-46.8368653,822.699,12.351,12.540,3,134,288
1784771696155,2026-07-23T01:54:56.155Z,-23.6055784,-46.8368687,822.698,12.111,12.380,3,132,289
1784771696210,2026-07-23T01:54:56.210Z,-23.6055835,-46.8368717,822.701,11.905,12.140,3,132,289
1784771696265,2026-07-23T01:54:56.265Z,-23.6055886,-46.8368745,822.760,11.795,11.930,3,132,289
1784771696320,2026-07-23T01:54:56.320Z,-23.6055940,-46.8368763,822.766,11.566,11.820,3,132,289
1784771696375,2026-07-23T01:54:56.375Z,-23.6055995,-46.8368781,822.733,11.509,11.590,3,132,289
1784771696430,2026-07-23T01:54:56.430Z,-23.6056051,-46.8368800,822.705,11.646,11.530,3,132,289
1784771696485,2026-07-23T01:54:56.485Z,-23.6056107,-46.8368816,822.713,11.593,11.670,3,132,289
1784771696540,2026-07-23T01:54:56.540Z,-23.6056164,-46.8368827,822.687,11.606,11.610,3,132,289
1784771696595,2026-07-23T01:54:56.595Z,-23.6056223,-46.8368835,822.627,11.720,11.630,3,132,289
1784771696650,2026-07-23T01:54:56.650Z,-23.6056281,-46.8368844,822.657,11.688,11.740,3,132,289
1784771696705,2026-07-23T01:54:56.705Z,-23.6056337,-46.8368843,822.662,11.510,11.710,3,132,289
1784771696760,2026-07-23T01:54:56.760Z,-23.6056395,-46.8368840,822.641,11.558,11.530,3,132,289
1784771696815,2026-07-23T01:54:56.815Z,-23.6056455,-46.8368833,822.643,11.731,11.570,3,132,289
1784771696870,2026-07-23T01:54:56.870Z,-23.6056515,-46.8368823,822.622,11.900,11.750,3,132,289
1784771696925,2026-07-23T01:54:56.925Z,-23.6056572,-46.8368809,822.620,11.874,11.910,3,132,289
1784771696980,2026-07-23T01:54:56.980Z,-23.6056629,-46.8368793,822.646,11.874,11.890,3,132,289
1784771697035,2026-07-23T01:54:57.035Z,-23.6056684,-46.8368775,822.745,11.706,11.890,3,132,289
1784771697090,2026-07-23T01:54:57.090Z,-23.6056735,-46.8368753,822.787,11.482,11.720,3,132,289
1784771697145,2026-07-23T01:54:57.145Z,-23.6056790,-46.8368730,822.781,11.610,11.490,3,132,290
1784771697200,2026-07-23T01:54:57.200Z,-23.6056844,-46.8368703,822.737,11.776,11.620,3,132,290
1784771697255,2026-07-23T01:54:57.255Z,-23.6056896,-46.8368674,822.721,11.775,11.780,3,132,290
1784771697310,2026-07-23T01:54:57.310Z,-23.6056946,-46.8368642,822.717,11.706,11.780,3,132,290
1784771697365,2026-07-23T01:54:57.365Z,-23.6056996,-46.8368608,822.706,11.684,11.710,3,132,290
1784771697420,2026-07-23T01:54:57.420Z,-23.6057042,-46.8368569,822.679,11.624,11.690,3,132,290
1784771697475,2026-07-23T01:54:57.475Z,-23.6057088,-46.8368530,822.683,11.705,11.630,3,132,290
1784771697530,2026-07-23T01:54:57.530Z,-23.6057132,-46.8368487,822.693,11.662,11.710,3,132,290
1784771697585,2026-07-23T01:54:57.585Z,-23.6057172,-46.8368442,822.691,11.639,11.670,3,132,290
1784771697640,2026-07-23T01:54:57.640Z,-23.6057211,-46.8368393,822.686,11.667,11.640,3,132,290
1784771697695,2026-07-23T01:54:57.695Z,-23.6057247,-46.8368343,822.670,11.619,11.670,3,132,290
1784771697750,2026-07-23T01:54:57.750Z,-23.6057281,-46.8368290,822.700,11.672,11.620,3,132,290
1784771697805,2026-07-23T01:54:57.805Z,-23.6057313,-46.8368237,822.770,11.709,11.680,3,132,290
1784771697860,2026-07-23T01:54:57.860Z,-23.6057341,-46.8368183,822.801,11.512,11.710,3,132,290
1784771697915,2026-07-23T01:54:57.915Z,-23.6057365,-46.8368127,822.816,11.436,11.510,3,132,290
1784771697970,2026-07-23T01:54:57.970Z,-23.6057388,-46.8368069,822.822,11.491,11.440,3,132,290
1784771698025,2026-07-23T01:54:58.025Z,-23.6057408,-46.8368008,822.858,11.597,11.490,3,132,290
1784771698080,2026-07-23T01:54:58.080Z,-23.6057424,-46.8367948,822.867,11.530,11.600,3,132,290
1784771698135,2026-07-23T01:54:58.135Z,-23.6057441,-46.8367888,822.915,11.516,11.530,3,132,290
1784771698190,2026-07-23T01:54:58.190Z,-23.6057455,-46.8367826,822.964,11.629,11.520,3,126,291
1784771698245,2026-07-23T01:54:58.245Z,-23.6057466,-46.8367761,822.976,11.759,11.630,3,126,291
1784771698300,2026-07-23T01:54:58.300Z,-23.6057476,-46.8367698,823.032,11.803,11.760,3,126,291
1784771698355,2026-07-23T01:54:58.355Z,-23.6057483,-46.8367636,823.070,11.757,11.800,3,126,291
1784771698410,2026-07-23T01:54:58.410Z,-23.6057487,-46.8367573,823.091,11.719,11.760,3,126,291
1784771698465,2026-07-23T01:54:58.465Z,-23.6057487,-46.8367506,823.097,11.935,11.720,3,126,291
1784771698520,2026-07-23T01:54:58.520Z,-23.6057484,-46.8367440,823.106,12.028,11.940,3,126,291
1784771698575,2026-07-23T01:54:58.575Z,-23.6057479,-46.8367374,823.126,12.052,12.030,3,126,291
1784771698630,2026-07-23T01:54:58.630Z,-23.6057475,-46.8367306,823.167,12.238,12.050,3,126,291
1784771698685,2026-07-23T01:54:58.685Z,-23.6057469,-46.8367241,823.194,12.253,12.240,3,126,291
1784771698740,2026-07-23T01:54:58.740Z,-23.6057463,-46.8367174,823.221,12.310,12.250,3,126,291
1784771698795,2026-07-23T01:54:58.795Z,-23.6057456,-46.8367110,823.286,12.245,12.310,3,126,291
1784771698850,2026-07-23T01:54:58.850Z,-23.6057447,-46.8367044,823.347,12.287,12.250,3,126,291
1784771698905,2026-07-23T01:54:58.905Z,-23.6057436,-46.8366978,823.383,12.395,12.290,3,126,291
1784771698960,2026-07-23T01:54:58.960Z,-23.6057425,-46.8366911,823.445,12.479,12.400,3,126,291
1784771699015,2026-07-23T01:54:59.015Z,-23.6057412,-46.8366843,823.485,12.617,12.480,3,126,291
1784771699070,2026-07-23T01:54:59.070Z,-23.6057398,-46.8366776,823.531,12.724,12.620,3,126,291
1784771699125,2026-07-23T01:54:59.125Z,-23.6057385,-46.8366705,823.610,12.958,12.730,3,126,291
1784771699180,2026-07-23T01:54:59.180Z,-23.6057369,-46.8366634,823.664,13.153,12.960,3,126,292
1784771699235,2026-07-23T01:54:59.235Z,-23.6057350,-46.8366565,823.674,13.230,13.160,3,126,292
1784771699290,2026-07-23T01:54:59.290Z,-23.6057332,-46.8366497,823.730,13.193,13.230,3,126,292
1784771699345,2026-07-23T01:54:59.345Z,-23.6057315,-46.8366431,823.881,13.033,13.200,3,126,292
1784771699400,2026-07-23T01:54:59.400Z,-23.6057296,-46.8366369,824.022,12.749,13.040,3,126,292
1784771699455,2026-07-23T01:54:59.455Z,-23.6057280,-46.8366306,824.099,12.485,12.760,3,126,292
1784771699510,2026-07-23T01:54:59.510Z,-23.6057264,-46.8366243,824.122,12.360,12.500,3,126,292
1784771699565,2026-07-23T01:54:59.565Z,-23.6057245,-46.8366179,824.127,12.402,12.370,3,126,292
1784771699620,2026-07-23T01:54:59.620Z,-23.6057225,-46.8366113,824.147,12.549,12.410,3,126,292
1784771699675,2026-07-23T01:54:59.675Z,-23.6057205,-46.8366046,824.236,12.715,12.560,3,126,292
1784771699730,2026-07-23T01:54:59.730Z,-23.6057189,-46.8365978,824.317,12.815,12.730,3,126,292
1784771699785,2026-07-23T01:54:59.785Z,-23.6057174,-46.8365908,824.367,12.964,12.830,3,126,292
1784771699840,2026-07-23T01:54:59.840Z,-23.6057160,-46.8365837,824.429,13.119,12.980,3,126,292
1784771699895,2026-07-23T01:54:59.895Z,-23.6057145,-46.8365766,824.498,13.224,13.130,3,126,292
1784771699950,2026-07-23T01:54:59.950Z,-23.6057129,-46.8365698,824.565,13.222,13.240,3,126,292
1784771700005,2026-07-23T01:55:00.005Z,-23.6057112,-46.8365630,824.657,13.148,13.240,3,126,292
1784771700060,2026-07-23T01:55:00.060Z,-23.6057093,-46.8365562,824.737,13.258,13.170,3,126,292
1784771700115,2026-07-23T01:55:00.115Z,-23.6057074,-46.8365492,824.802,13.389,13.280,3,126,292
1784771700170,2026-07-23T01:55:00.170Z,-23.6057055,-46.8365421,824.852,13.499,13.410,3,126,293
1784771700225,2026-07-23T01:55:00.225Z,-23.6057036,-46.8365352,824.917,13.532,13.520,3,126,293
1784771700280,2026-07-23T01:55:00.280Z,-23.6057016,-46.8365282,824.996,13.581,13.550,3,126,293
1784771700335,2026-07-23T01:55:00.335Z,-23.6056997,-46.8365213,825.067,13.513,13.600,3,126,293
1784771700390,2026-07-23T01:55:00.390Z,-23.6056976,-46.8365144,825.150,13.499,13.540,3,126,293
1784771700445,2026-07-23T01:55:00.445Z,-23.6056957,-46.8365074,825.194,13.541,13.520,3,126,293
1784771700500,2026-07-23T01:55:00.500Z,-23.6056938,-46.8365005,825.246,13.512,13.570,3,126,293
1784771700555,2026-07-23T01:55:00.555Z,-23.6056916,-46.8364936,825.297,13.525,13.540,3,126,293
1784771700610,2026-07-23T01:55:00.610Z,-23.6056895,-46.8364867,825.375,13.535,13.550,3,126,293
1784771700665,2026-07-23T01:55:00.665Z,-23.6056873,-46.8364798,825.425,13.492,13.560,3,126,293
1784771700720,2026-07-23T01:55:00.720Z,-23.6056850,-46.8364728,825.490,13.578,13.520,3,126,293
1784771700775,2026-07-23T01:55:00.775Z,-23.6056826,-46.8364659,825.544,13.623,13.610,3,126,293
1784771700830,2026-07-23T01:55:00.830Z,-23.6056798,-46.8364591,825.623,13.691,13.650,3,126,293
1784771700885,2026-07-23T01:55:00.885Z,-23.6056771,-46.8364524,825.685,13.646,13.720,3,126,293
1784771700940,2026-07-23T01:55:00.940Z,-23.6056742,-46.8364458,825.714,13.667,13.680,3,126,293
1784771700995,2026-07-23T01:55:00.995Z,-23.6056710,-46.8364392,825.751,13.703,13.700,3,126,293
1784771701050,2026-07-23T01:55:01.050Z,-23.6056678,-46.8364329,825.849,13.690,13.740,3,126,293
1784771701105,2026-07-23T01:55:01.105Z,-23.6056643,-46.8364266,825.915,13.646,13.720,3,126,293
1784771701160,2026-07-23T01:55:01.160Z,-23.6056608,-46.8364203,825.937,13.759,13.680,3,126,294
1784771701211,2026-07-23T01:55:01.211Z,-23.6056570,-46.8364141,825.980,13.753,13.790,3,126,294
1784771701263,2026-07-23T01:55:01.263Z,-23.6056531,-46.8364081,826.041,13.753,13.790,3,126,294
1784771701315,2026-07-23T01:55:01.315Z,-23.6056490,-46.8364022,826.102,13.830,13.790,3,126,294
1784771701367,2026-07-23T01:55:01.367Z,-23.6056446,-46.8363964,826.149,13.912,13.860,3,126,294
1784771701419,2026-07-23T01:55:01.419Z,-23.6056400,-46.8363908,826.192,13.959,13.950,3,126,294
1784771701471,2026-07-23T01:55:01.471Z,-23.6056352,-46.8363854,826.262,13.974,13.990,3,126,294
1784771701523,2026-07-23T01:55:01.523Z,-23.6056304,-46.8363803,826.312,13.813,14.010,3,126,294
1784771701575,2026-07-23T01:55:01.575Z,-23.6056254,-46.8363755,826.360,13.684,13.850,3,126,294
1784771701627,2026-07-23T01:55:01.627Z,-23.6056201,-46.8363709,826.421,13.620,13.720,3,126,294
1784771701679,2026-07-23T01:55:01.679Z,-23.6056148,-46.8363664,826.447,13.604,13.650,3,126,294
1784771701731,2026-07-23T01:55:01.731Z,-23.6056091,-46.8363620,826.499,13.771,13.640,3,126,294
1784771701783,2026-07-23T01:55:01.783Z,-23.6056033,-46.8363579,826.597,13.753,13.800,3,126,294
1784771701835,2026-07-23T01:55:01.835Z,-23.6055976,-46.8363540,826.637,13.688,13.790,3,126,294
1784771701887,2026-07-23T01:55:01.887Z,-23.6055915,-46.8363503,826.647,13.731,13.720,3,126,294
1784771701939,2026-07-23T01:55:01.939Z,-23.6055853,-46.8363468,826.703,13.847,13.760,3,126,294
1784771701991,2026-07-23T01:55:01.991Z,-23.6055790,-46.8363434,826.745,13.918,13.880,3,126,294
1784771702043,2026-07-23T01:55:02.043Z,-23.6055726,-46.8363404,826.779,13.931,13.950,3,126,294
1784771702095,2026-07-23T01:55:02.095Z,-23.6055659,-46.8363376,826.837,14.038,13.960,3,126,295
1784771702152,2026-07-23T01:55:02.152Z,-23.6055593,-46.8363351,826.860,14.044,14.070,3,126,295
1784771702210,2026-07-23T01:55:02.210Z,-23.6055524,-46.8363330,826.866,14.127,14.070,3,126,295
1784771702268,2026-07-23T01:55:02.268Z,-23.6055455,-46.8363310,826.889,14.229,14.150,3,126,295
1784771702326,2026-07-23T01:55:02.326Z,-23.6055385,-46.8363293,826.919,14.275,14.250,3,126,295
1784771702384,2026-07-23T01:55:02.384Z,-23.6055317,-46.8363276,826.962,14.266,14.300,3,126,295
1784771702442,2026-07-23T01:55:02.442Z,-23.6055247,-46.8363261,827.006,14.276,14.290,3,126,295
1784771702500,2026-07-23T01:55:02.500Z,-23.6055179,-46.8363252,827.092,14.179,14.300,3,126,295
1784771702558,2026-07-23T01:55:02.558Z,-23.6055109,-46.8363241,827.132,14.213,14.200,3,126,295
1784771702616,2026-07-23T01:55:02.616Z,-23.6055041,-46.8363232,827.141,14.134,14.230,3,126,295
1784771702673,2026-07-23T01:55:02.673Z,-23.6054970,-46.8363226,827.133,14.182,14.150,3,126,295
1784771702731,2026-07-23T01:55:02.731Z,-23.6054900,-46.8363225,827.149,14.205,14.200,3,126,295
1784771702789,2026-07-23T01:55:02.789Z,-23.6054828,-46.8363225,827.171,14.336,14.220,3,126,295
1784771702847,2026-07-23T01:55:02.847Z,-23.6054756,-46.8363230,827.215,14.337,14.350,3,126,295
1784771702905,2026-07-23T01:55:02.905Z,-23.6054686,-46.8363235,827.227,14.304,14.350,3,126,295
1784771702963,2026-07-23T01:55:02.963Z,-23.6054615,-46.8363241,827.259,14.337,14.320,3,126,295
1784771703021,2026-07-23T01:55:03.021Z,-23.6054543,-46.8363249,827.311,14.362,14.350,3,126,295
1784771703079,2026-07-23T01:55:03.079Z,-23.6054472,-46.8363255,827.344,14.393,14.380,3,126,295
1784771703137,2026-07-23T01:55:03.137Z,-23.6054398,-46.8363262,827.387,14.536,14.410,3,126,295
1784771703195,2026-07-23T01:55:03.195Z,-23.6054326,-46.8363273,827.444,14.592,14.550,3,126,296
1784771703250,2026-07-23T01:55:03.250Z,-23.6054254,-46.8363287,827.470,14.643,14.610,3,126,296
1784771703305,2026-07-23T01:55:03.305Z,-23.6054181,-46.8363305,827.510,14.733,14.660,3,126,296
1784771703360,2026-07-23T01:55:03.360Z,-23.6054110,-46.8363325,827.544,14.772,14.750,3,126,296
1784771703415,2026-07-23T01:55:03.415Z,-23.6054039,-46.8363347,827.540,14.826,14.790,3,126,296
1784771703470,2026-07-23T01:55:03.470Z,-23.6053967,-46.8363368,827.548,14.884,14.840,3,126,296
1784771703525,2026-07-23T01:55:03.525Z,-23.6053897,-46.8363387,827.570,14.779,14.890,3,126,296
1784771703580,2026-07-23T01:55:03.580Z,-23.6053828,-46.8363409,827.585,14.676,14.790,3,126,296
1784771703635,2026-07-23T01:55:03.635Z,-23.6053759,-46.8363436,827.607,14.693,14.690,3,126,296
1784771703690,2026-07-23T01:55:03.690Z,-23.6053693,-46.8363463,827.628,14.542,14.700,3,126,296
1784771703745,2026-07-23T01:55:03.745Z,-23.6053627,-46.8363489,827.633,14.407,14.550,3,126,296
1784771703800,2026-07-23T01:55:03.800Z,-23.6053560,-46.8363515,827.660,14.385,14.420,3,126,296
1784771703855,2026-07-23T01:55:03.855Z,-23.6053491,-46.8363540,827.683,14.491,14.390,3,126,296
1784771703910,2026-07-23T01:55:03.910Z,-23.6053418,-46.8363564,827.723,14.747,14.500,3,126,296
1784771703965,2026-07-23T01:55:03.965Z,-23.6053344,-46.8363592,827.739,15.126,14.750,3,126,296
1784771704020,2026-07-23T01:55:04.020Z,-23.6053268,-46.8363621,827.812,15.473,15.130,3,126,296
1784771704075,2026-07-23T01:55:04.075Z,-23.6053194,-46.8363643,827.864,15.444,15.480,3,126,296
1784771704130,2026-07-23T01:55:04.130Z,-23.6053120,-46.8363667,827.901,15.478,15.450,3,126,296
1784771704185,2026-07-23T01:55:04.185Z,-23.6053045,-46.8363693,827.946,15.602,15.490,3,126,297
1784771704240,2026-07-23T01:55:04.240Z,-23.6052971,-46.8363719,827.987,15.628,15.610,3,126,297
1784771704295,2026-07-23T01:55:04.295Z,-23.6052898,-46.8363746,828.026,15.623,15.640,3,126,297
1784771704350,2026-07-23T01:55:04.350Z,-23.6052826,-46.8363773,828.071,15.573,15.630,3,126,297
1784771704405,2026-07-23T01:55:04.405Z,-23.6052753,-46.8363800,828.113,15.541,15.580,3,126,297
1784771704460,2026-07-23T01:55:04.460Z,-23.6052680,-46.8363828,828.157,15.568,15.550,3,126,297
1784771704515,2026-07-23T01:55:04.515Z,-23.6052607,-46.8363855,828.188,15.612,15.580,3,126,297
1784771704570,2026-07-23T01:55:04.570Z,-23.6052533,-46.8363881,828.231,15.618,15.620,3,126,297
1784771704625,2026-07-23T01:55:04.625Z,-23.6052458,-46.8363908,828.287,15.695,15.630,3,126,297
1784771704680,2026-07-23T01:55:04.680Z,-23.6052384,-46.8363935,828.312,15.738,15.700,3,126,297
1784771704735,2026-07-23T01:55:04.735Z,-23.6052310,-46.8363960,828.388,15.721,15.750,3,126,297
1784771704790,2026-07-23T01:55:04.790Z,-23.6052236,-46.8363986,828.431,15.730,15.730,3,126,297
1784771704845,2026-07-23T01:55:04.845Z,-23.6052162,-46.8364013,828.488,15.711,15.740,3,126,297
1784771704900,2026-07-23T01:55:04.900Z,-23.6052088,-46.8364038,828.542,15.686,15.720,3,126,297
1784771704955,2026-07-23T01:55:04.955Z,-23.6052014,-46.8364066,828.601,15.721,15.700,3,126,297
1784771705010,2026-07-23T01:55:05.010Z,-23.6051938,-46.8364090,828.629,15.827,15.730,3,126,297
1784771705065,2026-07-23T01:55:05.065Z,-23.6051861,-46.8364116,828.705,15.942,15.840,3,126,297
1784771705120,2026-07-23T01:55:05.120Z,-23.6051785,-46.8364142,828.773,15.955,15.950,3,126,297
1784771705175,2026-07-23T01:55:05.175Z,-23.6051710,-46.8364169,828.826,15.978,15.970,3,126,298
1784771705230,2026-07-23T01:55:05.230Z,-23.6051635,-46.8364193,828.874,15.918,15.990,3,126,298
1784771705285,2026-07-23T01:55:05.285Z,-23.6051558,-46.8364220,828.950,16.056,15.930,3,126,298
1784771705340,2026-07-23T01:55:05.340Z,-23.6051481,-46.8364245,829.011,16.116,16.070,3,126,298
1784771705395,2026-07-23T01:55:05.395Z,-23.6051404,-46.8364271,829.063,16.139,16.130,3,126,298
1784771705450,2026-07-23T01:55:05.450Z,-23.6051329,-46.8364298,829.138,16.063,16.150,3,126,298
1784771705505,2026-07-23T01:55:05.505Z,-23.6051253,-46.8364324,829.194,16.050,16.080,3,126,298
1784771705560,2026-07-23T01:55:05.560Z,-23.6051176,-46.8364351,829.280,16.109,16.070,3,126,298
1784771705615,2026-07-23T01:55:05.615Z,-23.6051099,-46.8364377,829.301,16.234,16.130,3,126,298
1784771705670,2026-07-23T01:55:05.670Z,-23.6051022,-46.8364402,829.353,16.236,16.250,3,126,298
1784771705725,2026-07-23T01:55:05.725Z,-23.6050946,-46.8364428,829.415,16.210,16.250,3,126,298
1784771705780,2026-07-23T01:55:05.780Z,-23.6050866,-46.8364455,829.487,16.397,16.230,3,126,298
1784771705835,2026-07-23T01:55:05.835Z,-23.6050787,-46.8364482,829.555,16.536,16.420,3,126,298
1784771705890,2026-07-23T01:55:05.890Z,-23.6050706,-46.8364509,829.605,16.696,16.550,3,126,298
1784771705945,2026-07-23T01:55:05.945Z,-23.6050627,-46.8364535,829.680,16.702,16.720,3,126,298
1784771706000,2026-07-23T01:55:06.000Z,-23.6050549,-46.8364559,829.765,16.595,16.720,3,126,298
1784771706055,2026-07-23T01:55:06.055Z,-23.6050470,-46.8364584,829.888,16.540,16.620,3,126,298
1784771706110,2026-07-23T01:55:06.110Z,-23.6050393,-46.8364609,829.949,16.387,16.560,3,126,298
1784771706165,2026-07-23T01:55:06.165Z,-23.6050318,-46.8364634,830.016,16.206,16.410,3,126,299
1784771706220,2026-07-23T01:55:06.220Z,-23.6050241,-46.8364655,830.026,16.174,16.230,3,126,299
1784771706275,2026-07-23T01:55:06.275Z,-23.6050163,-46.8364678,830.079,16.242,16.200,3,126,299
1784771706330,2026-07-23T01:55:06.330Z,-23.6050084,-46.8364702,830.137,16.338,16.270,3,126,299
1784771706385,2026-07-23T01:55:06.385Z,-23.6050006,-46.8364728,830.204,16.362,16.360,3,126,299
1784771706440,2026-07-23T01:55:06.440Z,-23.6049928,-46.8364753,830.267,16.325,16.390,3,126,299
1784771706495,2026-07-23T01:55:06.495Z,-23.6049851,-46.8364778,830.325,16.295,16.350,3,126,299
1784771706550,2026-07-23T01:55:06.550Z,-23.6049774,-46.8364805,830.367,16.296,16.320,3,126,299
1784771706605,2026-07-23T01:55:06.605Z,-23.6049696,-46.8364830,830.401,16.335,16.320,3,126,299
1784771706660,2026-07-23T01:55:06.660Z,-23.6049617,-46.8364856,830.458,16.423,16.360,3,126,299
1784771706715,2026-07-23T01:55:06.715Z,-23.6049538,-46.8364883,830.536,16.453,16.450,3,126,299
1784771706770,2026-07-23T01:55:06.770Z,-23.6049460,-46.8364911,830.594,16.495,16.480,3,126,299
1784771706825,2026-07-23T01:55:06.825Z,-23.6049381,-46.8364937,830.652,16.569,16.520,3,126,299
1784771706880,2026-07-23T01:55:06.880Z,-23.6049302,-46.8364961,830.707,16.530,16.600,3,126,299
1784771706935,2026-07-23T01:55:06.935Z,-23.6049223,-46.8364985,830.753,16.568,16.560,3,126,299
1784771706990,2026-07-23T01:55:06.990Z,-23.6049144,-46.8365012,830.799,16.610,16.590,3,126,299
1784771707045,2026-07-23T01:55:07.045Z,-23.6049066,-46.8365040,830.835,16.621,16.640,3,126,299
1784771707100,2026-07-23T01:55:07.100Z,-23.6048990,-46.8365070,830.867,16.523,16.650,3,126,299
1784771707155,2026-07-23T01:55:07.155Z,-23.6048913,-46.8365100,830.939,16.461,16.550,3,126,300
1784771707207,2026-07-23T01:55:07.207Z,-23.6048840,-46.8365131,830.985,16.234,16.490,3,126,300
1784771707259,2026-07-23T01:55:07.259Z,-23.6048767,-46.8365158,830.990,16.060,16.260,3,126,300
1784771707311,2026-07-23T01:55:07.311Z,-23.6048691,-46.8365184,830.998,16.078,16.090,3,126,300
1784771707363,2026-07-23T01:55:07.363Z,-23.6048612,-46.8365210,831.018,16.299,16.100,3,126,300
1784771707415,2026-07-23T01:55:07.415Z,-23.6048530,-46.8365239,831.047,16.653,16.320,3,126,300
1784771707467,2026-07-23T01:55:07.467Z,-23.6048446,-46.8365268,831.112,17.028,16.680,3,126,300
1784771707519,2026-07-23T01:55:07.519Z,-23.6048363,-46.8365298,831.181,17.186,17.050,3,126,300
1784771707571,2026-07-23T01:55:07.571Z,-23.6048279,-46.8365323,831.258,17.272,17.210,3,126,300
1784771707623,2026-07-23T01:55:07.623Z,-23.6048199,-46.8365350,831.274,17.198,17.300,3,126,300
1784771707676,2026-07-23T01:55:07.676Z,-23.6048121,-46.8365378,831.273,17.000,17.220,3,126,300
1784771707728,2026-07-23T01:55:07.728Z,-23.6048042,-46.8365407,831.302,16.983,17.020,3,126,300
1784771707780,2026-07-23T01:55:07.780Z,-23.6047963,-46.8365437,831.332,16.968,17.000,3,126,300
1784771707832,2026-07-23T01:55:07.832Z,-23.6047882,-46.8365468,831.342,17.104,16.990,3,126,300
1784771707884,2026-07-23T01:55:07.884Z,-23.6047802,-46.8365498,831.346,17.166,17.120,3,126,300
1784771707936,2026-07-23T01:55:07.936Z,-23.6047723,-46.8365530,831.355,17.174,17.180,3,126,300
1784771707988,2026-07-23T01:55:07.988Z,-23.6047644,-46.8365562,831.340,17.135,17.190,3,126,300
1784771708040,2026-07-23T01:55:08.040Z,-23.6047564,-46.8365593,831.345,17.242,17.150,3,126,300
1784771708092,2026-07-23T01:55:08.092Z,-23.6047484,-46.8365629,831.351,17.324,17.260,3,126,300
1784771708145,2026-07-23T01:55:08.145Z,-23.6047404,-46.8365667,831.382,17.441,17.340,3,126,301
1784771708200,2026-07-23T01:55:08.200Z,-23.6047327,-46.8365707,831.358,17.460,17.460,3,126,301
1784771708255,2026-07-23T01:55:08.255Z,-23.6047251,-46.8365748,831.334,17.437,17.470,3,126,301
1784771708310,2026-07-23T01:55:08.310Z,-23.6047176,-46.8365793,831.309,17.415,17.450,3,126,301
1784771708365,2026-07-23T01:55:08.365Z,-23.6047102,-46.8365840,831.288,17.436,17.420,3,126,301
1784771708420,2026-07-23T01:55:08.420Z,-23.6047028,-46.8365889,831.299,17.536,17.450,3,126,301
1784771708475,2026-07-23T01:55:08.475Z,-23.6046957,-46.8365937,831.264,17.386,17.540,3,126,301
1784771708530,2026-07-23T01:55:08.530Z,-23.6046885,-46.8365989,831.235,17.455,17.390,3,126,301
1784771708585,2026-07-23T01:55:08.585Z,-23.6046816,-46.8366041,831.185,17.382,17.460,3,126,301
1784771708640,2026-07-23T01:55:08.640Z,-23.6046748,-46.8366096,831.175,17.350,17.390,3,126,301
1784771708695,2026-07-23T01:55:08.695Z,-23.6046681,-46.8366154,831.203,17.304,17.350,3,126,301
1784771708750,2026-07-23T01:55:08.750Z,-23.6046616,-46.8366215,831.161,17.374,17.310,3,126,301
1784771708805,2026-07-23T01:55:08.805Z,-23.6046552,-46.8366276,831.100,17.426,17.380,3,126,301
1784771708860,2026-07-23T01:55:08.860Z,-23.6046492,-46.8366338,831.048,17.230,17.430,3,126,301
1784771708915,2026-07-23T01:55:08.915Z,-23.6046430,-46.8366404,831.022,17.339,17.230,3,126,301
1784771708970,2026-07-23T01:55:08.970Z,-23.6046370,-46.8366472,830.999,17.452,17.340,3,126,301
1784771709025,2026-07-23T01:55:09.025Z,-23.6046312,-46.8366541,830.943,17.505,17.450,3,126,301
1784771709080,2026-07-23T01:55:09.080Z,-23.6046254,-46.8366612,830.900,17.551,17.510,3,126,301
1784771709135,2026-07-23T01:55:09.135Z,-23.6046200,-46.8366684,830.840,17.501,17.550,3,126,302
1784771709190,2026-07-23T01:55:09.190Z,-23.6046148,-46.8366757,830.781,17.411,17.500,3,126,302
1784771709245,2026-07-23T01:55:09.245Z,-23.6046099,-46.8366833,830.719,17.357,17.410,3,126,302
1784771709300,2026-07-23T01:55:09.300Z,-23.6046052,-46.8366911,830.647,17.380,17.360,3,126,302
1784771709355,2026-07-23T01:55:09.355Z,-23.6046008,-46.8366992,830.590,17.394,17.380,3,126,302
1784771709410,2026-07-23T01:55:09.410Z,-23.6045966,-46.8367074,830.523,17.410,17.390,3,126,302
1784771709465,2026-07-23T01:55:09.465Z,-23.6045926,-46.8367161,830.492,17.574,17.410,3,126,302
1784771709520,2026-07-23T01:55:09.520Z,-23.6045889,-46.8367246,830.422,17.544,17.570,3,126,302
1784771709575,2026-07-23T01:55:09.575Z,-23.6045854,-46.8367332,830.359,17.526,17.550,3,126,302
1784771709630,2026-07-23T01:55:09.630Z,-23.6045819,-46.8367421,830.287,17.670,17.530,3,126,302
1784771709685,2026-07-23T01:55:09.685Z,-23.6045788,-46.8367509,830.215,17.704,17.670,3,126,302
1784771709740,2026-07-23T01:55:09.740Z,-23.6045759,-46.8367601,830.164,17.791,17.710,3,126,302
1784771709795,2026-07-23T01:55:09.795Z,-23.6045733,-46.8367693,830.093,17.867,17.790,3,126,302
1784771709850,2026-07-23T01:55:09.850Z,-23.6045707,-46.8367786,830.043,17.940,17.870,3,126,302
1784771709905,2026-07-23T01:55:09.905Z,-23.6045685,-46.8367880,830.007,17.963,17.940,3,126,302
1784771709960,2026-07-23T01:55:09.960Z,-23.6045665,-46.8367975,829.962,18.009,17.970,3,126,302
1784771710015,2026-07-23T01:55:10.015Z,-23.6045649,-46.8368069,829.902,17.960,18.010,3,126,302
1784771710070,2026-07-23T01:55:10.070Z,-23.6045634,-46.8368162,829.782,17.908,17.970,3,126,302
1784771710125,2026-07-23T01:55:10.125Z,-23.6045619,-46.8368258,829.683,17.988,17.920,3,126,303
1784771710183,2026-07-23T01:55:10.183Z,-23.6045607,-46.8368353,829.571,17.981,18.000,3,126,303
1784771710241,2026-07-23T01:55:10.241Z,-23.6045595,-46.8368447,829.482,17.955,17.990,3,126,303
1784771710299,2026-07-23T01:55:10.299Z,-23.6045585,-46.8368541,829.384,17.912,17.970,3,126,303
1784771710357,2026-07-23T01:55:10.357Z,-23.6045582,-46.8368637,829.286,17.860,17.930,3,126,303
1784771710415,2026-07-23T01:55:10.415Z,-23.6045580,-46.8368733,829.172,17.901,17.880,3,126,303
1784771710473,2026-07-23T01:55:10.473Z,-23.6045579,-46.8368826,829.046,17.815,17.920,3,126,303
1784771710531,2026-07-23T01:55:10.531Z,-23.6045581,-46.8368918,828.904,17.637,17.840,3,126,303
1784771710589,2026-07-23T01:55:10.589Z,-23.6045589,-46.8369014,828.758,17.761,17.660,3,126,303
1784771710647,2026-07-23T01:55:10.647Z,-23.6045597,-46.8369110,828.626,17.892,17.790,3,126,303
1784771710705,2026-07-23T01:55:10.705Z,-23.6045607,-46.8369206,828.520,17.948,17.920,3,126,303
1784771710763,2026-07-23T01:55:10.763Z,-23.6045620,-46.8369297,828.366,17.734,17.980,3,126,303
1784771710821,2026-07-23T01:55:10.821Z,-23.6045637,-46.8369386,828.201,17.561,17.770,3,126,303
1784771710879,2026-07-23T01:55:10.879Z,-23.6045658,-46.8369479,828.093,17.618,17.600,3,126,303
1784771710937,2026-07-23T01:55:10.937Z,-23.6045682,-46.8369569,827.965,17.531,17.660,3,126,303
1784771710995,2026-07-23T01:55:10.995Z,-23.6045707,-46.8369657,827.812,17.452,17.580,3,126,303
1784771711053,2026-07-23T01:55:11.053Z,-23.6045736,-46.8369745,827.710,17.399,17.500,3,126,303
1784771711111,2026-07-23T01:55:11.111Z,-23.6045766,-46.8369834,827.622,17.463,17.450,3,126,303
1784771711170,2026-07-23T01:55:11.170Z,-23.6045797,-46.8369921,827.517,17.451,17.510,3,132,304
1784771711225,2026-07-23T01:55:11.225Z,-23.6045832,-46.8370006,827.413,17.384,17.500,3,132,304
1784771711280,2026-07-23T01:55:11.280Z,-23.6045870,-46.8370085,827.295,17.141,17.440,3,132,304
1784771711335,2026-07-23T01:55:11.335Z,-23.6045910,-46.8370165,827.178,17.100,17.200,3,132,304
1784771711390,2026-07-23T01:55:11.390Z,-23.6045956,-46.8370244,827.053,17.212,17.160,3,132,304
1784771711445,2026-07-23T01:55:11.445Z,-23.6046006,-46.8370321,826.954,17.269,17.270,3,132,304
1784771711500,2026-07-23T01:55:11.500Z,-23.6046056,-46.8370392,826.832,17.090,17.330,3,132,304
1784771711555,2026-07-23T01:55:11.555Z,-23.6046109,-46.8370466,826.730,17.161,17.150,3,132,304
1784771711610,2026-07-23T01:55:11.610Z,-23.6046163,-46.8370539,826.627,17.264,17.230,3,132,304
1784771711665,2026-07-23T01:55:11.665Z,-23.6046216,-46.8370610,826.549,17.184,17.330,3,132,304
1784771711720,2026-07-23T01:55:11.720Z,-23.6046269,-46.8370681,826.457,17.108,17.250,3,132,304
1784771711775,2026-07-23T01:55:11.775Z,-23.6046325,-46.8370753,826.392,17.217,17.170,3,132,304
1784771711830,2026-07-23T01:55:11.830Z,-23.6046381,-46.8370824,826.283,17.316,17.280,3,132,304
1784771711885,2026-07-23T01:55:11.885Z,-23.6046437,-46.8370898,826.193,17.458,17.380,3,132,304
1784771711940,2026-07-23T01:55:11.940Z,-23.6046491,-46.8370971,826.137,17.424,17.530,3,132,304
1784771711995,2026-07-23T01:55:11.995Z,-23.6046545,-46.8371045,826.069,17.444,17.490,3,132,304
1784771712050,2026-07-23T01:55:12.050Z,-23.6046599,-46.8371121,826.002,17.610,17.510,3,132,304
1784771712105,2026-07-23T01:55:12.105Z,-23.6046651,-46.8371200,825.976,17.709,17.670,3,132,304
1784771712160,2026-07-23T01:55:12.160Z,-23.6046701,-46.8371278,825.892,17.676,17.770,3,137,305
1784771712212,2026-07-23T01:55:12.212Z,-23.6046751,-46.8371358,825.813,17.797,17.740,3,137,305
1784771712264,2026-07-23T01:55:12.264Z,-23.6046800,-46.8371439,825.744,17.877,17.860,3,137,305
1784771712316,2026-07-23T01:55:12.316Z,-23.6046848,-46.8371521,825.660,17.992,17.940,3,137,305
1784771712368,2026-07-23T01:55:12.368Z,-23.6046894,-46.8371604,825.609,17.951,18.050,3,137,305
1784771712420,2026-07-23T01:55:12.420Z,-23.6046938,-46.8371690,825.586,17.923,18.010,3,137,305
1784771712472,2026-07-23T01:55:12.472Z,-23.6046979,-46.8371777,825.556,17.934,17.980,3,137,305
1784771712524,2026-07-23T01:55:12.524Z,-23.6047017,-46.8371864,825.485,17.892,17.990,3,137,305
1784771712576,2026-07-23T01:55:12.576Z,-23.6047053,-46.8371955,825.415,17.999,17.950,3,137,305
1784771712628,2026-07-23T01:55:12.628Z,-23.6047086,-46.8372046,825.332,18.021,18.050,3,137,305
1784771712681,2026-07-23T01:55:12.681Z,-23.6047116,-46.8372137,825.291,17.953,18.080,3,137,305
1784771712733,2026-07-23T01:55:12.733Z,-23.6047143,-46.8372232,825.268,18.029,18.010,3,137,305
1784771712785,2026-07-23T01:55:12.785Z,-23.6047167,-46.8372326,825.210,18.007,18.080,3,137,305
1784771712837,2026-07-23T01:55:12.837Z,-23.6047184,-46.8372421,825.186,17.931,18.060,3,137,305
1784771712889,2026-07-23T01:55:12.889Z,-23.6047200,-46.8372514,825.162,17.758,17.980,3,137,305
1784771712941,2026-07-23T01:55:12.941Z,-23.6047213,-46.8372611,825.146,17.798,17.800,3,137,305
1784771712993,2026-07-23T01:55:12.993Z,-23.6047223,-46.8372709,825.108,17.925,17.840,3,137,305
1784771713045,2026-07-23T01:55:13.045Z,-23.6047229,-46.8372807,825.083,18.012,17.970,3,137,305
1784771713097,2026-07-23T01:55:13.097Z,-23.6047231,-46.8372904,825.035,17.978,18.050,3,137,305
1784771713150,2026-07-23T01:55:13.150Z,-23.6047229,-46.8373002,824.994,18.006,18.020,3,132,306
1784771713208,2026-07-23T01:55:13.208Z,-23.6047226,-46.8373097,825.004,17.876,18.040,3,132,306
1784771713266,2026-07-23T01:55:13.266Z,-23.6047218,-46.8373195,825.038,17.879,17.910,3,132,306
1784771713324,2026-07-23T01:55:13.324Z,-23.6047204,-46.8373291,825.022,17.950,17.910,3,132,306
1784771713382,2026-07-23T01:55:13.382Z,-23.6047185,-46.8373381,824.973,17.764,17.980,3,132,306
1784771713440,2026-07-23T01:55:13.440Z,-23.6047164,-46.8373475,825.024,17.810,17.790,3,132,306
1784771713498,2026-07-23T01:55:13.498Z,-23.6047138,-46.8373567,825.019,17.865,17.840,3,132,306
1784771713556,2026-07-23T01:55:13.556Z,-23.6047112,-46.8373655,825.039,17.633,17.890,3,132,306
1784771713614,2026-07-23T01:55:13.614Z,-23.6047080,-46.8373742,825.095,17.522,17.660,3,132,306
1784771713672,2026-07-23T01:55:13.672Z,-23.6047045,-46.8373828,825.184,17.475,17.540,3,132,306
1784771713730,2026-07-23T01:55:13.730Z,-23.6047008,-46.8373912,825.230,17.389,17.490,3,132,306
1784771713788,2026-07-23T01:55:13.788Z,-23.6046968,-46.8373997,825.283,17.517,17.400,3,132,306
1784771713846,2026-07-23T01:55:13.846Z,-23.6046929,-46.8374084,825.315,17.598,17.530,3,132,306
1784771713904,2026-07-23T01:55:13.904Z,-23.6046890,-46.8374167,825.376,17.493,17.610,3,132,306
1784771713962,2026-07-23T01:55:13.962Z,-23.6046849,-46.8374248,825.463,17.307,17.500,3,132,306
1784771714020,2026-07-23T01:55:14.020Z,-23.6046807,-46.8374331,825.450,17.444,17.310,3,132,306
1784771714078,2026-07-23T01:55:14.078Z,-23.6046763,-46.8374410,825.482,17.346,17.450,3,132,306
1784771714136,2026-07-23T01:55:14.136Z,-23.6046711,-46.8374481,825.552,17.230,17.350,3,132,306
1784771714195,2026-07-23T01:55:14.195Z,-23.6046658,-46.8374548,825.612,17.012,17.230,3,132,307
1784771714253,2026-07-23T01:55:14.253Z,-23.6046604,-46.8374611,825.623,16.724,17.010,3,132,307
1784771714311,2026-07-23T01:55:14.311Z,-23.6046547,-46.8374671,825.598,16.564,16.730,3,132,307
1784771714369,2026-07-23T01:55:14.369Z,-23.6046486,-46.8374731,825.679,16.585,16.570,3,132,307
1784771714427,2026-07-23T01:55:14.427Z,-23.6046422,-46.8374792,825.771,16.686,16.590,3,132,307
1784771714485,2026-07-23T01:55:14.485Z,-23.6046358,-46.8374847,825.811,16.653,16.690,3,132,307
1784771714543,2026-07-23T01:55:14.543Z,-23.6046293,-46.8374899,825.896,16.387,16.650,3,132,307
1784771714601,2026-07-23T01:55:14.601Z,-23.6046225,-46.8374947,825.978,16.259,16.390,3,132,307
1784771714659,2026-07-23T01:55:14.659Z,-23.6046155,-46.8374993,826.032,16.268,16.260,3,132,307
1784771714717,2026-07-23T01:55:14.717Z,-23.6046086,-46.8375037,826.102,16.090,16.270,3,132,307
1784771714775,2026-07-23T01:55:14.775Z,-23.6046014,-46.8375078,826.141,16.074,16.090,3,132,307
1784771714833,2026-07-23T01:55:14.833Z,-23.6045942,-46.8375115,826.201,15.980,16.070,3,132,307
1784771714891,2026-07-23T01:55:14.891Z,-23.6045862,-46.8375144,826.285,16.075,15.980,3,132,307
1784771714949,2026-07-23T01:55:14.949Z,-23.6045785,-46.8375173,826.357,16.102,16.080,3,132,307
1784771715007,2026-07-23T01:55:15.007Z,-23.6045706,-46.8375200,826.401,16.165,16.100,3,132,307
1784771715065,2026-07-23T01:55:15.065Z,-23.6045628,-46.8375228,826.389,16.272,16.170,3,132,307
1784771715123,2026-07-23T01:55:15.123Z,-23.6045553,-46.8375258,826.451,16.120,16.270,3,132,307
1784771715181,2026-07-23T01:55:15.181Z,-23.6045481,-46.8375291,826.568,15.882,16.120,3,132,307
1784771715240,2026-07-23T01:55:15.240Z,-23.6045406,-46.8375320,826.609,15.912,15.880,3,132,308
1784771715295,2026-07-23T01:55:15.295Z,-23.6045329,-46.8375346,826.710,16.048,15.920,3,132,308
1784771715350,2026-07-23T01:55:15.350Z,-23.6045252,-46.8375371,826.842,16.054,16.050,3,132,308
1784771715405,2026-07-23T01:55:15.405Z,-23.6045181,-46.8375397,826.989,15.618,16.060,3,132,308
1784771715460,2026-07-23T01:55:15.460Z,-23.6045106,-46.8375419,827.111,15.563,15.630,3,132,308
1784771715515,2026-07-23T01:55:15.515Z,-23.6045030,-46.8375441,827.153,15.713,15.570,3,132,308
1784771715570,2026-07-23T01:55:15.570Z,-23.6044882,-46.8375483,827.232,15.535,15.720,3,132,308
1784771715625,2026-07-23T01:55:15.625Z,-23.6044810,-46.8375502,827.298,15.352,15.540,3,132,308
1784771715680,2026-07-23T01:55:15.680Z,-23.6044740,-46.8375509,827.347,14.961,15.360,3,132,308
1784771715735,2026-07-23T01:55:15.735Z,-23.6044671,-46.8375507,827.355,14.740,14.970,3,132,308
1784771715790,2026-07-23T01:55:15.790Z,-23.6044602,-46.8375507,827.445,14.518,14.750,3,132,308
1784771715845,2026-07-23T01:55:15.845Z,-23.6044536,-46.8375511,827.637,14.111,14.530,3,132,308
1784771715900,2026-07-23T01:55:15.900Z,-23.6044469,-46.8375512,827.762,13.854,14.130,3,132,308
1784771715955,2026-07-23T01:55:15.955Z,-23.6044404,-46.8375506,827.851,13.666,13.870,3,132,308
1784771716010,2026-07-23T01:55:16.010Z,-23.6044338,-46.8375494,827.923,13.641,13.690,3,132,308
1784771716065,2026-07-23T01:55:16.065Z,-23.6044272,-46.8375480,827.986,13.562,13.660,3,132,308
1784771716120,2026-07-23T01:55:16.120Z,-23.6044209,-46.8375466,828.074,13.365,13.580,3,132,308
1784771716175,2026-07-23T01:55:16.175Z,-23.6044145,-46.8375447,828.130,13.325,13.390,3,132,309
1784771716233,2026-07-23T01:55:16.233Z,-23.6044082,-46.8375430,828.229,13.200,13.350,3,132,309
1784771716291,2026-07-23T01:55:16.291Z,-23.6044019,-46.8375409,828.323,13.203,13.230,3,132,309
1784771716349,2026-07-23T01:55:16.349Z,-23.6043958,-46.8375378,828.348,13.290,13.230,3,132,309
1784771716407,2026-07-23T01:55:16.407Z,-23.6043899,-46.8375344,828.376,13.259,13.320,3,132,309
1784771716466,2026-07-23T01:55:16.466Z,-23.6043840,-46.8375308,828.430,13.332,13.290,3,132,309
1784771716524,2026-07-23T01:55:16.524Z,-23.6043724,-46.8375242,828.491,13.211,13.360,3,132,309
1784771716582,2026-07-23T01:55:16.582Z,-23.6043667,-46.8375204,828.541,13.268,13.240,3,132,309
1784771716640,2026-07-23T01:55:16.640Z,-23.6043614,-46.8375165,828.572,13.035,13.300,3,132,309
1784771716699,2026-07-23T01:55:16.699Z,-23.6043563,-46.8375120,828.627,12.958,13.060,3,132,309
1784771716757,2026-07-23T01:55:16.757Z,-23.6043513,-46.8375076,828.691,12.898,12.990,3,132,309
1784771716815,2026-07-23T01:55:16.815Z,-23.6043464,-46.8375030,828.742,12.819,12.930,3,132,309
1784771716873,2026-07-23T01:55:16.873Z,-23.6043419,-46.8374981,828.772,12.720,12.850,3,132,309
1784771716932,2026-07-23T01:55:16.932Z,-23.6043375,-46.8374933,828.822,12.501,12.750,3,132,309
1784771716990,2026-07-23T01:55:16.990Z,-23.6043334,-46.8374880,828.856,12.454,12.530,3,132,309
1784771717048,2026-07-23T01:55:17.048Z,-23.6043293,-46.8374830,828.895,12.347,12.490,3,132,309
1784771717106,2026-07-23T01:55:17.106Z,-23.6043255,-46.8374778,828.951,12.210,12.380,3,132,309
1784771717165,2026-07-23T01:55:17.165Z,-23.6043220,-46.8374725,829.039,12.094,12.240,3,132,310
1784771717223,2026-07-23T01:55:17.223Z,-23.6043187,-46.8374666,829.087,12.154,12.130,3,132,310
1784771717281,2026-07-23T01:55:17.281Z,-23.6043156,-46.8374606,829.128,12.242,12.190,3,132,310
1784771717339,2026-07-23T01:55:17.339Z,-23.6043126,-46.8374544,829.121,12.321,12.280,3,132,310
1784771717397,2026-07-23T01:55:17.397Z,-23.6043097,-46.8374486,829.138,12.288,12.350,3,132,310
1784771717456,2026-07-23T01:55:17.456Z,-23.6043071,-46.8374427,829.180,12.189,12.320,3,132,310
1784771717514,2026-07-23T01:55:17.514Z,-23.6043016,-46.8374305,829.280,12.383,12.220,3,132,310
1784771717572,2026-07-23T01:55:17.572Z,-23.6042997,-46.8374240,829.323,12.373,12.410,3,132,310
1784771717630,2026-07-23T01:55:17.630Z,-23.6042986,-46.8374179,829.398,12.051,12.400,3,132,310
1784771717689,2026-07-23T01:55:17.689Z,-23.6042973,-46.8374109,829.474,12.253,12.080,3,132,310
1784771717747,2026-07-23T01:55:17.747Z,-23.6042957,-46.8374038,829.498,12.554,12.290,3,132,310
1784771717805,2026-07-23T01:55:17.805Z,-23.6042949,-46.8373966,829.486,12.665,12.590,3,132,310
1784771717863,2026-07-23T01:55:17.863Z,-23.6042949,-46.8373893,829.482,12.773,12.690,3,132,310
1784771717922,2026-07-23T01:55:17.922Z,-23.6042947,-46.8373824,829.490,12.706,12.800,3,132,310
1784771717980,2026-07-23T01:55:17.980Z,-23.6042949,-46.8373755,829.473,12.667,12.730,3,132,310
1784771718038,2026-07-23T01:55:18.038Z,-23.6042959,-46.8373690,829.494,12.517,12.690,3,132,310
1784771718096,2026-07-23T01:55:18.096Z,-23.6042971,-46.8373625,829.519,12.414,12.540,3,132,310
1784771718155,2026-07-23T01:55:18.155Z,-23.6042983,-46.8373557,829.533,12.489,12.440,3,132,311
1784771718207,2026-07-23T01:55:18.207Z,-23.6042996,-46.8373489,829.556,12.534,12.510,3,132,311
1784771718259,2026-07-23T01:55:18.259Z,-23.6043012,-46.8373419,829.568,12.695,12.550,3,132,311
1784771718311,2026-07-23T01:55:18.311Z,-23.6043027,-46.8373348,829.549,12.844,12.720,3,132,311
1784771718363,2026-07-23T01:55:18.363Z,-23.6043046,-46.8373278,829.525,13.002,12.860,3,132,311
1784771718415,2026-07-23T01:55:18.415Z,-23.6043070,-46.8373210,829.436,13.029,13.020,3,132,311
1784771718467,2026-07-23T01:55:18.467Z,-23.6043092,-46.8373144,829.397,13.017,13.040,3,132,311
1784771718519,2026-07-23T01:55:18.519Z,-23.6043115,-46.8373076,829.333,13.118,13.030,3,132,311
1784771718571,2026-07-23T01:55:18.571Z,-23.6043136,-46.8373008,829.314,13.134,13.130,3,132,311
1784771718623,2026-07-23T01:55:18.623Z,-23.6043158,-46.8372938,829.253,13.323,13.140,3,132,311
1784771718676,2026-07-23T01:55:18.676Z,-23.6043178,-46.8372868,829.291,13.450,13.330,3,132,311
1784771718728,2026-07-23T01:55:18.728Z,-23.6043201,-46.8372798,829.278,13.536,13.460,3,132,311
1784771718780,2026-07-23T01:55:18.780Z,-23.6043222,-46.8372727,829.272,13.644,13.540,3,132,311
1784771718832,2026-07-23T01:55:18.832Z,-23.6043245,-46.8372657,829.296,13.704,13.650,3,132,311
1784771718884,2026-07-23T01:55:18.884Z,-23.6043269,-46.8372585,829.274,13.844,13.710,3,132,311
1784771718936,2026-07-23T01:55:18.936Z,-23.6043292,-46.8372514,829.302,13.910,13.850,3,132,311
1784771718988,2026-07-23T01:55:18.988Z,-23.6043311,-46.8372444,829.297,13.765,13.910,3,132,311
1784771719040,2026-07-23T01:55:19.040Z,-23.6043330,-46.8372376,829.309,13.566,13.770,3,132,311
1784771719092,2026-07-23T01:55:19.092Z,-23.6043348,-46.8372307,829.262,13.396,13.570,3,132,311
1784771719145,2026-07-23T01:55:19.145Z,-23.6043364,-46.8372239,829.241,13.272,13.400,3,126,312
1784771719200,2026-07-23T01:55:19.200Z,-23.6043377,-46.8372170,829.236,13.112,13.270,3,126,312
1784771719255,2026-07-23T01:55:19.255Z,-23.6043392,-46.8372100,829.247,13.130,13.110,3,126,312
1784771719310,2026-07-23T01:55:19.310Z,-23.6043411,-46.8372026,829.204,13.537,13.130,3,126,312
1784771719365,2026-07-23T01:55:19.365Z,-23.6043428,-46.8371955,829.283,13.512,13.540,3,126,312
1784771719420,2026-07-23T01:55:19.420Z,-23.6043443,-46.8371885,829.317,13.425,13.510,3,126,312
1784771719475,2026-07-23T01:55:19.475Z,-23.6043459,-46.8371812,829.286,13.539,13.430,3,126,312
1784771719530,2026-07-23T01:55:19.530Z,-23.6043473,-46.8371741,829.318,13.461,13.540,3,126,312
1784771719585,2026-07-23T01:55:19.585Z,-23.6043480,-46.8371663,829.414,13.703,13.460,3,126,312
1784771719640,2026-07-23T01:55:19.640Z,-23.6043485,-46.8371588,829.504,13.651,13.710,3,126,312
1784771719695,2026-07-23T01:55:19.695Z,-23.6043490,-46.8371515,829.516,13.575,13.660,3,126,312
1784771719750,2026-07-23T01:55:19.750Z,-23.6043495,-46.8371439,829.537,13.693,13.580,3,126,312
1784771719805,2026-07-23T01:55:19.805Z,-23.6043499,-46.8371360,829.600,13.934,13.700,3,126,312
1784771719860,2026-07-23T01:55:19.860Z,-23.6043501,-46.8371287,829.708,13.831,13.940,3,126,312
1784771719915,2026-07-23T01:55:19.915Z,-23.6043498,-46.8371212,829.671,13.791,13.840,3,126,312
1784771719970,2026-07-23T01:55:19.970Z,-23.6043494,-46.8371138,829.653,13.712,13.800,3,126,312
1784771720025,2026-07-23T01:55:20.025Z,-23.6043488,-46.8371065,829.667,13.645,13.720,3,126,312
1784771720080,2026-07-23T01:55:20.080Z,-23.6043480,-46.8370993,829.710,13.534,13.650,3,126,312
1784771720135,2026-07-23T01:55:20.135Z,-23.6043468,-46.8370918,829.725,13.646,13.540,3,126,313
1784771720190,2026-07-23T01:55:20.190Z,-23.6043450,-46.8370839,829.732,13.926,13.650,3,126,313
1784771720245,2026-07-23T01:55:20.245Z,-23.6043431,-46.8370763,829.752,14.035,13.930,3,126,313
1784771720300,2026-07-23T01:55:20.300Z,-23.6043408,-46.8370695,829.861,13.883,14.040,3,126,313
1784771720355,2026-07-23T01:55:20.355Z,-23.6043384,-46.8370624,829.938,13.889,13.890,3,126,313
1784771720410,2026-07-23T01:55:20.410Z,-23.6043358,-46.8370553,830.023,13.984,13.890,3,126,313
1784771720465,2026-07-23T01:55:20.465Z,-23.6043330,-46.8370483,830.130,14.032,13.990,3,126,313
1784771720520,2026-07-23T01:55:20.520Z,-23.6043301,-46.8370414,830.227,14.101,14.040,3,126,313
1784771720575,2026-07-23T01:55:20.575Z,-23.6043270,-46.8370345,830.300,14.109,14.110,3,126,313
1784771720630,2026-07-23T01:55:20.630Z,-23.6043237,-46.8370278,830.378,14.113,14.120,3,126,313
1784771720685,2026-07-23T01:55:20.685Z,-23.6043205,-46.8370212,830.437,14.032,14.120,3,126,313
1784771720740,2026-07-23T01:55:20.740Z,-23.6043170,-46.8370147,830.555,14.076,14.040,3,126,313
1784771720795,2026-07-23T01:55:20.795Z,-23.6043135,-46.8370082,830.664,14.030,14.090,3,126,313
1784771720850,2026-07-23T01:55:20.850Z,-23.6043098,-46.8370017,830.758,14.061,14.050,3,126,313
1784771720905,2026-07-23T01:55:20.905Z,-23.6043058,-46.8369951,830.879,14.285,14.080,3,126,313
1784771720960,2026-07-23T01:55:20.960Z,-23.6043019,-46.8369888,830.969,14.254,14.300,3,126,313
1784771721015,2026-07-23T01:55:21.015Z,-23.6042978,-46.8369827,831.061,14.165,14.270,3,126,313
1784771721070,2026-07-23T01:55:21.070Z,-23.6042935,-46.8369766,831.191,14.174,14.190,3,126,313
1784771721125,2026-07-23T01:55:21.125Z,-23.6042893,-46.8369706,831.309,14.122,14.200,3,126,314
1784771721183,2026-07-23T01:55:21.183Z,-23.6042850,-46.8369645,831.476,14.145,14.150,3,126,314
1784771721241,2026-07-23T01:55:21.241Z,-23.6042808,-46.8369585,831.551,14.052,14.180,3,126,314
1784771721299,2026-07-23T01:55:21.299Z,-23.6042764,-46.8369524,831.721,14.172,14.090,3,126,314
1784771721357,2026-07-23T01:55:21.357Z,-23.6042720,-46.8369464,831.835,14.203,14.210,3,126,314
1784771721415,2026-07-23T01:55:21.415Z,-23.6042673,-46.8369405,831.936,14.287,14.240,3,126,314
1784771721473,2026-07-23T01:55:21.473Z,-23.6042627,-46.8369346,832.072,14.273,14.330,3,126,314
1784771721531,2026-07-23T01:55:21.531Z,-23.6042580,-46.8369291,832.229,14.118,14.320,3,126,314
1784771721589,2026-07-23T01:55:21.589Z,-23.6042534,-46.8369236,832.336,14.009,14.170,3,126,314
1784771721647,2026-07-23T01:55:21.647Z,-23.6042489,-46.8369179,832.461,13.954,14.060,3,126,314
1784771721705,2026-07-23T01:55:21.705Z,-23.6042444,-46.8369122,832.506,13.896,14.010,3,126,314
1784771721763,2026-07-23T01:55:21.763Z,-23.6042399,-46.8369069,832.532,13.751,13.950,3,126,314
1784771721821,2026-07-23T01:55:21.821Z,-23.6042354,-46.8369014,832.619,13.683,13.800,3,126,314
1784771721879,2026-07-23T01:55:21.879Z,-23.6042312,-46.8368959,832.735,13.542,13.740,3,126,314
1784771721937,2026-07-23T01:55:21.937Z,-23.6042270,-46.8368903,832.850,13.541,13.600,3,126,314
1784771721995,2026-07-23T01:55:21.995Z,-23.6042228,-46.8368844,832.922,13.577,13.600,3,126,314
1784771722053,2026-07-23T01:55:22.053Z,-23.6042183,-46.8368785,832.984,13.731,13.640,3,126,314
1784771722111,2026-07-23T01:55:22.111Z,-23.6042139,-46.8368727,833.059,13.770,13.790,3,126,314
1784771722170,2026-07-23T01:55:22.170Z,-23.6042096,-46.8368668,833.131,13.839,13.830,3,126,315
1784771722222,2026-07-23T01:55:22.222Z,-23.6042054,-46.8368610,833.194,13.783,13.900,3,126,315
1784771722274,2026-07-23T01:55:22.274Z,-23.6042010,-46.8368547,833.275,13.941,13.840,3,126,315
1784771722326,2026-07-23T01:55:22.326Z,-23.6041969,-46.8368483,833.346,14.063,14.000,3,126,315
1784771722378,2026-07-23T01:55:22.378Z,-23.6041930,-46.8368419,833.413,14.107,14.120,3,126,315
1784771722430,2026-07-23T01:55:22.430Z,-23.6041898,-46.8368359,833.494,13.875,14.160,3,126,315
1784771722482,2026-07-23T01:55:22.482Z,-23.6041865,-46.8368295,833.611,13.849,13.930,3,126,315
1784771722534,2026-07-23T01:55:22.534Z,-23.6041832,-46.8368229,833.718,13.853,13.910,3,126,315
1784771722586,2026-07-23T01:55:22.586Z,-23.6041798,-46.8368163,833.814,13.928,13.920,3,126,315
1784771722638,2026-07-23T01:55:22.638Z,-23.6041768,-46.8368094,833.912,13.996,13.990,3,126,315
1784771722691,2026-07-23T01:55:22.691Z,-23.6041740,-46.8368025,834.031,14.019,14.060,3,126,315
1784771722743,2026-07-23T01:55:22.743Z,-23.6041713,-46.8367956,834.103,14.013,14.090,3,126,315
1784771722795,2026-07-23T01:55:22.795Z,-23.6041689,-46.8367884,834.067,14.047,14.080,3,126,315
1784771722847,2026-07-23T01:55:22.847Z,-23.6041668,-46.8367813,834.091,14.000,14.110,3,126,315
1784771722899,2026-07-23T01:55:22.899Z,-23.6041647,-46.8367741,834.178,14.050,14.060,3,126,315
1784771722951,2026-07-23T01:55:22.951Z,-23.6041629,-46.8367666,834.209,14.142,14.110,3,126,315
1784771723003,2026-07-23T01:55:23.003Z,-23.6041612,-46.8367593,834.270,14.112,14.200,3,126,315
1784771723055,2026-07-23T01:55:23.055Z,-23.6041598,-46.8367520,834.331,14.056,14.170,3,126,315
1784771723107,2026-07-23T01:55:23.107Z,-23.6041586,-46.8367444,834.336,14.114,14.110,3,126,315
1784771723160,2026-07-23T01:55:23.160Z,-23.6041578,-46.8367368,834.393,14.136,14.170,3,126,316
1784771723221,2026-07-23T01:55:23.221Z,-23.6041573,-46.8367292,834.464,14.172,14.190,3,126,316
1784771723283,2026-07-23T01:55:23.283Z,-23.6041568,-46.8367215,834.490,14.265,14.220,3,126,316
1784771723345,2026-07-23T01:55:23.345Z,-23.6041569,-46.8367141,834.441,14.119,14.310,3,126,316
1784771723407,2026-07-23T01:55:23.407Z,-23.6041573,-46.8367067,834.393,14.060,14.160,3,126,316
1784771723469,2026-07-23T01:55:23.469Z,-23.6041585,-46.8366914,834.451,14.151,14.130,3,126,316
1784771723531,2026-07-23T01:55:23.531Z,-23.6041593,-46.8366839,834.496,14.157,14.190,3,126,316
1784771723593,2026-07-23T01:55:23.593Z,-23.6041603,-46.8366763,834.520,14.173,14.190,3,126,316
1784771723655,2026-07-23T01:55:23.655Z,-23.6041619,-46.8366687,834.545,14.267,14.210,3,126,316
1784771723716,2026-07-23T01:55:23.716Z,-23.6041634,-46.8366609,834.590,14.411,14.300,3,126,316
1784771723778,2026-07-23T01:55:23.778Z,-23.6041652,-46.8366532,834.625,14.518,14.440,3,126,316
1784771723840,2026-07-23T01:55:23.840Z,-23.6041673,-46.8366457,834.644,14.560,14.550,3,126,316
1784771723902,2026-07-23T01:55:23.902Z,-23.6041698,-46.8366388,834.656,14.423,14.590,3,126,316
1784771723964,2026-07-23T01:55:23.964Z,-23.6041726,-46.8366317,834.722,14.419,14.450,3,126,316
1784771724026,2026-07-23T01:55:24.026Z,-23.6041756,-46.8366247,834.780,14.410,14.450,3,126,316
1784771724088,2026-07-23T01:55:24.088Z,-23.6041789,-46.8366179,834.829,14.426,14.440,3,126,316
1784771724150,2026-07-23T01:55:24.150Z,-23.6041823,-46.8366113,834.893,14.361,14.460,3,126,317
1784771724202,2026-07-23T01:55:24.202Z,-23.6041860,-46.8366048,834.970,14.334,14.390,3,126,317
1784771724254,2026-07-23T01:55:24.254Z,-23.6041898,-46.8365983,835.053,14.328,14.370,3,126,317
1784771724306,2026-07-23T01:55:24.306Z,-23.6041936,-46.8365919,835.189,14.312,14.360,3,126,317
1784771724358,2026-07-23T01:55:24.358Z,-23.6041975,-46.8365860,835.326,14.071,14.350,3,126,317
1784771724410,2026-07-23T01:55:24.410Z,-23.6042016,-46.8365801,835.463,13.991,14.110,3,126,317
1784771724462,2026-07-23T01:55:24.462Z,-23.6042063,-46.8365741,835.558,14.144,14.030,3,126,317
1784771724514,2026-07-23T01:55:24.514Z,-23.6042113,-46.8365683,835.621,14.266,14.190,3,126,317
1784771724566,2026-07-23T01:55:24.566Z,-23.6042167,-46.8365631,835.650,14.238,14.310,3,126,317
1784771724618,2026-07-23T01:55:24.618Z,-23.6042222,-46.8365583,835.718,14.183,14.280,3,126,317
1784771724671,2026-07-23T01:55:24.671Z,-23.6042282,-46.8365533,835.807,14.362,14.230,3,126,317
1784771724723,2026-07-23T01:55:24.723Z,-23.6042342,-46.8365482,835.861,14.573,14.400,3,126,317
1784771724775,2026-07-23T01:55:24.775Z,-23.6042403,-46.8365432,835.916,14.747,14.610,3,126,317
1784771724827,2026-07-23T01:55:24.827Z,-23.6042464,-46.8365384,835.976,14.839,14.790,3,126,317
1784771724879,2026-07-23T01:55:24.879Z,-23.6042524,-46.8365338,836.039,14.847,14.880,3,126,317
1784771724931,2026-07-23T01:55:24.931Z,-23.6042587,-46.8365297,836.090,14.798,14.890,3,126,317
1784771724983,2026-07-23T01:55:24.983Z,-23.6042652,-46.8365257,836.110,14.800,14.840,3,126,317
1784771725035,2026-07-23T01:55:25.035Z,-23.6042723,-46.8365224,835.942,14.902,14.840,3,126,317
1784771725087,2026-07-23T01:55:25.087Z,-23.6042794,-46.8365191,835.803,15.032,14.930,3,126,317
1784771725140,2026-07-23T01:55:25.140Z,-23.6042864,-46.8365157,835.750,15.095,15.060,3,126,318
1784771725198,2026-07-23T01:55:25.198Z,-23.6042932,-46.8365123,835.726,15.073,15.120,3,126,318
1784771725256,2026-07-23T01:55:25.256Z,-23.6043002,-46.8365091,835.651,15.146,15.090,3,126,318
1784771725314,2026-07-23T01:55:25.314Z,-23.6043071,-46.8365061,835.548,15.135,15.160,3,126,318
1784771725372,2026-07-23T01:55:25.372Z,-23.6043144,-46.8365032,835.453,15.272,15.150,3,126,318
1784771725430,2026-07-23T01:55:25.430Z,-23.6043218,-46.8365005,835.411,15.399,15.280,3,126,318
1784771725488,2026-07-23T01:55:25.488Z,-23.6043291,-46.8364980,835.384,15.412,15.410,3,126,318
1784771725546,2026-07-23T01:55:25.546Z,-23.6043364,-46.8364957,835.373,15.439,15.420,3,126,318
1784771725604,2026-07-23T01:55:25.604Z,-23.6043440,-46.8364933,835.388,15.571,15.450,3,126,318
1784771725662,2026-07-23T01:55:25.662Z,-23.6043516,-46.8364911,835.417,15.691,15.580,3,126,318
1784771725720,2026-07-23T01:55:25.720Z,-23.6043590,-46.8364892,835.434,15.612,15.700,3,126,318
1784771725778,2026-07-23T01:55:25.778Z,-23.6043666,-46.8364872,835.425,15.619,15.620,3,126,318
1784771725836,2026-07-23T01:55:25.836Z,-23.6043742,-46.8364854,835.410,15.646,15.630,3,126,318
1784771725894,2026-07-23T01:55:25.894Z,-23.6043819,-46.8364832,835.413,15.760,15.650,3,126,318
1784771725952,2026-07-23T01:55:25.952Z,-23.6043897,-46.8364808,835.406,15.904,15.770,3,126,318
1784771726010,2026-07-23T01:55:26.010Z,-23.6043974,-46.8364784,835.409,15.960,15.910,3,126,318
1784771726068,2026-07-23T01:55:26.068Z,-23.6044052,-46.8364760,835.414,16.057,15.960,3,126,318
1784771726126,2026-07-23T01:55:26.126Z,-23.6044131,-46.8364733,835.423,16.214,16.060,3,126,318
1784771726185,2026-07-23T01:55:26.185Z,-23.6044211,-46.8364708,835.453,16.354,16.220,3,160,319
1784771726237,2026-07-23T01:55:26.237Z,-23.6044286,-46.8364680,835.490,16.280,16.360,3,160,319
1784771726289,2026-07-23T01:55:26.289Z,-23.6044361,-46.8364652,835.508,16.176,16.290,3,160,319
1784771726341,2026-07-23T01:55:26.341Z,-23.6044435,-46.8364626,835.474,16.026,16.180,3,160,319
1784771726393,2026-07-23T01:55:26.393Z,-23.6044511,-46.8364599,835.446,16.041,16.030,3,160,319
1784771726445,2026-07-23T01:55:26.445Z,-23.6044587,-46.8364571,835.385,16.064,16.040,3,160,319
1784771726497,2026-07-23T01:55:26.497Z,-23.6044664,-46.8364545,835.386,16.128,16.070,3,160,319
1784771726549,2026-07-23T01:55:26.549Z,-23.6044740,-46.8364516,835.402,16.157,16.130,3,160,319
1784771726601,2026-07-23T01:55:26.601Z,-23.6044814,-46.8364488,835.418,16.058,16.160,3,160,319
1784771726653,2026-07-23T01:55:26.653Z,-23.6044889,-46.8364461,835.427,16.035,16.060,3,160,319
1784771726706,2026-07-23T01:55:26.706Z,-23.6044965,-46.8364435,835.461,16.056,16.040,3,160,319
1784771726758,2026-07-23T01:55:26.758Z,-23.6045043,-46.8364409,835.499,16.149,16.060,3,160,319
1784771726810,2026-07-23T01:55:26.810Z,-23.6045121,-46.8364382,835.522,16.260,16.150,3,160,319
1784771726862,2026-07-23T01:55:26.862Z,-23.6045202,-46.8364355,835.557,16.480,16.260,3,160,319
1784771726914,2026-07-23T01:55:26.914Z,-23.6045283,-46.8364328,835.601,16.652,16.480,3,160,319
1784771726966,2026-07-23T01:55:26.966Z,-23.6045363,-46.8364301,835.603,16.699,16.660,3,160,319
1784771727018,2026-07-23T01:55:27.018Z,-23.6045444,-46.8364273,835.600,16.797,16.700,3,160,319
1784771727070,2026-07-23T01:55:27.070Z,-23.6045524,-46.8364246,835.613,16.820,16.800,3,160,319
1784771727122,2026-07-23T01:55:27.122Z,-23.6045604,-46.8364218,835.597,16.878,16.820,3,160,319
1784771727175,2026-07-23T01:55:27.175Z,-23.6045686,-46.8364186,835.551,17.030,16.880,3,160,320
1784771727230,2026-07-23T01:55:27.230Z,-23.6045767,-46.8364154,835.499,17.137,17.030,3,160,320
1784771727285,2026-07-23T01:55:27.285Z,-23.6045849,-46.8364122,835.464,17.230,17.140,3,160,320
1784771727340,2026-07-23T01:55:27.340Z,-23.6045931,-46.8364093,835.457,17.299,17.230,3,160,320
1784771727395,2026-07-23T01:55:27.395Z,-23.6046013,-46.8364064,835.404,17.289,17.300,3,160,320
1784771727450,2026-07-23T01:55:27.450Z,-23.6046095,-46.8364036,835.349,17.318,17.290,3,160,320
1784771727505,2026-07-23T01:55:27.505Z,-23.6046178,-46.8364006,835.298,17.432,17.320,3,160,320
1784771727560,2026-07-23T01:55:27.560Z,-23.6046261,-46.8363977,835.254,17.485,17.430,3,160,320
1784771727615,2026-07-23T01:55:27.615Z,-23.6046345,-46.8363947,835.229,17.540,17.490,3,160,320
1784771727670,2026-07-23T01:55:27.670Z,-23.6046427,-46.8363918,835.227,17.522,17.540,3,160,320
1784771727725,2026-07-23T01:55:27.725Z,-23.6046512,-46.8363892,835.207,17.630,17.520,3,160,320
1784771727780,2026-07-23T01:55:27.780Z,-23.6046597,-46.8363863,835.200,17.722,17.630,3,160,320
1784771727835,2026-07-23T01:55:27.835Z,-23.6046681,-46.8363832,835.182,17.761,17.720,3,160,320
1784771727890,2026-07-23T01:55:27.890Z,-23.6046767,-46.8363802,835.173,17.872,17.760,3,160,320
1784771727945,2026-07-23T01:55:27.945Z,-23.6046853,-46.8363773,835.166,17.949,17.870,3,160,320
1784771728000,2026-07-23T01:55:28.000Z,-23.6046938,-46.8363746,835.097,17.941,17.950,3,160,320
1784771728055,2026-07-23T01:55:28.055Z,-23.6047022,-46.8363716,835.072,17.899,17.940,3,160,320
1784771728110,2026-07-23T01:55:28.110Z,-23.6047108,-46.8363685,835.043,18.013,17.900,3,160,320
1784771728165,2026-07-23T01:55:28.165Z,-23.6047195,-46.8363653,834.974,18.185,18.010,3,160,321
1784771728220,2026-07-23T01:55:28.220Z,-23.6047284,-46.8363623,834.942,18.345,18.190,3,160,321
1784771728275,2026-07-23T01:55:28.275Z,-23.6047371,-46.8363593,834.944,18.385,18.340,3,160,321
1784771728330,2026-07-23T01:55:28.330Z,-23.6047458,-46.8363563,834.912,18.370,18.390,3,160,321
1784771728385,2026-07-23T01:55:28.385Z,-23.6047544,-46.8363533,834.898,18.358,18.370,3,160,321
1784771728440,2026-07-23T01:55:28.440Z,-23.6047632,-46.8363503,834.876,18.385,18.360,3,160,321
1784771728495,2026-07-23T01:55:28.495Z,-23.6047720,-46.8363473,834.868,18.440,18.380,3,160,321
1784771728550,2026-07-23T01:55:28.550Z,-23.6047809,-46.8363442,834.861,18.572,18.440,3,160,321
1784771728605,2026-07-23T01:55:28.605Z,-23.6047897,-46.8363411,834.830,18.632,18.570,3,160,321
1784771728660,2026-07-23T01:55:28.660Z,-23.6047987,-46.8363383,834.797,18.705,18.630,3,160,321
1784771728715,2026-07-23T01:55:28.715Z,-23.6048077,-46.8363355,834.794,18.688,18.700,3,160,321
1784771728770,2026-07-23T01:55:28.770Z,-23.6048167,-46.8363324,834.765,18.808,18.690,3,160,321
1784771728825,2026-07-23T01:55:28.825Z,-23.6048257,-46.8363294,834.734,18.857,18.810,3,160,321
1784771728880,2026-07-23T01:55:28.880Z,-23.6048346,-46.8363264,834.702,18.837,18.860,3,160,321
1784771728935,2026-07-23T01:55:28.935Z,-23.6048437,-46.8363235,834.679,18.913,18.840,3,160,321
1784771728990,2026-07-23T01:55:28.990Z,-23.6048528,-46.8363204,834.620,19.025,18.910,3,160,321
1784771729045,2026-07-23T01:55:29.045Z,-23.6048619,-46.8363172,834.603,19.078,19.030,3,160,321
1784771729100,2026-07-23T01:55:29.100Z,-23.6048711,-46.8363143,834.571,19.104,19.080,3,160,321
1784771729155,2026-07-23T01:55:29.155Z,-23.6048802,-46.8363116,834.619,19.090,19.100,3,160,322
1784771729213,2026-07-23T01:55:29.213Z,-23.6048895,-46.8363086,834.619,19.177,19.090,3,160,322
1784771729271,2026-07-23T01:55:29.271Z,-23.6048987,-46.8363053,834.559,19.303,19.180,3,160,322
1784771729329,2026-07-23T01:55:29.329Z,-23.6049082,-46.8363021,834.486,19.453,19.300,3,160,322
1784771729387,2026-07-23T01:55:29.387Z,-23.6049173,-46.8362989,834.465,19.455,19.450,3,160,322
1784771729445,2026-07-23T01:55:29.445Z,-23.6049265,-46.8362960,834.448,19.400,19.460,3,160,322
1784771729503,2026-07-23T01:55:29.503Z,-23.6049359,-46.8362928,834.448,19.513,19.400,3,160,322
1784771729561,2026-07-23T01:55:29.561Z,-23.6049453,-46.8362893,834.395,19.627,19.510,3,160,322
1784771729619,2026-07-23T01:55:29.619Z,-23.6049547,-46.8362861,834.380,19.711,19.630,3,160,322
1784771729677,2026-07-23T01:55:29.677Z,-23.6049639,-46.8362828,834.367,19.660,19.710,3,160,322
1784771729735,2026-07-23T01:55:29.735Z,-23.6049734,-46.8362798,834.329,19.750,19.660,3,160,322
1784771729793,2026-07-23T01:55:29.793Z,-23.6049829,-46.8362766,834.294,19.817,19.750,3,160,322
1784771729851,2026-07-23T01:55:29.851Z,-23.6049926,-46.8362732,834.274,19.989,19.820,3,160,322
1784771729909,2026-07-23T01:55:29.909Z,-23.6050019,-46.8362697,834.214,19.969,19.990,3,160,322
1784771729967,2026-07-23T01:55:29.967Z,-23.6050117,-46.8362662,834.125,20.174,19.970,3,160,322
1784771730025,2026-07-23T01:55:30.025Z,-23.6050214,-46.8362626,834.086,20.320,20.180,3,160,322
1784771730083,2026-07-23T01:55:30.083Z,-23.6050311,-46.8362591,834.034,20.422,20.320,3,160,322
1784771730141,2026-07-23T01:55:30.141Z,-23.6050408,-46.8362555,833.924,20.503,20.420,3,160,322
1784771730200,2026-07-23T01:55:30.200Z,-23.6050504,-46.8362524,833.923,20.424,20.510,3,137,323
1784771730255,2026-07-23T01:55:30.255Z,-23.6050600,-46.8362489,833.860,20.441,20.430,3,137,323
1784771730310,2026-07-23T01:55:30.310Z,-23.6050696,-46.8362455,833.794,20.472,20.440,3,137,323
1784771730365,2026-07-23T01:55:30.365Z,-23.6050794,-46.8362423,833.811,20.522,20.470,3,137,323
1784771730420,2026-07-23T01:55:30.420Z,-23.6050889,-46.8362387,833.710,20.527,20.520,3,137,323
1784771730475,2026-07-23T01:55:30.475Z,-23.6050986,-46.8362354,833.691,20.503,20.530,3,137,323
1784771730530,2026-07-23T01:55:30.530Z,-23.6051082,-46.8362319,833.612,20.546,20.510,3,137,323
1784771730585,2026-07-23T01:55:30.585Z,-23.6051179,-46.8362286,833.579,20.502,20.550,3,137,323
1784771730640,2026-07-23T01:55:30.640Z,-23.6051274,-46.8362250,833.548,20.505,20.510,3,137,323
1784771730695,2026-07-23T01:55:30.695Z,-23.6051371,-46.8362215,833.508,20.528,20.510,3,137,323
1784771730750,2026-07-23T01:55:30.750Z,-23.6051468,-46.8362175,833.349,20.693,20.530,3,137,323
1784771730805,2026-07-23T01:55:30.805Z,-23.6051563,-46.8362132,833.127,20.890,20.700,3,137,323
1784771730860,2026-07-23T01:55:30.860Z,-23.6051661,-46.8362095,833.064,20.906,20.900,3,137,323
1784771730915,2026-07-23T01:55:30.915Z,-23.6051758,-46.8362058,832.957,20.911,20.910,3,137,323
1784771730970,2026-07-23T01:55:30.970Z,-23.6051856,-46.8362019,832.861,20.972,20.920,3,137,323
1784771731025,2026-07-23T01:55:31.025Z,-23.6051955,-46.8361980,832.751,21.076,20.980,3,137,323
1784771731080,2026-07-23T01:55:31.080Z,-23.6052053,-46.8361944,832.709,21.009,21.080,3,137,323
1784771731135,2026-07-23T01:55:31.135Z,-23.6052151,-46.8361909,832.642,20.974,21.020,3,137,323
1784771731190,2026-07-23T01:55:31.190Z,-23.6052249,-46.8361874,832.615,20.935,20.980,3,137,324
1784771731248,2026-07-23T01:55:31.248Z,-23.6052347,-46.8361838,832.556,20.919,20.940,3,137,324
1784771731306,2026-07-23T01:55:31.306Z,-23.6052445,-46.8361802,832.509,20.929,20.930,3,137,324
1784771731364,2026-07-23T01:55:31.364Z,-23.6052543,-46.8361766,832.451,20.935,20.940,3,137,324
1784771731422,2026-07-23T01:55:31.422Z,-23.6052641,-46.8361730,832.411,20.912,20.940,3,137,324
1784771731480,2026-07-23T01:55:31.480Z,-23.6052740,-46.8361692,832.341,20.969,20.920,3,137,324
1784771731538,2026-07-23T01:55:31.538Z,-23.6052840,-46.8361659,832.354,20.955,20.980,3,137,324
1784771731596,2026-07-23T01:55:31.596Z,-23.6052939,-46.8361627,832.357,20.948,20.960,3,137,324
1784771731654,2026-07-23T01:55:31.654Z,-23.6053040,-46.8361592,832.309,21.029,20.960,3,137,324
1784771731712,2026-07-23T01:55:31.712Z,-23.6053139,-46.8361556,832.283,21.031,21.040,3,137,324
1784771731770,2026-07-23T01:55:31.770Z,-23.6053239,-46.8361524,832.343,20.946,21.040,3,137,324
1784771731828,2026-07-23T01:55:31.828Z,-23.6053338,-46.8361491,832.331,20.939,20.950,3,137,324
1784771731886,2026-07-23T01:55:31.886Z,-23.6053436,-46.8361453,832.258,20.965,20.950,3,137,324
1784771731944,2026-07-23T01:55:31.944Z,-23.6053536,-46.8361417,832.252,21.003,20.970,3,137,324
1784771732002,2026-07-23T01:55:32.002Z,-23.6053634,-46.8361379,832.199,21.000,21.010,3,137,324
1784771732060,2026-07-23T01:55:32.060Z,-23.6053733,-46.8361343,832.161,20.975,21.010,3,137,324
1784771732118,2026-07-23T01:55:32.118Z,-23.6053832,-46.8361307,832.114,21.008,20.980,3,137,324
1784771732176,2026-07-23T01:55:32.176Z,-23.6053930,-46.8361271,832.067,20.987,21.020,3,137,324
1784771732235,2026-07-23T01:55:32.235Z,-23.6054028,-46.8361233,831.997,21.015,20.990,3,140,325
1784771732284,2026-07-23T01:55:32.284Z,-23.6054126,-46.8361198,831.957,20.949,21.020,3,140,325
1784771732333,2026-07-23T01:55:32.333Z,-23.6054224,-46.8361166,831.969,20.849,20.960,3,140,325
1784771732382,2026-07-23T01:55:32.382Z,-23.6054321,-46.8361139,832.073,20.582,20.860,3,140,325
1784771732431,2026-07-23T01:55:32.431Z,-23.6054414,-46.8361104,832.052,20.353,20.590,3,140,325
1784771732481,2026-07-23T01:55:32.481Z,-23.6054509,-46.8361072,832.041,20.299,20.360,3,140,325
1784771732530,2026-07-23T01:55:32.530Z,-23.6054606,-46.8361047,832.057,20.111,20.310,3,140,325
1784771732579,2026-07-23T01:55:32.579Z,-23.6054699,-46.8361023,832.064,19.808,20.120,3,140,325
1784771732628,2026-07-23T01:55:32.628Z,-23.6054792,-46.8360997,832.078,19.617,19.810,3,140,325
1784771732677,2026-07-23T01:55:32.677Z,-23.6054884,-46.8360966,832.004,19.607,19.620,3,140,325
1784771732727,2026-07-23T01:55:32.727Z,-23.6054973,-46.8360934,831.976,19.466,19.610,3,140,325
1784771732776,2026-07-23T01:55:32.776Z,-23.6055063,-46.8360902,831.909,19.393,19.470,3,140,325
1784771732825,2026-07-23T01:55:32.825Z,-23.6055154,-46.8360873,831.936,19.310,19.400,3,140,325
1784771732874,2026-07-23T01:55:32.874Z,-23.6055246,-46.8360849,832.057,19.190,19.320,3,140,325
1784771732923,2026-07-23T01:55:32.923Z,-23.6055337,-46.8360818,832.166,19.105,19.200,3,140,325
1784771732973,2026-07-23T01:55:32.973Z,-23.6055421,-46.8360785,832.045,18.922,19.110,3,140,325
1784771733022,2026-07-23T01:55:33.022Z,-23.6055510,-46.8360760,831.880,18.888,18.930,3,140,325
1784771733071,2026-07-23T01:55:33.071Z,-23.6055604,-46.8360741,831.825,18.944,18.890,3,140,325
1784771733120,2026-07-23T01:55:33.120Z,-23.6055690,-46.8360718,831.792,18.757,18.950,3,140,325
1784771733170,2026-07-23T01:55:33.170Z,-23.6055778,-46.8360698,831.747,18.629,18.760,3,140,326
1784771733225,2026-07-23T01:55:33.225Z,-23.6055866,-46.8360679,831.643,18.583,18.640,3,140,326
1784771733280,2026-07-23T01:55:33.280Z,-23.6055956,-46.8360662,831.586,18.548,18.590,3,140,326
1784771733335,2026-07-23T01:55:33.335Z,-23.6056045,-46.8360647,831.572,18.455,18.560,3,140,326
1784771733390,2026-07-23T01:55:33.390Z,-23.6056132,-46.8360635,831.560,18.301,18.460,3,140,326
1784771733445,2026-07-23T01:55:33.445Z,-23.6056220,-46.8360627,831.518,18.195,18.310,3,140,326
1784771733500,2026-07-23T01:55:33.500Z,-23.6056308,-46.8360625,831.536,18.090,18.200,3,140,326
1784771733555,2026-07-23T01:55:33.555Z,-23.6056398,-46.8360623,831.558,18.046,18.100,3,140,326
1784771733610,2026-07-23T01:55:33.610Z,-23.6056485,-46.8360635,831.679,17.801,18.050,3,140,326
1784771733665,2026-07-23T01:55:33.665Z,-23.6056573,-46.8360648,831.760,17.705,17.810,3,140,326
1784771733720,2026-07-23T01:55:33.720Z,-23.6056660,-46.8360659,831.819,17.584,17.710,3,140,326
1784771733775,2026-07-23T01:55:33.775Z,-23.6056745,-46.8360672,831.814,17.504,17.590,3,140,326
1784771733830,2026-07-23T01:55:33.830Z,-23.6056830,-46.8360683,831.748,17.503,17.510,3,140,326
1784771733885,2026-07-23T01:55:33.885Z,-23.6056917,-46.8360697,831.730,17.548,17.510,3,140,326
1784771733940,2026-07-23T01:55:33.940Z,-23.6057001,-46.8360709,831.762,17.389,17.550,3,140,326
1784771733995,2026-07-23T01:55:33.995Z,-23.6057081,-46.8360719,831.611,17.322,17.390,3,140,326
1784771734050,2026-07-23T01:55:34.050Z,-23.6057163,-46.8360733,831.559,17.240,17.330,3,140,326
1784771734105,2026-07-23T01:55:34.105Z,-23.6057244,-46.8360751,831.513,17.118,17.250,3,140,326
1784771734160,2026-07-23T01:55:34.160Z,-23.6057323,-46.8360771,831.453,16.967,17.120,3,126,327
1784771734215,2026-07-23T01:55:34.215Z,-23.6057398,-46.8360791,831.356,16.747,16.970,3,126,327
1784771734270,2026-07-23T01:55:34.270Z,-23.6057472,-46.8360827,831.275,16.598,16.750,3,126,327
1784771734325,2026-07-23T01:55:34.325Z,-23.6057547,-46.8360865,831.268,16.564,16.610,3,126,327
1784771734380,2026-07-23T01:55:34.380Z,-23.6057619,-46.8360903,831.227,16.400,16.570,3,126,327
1784771734435,2026-07-23T01:55:34.435Z,-23.6057686,-46.8360941,831.048,16.269,16.410,3,126,327
1784771734490,2026-07-23T01:55:34.490Z,-23.6057748,-46.8360980,830.928,15.931,16.280,3,126,327
1784771734545,2026-07-23T01:55:34.545Z,-23.6057808,-46.8361024,830.767,15.740,15.940,3,126,327
1784771734600,2026-07-23T01:55:34.600Z,-23.6057869,-46.8361071,830.575,15.758,15.750,3,126,327
1784771734655,2026-07-23T01:55:34.655Z,-23.6057930,-46.8361116,830.466,15.584,15.770,3,126,327
1784771734710,2026-07-23T01:55:34.710Z,-23.6057987,-46.8361163,830.321,15.437,15.600,3,126,327
1784771734765,2026-07-23T01:55:34.765Z,-23.6058051,-46.8361215,830.278,15.563,15.450,3,126,327
1784771734820,2026-07-23T01:55:34.820Z,-23.6058115,-46.8361267,830.278,15.587,15.580,3,126,327
1784771734875,2026-07-23T01:55:34.875Z,-23.6058174,-46.8361319,830.279,15.458,15.600,3,126,327
1784771734930,2026-07-23T01:55:34.930Z,-23.6058230,-46.8361369,830.237,15.257,15.470,3,126,327
1784771734985,2026-07-23T01:55:34.985Z,-23.6058281,-46.8361420,830.162,15.007,15.270,3,126,327
1784771735040,2026-07-23T01:55:35.040Z,-23.6058331,-46.8361476,830.072,14.947,15.020,3,126,327
1784771735095,2026-07-23T01:55:35.095Z,-23.6058378,-46.8361536,830.032,14.808,14.960,3,126,327
1784771735150,2026-07-23T01:55:35.150Z,-23.6058423,-46.8361596,829.926,14.762,14.820,3,134,328
1784771735205,2026-07-23T01:55:35.205Z,-23.6058466,-46.8361658,829.794,14.761,14.780,3,134,328
1784771735260,2026-07-23T01:55:35.260Z,-23.6058506,-46.8361742,829.880,14.908,14.780,3,134,328
1784771735315,2026-07-23T01:55:35.315Z,-23.6058544,-46.8361820,829.962,14.893,14.920,3,134,328
1784771735370,2026-07-23T01:55:35.370Z,-23.6058578,-46.8361894,829.906,14.938,14.910,3,134,328
1784771735425,2026-07-23T01:55:35.425Z,-23.6058608,-46.8361965,829.735,14.961,14.950,3,134,328
1784771735480,2026-07-23T01:55:35.480Z,-23.6058627,-46.8362051,829.903,14.773,14.980,3,134,328
1784771735535,2026-07-23T01:55:35.535Z,-23.6058653,-46.8362132,830.028,14.721,14.790,3,134,328
1784771735590,2026-07-23T01:55:35.590Z,-23.6058677,-46.8362210,830.033,14.726,14.730,3,134,328
1784771735645,2026-07-23T01:55:35.645Z,-23.6058699,-46.8362293,830.063,14.834,14.740,3,134,328
1784771735700,2026-07-23T01:55:35.700Z,-23.6058716,-46.8362371,830.137,14.675,14.850,3,134,328
1784771735755,2026-07-23T01:55:35.755Z,-23.6058725,-46.8362454,830.255,14.533,14.680,3,134,328
1784771735810,2026-07-23T01:55:35.810Z,-23.6058737,-46.8362532,830.265,14.467,14.540,3,134,328
1784771735865,2026-07-23T01:55:35.865Z,-23.6058740,-46.8362609,830.194,14.413,14.480,3,134,328
1784771735920,2026-07-23T01:55:35.920Z,-23.6058738,-46.8362688,830.072,14.463,14.420,3,134,328
1784771735975,2026-07-23T01:55:35.975Z,-23.6058733,-46.8362772,829.971,14.654,14.470,3,134,328
1784771736030,2026-07-23T01:55:36.030Z,-23.6058730,-46.8362857,829.964,14.807,14.660,3,134,328
1784771736085,2026-07-23T01:55:36.085Z,-23.6058716,-46.8362937,829.775,14.942,14.820,3,134,328
1784771736140,2026-07-23T01:55:36.140Z,-23.6058707,-46.8363021,829.782,14.990,14.950,3,134,329
1784771736198,2026-07-23T01:55:36.198Z,-23.6058697,-46.8363107,829.874,15.015,15.000,3,134,329
1784771736256,2026-07-23T01:55:36.256Z,-23.6058683,-46.8363193,829.852,15.237,15.020,3,134,329
1784771736314,2026-07-23T01:55:36.314Z,-23.6058670,-46.8363283,829.932,15.478,15.240,3,134,329
1784771736372,2026-07-23T01:55:36.372Z,-23.6058656,-46.8363368,829.911,15.580,15.490,3,134,329
1784771736430,2026-07-23T01:55:36.430Z,-23.6058638,-46.8363447,829.792,15.525,15.590,3,134,329
1784771736488,2026-07-23T01:55:36.488Z,-23.6058618,-46.8363528,829.662,15.625,15.530,3,134,329
1784771736546,2026-07-23T01:55:36.546Z,-23.6058603,-46.8363613,829.575,15.792,15.630,3,134,329
1784771736604,2026-07-23T01:55:36.604Z,-23.6058589,-46.8363696,829.485,15.869,15.800,3,134,329
1784771736662,2026-07-23T01:55:36.662Z,-23.6058581,-46.8363784,829.494,15.929,15.880,3,134,329
1784771736720,2026-07-23T01:55:36.720Z,-23.6058580,-46.8363872,829.652,15.829,15.940,3,134,329
1784771736778,2026-07-23T01:55:36.778Z,-23.6058576,-46.8363952,829.639,15.550,15.840,3,134,329
1784771736836,2026-07-23T01:55:36.836Z,-23.6058571,-46.8364028,829.407,15.485,15.560,3,134,329
1784771736894,2026-07-23T01:55:36.894Z,-23.6058565,-46.8364105,829.179,15.468,15.490,3,134,329
1784771736952,2026-07-23T01:55:36.952Z,-23.6058560,-46.8364187,829.007,15.573,15.480,3,134,329
1784771737010,2026-07-23T01:55:37.010Z,-23.6058560,-46.8364271,828.887,15.736,15.590,3,134,329
1784771737068,2026-07-23T01:55:37.068Z,-23.6058564,-46.8364355,828.733,15.843,15.750,3,134,329
1784771737126,2026-07-23T01:55:37.126Z,-23.6058569,-46.8364437,828.506,15.977,15.860,3,134,329
1784771737185,2026-07-23T01:55:37.185Z,-23.6058573,-46.8364516,828.270,15.939,16.000,3,134,330
1784771737237,2026-07-23T01:55:37.237Z,-23.6058582,-46.8364597,828.176,15.821,15.960,3,134,330
1784771737289,2026-07-23T01:55:37.289Z,-23.6058589,-46.8364687,828.123,16.066,15.840,3,134,330
1784771737341,2026-07-23T01:55:37.341Z,-23.6058598,-46.8364778,828.037,16.353,16.090,3,134,330
1784771737393,2026-07-23T01:55:37.393Z,-23.6058610,-46.8364854,827.894,15.975,16.380,3,134,330
1784771737445,2026-07-23T01:55:37.445Z,-23.6058622,-46.8364937,827.698,16.048,16.000,3,134,330
1784771737497,2026-07-23T01:55:37.497Z,-23.6058634,-46.8365014,827.342,16.096,16.080,3,134,330
1784771737549,2026-07-23T01:55:37.549Z,-23.6058652,-46.8365098,827.265,16.186,16.130,3,134,330
1784771737601,2026-07-23T01:55:37.601Z,-23.6058673,-46.8365184,827.326,16.133,16.220,3,134,330
1784771737653,2026-07-23T01:55:37.653Z,-23.6058697,-46.8365266,827.167,16.263,16.170,3,134,330
1784771737706,2026-07-23T01:55:37.706Z,-23.6058723,-46.8365345,827.064,16.169,16.300,3,134,330
1784771737758,2026-07-23T01:55:37.758Z,-23.6058751,-46.8365426,827.011,16.109,16.210,3,134,330
1784771737810,2026-07-23T01:55:37.810Z,-23.6058786,-46.8365503,826.860,16.205,16.150,3,134,330
1784771737862,2026-07-23T01:55:37.862Z,-23.6058828,-46.8365573,826.679,16.060,16.240,3,134,330
1784771737914,2026-07-23T01:55:37.914Z,-23.6058875,-46.8365645,826.567,16.158,16.100,3,134,330
1784771737966,2026-07-23T01:55:37.966Z,-23.6058921,-46.8365715,826.285,16.386,16.200,3,134,330
1784771738018,2026-07-23T01:55:38.018Z,-23.6058964,-46.8365795,826.266,16.543,16.430,3,134,330
1784771738070,2026-07-23T01:55:38.070Z,-23.6059008,-46.8365872,826.186,16.647,16.590,3,134,330
1784771738122,2026-07-23T01:55:38.122Z,-23.6059055,-46.8365951,826.121,16.835,16.690,3,134,330
1784771738175,2026-07-23T01:55:38.175Z,-23.6059100,-46.8366026,825.931,16.961,16.880,3,134,331
1784771738230,2026-07-23T01:55:38.230Z,-23.6059143,-46.8366103,825.850,16.901,17.010,3,134,331
1784771738285,2026-07-23T01:55:38.285Z,-23.6059184,-46.8366183,825.754,17.021,16.950,3,134,331
1784771738340,2026-07-23T01:55:38.340Z,-23.6059225,-46.8366266,825.706,17.114,17.070,3,134,331
1784771738395,2026-07-23T01:55:38.395Z,-23.6059260,-46.8366348,825.582,17.080,17.160,3,134,331
1784771738450,2026-07-23T01:55:38.450Z,-23.6059292,-46.8366432,825.386,17.275,17.130,3,134,331
1784771738505,2026-07-23T01:55:38.505Z,-23.6059324,-46.8366519,825.281,17.401,17.330,3,134,331
1784771738560,2026-07-23T01:55:38.560Z,-23.6059357,-46.8366611,825.338,17.484,17.460,3,134,331
1784771738615,2026-07-23T01:55:38.615Z,-23.6059385,-46.8366699,825.272,17.420,17.530,3,134,331
1784771738670,2026-07-23T01:55:38.670Z,-23.6059410,-46.8366785,825.144,17.309,17.470,3,134,331
1784771738725,2026-07-23T01:55:38.725Z,-23.6059430,-46.8366877,825.029,17.532,17.360,3,134,331
1784771738780,2026-07-23T01:55:38.780Z,-23.6059448,-46.8366967,824.875,17.569,17.590,3,134,331
1784771738835,2026-07-23T01:55:38.835Z,-23.6059461,-46.8367060,824.773,17.591,17.620,3,134,331
1784771738890,2026-07-23T01:55:38.890Z,-23.6059474,-46.8367150,824.643,17.485,17.650,3,134,331
1784771738945,2026-07-23T01:55:38.945Z,-23.6059478,-46.8367233,824.366,17.191,17.540,3,134,331
1784771739000,2026-07-23T01:55:39.000Z,-23.6059483,-46.8367324,824.191,17.291,17.260,3,134,331
1784771739055,2026-07-23T01:55:39.055Z,-23.6059490,-46.8367416,824.068,17.319,17.360,3,134,331
1784771739110,2026-07-23T01:55:39.110Z,-23.6059494,-46.8367510,823.986,17.350,17.390,3,134,331
1784771739165,2026-07-23T01:55:39.165Z,-23.6059493,-46.8367605,823.847,17.520,17.420,3,137,332
1784771739220,2026-07-23T01:55:39.220Z,-23.6059490,-46.8367701,823.728,17.656,17.590,3,137,332
1784771739275,2026-07-23T01:55:39.275Z,-23.6059486,-46.8367796,823.594,17.678,17.730,3,137,332
1784771739330,2026-07-23T01:55:39.330Z,-23.6059482,-46.8367891,823.533,17.675,17.750,3,137,332
1784771739385,2026-07-23T01:55:39.385Z,-23.6059473,-46.8367989,823.491,17.758,17.750,3,137,332
1784771739440,2026-07-23T01:55:39.440Z,-23.6059462,-46.8368086,823.447,17.798,17.830,3,137,332
1784771739495,2026-07-23T01:55:39.495Z,-23.6059445,-46.8368181,823.402,17.828,17.870,3,137,332
1784771739550,2026-07-23T01:55:39.550Z,-23.6059426,-46.8368274,823.344,17.778,17.900,3,137,332
1784771739605,2026-07-23T01:55:39.605Z,-23.6059407,-46.8368371,823.230,17.969,17.850,3,137,332
1784771739660,2026-07-23T01:55:39.660Z,-23.6059384,-46.8368467,823.118,18.158,18.040,3,137,332
1784771739715,2026-07-23T01:55:39.715Z,-23.6059356,-46.8368562,823.012,18.276,18.230,3,137,332
1784771739770,2026-07-23T01:55:39.770Z,-23.6059327,-46.8368656,822.909,18.377,18.350,3,137,332
1784771739825,2026-07-23T01:55:39.825Z,-23.6059297,-46.8368743,822.766,18.208,18.450,3,137,332
1784771739880,2026-07-23T01:55:39.880Z,-23.6059263,-46.8368826,822.614,18.013,18.280,3,137,332
1784771739935,2026-07-23T01:55:39.935Z,-23.6059224,-46.8368912,822.464,18.050,18.090,3,137,332
1784771739990,2026-07-23T01:55:39.990Z,-23.6059185,-46.8368997,822.347,18.037,18.130,3,137,332
1784771740045,2026-07-23T01:55:40.045Z,-23.6059130,-46.8369068,822.152,17.918,18.120,3,137,332
1784771740100,2026-07-23T01:55:40.100Z,-23.6059074,-46.8369138,821.938,17.823,18.000,3,137,332
1784771740155,2026-07-23T01:55:40.155Z,-23.6059021,-46.8369214,821.880,17.740,17.910,3,137,333
1784771740213,2026-07-23T01:55:40.213Z,-23.6058965,-46.8369288,821.791,17.743,17.830,3,137,333
1784771740271,2026-07-23T01:55:40.271Z,-23.6058911,-46.8369368,821.754,17.819,17.830,3,137,333
1784771740329,2026-07-23T01:55:40.329Z,-23.6058855,-46.8369444,821.714,17.848,17.910,3,137,333
1784771740387,2026-07-23T01:55:40.387Z,-23.6058798,-46.8369521,821.719,17.866,17.930,3,137,333
1784771740445,2026-07-23T01:55:40.445Z,-23.6058739,-46.8369596,821.737,17.826,17.950,3,137,333
1784771740503,2026-07-23T01:55:40.503Z,-23.6058680,-46.8369666,821.764,17.675,17.900,3,137,333
1784771740561,2026-07-23T01:55:40.561Z,-23.6058612,-46.8369734,821.766,17.786,17.750,3,137,333
1784771740619,2026-07-23T01:55:40.619Z,-23.6058542,-46.8369801,821.757,17.952,17.850,3,137,333
1784771740677,2026-07-23T01:55:40.677Z,-23.6058467,-46.8369860,821.719,18.000,18.020,3,137,333
1784771740735,2026-07-23T01:55:40.735Z,-23.6058394,-46.8369922,821.702,18.076,18.060,3,137,333
1784771740793,2026-07-23T01:55:40.793Z,-23.6058325,-46.8369986,821.714,18.057,18.140,3,137,333
1784771740851,2026-07-23T01:55:40.851Z,-23.6058251,-46.8370049,821.754,18.146,18.110,3,137,333
1784771740909,2026-07-23T01:55:40.909Z,-23.6058177,-46.8370110,821.767,18.225,18.200,3,137,333
1784771740967,2026-07-23T01:55:40.967Z,-23.6058100,-46.8370166,821.738,18.262,18.270,3,137,333
1784771741025,2026-07-23T01:55:41.025Z,-23.6058023,-46.8370221,821.707,18.314,18.310,3,137,333
1784771741083,2026-07-23T01:55:41.083Z,-23.6057944,-46.8370277,821.702,18.373,18.360,3,137,333
1784771741141,2026-07-23T01:55:41.141Z,-23.6057866,-46.8370333,821.754,18.407,18.420,3,137,333
1784771741200,2026-07-23T01:55:41.200Z,-23.6057787,-46.8370386,821.741,18.434,18.450,3,139,334
1784771741255,2026-07-23T01:55:41.255Z,-23.6057705,-46.8370436,821.787,18.462,18.470,3,139,334
1784771741310,2026-07-23T01:55:41.310Z,-23.6057622,-46.8370483,821.799,18.482,18.500,3,139,334
1784771741365,2026-07-23T01:55:41.365Z,-23.6057539,-46.8370528,821.827,18.483,18.520,3,139,334
1784771741420,2026-07-23T01:55:41.420Z,-23.6057454,-46.8370573,821.865,18.488,18.520,3,139,334
1784771741475,2026-07-23T01:55:41.475Z,-23.6057370,-46.8370619,821.923,18.505,18.520,3,139,334
1784771741530,2026-07-23T01:55:41.530Z,-23.6057284,-46.8370663,822.060,18.473,18.530,3,139,334
1784771741585,2026-07-23T01:55:41.585Z,-23.6057201,-46.8370706,822.076,18.424,18.500,3,139,334
1784771741640,2026-07-23T01:55:41.640Z,-23.6057117,-46.8370747,822.085,18.376,18.450,3,139,334
1784771741695,2026-07-23T01:55:41.695Z,-23.6057034,-46.8370787,822.097,18.320,18.400,3,139,334
1784771741750,2026-07-23T01:55:41.750Z,-23.6056948,-46.8370828,822.104,18.446,18.340,3,139,334
1784771741805,2026-07-23T01:55:41.805Z,-23.6056864,-46.8370870,822.102,18.455,18.460,3,139,334
1784771741860,2026-07-23T01:55:41.860Z,-23.6056780,-46.8370913,822.090,18.506,18.470,3,139,334
1784771741915,2026-07-23T01:55:41.915Z,-23.6056695,-46.8370955,822.099,18.557,18.520,3,139,334
1784771741970,2026-07-23T01:55:41.970Z,-23.6056612,-46.8371001,822.134,18.534,18.570,3,139,334
1784771742025,2026-07-23T01:55:42.025Z,-23.6056527,-46.8371045,822.126,18.633,18.550,3,139,334
1784771742080,2026-07-23T01:55:42.080Z,-23.6056441,-46.8371086,822.153,18.676,18.650,3,139,334
1784771742135,2026-07-23T01:55:42.135Z,-23.6056354,-46.8371126,822.184,18.719,18.690,3,139,334
1784771742190,2026-07-23T01:55:42.190Z,-23.6056268,-46.8371164,822.229,18.631,18.730,3,148,335
1784771742245,2026-07-23T01:55:42.245Z,-23.6056181,-46.8371203,822.248,18.700,18.640,3,148,335
1784771742300,2026-07-23T01:55:42.300Z,-23.6056094,-46.8371241,822.286,18.701,18.710,3,148,335
1784771742355,2026-07-23T01:55:42.355Z,-23.6056005,-46.8371279,822.334,18.774,18.710,3,148,335
1784771742410,2026-07-23T01:55:42.410Z,-23.6055918,-46.8371317,822.366,18.753,18.780,3,148,335
1784771742465,2026-07-23T01:55:42.465Z,-23.6055830,-46.8371354,822.372,18.765,18.760,3,148,335
1784771742520,2026-07-23T01:55:42.520Z,-23.6055742,-46.8371390,822.433,18.749,18.770,3,148,335
1784771742575,2026-07-23T01:55:42.575Z,-23.6055653,-46.8371426,822.485,18.789,18.750,3,148,335
1784771742630,2026-07-23T01:55:42.630Z,-23.6055564,-46.8371456,822.475,18.788,18.790,3,148,335
1784771742685,2026-07-23T01:55:42.685Z,-23.6055474,-46.8371485,822.490,18.748,18.790,3,148,335
1784771742740,2026-07-23T01:55:42.740Z,-23.6055389,-46.8371514,822.494,18.442,18.750,3,148,335
1784771742795,2026-07-23T01:55:42.795Z,-23.6055306,-46.8371540,822.453,18.096,18.450,3,148,335
1784771742850,2026-07-23T01:55:42.850Z,-23.6055223,-46.8371571,822.487,17.944,18.100,3,148,335
1784771742905,2026-07-23T01:55:42.905Z,-23.6055134,-46.8371601,822.487,18.191,17.950,3,148,335
1784771742960,2026-07-23T01:55:42.960Z,-23.6055044,-46.8371633,822.510,18.427,18.190,3,148,335
1784771743015,2026-07-23T01:55:43.015Z,-23.6054952,-46.8371667,822.574,18.681,18.430,3,148,335
1784771743070,2026-07-23T01:55:43.070Z,-23.6054858,-46.8371701,822.635,18.951,18.680,3,148,335
1784771743125,2026-07-23T01:55:43.125Z,-23.6054766,-46.8371734,822.670,19.063,18.950,3,148,335
1784771743180,2026-07-23T01:55:43.180Z,-23.6054673,-46.8371768,822.718,19.200,19.060,3,139,336
1784771743232,2026-07-23T01:55:43.232Z,-23.6054579,-46.8371804,822.787,19.387,19.200,3,139,336
1784771743284,2026-07-23T01:55:43.284Z,-23.6054483,-46.8371849,822.825,19.706,19.390,3,139,336
1784771743336,2026-07-23T01:55:43.336Z,-23.6054389,-46.8371891,822.853,19.893,19.710,3,139,336
1784771743388,2026-07-23T01:55:43.388Z,-23.6054296,-46.8371928,822.865,19.921,19.890,3,139,336
1784771743440,2026-07-23T01:55:43.440Z,-23.6054205,-46.8371963,822.897,19.799,19.920,3,139,336
1784771743492,2026-07-23T01:55:43.492Z,-23.6054113,-46.8371999,822.919,19.761,19.800,3,139,336
1784771743544,2026-07-23T01:55:43.544Z,-23.6054020,-46.8372031,822.979,19.670,19.760,3,139,336
1784771743596,2026-07-23T01:55:43.596Z,-23.6053929,-46.8372062,823.062,19.496,19.670,3,139,336
1784771743648,2026-07-23T01:55:43.648Z,-23.6053837,-46.8372091,823.076,19.414,19.500,3,139,336
1784771743701,2026-07-23T01:55:43.701Z,-23.6053743,-46.8372120,823.132,19.403,19.410,3,139,336
1784771743753,2026-07-23T01:55:43.753Z,-23.6053651,-46.8372146,823.159,19.332,19.400,3,139,336
1784771743805,2026-07-23T01:55:43.805Z,-23.6053556,-46.8372168,823.170,19.355,19.330,3,139,336
1784771743857,2026-07-23T01:55:43.857Z,-23.6053461,-46.8372184,823.178,19.313,19.350,3,139,336
1784771743909,2026-07-23T01:55:43.909Z,-23.6053366,-46.8372201,823.205,19.306,19.310,3,139,336
1784771743961,2026-07-23T01:55:43.961Z,-23.6053272,-46.8372220,823.240,19.276,19.310,3,139,336
1784771744013,2026-07-23T01:55:44.013Z,-23.6053177,-46.8372237,823.280,19.271,19.280,3,139,336
1784771744065,2026-07-23T01:55:44.065Z,-23.6053081,-46.8372253,823.286,19.352,19.270,3,139,336
1784771744117,2026-07-23T01:55:44.117Z,-23.6052985,-46.8372268,823.285,19.369,19.350,3,139,336
1784771744170,2026-07-23T01:55:44.170Z,-23.6052890,-46.8372280,823.302,19.368,19.370,3,145,337
1784771744225,2026-07-23T01:55:44.225Z,-23.6052796,-46.8372291,823.295,19.280,19.370,3,145,337
1784771744280,2026-07-23T01:55:44.280Z,-23.6052703,-46.8372301,823.323,19.178,19.280,3,145,337
1784771744335,2026-07-23T01:55:44.335Z,-23.6052608,-46.8372308,823.347,19.143,19.180,3,145,337
1784771744390,2026-07-23T01:55:44.390Z,-23.6052513,-46.8372314,823.387,19.120,19.140,3,145,337
1784771744445,2026-07-23T01:55:44.445Z,-23.6052417,-46.8372319,823.398,19.192,19.120,3,145,337
1784771744500,2026-07-23T01:55:44.500Z,-23.6052321,-46.8372320,823.441,19.163,19.190,3,145,337
1784771744555,2026-07-23T01:55:44.555Z,-23.6052227,-46.8372319,823.470,19.100,19.160,3,145,337
1784771744610,2026-07-23T01:55:44.610Z,-23.6052133,-46.8372317,823.495,18.996,19.100,3,145,337
1784771744665,2026-07-23T01:55:44.665Z,-23.6052036,-46.8372314,823.522,19.111,19.000,3,145,337
1784771744720,2026-07-23T01:55:44.720Z,-23.6051940,-46.8372310,823.562,19.167,19.110,3,145,337
1784771744775,2026-07-23T01:55:44.775Z,-23.6051844,-46.8372301,823.656,19.158,19.170,3,145,337
1784771744830,2026-07-23T01:55:44.830Z,-23.6051746,-46.8372286,823.717,19.312,19.160,3,145,337
1784771744885,2026-07-23T01:55:44.885Z,-23.6051652,-46.8372272,823.724,19.226,19.310,3,145,337
1784771744940,2026-07-23T01:55:44.940Z,-23.6051555,-46.8372256,823.795,19.318,19.230,3,145,337
1784771744995,2026-07-23T01:55:44.995Z,-23.6051460,-46.8372238,823.836,19.346,19.320,3,145,337
1784771745050,2026-07-23T01:55:45.050Z,-23.6051367,-46.8372216,823.871,19.277,19.350,3,145,337
1784771745105,2026-07-23T01:55:45.105Z,-23.6051274,-46.8372192,823.921,19.231,19.280,3,145,337
1784771745160,2026-07-23T01:55:45.160Z,-23.6051183,-46.8372168,823.980,19.110,19.230,3,145,338
1784771745218,2026-07-23T01:55:45.218Z,-23.6051091,-46.8372142,824.042,19.079,19.110,3,145,338
1784771745276,2026-07-23T01:55:45.276Z,-23.6050998,-46.8372117,824.097,19.117,19.080,3,145,338
1784771745334,2026-07-23T01:55:45.334Z,-23.6050906,-46.8372091,824.131,19.113,19.120,3,145,338
1784771745392,2026-07-23T01:55:45.392Z,-23.6050812,-46.8372063,824.167,19.227,19.120,3,145,338
1784771745450,2026-07-23T01:55:45.450Z,-23.6050718,-46.8372034,824.197,19.331,19.230,3,145,338
1784771745508,2026-07-23T01:55:45.508Z,-23.6050625,-46.8372002,824.248,19.342,19.330,3,145,338
1784771745566,2026-07-23T01:55:45.566Z,-23.6050534,-46.8371971,824.271,19.303,19.340,3,145,338
1784771745624,2026-07-23T01:55:45.624Z,-23.6050443,-46.8371936,824.303,19.299,19.310,3,145,338
1784771745682,2026-07-23T01:55:45.682Z,-23.6050351,-46.8371898,824.363,19.380,19.300,3,145,338
1784771745740,2026-07-23T01:55:45.740Z,-23.6050263,-46.8371861,824.407,19.297,19.380,3,145,338
1784771745798,2026-07-23T01:55:45.798Z,-23.6050173,-46.8371824,824.459,19.304,19.300,3,145,338
1784771745856,2026-07-23T01:55:45.856Z,-23.6050083,-46.8371788,824.522,19.316,19.310,3,145,338
1784771745914,2026-07-23T01:55:45.914Z,-23.6049993,-46.8371752,824.584,19.320,19.320,3,145,338
1784771745972,2026-07-23T01:55:45.972Z,-23.6049903,-46.8371715,824.638,19.333,19.320,3,145,338
1784771746030,2026-07-23T01:55:46.030Z,-23.6049814,-46.8371675,824.686,19.307,19.340,3,145,338
1784771746088,2026-07-23T01:55:46.088Z,-23.6049727,-46.8371632,824.748,19.298,19.310,3,145,338
1784771746146,2026-07-23T01:55:46.146Z,-23.6049640,-46.8371587,824.778,19.314,19.300,3,145,338
1784771746205,2026-07-23T01:55:46.205Z,-23.6049553,-46.8371544,824.822,19.291,19.320,3,143,339
1784771746263,2026-07-23T01:55:46.263Z,-23.6049468,-46.8371499,824.892,19.212,19.300,3,143,339
1784771746321,2026-07-23T01:55:46.321Z,-23.6049383,-46.8371454,824.966,19.205,19.220,3,143,339
1784771746379,2026-07-23T01:55:46.379Z,-23.6049296,-46.8371406,825.013,19.290,19.210,3,143,339
1784771746437,2026-07-23T01:55:46.437Z,-23.6049210,-46.8371357,825.079,19.401,19.300,3,143,339
1784771746495,2026-07-23T01:55:46.495Z,-23.6049125,-46.8371309,825.170,19.343,19.410,3,143,339
1784771746553,2026-07-23T01:55:46.553Z,-23.6049047,-46.8371256,825.375,19.203,19.350,3,143,339
1784771746611,2026-07-23T01:55:46.611Z,-23.6048968,-46.8371200,825.472,19.163,19.210,3,143,339
1784771746669,2026-07-23T01:55:46.669Z,-23.6048888,-46.8371144,825.504,19.151,19.170,3,143,339
1784771746727,2026-07-23T01:55:46.727Z,-23.6048808,-46.8371089,825.521,19.153,19.160,3,143,339
1784771746785,2026-07-23T01:55:46.785Z,-23.6048731,-46.8371034,825.610,18.972,19.160,3,143,339
1784771746843,2026-07-23T01:55:46.843Z,-23.6048657,-46.8370978,825.717,18.764,18.980,3,143,339
1784771746901,2026-07-23T01:55:46.901Z,-23.6048585,-46.8370918,825.822,18.620,18.780,3,143,339
1784771746959,2026-07-23T01:55:46.959Z,-23.6048517,-46.8370857,825.888,18.389,18.630,3,143,339
1784771747017,2026-07-23T01:55:47.017Z,-23.6048450,-46.8370794,825.950,18.261,18.400,3,143,339
1784771747075,2026-07-23T01:55:47.075Z,-23.6048385,-46.8370731,826.029,18.053,18.270,3,143,339
1784771747133,2026-07-23T01:55:47.133Z,-23.6048323,-46.8370667,826.113,17.802,18.070,3,143,339
1784771747191,2026-07-23T01:55:47.191Z,-23.6048263,-46.8370601,826.209,17.544,17.820,3,143,339
1784771747250,2026-07-23T01:55:47.250Z,-23.6048204,-46.8370536,826.289,17.356,17.560,3,143,340
1784771747299,2026-07-23T01:55:47.299Z,-23.6048147,-46.8370469,826.314,17.203,17.370,3,143,340
1784771747348,2026-07-23T01:55:47.348Z,-23.6048093,-46.8370403,826.406,16.920,17.220,3,143,340
1784771747397,2026-07-23T01:55:47.397Z,-23.6048041,-46.8370338,826.523,16.612,16.940,3,143,340
1784771747446,2026-07-23T01:55:47.446Z,-23.6047991,-46.8370268,826.552,16.492,16.630,3,143,340
1784771747496,2026-07-23T01:55:47.496Z,-23.6047947,-46.8370199,826.624,16.150,16.510,3,143,340
1784771747545,2026-07-23T01:55:47.545Z,-23.6047905,-46.8370127,826.668,15.929,16.170,3,143,340
1784771747594,2026-07-23T01:55:47.594Z,-23.6047867,-46.8370056,826.742,15.592,15.950,3,143,340
1784771747643,2026-07-23T01:55:47.643Z,-23.6047833,-46.8369983,826.831,15.328,15.610,3,143,340
1784771747692,2026-07-23T01:55:47.692Z,-23.6047800,-46.8369910,826.864,15.155,15.350,3,143,340
1784771747742,2026-07-23T01:55:47.742Z,-23.6047771,-46.8369838,826.918,14.842,15.180,3,143,340
1784771747791,2026-07-23T01:55:47.791Z,-23.6047742,-46.8369766,826.937,14.657,14.870,3,143,340
1784771747840,2026-07-23T01:55:47.840Z,-23.6047717,-46.8369694,826.977,14.408,14.680,3,143,340
1784771747889,2026-07-23T01:55:47.889Z,-23.6047696,-46.8369622,827.005,14.180,14.430,3,143,340
1784771747938,2026-07-23T01:55:47.938Z,-23.6047677,-46.8369550,827.011,13.983,14.200,3,143,340
1784771747988,2026-07-23T01:55:47.988Z,-23.6047662,-46.8369477,827.002,13.784,14.010,3,143,340
1784771748037,2026-07-23T01:55:48.037Z,-23.6047651,-46.8369408,827.012,13.473,13.810,3,143,340
1784771748086,2026-07-23T01:55:48.086Z,-23.6047639,-46.8369343,827.041,13.101,13.490,3,143,340
1784771748135,2026-07-23T01:55:48.135Z,-23.6047628,-46.8369278,827.081,12.804,13.120,3,143,340
1784771748185,2026-07-23T01:55:48.185Z,-23.6047619,-46.8369215,827.130,12.506,12.830,3,143,341
1784771748243,2026-07-23T01:55:48.243Z,-23.6047613,-46.8369152,827.185,12.246,12.530,3,143,341
1784771748301,2026-07-23T01:55:48.301Z,-23.6047610,-46.8369091,827.234,11.943,12.270,3,143,341
1784771748359,2026-07-23T01:55:48.359Z,-23.6047612,-46.8369031,827.272,11.663,11.970,3,143,341
1784771748417,2026-07-23T01:55:48.417Z,-23.6047616,-46.8368969,827.291,11.576,11.690,3,143,341
1784771748475,2026-07-23T01:55:48.475Z,-23.6047624,-46.8368905,827.338,11.568,11.600,3,143,341
1784771748533,2026-07-23T01:55:48.533Z,-23.6047637,-46.8368844,827.393,11.450,11.590,3,143,341
1784771748591,2026-07-23T01:55:48.591Z,-23.6047651,-46.8368785,827.431,11.303,11.480,3,143,341
1784771748649,2026-07-23T01:55:48.649Z,-23.6047669,-46.8368729,827.449,11.118,11.330,3,143,341
1784771748707,2026-07-23T01:55:48.707Z,-23.6047689,-46.8368678,827.474,10.807,11.140,3,143,341
1784771748765,2026-07-23T01:55:48.765Z,-23.6047710,-46.8368626,827.503,10.678,10.830,3,143,341
1784771748823,2026-07-23T01:55:48.823Z,-23.6047732,-46.8368575,827.531,10.547,10.700,3,143,341
1784771748881,2026-07-23T01:55:48.881Z,-23.6047753,-46.8368526,827.593,10.399,10.570,3,143,341
1784771748939,2026-07-23T01:55:48.939Z,-23.6047778,-46.8368475,827.628,10.405,10.420,3,143,341
1784771748997,2026-07-23T01:55:48.997Z,-23.6047807,-46.8368432,827.604,10.181,10.430,3,143,341
1784771749055,2026-07-23T01:55:49.055Z,-23.6047843,-46.8368391,827.569,10.087,10.200,3,143,341
1784771749113,2026-07-23T01:55:49.113Z,-23.6047879,-46.8368352,827.558,10.043,10.110,3,143,341
1784771749171,2026-07-23T01:55:49.171Z,-23.6047916,-46.8368311,827.555,10.096,10.060,3,143,341
1784771749230,2026-07-23T01:55:49.230Z,-23.6047953,-46.8368271,827.569,10.157,10.120,3,138,342
1784771749282,2026-07-23T01:55:49.282Z,-23.6047997,-46.8368234,827.555,10.283,10.180,3,138,342
1784771749334,2026-07-23T01:55:49.334Z,-23.6048046,-46.8368201,827.544,10.484,10.300,3,138,342
1784771749386,2026-07-23T01:55:49.386Z,-23.6048091,-46.8368173,827.577,10.398,10.500,3,138,342
1784771749438,2026-07-23T01:55:49.438Z,-23.6048136,-46.8368144,827.593,10.397,10.410,3,138,342
1784771749490,2026-07-23T01:55:49.490Z,-23.6048182,-46.8368120,827.561,10.353,10.410,3,138,342
1784771749542,2026-07-23T01:55:49.542Z,-23.6048225,-46.8368101,827.530,10.137,10.370,3,138,342
1784771749594,2026-07-23T01:55:49.594Z,-23.6048276,-46.8368086,827.480,10.179,10.150,3,138,342
1784771749646,2026-07-23T01:55:49.646Z,-23.6048327,-46.8368070,827.429,10.284,10.190,3,138,342
1784771749698,2026-07-23T01:55:49.698Z,-23.6048378,-46.8368062,827.250,10.289,10.290,3,138,342
1784771749751,2026-07-23T01:55:49.751Z,-23.6048432,-46.8368059,827.120,10.405,10.290,3,138,342
1784771749803,2026-07-23T01:55:49.803Z,-23.6048485,-46.8368056,827.091,10.486,10.410,3,138,342
1784771749855,2026-07-23T01:55:49.855Z,-23.6048537,-46.8368057,827.023,10.529,10.490,3,138,342
1784771749907,2026-07-23T01:55:49.907Z,-23.6048590,-46.8368064,826.961,10.629,10.530,3,138,342
1784771749959,2026-07-23T01:55:49.959Z,-23.6048636,-46.8368083,827.053,10.466,10.630,3,138,342
1784771750011,2026-07-23T01:55:50.011Z,-23.6048684,-46.8368096,827.138,10.411,10.470,3,138,342
1784771750063,2026-07-23T01:55:50.063Z,-23.6048734,-46.8368111,827.068,10.504,10.410,3,138,342
1784771750115,2026-07-23T01:55:50.115Z,-23.6048783,-46.8368134,827.093,10.600,10.510,3,138,342
1784771750167,2026-07-23T01:55:50.167Z,-23.6048829,-46.8368157,827.092,10.527,10.600,3,138,342
1784771750220,2026-07-23T01:55:50.220Z,-23.6048876,-46.8368181,827.010,10.634,10.530,3,138,343
1784771750278,2026-07-23T01:55:50.278Z,-23.6048925,-46.8368211,827.005,10.828,10.630,3,138,343
1784771750336,2026-07-23T01:55:50.336Z,-23.6048974,-46.8368241,827.068,10.911,10.830,3,138,343
1784771750394,2026-07-23T01:55:50.394Z,-23.6049019,-46.8368274,827.042,10.964,10.910,3,138,343
1784771750452,2026-07-23T01:55:50.452Z,-23.6049063,-46.8368313,827.027,11.056,10.960,3,138,343
1784771750511,2026-07-23T01:55:50.511Z,-23.6049107,-46.8368353,827.000,11.210,11.060,3,138,343
1784771750569,2026-07-23T01:55:50.569Z,-23.6049143,-46.8368394,826.715,11.315,11.210,3,138,343
1784771750627,2026-07-23T01:55:50.627Z,-23.6049178,-46.8368439,826.602,11.344,11.310,3,138,343
1784771750685,2026-07-23T01:55:50.685Z,-23.6049214,-46.8368484,826.422,11.421,11.340,3,138,343
1784771750744,2026-07-23T01:55:50.744Z,-23.6049252,-46.8368529,826.352,11.502,11.420,3,138,343
1784771750802,2026-07-23T01:55:50.802Z,-23.6049289,-46.8368572,826.176,11.597,11.500,3,138,343
1784771750860,2026-07-23T01:55:50.860Z,-23.6049328,-46.8368619,826.055,11.793,11.600,3,138,343
1784771750918,2026-07-23T01:55:50.918Z,-23.6049366,-46.8368664,825.889,11.829,11.800,3,138,343
1784771750977,2026-07-23T01:55:50.977Z,-23.6049404,-46.8368710,825.797,11.866,11.830,3,138,343
1784771751035,2026-07-23T01:55:51.035Z,-23.6049442,-46.8368753,825.606,11.832,11.870,3,138,343
1784771751093,2026-07-23T01:55:51.093Z,-23.6049483,-46.8368798,825.488,11.945,11.840,3,138,343
1784771751151,2026-07-23T01:55:51.151Z,-23.6049526,-46.8368846,825.456,12.093,11.950,3,138,343
1784771751210,2026-07-23T01:55:51.210Z,-23.6049570,-46.8368889,825.377,12.102,12.100,3,139,344
1784771751262,2026-07-23T01:55:51.262Z,-23.6049615,-46.8368932,825.315,12.164,12.110,3,139,344
1784771751314,2026-07-23T01:55:51.314Z,-23.6049663,-46.8368976,825.267,12.346,12.170,3,139,344
1784771751366,2026-07-23T01:55:51.366Z,-23.6049715,-46.8369019,825.285,12.525,12.360,3,139,344
1784771751418,2026-07-23T01:55:51.418Z,-23.6049768,-46.8369058,825.259,12.624,12.530,3,139,344
1784771751470,2026-07-23T01:55:51.470Z,-23.6049820,-46.8369093,825.149,12.634,12.630,3,139,344
1784771751522,2026-07-23T01:55:51.522Z,-23.6049875,-46.8369126,825.065,12.695,12.640,3,139,344
1784771751574,2026-07-23T01:55:51.574Z,-23.6049928,-46.8369156,824.937,12.622,12.710,3,139,344
1784771751626,2026-07-23T01:55:51.626Z,-23.6049981,-46.8369185,824.817,12.503,12.640,3,139,344
1784771751678,2026-07-23T01:55:51.678Z,-23.6050034,-46.8369208,824.666,12.275,12.520,3,139,344
1784771751731,2026-07-23T01:55:51.731Z,-23.6050089,-46.8369228,824.522,12.200,12.290,3,139,344
1784771751783,2026-07-23T01:55:51.783Z,-23.6050148,-46.8369250,824.494,12.263,12.220,3,139,344
1784771751835,2026-07-23T01:55:51.835Z,-23.6050207,-46.8369269,824.472,12.286,12.280,3,139,344
1784771751887,2026-07-23T01:55:51.887Z,-23.6050270,-46.8369283,824.404,12.509,12.300,3,139,344
1784771751939,2026-07-23T01:55:51.939Z,-23.6050333,-46.8369294,824.381,12.572,12.530,3,139,344
1784771751991,2026-07-23T01:55:51.991Z,-23.6050395,-46.8369302,824.371,12.514,12.590,3,139,344
1784771752043,2026-07-23T01:55:52.043Z,-23.6050459,-46.8369309,824.391,12.570,12.530,3,139,344
1784771752095,2026-07-23T01:55:52.095Z,-23.6050524,-46.8369315,824.451,12.690,12.590,3,139,344
1784771752147,2026-07-23T01:55:52.147Z,-23.6050587,-46.8369318,824.508,12.630,12.700,3,139,344
1784771752200,2026-07-23T01:55:52.200Z,-23.6050651,-46.8369315,824.475,12.625,12.640,3,138,345
1784771752255,2026-07-23T01:55:52.255Z,-23.6050715,-46.8369312,824.456,12.658,12.640,3,138,345
1784771752310,2026-07-23T01:55:52.310Z,-23.6050779,-46.8369305,824.460,12.709,12.670,3,138,345
1784771752365,2026-07-23T01:55:52.365Z,-23.6050843,-46.8369290,824.536,12.716,12.720,3,138,345
1784771752420,2026-07-23T01:55:52.420Z,-23.6050904,-46.8369271,824.591,12.634,12.730,3,138,345
1784771752475,2026-07-23T01:55:52.475Z,-23.6050964,-46.8369247,824.543,12.684,12.640,3,138,345
1784771752530,2026-07-23T01:55:52.530Z,-23.6051023,-46.8369224,824.472,12.681,12.690,3,138,345
1784771752585,2026-07-23T01:55:52.585Z,-23.6051085,-46.8369199,824.442,12.853,12.690,3,138,345
1784771752640,2026-07-23T01:55:52.640Z,-23.6051141,-46.8369170,824.376,12.785,12.860,3,138,345
1784771752695,2026-07-23T01:55:52.695Z,-23.6051198,-46.8369141,824.345,12.762,12.790,3,138,345
1784771752750,2026-07-23T01:55:52.750Z,-23.6051256,-46.8369108,824.329,12.889,12.770,3,138,345
1784771752805,2026-07-23T01:55:52.805Z,-23.6051315,-46.8369072,824.331,13.064,12.900,3,138,345
1784771752860,2026-07-23T01:55:52.860Z,-23.6051371,-46.8369035,824.375,13.094,13.070,3,138,345
1784771752915,2026-07-23T01:55:52.915Z,-23.6051423,-46.8368994,824.364,13.028,13.100,3,138,345
1784771752970,2026-07-23T01:55:52.970Z,-23.6051474,-46.8368949,824.342,13.028,13.030,3,138,345
1784771753025,2026-07-23T01:55:53.025Z,-23.6051522,-46.8368901,824.337,13.012,13.040,3,138,345
1784771753080,2026-07-23T01:55:53.080Z,-23.6051570,-46.8368853,824.342,13.012,13.020,3,138,345
1784771753135,2026-07-23T01:55:53.135Z,-23.6051618,-46.8368803,824.336,13.132,13.020,3,138,345
1784771753190,2026-07-23T01:55:53.190Z,-23.6051661,-46.8368750,824.356,13.056,13.140,3,138,346
1784771753245,2026-07-23T01:55:53.245Z,-23.6051700,-46.8368692,824.363,13.060,13.060,3,138,346
1784771753300,2026-07-23T01:55:53.300Z,-23.6051738,-46.8368633,824.362,13.163,13.070,3,138,346
1784771753355,2026-07-23T01:55:53.355Z,-23.6051773,-46.8368573,824.359,13.074,13.170,3,138,346
1784771753410,2026-07-23T01:55:53.410Z,-23.6051806,-46.8368512,824.337,13.080,13.080,3,138,346
1784771753465,2026-07-23T01:55:53.465Z,-23.6051839,-46.8368451,824.350,13.096,13.080,3,138,346
1784771753520,2026-07-23T01:55:53.520Z,-23.6051868,-46.8368387,824.339,13.097,13.100,3,138,346
1784771753575,2026-07-23T01:55:53.575Z,-23.6051893,-46.8368320,824.320,13.156,13.100,3,138,346
1784771753630,2026-07-23T01:55:53.630Z,-23.6051916,-46.8368253,824.316,13.164,13.160,3,138,346
1784771753685,2026-07-23T01:55:53.685Z,-23.6051937,-46.8368184,824.300,13.229,13.170,3,138,346
1784771753740,2026-07-23T01:55:53.740Z,-23.6051956,-46.8368115,824.293,13.260,13.230,3,138,346
1784771753795,2026-07-23T01:55:53.795Z,-23.6051972,-46.8368044,824.305,13.329,13.260,3,138,346
1784771753850,2026-07-23T01:55:53.850Z,-23.6051986,-46.8367971,824.305,13.417,13.330,3,138,346
1784771753905,2026-07-23T01:55:53.905Z,-23.6051998,-46.8367895,824.241,13.605,13.420,3,138,346
1784771753960,2026-07-23T01:55:53.960Z,-23.6052013,-46.8367821,824.216,13.693,13.610,3,138,346
1784771754015,2026-07-23T01:55:54.015Z,-23.6052027,-46.8367749,824.205,13.704,13.700,3,138,346
1784771754070,2026-07-23T01:55:54.070Z,-23.6052041,-46.8367676,824.215,13.756,13.710,3,138,346
1784771754125,2026-07-23T01:55:54.125Z,-23.6052058,-46.8367603,824.210,13.842,13.760,3,138,346
1784771754180,2026-07-23T01:55:54.180Z,-23.6052073,-46.8367528,824.201,13.990,13.840,3,147,347
1784771754238,2026-07-23T01:55:54.238Z,-23.6052089,-46.8367456,824.159,13.947,13.990,3,147,347
1784771754296,2026-07-23T01:55:54.296Z,-23.6052106,-46.8367382,824.124,14.038,13.950,3,147,347
1784771754354,2026-07-23T01:55:54.354Z,-23.6052125,-46.8367307,824.121,14.176,14.040,3,147,347
1784771754412,2026-07-23T01:55:54.412Z,-23.6052145,-46.8367233,824.113,14.304,14.180,3,147,347
1784771754470,2026-07-23T01:55:54.470Z,-23.6052170,-46.8367162,824.138,14.245,14.310,3,147,347
1784771754528,2026-07-23T01:55:54.528Z,-23.6052195,-46.8367090,824.116,14.252,14.250,3,147,347
1784771754586,2026-07-23T01:55:54.586Z,-23.6052221,-46.8367019,824.107,14.241,14.260,3,147,347
1784771754644,2026-07-23T01:55:54.644Z,-23.6052250,-46.8366948,824.083,14.361,14.240,3,147,347
1784771754702,2026-07-23T01:55:54.702Z,-23.6052282,-46.8366878,824.079,14.463,14.360,3,147,347
1784771754760,2026-07-23T01:55:54.760Z,-23.6052317,-46.8366810,824.094,14.527,14.470,3,147,347
1784771754818,2026-07-23T01:55:54.818Z,-23.6052355,-46.8366742,824.000,14.614,14.530,3,147,347
1784771754876,2026-07-23T01:55:54.876Z,-23.6052395,-46.8366679,823.976,14.519,14.620,3,147,347
1784771754934,2026-07-23T01:55:54.934Z,-23.6052439,-46.8366621,823.910,14.318,14.520,3,147,347
1784771754992,2026-07-23T01:55:54.992Z,-23.6052486,-46.8366566,823.858,14.182,14.320,3,147,347
1784771755050,2026-07-23T01:55:55.050Z,-23.6052532,-46.8366510,823.847,14.137,14.190,3,147,347
1784771755108,2026-07-23T01:55:55.108Z,-23.6052580,-46.8366457,823.846,14.023,14.140,3,147,347
1784771755166,2026-07-23T01:55:55.166Z,-23.6052631,-46.8366407,823.832,14.022,14.030,3,147,347
1784771755225,2026-07-23T01:55:55.225Z,-23.6052683,-46.8366361,823.834,13.898,14.030,3,147,348
1784771755280,2026-07-23T01:55:55.280Z,-23.6052739,-46.8366316,823.807,13.943,13.900,3,147,348
1784771755335,2026-07-23T01:55:55.335Z,-23.6052795,-46.8366277,823.781,13.788,13.950,3,147,348
1784771755390,2026-07-23T01:55:55.390Z,-23.6052852,-46.8366240,823.766,13.706,13.790,3,147,348
1784771755445,2026-07-23T01:55:55.445Z,-23.6052912,-46.8366207,823.817,13.715,13.710,3,147,348
1784771755500,2026-07-23T01:55:55.500Z,-23.6052972,-46.8366174,823.735,13.637,13.720,3,147,348
1784771755555,2026-07-23T01:55:55.555Z,-23.6053035,-46.8366142,823.625,13.691,13.640,3,147,348
1784771755610,2026-07-23T01:55:55.610Z,-23.6053100,-46.8366112,823.513,13.795,13.700,3,147,348
1784771755665,2026-07-23T01:55:55.665Z,-23.6053162,-46.8366088,823.426,13.608,13.800,3,147,348
1784771755720,2026-07-23T01:55:55.720Z,-23.6053221,-46.8366067,823.411,13.302,13.620,3,147,348
1784771755775,2026-07-23T01:55:55.775Z,-23.6053283,-46.8366049,823.399,13.211,13.310,3,147,348
1784771755830,2026-07-23T01:55:55.830Z,-23.6053346,-46.8366032,823.369,13.151,13.220,3,147,348
1784771755885,2026-07-23T01:55:55.885Z,-23.6053415,-46.8366022,823.337,13.323,13.160,3,147,348
1784771755940,2026-07-23T01:55:55.940Z,-23.6053476,-46.8366018,823.312,12.977,13.330,3,147,348
1784771755995,2026-07-23T01:55:55.995Z,-23.6053538,-46.8366018,823.293,12.796,12.990,3,147,348
1784771756050,2026-07-23T01:55:56.050Z,-23.6053604,-46.8366015,823.251,12.909,12.800,3,147,348
1784771756105,2026-07-23T01:55:56.105Z,-23.6053671,-46.8366020,823.101,12.996,12.920,3,147,348
1784771756160,2026-07-23T01:55:56.160Z,-23.6053734,-46.8366029,822.995,12.903,13.010,3,147,348
1784771756215,2026-07-23T01:55:56.215Z,-23.6053795,-46.8366040,822.929,12.789,12.920,3,138,349
1784771756267,2026-07-23T01:55:56.267Z,-23.6053858,-46.8366055,822.848,12.813,12.800,3,138,349
1784771756319,2026-07-23T01:55:56.319Z,-23.6053918,-46.8366076,822.787,12.772,12.830,3,138,349
1784771756371,2026-07-23T01:55:56.371Z,-23.6053973,-46.8366101,822.750,12.487,12.790,3,138,349
1784771756423,2026-07-23T01:55:56.423Z,-23.6054032,-46.8366124,822.695,12.548,12.500,3,138,349
1784771756475,2026-07-23T01:55:56.475Z,-23.6054091,-46.8366154,822.639,12.735,12.570,3,138,349
1784771756527,2026-07-23T01:55:56.527Z,-23.6054148,-46.8366186,822.625,12.760,12.750,3,138,349
1784771756579,2026-07-23T01:55:56.579Z,-23.6054203,-46.8366220,822.590,12.808,12.780,3,138,349
1784771756631,2026-07-23T01:55:56.631Z,-23.6054258,-46.8366258,822.534,12.984,12.830,3,138,349
1784771756683,2026-07-23T01:55:56.683Z,-23.6054313,-46.8366301,822.517,13.221,13.000,3,138,349
1784771756736,2026-07-23T01:55:56.736Z,-23.6054363,-46.8366347,822.484,13.241,13.240,3,138,349
1784771756788,2026-07-23T01:55:56.788Z,-23.6054407,-46.8366397,822.454,13.091,13.260,3,138,349
1784771756840,2026-07-23T01:55:56.840Z,-23.6054449,-46.8366448,822.334,13.085,13.110,3,138,349
1784771756892,2026-07-23T01:55:56.892Z,-23.6054488,-46.8366501,822.284,12.878,13.110,3,138,349
1784771756944,2026-07-23T01:55:56.944Z,-23.6054528,-46.8366555,822.253,12.826,12.900,3,138,349
1784771756996,2026-07-23T01:55:56.996Z,-23.6054564,-46.8366612,822.165,12.855,12.850,3,138,349
1784771757048,2026-07-23T01:55:57.048Z,-23.6054599,-46.8366673,822.116,12.984,12.880,3,138,349
1784771757100,2026-07-23T01:55:57.100Z,-23.6054629,-46.8366735,822.054,12.930,13.010,3,138,349
1784771757152,2026-07-23T01:55:57.152Z,-23.6054659,-46.8366797,822.012,12.890,12.950,3,138,349
1784771757205,2026-07-23T01:55:57.205Z,-23.6054685,-46.8366858,821.962,12.743,12.910,3,138,350
1784771757260,2026-07-23T01:55:57.260Z,-23.6054706,-46.8366925,821.862,12.844,12.770,3,138,350
1784771757315,2026-07-23T01:55:57.315Z,-23.6054725,-46.8366993,821.785,12.922,12.870,3,138,350
1784771757370,2026-07-23T01:55:57.370Z,-23.6054745,-46.8367062,821.678,13.097,12.950,3,138,350
1784771757425,2026-07-23T01:55:57.425Z,-23.6054766,-46.8367134,821.600,13.424,13.130,3,138,350
1784771757480,2026-07-23T01:55:57.480Z,-23.6054788,-46.8367200,821.487,13.361,13.450,3,138,350
1784771757535,2026-07-23T01:55:57.535Z,-23.6054809,-46.8367269,821.396,13.467,13.390,3,138,350
1784771757590,2026-07-23T01:55:57.590Z,-23.6054830,-46.8367338,821.330,13.528,13.500,3,138,350
1784771757645,2026-07-23T01:55:57.645Z,-23.6054853,-46.8367408,821.321,13.572,13.560,3,138,350
1784771757700,2026-07-23T01:55:57.700Z,-23.6054875,-46.8367475,821.253,13.447,13.600,3,138,350
1784771757755,2026-07-23T01:55:57.755Z,-23.6054901,-46.8367541,821.204,13.427,13.480,3,138,350
1784771757810,2026-07-23T01:55:57.810Z,-23.6054926,-46.8367608,821.142,13.431,13.460,3,138,350
1784771757865,2026-07-23T01:55:57.865Z,-23.6054952,-46.8367677,821.080,13.615,13.460,3,138,350
1784771757920,2026-07-23T01:55:57.920Z,-23.6054978,-46.8367746,821.047,13.713,13.650,3,138,350
1784771757975,2026-07-23T01:55:57.975Z,-23.6055006,-46.8367815,820.984,13.855,13.740,3,138,350
1784771758030,2026-07-23T01:55:58.030Z,-23.6055038,-46.8367884,820.924,14.006,13.890,3,138,350
1784771758085,2026-07-23T01:55:58.085Z,-23.6055071,-46.8367951,820.900,14.037,14.040,3,138,350
1784771758140,2026-07-23T01:55:58.140Z,-23.6055107,-46.8368017,820.848,14.125,14.070,3,138,350
1784771758195,2026-07-23T01:55:58.195Z,-23.6055145,-46.8368079,820.799,14.068,14.150,3,138,351
1784771758250,2026-07-23T01:55:58.250Z,-23.6055186,-46.8368141,820.764,14.104,14.100,3,138,351
1784771758305,2026-07-23T01:55:58.305Z,-23.6055230,-46.8368201,820.695,14.096,14.130,3,138,351
1784771758360,2026-07-23T01:55:58.360Z,-23.6055276,-46.8368259,820.628,14.153,14.120,3,138,351
1784771758415,2026-07-23T01:55:58.415Z,-23.6055325,-46.8368316,820.556,14.197,14.180,3,138,351
1784771758470,2026-07-23T01:55:58.470Z,-23.6055374,-46.8368370,820.522,14.166,14.230,3,138,351
1784771758525,2026-07-23T01:55:58.525Z,-23.6055426,-46.8368423,820.470,14.190,14.200,3,138,351
1784771758580,2026-07-23T01:55:58.580Z,-23.6055480,-46.8368474,820.436,14.254,14.220,3,138,351
1784771758635,2026-07-23T01:55:58.635Z,-23.6055535,-46.8368520,820.446,14.102,14.280,3,138,351
1784771758690,2026-07-23T01:55:58.690Z,-23.6055592,-46.8368562,820.399,13.973,14.130,3,138,351
1784771758745,2026-07-23T01:55:58.745Z,-23.6055652,-46.8368603,820.319,14.071,14.000,3,138,351
1784771758800,2026-07-23T01:55:58.800Z,-23.6055713,-46.8368639,820.341,13.883,14.100,3,138,351
1784771758855,2026-07-23T01:55:58.855Z,-23.6055776,-46.8368669,820.301,13.716,13.910,3,138,351
1784771758910,2026-07-23T01:55:58.910Z,-23.6055843,-46.8368696,820.219,13.843,13.740,3,138,351
1784771758965,2026-07-23T01:55:58.965Z,-23.6055908,-46.8368722,820.188,13.794,13.870,3,138,351
1784771759020,2026-07-23T01:55:59.020Z,-23.6055974,-46.8368741,820.185,13.621,13.820,3,138,351
1784771759075,2026-07-23T01:55:59.075Z,-23.6056042,-46.8368760,820.148,13.702,13.650,3,138,351
1784771759130,2026-07-23T01:55:59.130Z,-23.6056112,-46.8368775,820.142,13.774,13.730,3,138,351
1784771759185,2026-07-23T01:55:59.185Z,-23.6056178,-46.8368785,820.152,13.607,13.800,3,128,352
1784771759240,2026-07-23T01:55:59.240Z,-23.6056247,-46.8368791,820.091,13.632,13.630,3,128,352
1784771759295,2026-07-23T01:55:59.295Z,-23.6056315,-46.8368795,820.137,13.521,13.660,3,128,352
1784771759350,2026-07-23T01:55:59.350Z,-23.6056380,-46.8368792,820.171,13.293,13.540,3,128,352
1784771759405,2026-07-23T01:55:59.405Z,-23.6056448,-46.8368784,820.149,13.327,13.310,3,128,352
1784771759460,2026-07-23T01:55:59.460Z,-23.6056516,-46.8368772,820.121,13.480,13.350,3,128,352
1784771759515,2026-07-23T01:55:59.515Z,-23.6056583,-46.8368758,820.133,13.518,13.500,3,128,352
1784771759570,2026-07-23T01:55:59.570Z,-23.6056646,-46.8368741,820.157,13.361,13.540,3,128,352
1784771759625,2026-07-23T01:55:59.625Z,-23.6056709,-46.8368720,820.211,13.270,13.380,3,128,352
1784771759680,2026-07-23T01:55:59.680Z,-23.6056771,-46.8368695,820.247,13.210,13.280,3,128,352
1784771759735,2026-07-23T01:55:59.735Z,-23.6056833,-46.8368664,820.269,13.332,13.220,3,128,352
1784771759790,2026-07-23T01:55:59.790Z,-23.6056893,-46.8368633,820.287,13.364,13.340,3,128,352
1784771759845,2026-07-23T01:55:59.845Z,-23.6056950,-46.8368600,820.304,13.257,13.370,3,128,352
1784771759900,2026-07-23T01:55:59.900Z,-23.6057005,-46.8368563,820.332,13.181,13.270,3,128,352
1784771759955,2026-07-23T01:55:59.955Z,-23.6057060,-46.8368523,820.363,13.229,13.190,3,128,352
1784771760010,2026-07-23T01:56:00.010Z,-23.6057116,-46.8368483,820.359,13.338,13.240,3,128,352
1784771760065,2026-07-23T01:56:00.065Z,-23.6057168,-46.8368443,820.400,13.205,13.340,3,128,352
1784771760120,2026-07-23T01:56:00.120Z,-23.6057218,-46.8368398,820.396,13.215,13.210,3,128,352
1784771760175,2026-07-23T01:56:00.175Z,-23.6057266,-46.8368353,820.382,13.103,13.220,3,128,353
1784771760230,2026-07-23T01:56:00.230Z,-23.6057311,-46.8368300,820.382,13.207,13.110,3,128,353
1784771760285,2026-07-23T01:56:00.285Z,-23.6057354,-46.8368250,820.391,13.093,13.210,3,128,353
1784771760340,2026-07-23T01:56:00.340Z,-23.6057386,-46.8368190,820.481,12.943,13.100,3,128,353
1784771760395,2026-07-23T01:56:00.395Z,-23.6057412,-46.8368131,820.509,12.708,12.950,3,128,353
1784771760450,2026-07-23T01:56:00.450Z,-23.6057436,-46.8368073,820.467,12.399,12.710,3,128,353
1784771760505,2026-07-23T01:56:00.505Z,-23.6057458,-46.8368016,820.433,12.110,12.400,3,128,353
1784771760560,2026-07-23T01:56:00.560Z,-23.6057480,-46.8367954,820.427,12.088,12.110,3,128,353
1784771760615,2026-07-23T01:56:00.615Z,-23.6057501,-46.8367895,820.462,11.974,12.090,3,128,353
1784771760670,2026-07-23T01:56:00.670Z,-23.6057518,-46.8367835,820.488,11.814,11.980,3,128,353
1784771760725,2026-07-23T01:56:00.725Z,-23.6057530,-46.8367768,820.486,11.883,11.820,3,128,353
1784771760780,2026-07-23T01:56:00.780Z,-23.6057541,-46.8367703,820.485,11.900,11.880,3,128,353
1784771760835,2026-07-23T01:56:00.835Z,-23.6057550,-46.8367640,820.520,11.762,11.900,3,128,353
1784771760890,2026-07-23T01:56:00.890Z,-23.6057557,-46.8367575,820.545,11.751,11.760,3,128,353
1784771760945,2026-07-23T01:56:00.945Z,-23.6057558,-46.8367506,820.502,11.898,11.750,3,128,353
1784771761000,2026-07-23T01:56:01.000Z,-23.6057558,-46.8367441,820.498,11.867,11.900,3,128,353
1784771761055,2026-07-23T01:56:01.055Z,-23.6057555,-46.8367376,820.506,11.763,11.870,3,128,353
1784771761110,2026-07-23T01:56:01.110Z,-23.6057550,-46.8367313,820.525,11.655,11.760,3,128,353
1784771761165,2026-07-23T01:56:01.165Z,-23.6057542,-46.8367250,820.578,11.658,11.660,3,138,354
1784771761223,2026-07-23T01:56:01.223Z,-23.6057533,-46.8367186,820.595,11.746,11.660,3,138,354
1784771761281,2026-07-23T01:56:01.281Z,-23.6057521,-46.8367122,820.662,11.810,11.750,3,138,354
1784771761339,2026-07-23T01:56:01.339Z,-23.6057507,-46.8367058,820.712,11.960,11.810,3,138,354
1784771761397,2026-07-23T01:56:01.397Z,-23.6057489,-46.8366991,820.750,12.231,11.960,3,138,354
1784771761455,2026-07-23T01:56:01.455Z,-23.6057469,-46.8366924,820.732,12.511,12.230,3,138,354
1784771761513,2026-07-23T01:56:01.513Z,-23.6057449,-46.8366859,820.784,12.604,12.510,3,138,354
1784771761571,2026-07-23T01:56:01.571Z,-23.6057431,-46.8366794,820.819,12.607,12.600,3,138,354
1784771761629,2026-07-23T01:56:01.629Z,-23.6057415,-46.8366731,820.892,12.516,12.610,3,138,354
1784771761687,2026-07-23T01:56:01.687Z,-23.6057397,-46.8366668,820.955,12.462,12.520,3,138,354
1784771761745,2026-07-23T01:56:01.745Z,-23.6057381,-46.8366604,820.985,12.429,12.460,3,138,354
1784771761803,2026-07-23T01:56:01.803Z,-23.6057364,-46.8366545,821.018,12.125,12.430,3,138,354
1784771761861,2026-07-23T01:56:01.861Z,-23.6057345,-46.8366488,821.024,11.837,12.130,3,138,354
1784771761919,2026-07-23T01:56:01.919Z,-23.6057324,-46.8366430,821.050,11.728,11.840,3,138,354
1784771761977,2026-07-23T01:56:01.977Z,-23.6057304,-46.8366372,821.052,11.657,11.730,3,138,354
1784771762035,2026-07-23T01:56:02.035Z,-23.6057285,-46.8366314,821.084,11.602,11.660,3,138,354
1784771762093,2026-07-23T01:56:02.093Z,-23.6057268,-46.8366254,821.147,11.622,11.600,3,138,354
1784771762151,2026-07-23T01:56:02.151Z,-23.6057252,-46.8366194,821.178,11.660,11.620,3,138,354
1784771762210,2026-07-23T01:56:02.210Z,-23.6057234,-46.8366132,821.185,11.732,11.660,3,128,355
1784771762265,2026-07-23T01:56:02.265Z,-23.6057216,-46.8366068,821.240,11.942,11.730,3,128,355
1784771762320,2026-07-23T01:56:02.320Z,-23.6057202,-46.8366002,821.312,12.128,11.940,3,128,355
1784771762375,2026-07-23T01:56:02.375Z,-23.6057187,-46.8365934,821.398,12.391,12.130,3,128,355
1784771762430,2026-07-23T01:56:02.430Z,-23.6057174,-46.8365865,821.475,12.638,12.390,3,128,355
1784771762485,2026-07-23T01:56:02.485Z,-23.6057161,-46.8365795,821.537,12.783,12.640,3,128,355
1784771762540,2026-07-23T01:56:02.540Z,-23.6057148,-46.8365726,821.629,12.936,12.790,3,128,355
1784771762595,2026-07-23T01:56:02.595Z,-23.6057134,-46.8365655,821.740,13.090,12.940,3,128,355
1784771762650,2026-07-23T01:56:02.650Z,-23.6057119,-46.8365587,821.789,13.074,13.100,3,128,355
1784771762705,2026-07-23T01:56:02.705Z,-23.6057103,-46.8365520,821.857,13.063,13.080,3,128,355
1784771762760,2026-07-23T01:56:02.760Z,-23.6057087,-46.8365452,821.910,13.035,13.070,3,128,355
1784771762815,2026-07-23T01:56:02.815Z,-23.6057071,-46.8365384,822.014,13.037,13.040,3,128,355
1784771762870,2026-07-23T01:56:02.870Z,-23.6057056,-46.8365316,822.116,13.022,13.050,3,128,355
1784771762925,2026-07-23T01:56:02.925Z,-23.6057040,-46.8365247,822.208,13.115,13.030,3,128,355
1784771762980,2026-07-23T01:56:02.980Z,-23.6057024,-46.8365179,822.300,13.086,13.130,3,128,355
1784771763035,2026-07-23T01:56:03.035Z,-23.6057007,-46.8365113,822.401,12.993,13.100,3,128,355
1784771763090,2026-07-23T01:56:03.090Z,-23.6056987,-46.8365045,822.474,13.093,13.010,3,128,355
1784771763145,2026-07-23T01:56:03.145Z,-23.6056967,-46.8364977,822.569,13.157,13.110,3,128,355
1784771763200,2026-07-23T01:56:03.200Z,-23.6056947,-46.8364910,822.649,13.126,13.170,3,126,356
1784771763255,2026-07-23T01:56:03.255Z,-23.6056926,-46.8364843,822.738,13.204,13.140,3,126,356
1784771763310,2026-07-23T01:56:03.310Z,-23.6056904,-46.8364777,822.798,13.127,13.220,3,126,356
1784771763365,2026-07-23T01:56:03.365Z,-23.6056880,-46.8364710,822.879,13.208,13.150,3,126,356
1784771763420,2026-07-23T01:56:03.420Z,-23.6056856,-46.8364645,822.953,13.182,13.230,3,126,356
1784771763475,2026-07-23T01:56:03.475Z,-23.6056829,-46.8364580,822.999,13.240,13.200,3,126,356
1784771763530,2026-07-23T01:56:03.530Z,-23.6056802,-46.8364516,823.070,13.202,13.260,3,126,356
1784771763585,2026-07-23T01:56:03.585Z,-23.6056774,-46.8364454,823.148,13.164,13.220,3,126,356
1784771763640,2026-07-23T01:56:03.640Z,-23.6056743,-46.8364390,823.182,13.248,13.190,3,126,356
1784771763695,2026-07-23T01:56:03.695Z,-23.6056712,-46.8364328,823.275,13.271,13.270,3,126,356
1784771763750,2026-07-23T01:56:03.750Z,-23.6056679,-46.8364266,823.354,13.282,13.290,3,126,356
1784771763805,2026-07-23T01:56:03.805Z,-23.6056645,-46.8364204,823.453,13.379,13.300,3,126,356
1784771763860,2026-07-23T01:56:03.860Z,-23.6056609,-46.8364144,823.514,13.392,13.400,3,126,356
1784771763915,2026-07-23T01:56:03.915Z,-23.6056572,-46.8364085,823.594,13.419,13.420,3,126,356
1784771763970,2026-07-23T01:56:03.970Z,-23.6056532,-46.8364027,823.640,13.448,13.440,3,126,356
1784771764025,2026-07-23T01:56:04.025Z,-23.6056491,-46.8363971,823.701,13.458,13.470,3,126,356
1784771764080,2026-07-23T01:56:04.080Z,-23.6056447,-46.8363916,823.724,13.464,13.480,3,126,356
1784771764135,2026-07-23T01:56:04.135Z,-23.6056401,-46.8363861,823.737,13.605,13.490,3,126,356
1784771764190,2026-07-23T01:56:04.190Z,-23.6056355,-46.8363809,823.812,13.540,13.630,3,126,356
1784771764245,2026-07-23T01:56:04.245Z,-23.6056307,-46.8363758,823.899,13.507,13.560,3,135,357
1784771764300,2026-07-23T01:56:04.300Z,-23.6056257,-46.8363708,823.986,13.599,13.530,3,135,357
1784771764355,2026-07-23T01:56:04.355Z,-23.6056208,-46.8363659,824.032,13.563,13.620,3,135,357
1784771764410,2026-07-23T01:56:04.410Z,-23.6056154,-46.8363615,824.097,13.678,13.590,3,135,357
1784771764465,2026-07-23T01:56:04.465Z,-23.6056099,-46.8363571,824.140,13.717,13.700,3,135,357
1784771764520,2026-07-23T01:56:04.520Z,-23.6056046,-46.8363532,824.231,13.472,13.740,3,135,357
1784771764575,2026-07-23T01:56:04.575Z,-23.6055990,-46.8363497,824.272,13.333,13.500,3,135,357
1784771764630,2026-07-23T01:56:04.630Z,-23.6055932,-46.8363458,824.246,13.589,13.360,3,135,357
1784771764685,2026-07-23T01:56:04.685Z,-23.6055871,-46.8363421,824.289,13.811,13.610,3,135,357
1784771764740,2026-07-23T01:56:04.740Z,-23.6055809,-46.8363388,824.354,13.894,13.830,3,135,357
1784771764795,2026-07-23T01:56:04.795Z,-23.6055745,-46.8363357,824.379,13.996,13.920,3,135,357
1784771764850,2026-07-23T01:56:04.850Z,-23.6055681,-46.8363329,824.409,14.074,14.020,3,135,357
1784771764905,2026-07-23T01:56:04.905Z,-23.6055617,-46.8363306,824.443,13.916,14.090,3,135,357
1784771764960,2026-07-23T01:56:04.960Z,-23.6055551,-46.8363286,824.466,13.972,13.940,3,135,357
1784771765015,2026-07-23T01:56:05.015Z,-23.6055484,-46.8363268,824.469,14.020,13.990,3,135,357
1784771765070,2026-07-23T01:56:05.070Z,-23.6055417,-46.8363252,824.471,14.030,14.040,3,135,357
1784771765125,2026-07-23T01:56:05.125Z,-23.6055350,-46.8363236,824.490,13.987,14.050,3,135,357
1784771765180,2026-07-23T01:56:05.180Z,-23.6055283,-46.8363223,824.514,13.966,14.000,3,135,357
1784771765235,2026-07-23T01:56:05.235Z,-23.6055214,-46.8363212,824.537,14.017,13.980,3,135,358
1784771765290,2026-07-23T01:56:05.290Z,-23.6055146,-46.8363204,824.579,14.001,14.030,3,135,358
1784771765345,2026-07-23T01:56:05.345Z,-23.6055079,-46.8363197,824.642,13.840,14.020,3,135,358
1784771765400,2026-07-23T01:56:05.400Z,-23.6055010,-46.8363194,824.692,13.846,13.850,3,135,358
1784771765455,2026-07-23T01:56:05.455Z,-23.6054940,-46.8363191,824.754,13.980,13.860,3,135,358
1784771765510,2026-07-23T01:56:05.510Z,-23.6054868,-46.8363192,824.850,14.131,13.990,3,135,358
1784771765565,2026-07-23T01:56:05.565Z,-23.6054797,-46.8363195,824.916,14.215,14.150,3,135,358
1784771765620,2026-07-23T01:56:05.620Z,-23.6054724,-46.8363199,824.975,14.362,14.230,3,135,358
1784771765675,2026-07-23T01:56:05.675Z,-23.6054652,-46.8363204,824.988,14.515,14.380,3,135,358
1784771765730,2026-07-23T01:56:05.730Z,-23.6054580,-46.8363210,824.977,14.525,14.530,3,135,358
1784771765785,2026-07-23T01:56:05.785Z,-23.6054509,-46.8363219,825.010,14.579,14.540,3,135,358
1784771765840,2026-07-23T01:56:05.840Z,-23.6054439,-46.8363229,825.005,14.492,14.590,3,135,358
1784771765895,2026-07-23T01:56:05.895Z,-23.6054370,-46.8363243,825.061,14.378,14.500,3,135,358
1784771765950,2026-07-23T01:56:05.950Z,-23.6054299,-46.8363259,825.120,14.491,14.390,3,135,358
1784771766005,2026-07-23T01:56:06.005Z,-23.6054227,-46.8363278,825.156,14.674,14.500,3,135,358
1784771766060,2026-07-23T01:56:06.060Z,-23.6054157,-46.8363297,825.175,14.684,14.690,3,135,358
1784771766115,2026-07-23T01:56:06.115Z,-23.6054086,-46.8363319,825.163,14.788,14.700,3,135,358
1784771766170,2026-07-23T01:56:06.170Z,-23.6054015,-46.8363341,825.187,14.807,14.800,3,135,358
1784771766225,2026-07-23T01:56:06.225Z,-23.6053945,-46.8363363,825.227,14.842,14.820,3,135,358
1784771766280,2026-07-23T01:56:06.280Z,-23.6053872,-46.8363385,825.261,14.985,14.850,3,135,359
1784771766335,2026-07-23T01:56:06.335Z,-23.6053801,-46.8363408,825.292,15.004,14.990,3,135,359
1784771766390,2026-07-23T01:56:06.390Z,-23.6053728,-46.8363431,825.345,15.115,15.010,3,135,359
1784771766445,2026-07-23T01:56:06.445Z,-23.6053654,-46.8363456,825.380,15.257,15.120,3,135,359
1784771766500,2026-07-23T01:56:06.500Z,-23.6053581,-46.8363480,825.403,15.335,15.270,3,135,359
1784771766555,2026-07-23T01:56:06.555Z,-23.6053508,-46.8363504,825.450,15.333,15.340,3,135,359
1784771766610,2026-07-23T01:56:06.610Z,-23.6053435,-46.8363527,825.529,15.252,15.340,3,135,359
1784771766665,2026-07-23T01:56:06.665Z,-23.6053362,-46.8363551,825.589,15.290,15.260,3,135,359
1784771766720,2026-07-23T01:56:06.720Z,-23.6053291,-46.8363576,825.603,15.181,15.300,3,135,359
1784771766775,2026-07-23T01:56:06.775Z,-23.6053222,-46.8363599,825.591,15.006,15.190,3,135,359
1784771766830,2026-07-23T01:56:06.830Z,-23.6053151,-46.8363623,825.584,15.037,15.020,3,135,359
1784771766885,2026-07-23T01:56:06.885Z,-23.6053079,-46.8363649,825.623,15.144,15.050,3,135,359
1784771766940,2026-07-23T01:56:06.940Z,-23.6053008,-46.8363673,825.658,15.074,15.150,3,135,359
1784771766995,2026-07-23T01:56:06.995Z,-23.6052937,-46.8363696,825.672,14.995,15.080,3,135,359
1784771767050,2026-07-23T01:56:07.050Z,-23.6052866,-46.8363719,825.684,14.955,15.000,3,135,359
1784771767105,2026-07-23T01:56:07.105Z,-23.6052793,-46.8363742,825.698,15.095,14.960,3,135,359
1784771767160,2026-07-23T01:56:07.160Z,-23.6052721,-46.8363765,825.705,15.112,15.100,3,135,359
1784771767215,2026-07-23T01:56:07.215Z,-23.6052649,-46.8363786,825.723,15.100,15.120,3,128,360
1784771767267,2026-07-23T01:56:07.267Z,-23.6052577,-46.8363809,825.713,15.123,15.110,3,128,360
1784771767319,2026-07-23T01:56:07.319Z,-23.6052504,-46.8363831,825.717,15.129,15.130,3,128,360
1784771767371,2026-07-23T01:56:07.371Z,-23.6052431,-46.8363853,825.745,15.181,15.140,3,128,360
1784771767423,2026-07-23T01:56:07.423Z,-23.6052357,-46.8363877,825.801,15.284,15.190,3,128,360
1784771767475,2026-07-23T01:56:07.475Z,-23.6052284,-46.8363904,825.889,15.309,15.290,3,128,360
1784771767527,2026-07-23T01:56:07.527Z,-23.6052212,-46.8363931,825.914,15.326,15.320,3,128,360
1784771767579,2026-07-23T01:56:07.579Z,-23.6052142,-46.8363962,825.985,15.299,15.330,3,128,360
1784771767631,2026-07-23T01:56:07.631Z,-23.6052073,-46.8363991,826.020,15.226,15.310,3,128,360
1784771767683,2026-07-23T01:56:07.683Z,-23.6052004,-46.8364019,826.048,15.133,15.230,3,128,360
1784771767736,2026-07-23T01:56:07.736Z,-23.6051933,-46.8364046,826.119,15.127,15.140,3,128,360
1784771767788,2026-07-23T01:56:07.788Z,-23.6051860,-46.8364071,826.180,15.176,15.140,3,128,360
1784771767840,2026-07-23T01:56:07.840Z,-23.6051785,-46.8364096,826.219,15.395,15.190,3,128,360
1784771767892,2026-07-23T01:56:07.892Z,-23.6051708,-46.8364121,826.250,15.621,15.410,3,128,360
1784771767944,2026-07-23T01:56:07.944Z,-23.6051633,-46.8364146,826.304,15.677,15.630,3,128,360
1784771767996,2026-07-23T01:56:07.996Z,-23.6051558,-46.8364171,826.365,15.670,15.690,3,128,360
1784771768048,2026-07-23T01:56:08.048Z,-23.6051483,-46.8364196,826.426,15.684,15.680,3,128,360
1784771768100,2026-07-23T01:56:08.100Z,-23.6051408,-46.8364222,826.523,15.743,15.700,3,128,360
1784771768152,2026-07-23T01:56:08.152Z,-23.6051331,-46.8364248,826.604,15.830,15.760,3,128,360
1784771768205,2026-07-23T01:56:08.205Z,-23.6051255,-46.8364272,826.659,15.847,15.840,3,128,361
1784771768260,2026-07-23T01:56:08.260Z,-23.6051179,-46.8364298,826.721,15.932,15.860,3,128,361
1784771768315,2026-07-23T01:56:08.315Z,-23.6051103,-46.8364326,826.815,15.974,15.950,3,128,361
1784771768370,2026-07-23T01:56:08.370Z,-23.6051027,-46.8364353,826.868,16.101,15.990,3,128,361
1784771768425,2026-07-23T01:56:08.425Z,-23.6050951,-46.8364379,826.955,16.064,16.120,3,128,361
1784771768480,2026-07-23T01:56:08.480Z,-23.6050875,-46.8364406,827.017,16.104,16.080,3,128,361
1784771768535,2026-07-23T01:56:08.535Z,-23.6050799,-46.8364436,827.112,16.131,16.120,3,128,361
1784771768590,2026-07-23T01:56:08.590Z,-23.6050722,-46.8364462,827.188,16.158,16.150,3,128,361
1784771768645,2026-07-23T01:56:08.645Z,-23.6050647,-46.8364490,827.277,16.052,16.180,3,128,361
1784771768700,2026-07-23T01:56:08.700Z,-23.6050572,-46.8364516,827.333,16.035,16.070,3,128,361
1784771768755,2026-07-23T01:56:08.755Z,-23.6050495,-46.8364543,827.392,16.143,16.060,3,128,361
1784771768810,2026-07-23T01:56:08.810Z,-23.6050419,-46.8364569,827.446,16.164,16.160,3,128,361
1784771768865,2026-07-23T01:56:08.865Z,-23.6050343,-46.8364595,827.518,16.107,16.190,3,128,361
1784771768920,2026-07-23T01:56:08.920Z,-23.6050267,-46.8364621,827.594,16.081,16.130,3,128,361
1784771768975,2026-07-23T01:56:08.975Z,-23.6050191,-46.8364647,827.658,16.099,16.100,3,128,361
1784771769030,2026-07-23T01:56:09.030Z,-23.6050116,-46.8364673,827.718,16.063,16.120,3,128,361
1784771769085,2026-07-23T01:56:09.085Z,-23.6050041,-46.8364698,827.787,15.988,16.090,3,128,361
1784771769140,2026-07-23T01:56:09.140Z,-23.6049965,-46.8364725,827.854,15.983,16.010,3,128,361
1784771769195,2026-07-23T01:56:09.195Z,-23.6049889,-46.8364751,827.924,16.041,16.010,3,142,362
1784771769256,2026-07-23T01:56:09.256Z,-23.6049814,-46.8364778,827.965,16.047,16.070,3,142,362
1784771769318,2026-07-23T01:56:09.318Z,-23.6049737,-46.8364804,828.026,16.110,16.070,3,142,362
1784771769380,2026-07-23T01:56:09.380Z,-23.6049660,-46.8364831,828.115,16.198,16.140,3,142,362
1784771769442,2026-07-23T01:56:09.442Z,-23.6049583,-46.8364858,828.191,16.256,16.230,3,142,362
1784771769504,2026-07-23T01:56:09.504Z,-23.6049428,-46.8364912,828.308,16.357,16.280,3,142,362
1784771769566,2026-07-23T01:56:09.566Z,-23.6049350,-46.8364939,828.370,16.427,16.390,3,142,362
1784771769628,2026-07-23T01:56:09.628Z,-23.6049273,-46.8364970,828.452,16.474,16.460,3,142,362
1784771769690,2026-07-23T01:56:09.690Z,-23.6049197,-46.8364999,828.492,16.468,16.500,3,142,362
1784771769751,2026-07-23T01:56:09.751Z,-23.6049122,-46.8365028,828.552,16.409,16.500,3,142,362
1784771769813,2026-07-23T01:56:09.813Z,-23.6049046,-46.8365055,828.593,16.336,16.440,3,142,362
1784771769875,2026-07-23T01:56:09.875Z,-23.6048969,-46.8365083,828.635,16.396,16.360,3,142,362
1784771769937,2026-07-23T01:56:09.937Z,-23.6048891,-46.8365111,828.701,16.441,16.420,3,142,362
1784771769999,2026-07-23T01:56:09.999Z,-23.6048813,-46.8365138,828.776,16.537,16.470,3,142,362
1784771770061,2026-07-23T01:56:10.061Z,-23.6048734,-46.8365165,828.828,16.604,16.560,3,142,362
1784771770123,2026-07-23T01:56:10.123Z,-23.6048656,-46.8365192,828.887,16.599,16.630,3,142,362
1784771770185,2026-07-23T01:56:10.185Z,-23.6048577,-46.8365221,828.946,16.720,16.620,3,128,363
1784771770240,2026-07-23T01:56:10.240Z,-23.6048498,-46.8365249,828.983,16.797,16.750,3,128,363
1784771770295,2026-07-23T01:56:10.295Z,-23.6048420,-46.8365277,829.005,16.769,16.820,3,128,363
1784771770350,2026-07-23T01:56:10.350Z,-23.6048341,-46.8365307,829.066,16.770,16.790,3,128,363
1784771770405,2026-07-23T01:56:10.405Z,-23.6048263,-46.8365338,829.132,16.737,16.790,3,128,363
1784771770460,2026-07-23T01:56:10.460Z,-23.6048184,-46.8365369,829.169,16.821,16.760,3,128,363
1784771770515,2026-07-23T01:56:10.515Z,-23.6048106,-46.8365400,829.215,16.832,16.840,3,128,363
1784771770570,2026-07-23T01:56:10.570Z,-23.6048028,-46.8365432,829.234,16.880,16.860,3,128,363
1784771770625,2026-07-23T01:56:10.625Z,-23.6047950,-46.8365466,829.281,16.882,16.900,3,128,363
1784771770680,2026-07-23T01:56:10.680Z,-23.6047871,-46.8365499,829.326,16.933,16.900,3,128,363
1784771770735,2026-07-23T01:56:10.735Z,-23.6047794,-46.8365535,829.301,17.003,16.950,3,128,363
1784771770790,2026-07-23T01:56:10.790Z,-23.6047716,-46.8365571,829.285,17.096,17.020,3,128,363
1784771770845,2026-07-23T01:56:10.845Z,-23.6047639,-46.8365610,829.292,17.153,17.110,3,128,363
1784771770900,2026-07-23T01:56:10.900Z,-23.6047562,-46.8365649,829.315,17.148,17.170,3,128,363
1784771770955,2026-07-23T01:56:10.955Z,-23.6047487,-46.8365690,829.323,17.149,17.160,3,128,363
1784771771010,2026-07-23T01:56:11.010Z,-23.6047412,-46.8365734,829.327,17.171,17.160,3,128,363
1784771771065,2026-07-23T01:56:11.065Z,-23.6047339,-46.8365778,829.350,17.073,17.180,3,128,363
1784771771120,2026-07-23T01:56:11.120Z,-23.6047267,-46.8365826,829.362,17.079,17.090,3,128,363
1784771771175,2026-07-23T01:56:11.175Z,-23.6047196,-46.8365875,829.335,17.175,17.090,3,128,363
1784771771230,2026-07-23T01:56:11.230Z,-23.6047125,-46.8365926,829.360,17.198,17.190,3,128,364
1784771771282,2026-07-23T01:56:11.282Z,-23.6047056,-46.8365978,829.336,17.182,17.210,3,128,364
1784771771334,2026-07-23T01:56:11.334Z,-23.6046988,-46.8366034,829.330,17.252,17.190,3,128,364
1784771771386,2026-07-23T01:56:11.386Z,-23.6046921,-46.8366092,829.285,17.380,17.260,3,128,364
1784771771438,2026-07-23T01:56:11.438Z,-23.6046854,-46.8366152,829.276,17.487,17.390,3,128,364
1784771771490,2026-07-23T01:56:11.490Z,-23.6046790,-46.8366211,829.231,17.385,17.490,3,128,364
1784771771542,2026-07-23T01:56:11.542Z,-23.6046726,-46.8366273,829.196,17.428,17.390,3,128,364
1784771771594,2026-07-23T01:56:11.594Z,-23.6046663,-46.8366336,829.191,17.444,17.430,3,128,364
1784771771646,2026-07-23T01:56:11.646Z,-23.6046600,-46.8366399,829.180,17.439,17.450,3,128,364
1784771771698,2026-07-23T01:56:11.698Z,-23.6046540,-46.8366465,829.149,17.445,17.440,3,128,364
1784771771751,2026-07-23T01:56:11.751Z,-23.6046479,-46.8366531,829.079,17.487,17.450,3,128,364
1784771771803,2026-07-23T01:56:11.803Z,-23.6046420,-46.8366600,829.026,17.626,17.490,3,128,364
1784771771855,2026-07-23T01:56:11.855Z,-23.6046361,-46.8366671,829.012,17.692,17.630,3,128,364
1784771771907,2026-07-23T01:56:11.907Z,-23.6046304,-46.8366743,828.976,17.687,17.690,3,128,364
1784771771959,2026-07-23T01:56:11.959Z,-23.6046249,-46.8366816,828.928,17.678,17.690,3,128,364
1784771772011,2026-07-23T01:56:12.011Z,-23.6046196,-46.8366891,828.875,17.674,17.680,3,128,364
1784771772063,2026-07-23T01:56:12.063Z,-23.6046145,-46.8366969,828.836,17.744,17.670,3,128,364
1784771772115,2026-07-23T01:56:12.115Z,-23.6046095,-46.8367048,828.799,17.739,17.740,3,128,364
1784771772167,2026-07-23T01:56:12.167Z,-23.6046049,-46.8367130,828.697,17.877,17.740,3,128,364
1784771772220,2026-07-23T01:56:12.220Z,-23.6046003,-46.8367214,828.619,18.055,17.880,3,128,365
1784771772281,2026-07-23T01:56:12.281Z,-23.6045958,-46.8367297,828.561,18.061,18.060,3,128,365
1784771772342,2026-07-23T01:56:12.342Z,-23.6045916,-46.8367381,828.488,18.009,18.060,3,128,365
1784771772404,2026-07-23T01:56:12.404Z,-23.6045877,-46.8367467,828.402,17.942,18.010,3,128,365
1784771772465,2026-07-23T01:56:12.465Z,-23.6045841,-46.8367554,828.337,17.910,17.940,3,128,365
1784771772527,2026-07-23T01:56:12.527Z,-23.6045806,-46.8367642,828.283,17.900,17.910,3,128,365
1784771772588,2026-07-23T01:56:12.588Z,-23.6045774,-46.8367731,828.205,17.919,17.900,3,128,365
1784771772650,2026-07-23T01:56:12.650Z,-23.6045743,-46.8367823,828.117,18.071,17.920,3,128,365
1784771772711,2026-07-23T01:56:12.711Z,-23.6045715,-46.8367915,828.016,18.147,18.080,3,128,365
1784771772773,2026-07-23T01:56:12.773Z,-23.6045691,-46.8368008,827.924,18.079,18.150,3,128,365
1784771772834,2026-07-23T01:56:12.834Z,-23.6045668,-46.8368098,827.833,17.861,18.090,3,128,365
1784771772896,2026-07-23T01:56:12.896Z,-23.6045647,-46.8368193,827.765,17.968,17.870,3,128,365
1784771772957,2026-07-23T01:56:12.957Z,-23.6045627,-46.8368287,827.716,18.002,17.980,3,128,365
1784771773019,2026-07-23T01:56:13.019Z,-23.6045610,-46.8368380,827.640,17.865,18.010,3,128,365
1784771773080,2026-07-23T01:56:13.080Z,-23.6045597,-46.8368473,827.565,17.747,17.880,3,128,365
1784771773142,2026-07-23T01:56:13.142Z,-23.6045586,-46.8368566,827.468,17.590,17.760,3,128,365
1784771773203,2026-07-23T01:56:13.203Z,-23.6045580,-46.8368661,827.346,17.705,17.600,3,128,365
1784771773265,2026-07-23T01:56:13.265Z,-23.6045574,-46.8368757,827.249,17.786,17.720,3,128,366
1784771773320,2026-07-23T01:56:13.320Z,-23.6045570,-46.8368847,827.193,17.424,17.800,3,128,366
1784771773375,2026-07-23T01:56:13.375Z,-23.6045571,-46.8368941,827.023,17.532,17.440,3,128,366
1784771773430,2026-07-23T01:56:13.430Z,-23.6045574,-46.8369037,826.891,17.717,17.560,3,128,366
1784771773485,2026-07-23T01:56:13.485Z,-23.6045579,-46.8369131,826.794,17.692,17.740,3,128,366
1784771773540,2026-07-23T01:56:13.540Z,-23.6045587,-46.8369225,826.731,17.594,17.720,3,128,366
1784771773595,2026-07-23T01:56:13.595Z,-23.6045600,-46.8369315,826.629,17.383,17.620,3,128,366
1784771773650,2026-07-23T01:56:13.650Z,-23.6045617,-46.8369405,826.519,17.267,17.410,3,128,366
1784771773705,2026-07-23T01:56:13.705Z,-23.6045636,-46.8369497,826.425,17.350,17.300,3,128,366
1784771773760,2026-07-23T01:56:13.760Z,-23.6045659,-46.8369584,826.236,17.277,17.380,3,128,366
1784771773815,2026-07-23T01:56:13.815Z,-23.6045688,-46.8369672,826.073,17.296,17.320,3,128,366
1784771773870,2026-07-23T01:56:13.870Z,-23.6045717,-46.8369763,826.028,17.491,17.340,3,128,366
1784771773925,2026-07-23T01:56:13.925Z,-23.6045748,-46.8369852,825.942,17.616,17.530,3,128,366
1784771773980,2026-07-23T01:56:13.980Z,-23.6045781,-46.8369936,825.829,17.421,17.660,3,128,366
1784771774035,2026-07-23T01:56:14.035Z,-23.6045818,-46.8370019,825.701,17.403,17.470,3,128,366
1784771774090,2026-07-23T01:56:14.090Z,-23.6045857,-46.8370102,825.603,17.437,17.450,3,128,366
1784771774145,2026-07-23T01:56:14.145Z,-23.6045900,-46.8370183,825.520,17.461,17.490,3,128,366
1784771774200,2026-07-23T01:56:14.200Z,-23.6045947,-46.8370260,825.391,17.443,17.510,3,128,366
1784771774255,2026-07-23T01:56:14.255Z,-23.6045995,-46.8370336,825.283,17.392,17.490,3,128,367
1784771774307,2026-07-23T01:56:14.307Z,-23.6046047,-46.8370410,825.183,17.408,17.440,3,128,367
1784771774359,2026-07-23T01:56:14.359Z,-23.6046100,-46.8370485,825.093,17.535,17.460,3,128,367
1784771774411,2026-07-23T01:56:14.411Z,-23.6046153,-46.8370560,825.005,17.641,17.590,3,128,367
1784771774463,2026-07-23T01:56:14.463Z,-23.6046209,-46.8370631,824.942,17.559,17.690,3,128,367
1784771774515,2026-07-23T01:56:14.515Z,-23.6046267,-46.8370701,824.856,17.576,17.610,3,128,367
1784771774567,2026-07-23T01:56:14.567Z,-23.6046328,-46.8370771,824.755,17.802,17.630,3,128,367
1784771774619,2026-07-23T01:56:14.619Z,-23.6046387,-46.8370841,824.654,17.746,17.860,3,128,367
1784771774671,2026-07-23T01:56:14.671Z,-23.6046447,-46.8370911,824.556,17.829,17.800,3,128,367
1784771774723,2026-07-23T01:56:14.723Z,-23.6046504,-46.8370983,824.455,17.809,17.890,3,128,367
1784771774776,2026-07-23T01:56:14.776Z,-23.6046561,-46.8371056,824.354,17.812,17.870,3,128,367
1784771774828,2026-07-23T01:56:14.828Z,-23.6046617,-46.8371129,824.255,17.847,17.870,3,128,367
1784771774880,2026-07-23T01:56:14.880Z,-23.6046672,-46.8371203,824.160,17.757,17.910,3,128,367
1784771774932,2026-07-23T01:56:14.932Z,-23.6046725,-46.8371278,824.085,17.737,17.820,3,128,367
1784771774984,2026-07-23T01:56:14.984Z,-23.6046775,-46.8371354,824.009,17.691,17.800,3,128,367
1784771775036,2026-07-23T01:56:15.036Z,-23.6046823,-46.8371433,823.947,17.641,17.750,3,128,367
1784771775088,2026-07-23T01:56:15.088Z,-23.6046868,-46.8371514,823.897,17.620,17.700,3,128,367
1784771775140,2026-07-23T01:56:15.140Z,-23.6046909,-46.8371597,823.841,17.609,17.680,3,128,367
1784771775192,2026-07-23T01:56:15.192Z,-23.6046947,-46.8371682,823.794,17.556,17.670,3,128,367
1784771775245,2026-07-23T01:56:15.245Z,-23.6046983,-46.8371767,823.732,17.475,17.620,3,128,368
1784771775296,2026-07-23T01:56:15.296Z,-23.6047016,-46.8371854,823.698,17.415,17.530,3,128,368
1784771775348,2026-07-23T01:56:15.348Z,-23.6047047,-46.8371944,823.653,17.530,17.470,3,128,368
1784771775400,2026-07-23T01:56:15.400Z,-23.6047076,-46.8372033,823.609,17.527,17.580,3,128,368
1784771775452,2026-07-23T01:56:15.452Z,-23.6047102,-46.8372126,823.520,17.759,17.580,3,128,368
1784771775504,2026-07-23T01:56:15.504Z,-23.6047125,-46.8372216,823.448,17.672,17.810,3,128,368
1784771775556,2026-07-23T01:56:15.556Z,-23.6047143,-46.8372311,823.422,17.690,17.730,3,128,368
1784771775608,2026-07-23T01:56:15.608Z,-23.6047158,-46.8372405,823.382,17.704,17.740,3,128,368
1784771775660,2026-07-23T01:56:15.660Z,-23.6047170,-46.8372498,823.364,17.503,17.760,3,128,368
1784771775712,2026-07-23T01:56:15.712Z,-23.6047177,-46.8372592,823.334,17.423,17.550,3,128,368
1784771775764,2026-07-23T01:56:15.764Z,-23.6047181,-46.8372688,823.295,17.492,17.470,3,128,368
1784771775816,2026-07-23T01:56:15.816Z,-23.6047181,-46.8372783,823.262,17.488,17.540,3,128,368
1784771775868,2026-07-23T01:56:15.868Z,-23.6047176,-46.8372877,823.254,17.386,17.530,3,128,368
1784771775920,2026-07-23T01:56:15.920Z,-23.6047169,-46.8372973,823.254,17.403,17.430,3,128,368
1784771775972,2026-07-23T01:56:15.972Z,-23.6047161,-46.8373066,823.278,17.263,17.440,3,128,368
1784771776024,2026-07-23T01:56:16.024Z,-23.6047144,-46.8373160,823.318,17.258,17.300,3,128,368
1784771776076,2026-07-23T01:56:16.076Z,-23.6047124,-46.8373252,823.359,17.279,17.290,3,128,368
1784771776128,2026-07-23T01:56:16.128Z,-23.6047103,-46.8373338,823.438,16.780,17.310,3,128,368
1784771776180,2026-07-23T01:56:16.180Z,-23.6047079,-46.8373430,823.420,17.051,16.810,3,128,369
1784771776241,2026-07-23T01:56:16.241Z,-23.6047055,-46.8373518,823.315,17.194,17.080,3,128,369
1784771776302,2026-07-23T01:56:16.302Z,-23.6047031,-46.8373606,823.294,17.050,17.220,3,128,369
1784771776364,2026-07-23T01:56:16.364Z,-23.6047004,-46.8373695,823.376,17.014,17.080,3,128,369
1784771776425,2026-07-23T01:56:16.425Z,-23.6046974,-46.8373786,823.498,17.133,17.030,3,128,369
1784771776487,2026-07-23T01:56:16.487Z,-23.6046915,-46.8373967,823.488,17.575,17.150,3,128,369
1784771776548,2026-07-23T01:56:16.548Z,-23.6046878,-46.8374056,823.511,17.747,17.590,3,128,369
1784771776610,2026-07-23T01:56:16.610Z,-23.6046836,-46.8374141,823.549,17.713,17.760,3,128,369
1784771776671,2026-07-23T01:56:16.671Z,-23.6046789,-46.8374225,823.657,17.735,17.720,3,128,369
1784771776733,2026-07-23T01:56:16.733Z,-23.6046745,-46.8374307,823.662,17.701,17.740,3,128,369
1784771776794,2026-07-23T01:56:16.794Z,-23.6046702,-46.8374385,823.693,17.479,17.710,3,128,369
1784771776856,2026-07-23T01:56:16.856Z,-23.6046661,-46.8374463,823.723,17.235,17.480,3,128,369
1784771776917,2026-07-23T01:56:16.917Z,-23.6046610,-46.8374531,823.750,16.943,17.240,3,128,369
1784771776979,2026-07-23T01:56:16.979Z,-23.6046563,-46.8374600,823.780,16.673,16.950,3,128,369
1784771777040,2026-07-23T01:56:17.040Z,-23.6046513,-46.8374668,823.777,16.560,16.680,3,128,369
1784771777102,2026-07-23T01:56:17.102Z,-23.6046457,-46.8374733,823.835,16.556,16.560,3,128,369
1784771777163,2026-07-23T01:56:17.163Z,-23.6046401,-46.8374796,823.884,16.450,16.560,3,128,369
1784771777225,2026-07-23T01:56:17.225Z,-23.6046342,-46.8374856,823.913,16.403,16.450,3,128,370
1784771777280,2026-07-23T01:56:17.280Z,-23.6046282,-46.8374911,823.965,16.208,16.400,3,128,370
1784771777335,2026-07-23T01:56:17.335Z,-23.6046216,-46.8374965,824.041,16.227,16.210,3,128,370
1784771777390,2026-07-23T01:56:17.390Z,-23.6046144,-46.8375008,824.077,16.227,16.230,3,128,370
1784771777445,2026-07-23T01:56:17.445Z,-23.6046074,-46.8375049,824.120,16.065,16.230,3,128,370
1784771777500,2026-07-23T01:56:17.500Z,-23.6046001,-46.8375085,824.162,15.894,16.070,3,128,370
1784771777555,2026-07-23T01:56:17.555Z,-23.6045928,-46.8375121,824.191,15.862,15.890,3,128,370
1784771777610,2026-07-23T01:56:17.610Z,-23.6045850,-46.8375155,824.278,15.948,15.860,3,128,370
1784771777665,2026-07-23T01:56:17.665Z,-23.6045773,-46.8375187,824.331,16.002,15.950,3,128,370
1784771777720,2026-07-23T01:56:17.720Z,-23.6045693,-46.8375218,824.394,16.187,16.000,3,128,370
1784771777775,2026-07-23T01:56:17.775Z,-23.6045616,-46.8375250,824.470,16.197,16.190,3,128,370
1784771777830,2026-07-23T01:56:17.830Z,-23.6045540,-46.8375281,824.583,16.083,16.200,3,128,370
1784771777885,2026-07-23T01:56:17.885Z,-23.6045465,-46.8375309,824.649,15.983,16.090,3,128,370
1784771777940,2026-07-23T01:56:17.940Z,-23.6045387,-46.8375332,824.730,16.009,15.990,3,128,370
1784771777995,2026-07-23T01:56:17.995Z,-23.6045307,-46.8375356,824.786,16.134,16.010,3,128,370
1784771778050,2026-07-23T01:56:18.050Z,-23.6045231,-46.8375378,824.920,15.891,16.140,3,128,370
1784771778105,2026-07-23T01:56:18.105Z,-23.6045154,-46.8375398,824.987,15.828,15.900,3,128,370
1784771778160,2026-07-23T01:56:18.160Z,-23.6045075,-46.8375416,825.028,15.957,15.830,3,128,370
1784771778215,2026-07-23T01:56:18.215Z,-23.6044995,-46.8375434,825.102,16.026,15.960,3,128,370
1784771778270,2026-07-23T01:56:18.270Z,-23.6044919,-46.8375452,825.183,15.860,16.030,3,137,371
1784771778325,2026-07-23T01:56:18.325Z,-23.6044842,-46.8375465,825.253,15.695,15.870,3,137,371
1784771778380,2026-07-23T01:56:18.380Z,-23.6044767,-46.8375473,825.284,15.517,15.700,3,137,371
1784771778435,2026-07-23T01:56:18.435Z,-23.6044692,-46.8375478,825.312,15.380,15.530,3,137,371
1784771778490,2026-07-23T01:56:18.490Z,-23.6044617,-46.8375483,825.384,15.223,15.390,3,137,371
1784771778545,2026-07-23T01:56:18.545Z,-23.6044541,-46.8375488,825.442,15.177,15.230,3,137,371
1784771778600,2026-07-23T01:56:18.600Z,-23.6044468,-46.8375489,825.510,14.992,15.190,3,137,371
1784771778655,2026-07-23T01:56:18.655Z,-23.6044393,-46.8375488,825.606,14.903,15.010,3,137,371
1784771778710,2026-07-23T01:56:18.710Z,-23.6044318,-46.8375484,825.663,14.923,14.920,3,137,371
1784771778765,2026-07-23T01:56:18.765Z,-23.6044244,-46.8375478,825.732,14.849,14.940,3,137,371
1784771778820,2026-07-23T01:56:18.820Z,-23.6044172,-46.8375469,825.786,14.712,14.870,3,137,371
1784771778875,2026-07-23T01:56:18.875Z,-23.6044101,-46.8375455,825.837,14.549,14.730,3,137,371
1784771778930,2026-07-23T01:56:18.930Z,-23.6044029,-46.8375437,825.896,14.471,14.570,3,137,371
1784771778985,2026-07-23T01:56:18.985Z,-23.6043962,-46.8375415,825.938,14.258,14.490,3,137,371
1784771779040,2026-07-23T01:56:19.040Z,-23.6043896,-46.8375389,825.977,14.029,14.280,3,137,371
1784771779095,2026-07-23T01:56:19.095Z,-23.6043830,-46.8375358,826.011,14.011,14.050,3,137,371
1784771779150,2026-07-23T01:56:19.150Z,-23.6043765,-46.8375320,826.025,14.007,14.030,3,137,371
1784771779205,2026-07-23T01:56:19.205Z,-23.6043705,-46.8375284,826.024,13.825,14.030,3,137,372
1784771779257,2026-07-23T01:56:19.257Z,-23.6043647,-46.8375245,826.062,13.650,13.840,3,137,372
1784771779309,2026-07-23T01:56:19.309Z,-23.6043591,-46.8375203,826.090,13.520,13.670,3,137,372
1784771779361,2026-07-23T01:56:19.361Z,-23.6043536,-46.8375160,826.155,13.419,13.540,3,137,372
1784771779413,2026-07-23T01:56:19.413Z,-23.6043487,-46.8375117,826.207,13.120,13.440,3,137,372
1784771779465,2026-07-23T01:56:19.465Z,-23.6043441,-46.8375071,826.256,12.866,13.140,3,137,372
1784771779517,2026-07-23T01:56:19.517Z,-23.6043397,-46.8375022,826.314,12.705,12.890,3,137,372
1784771779569,2026-07-23T01:56:19.569Z,-23.6043355,-46.8374968,826.359,12.650,12.730,3,137,372
1784771779621,2026-07-23T01:56:19.621Z,-23.6043317,-46.8374912,826.389,12.549,12.670,3,137,372
1784771779673,2026-07-23T01:56:19.673Z,-23.6043281,-46.8374855,826.403,12.478,12.570,3,137,372
1784771779726,2026-07-23T01:56:19.726Z,-23.6043250,-46.8374797,826.416,12.352,12.500,3,137,372
1784771779778,2026-07-23T01:56:19.778Z,-23.6043221,-46.8374739,826.437,12.201,12.370,3,137,372
1784771779830,2026-07-23T01:56:19.830Z,-23.6043193,-46.8374680,826.448,12.174,12.220,3,137,372
1784771779882,2026-07-23T01:56:19.882Z,-23.6043166,-46.8374620,826.440,12.130,12.190,3,137,372
1784771779934,2026-07-23T01:56:19.934Z,-23.6043142,-46.8374563,826.482,11.968,12.150,3,137,372
1784771779986,2026-07-23T01:56:19.986Z,-23.6043120,-46.8374499,826.454,12.031,11.990,3,137,372
1784771780038,2026-07-23T01:56:20.038Z,-23.6043100,-46.8374434,826.429,12.125,12.050,3,137,372
1784771780090,2026-07-23T01:56:20.090Z,-23.6043085,-46.8374368,826.429,12.161,12.140,3,137,372
1784771780142,2026-07-23T01:56:20.142Z,-23.6043071,-46.8374301,826.468,12.288,12.180,3,137,372
1784771780195,2026-07-23T01:56:20.195Z,-23.6043060,-46.8374236,826.553,12.298,12.300,3,128,373
1784771780253,2026-07-23T01:56:20.253Z,-23.6043052,-46.8374166,826.625,12.496,12.310,3,128,373
1784771780311,2026-07-23T01:56:20.311Z,-23.6043049,-46.8374098,826.659,12.564,12.510,3,128,373
1784771780369,2026-07-23T01:56:20.369Z,-23.6043047,-46.8374029,826.717,12.660,12.580,3,128,373
1784771780427,2026-07-23T01:56:20.427Z,-23.6043048,-46.8373959,826.751,12.780,12.680,3,128,373
1784771780485,2026-07-23T01:56:20.485Z,-23.6043051,-46.8373888,826.775,12.904,12.800,3,128,373
1784771780543,2026-07-23T01:56:20.543Z,-23.6043058,-46.8373820,826.791,12.925,12.920,3,128,373
1784771780601,2026-07-23T01:56:20.601Z,-23.6043068,-46.8373750,826.751,12.973,12.940,3,128,373
1784771780659,2026-07-23T01:56:20.659Z,-23.6043079,-46.8373682,826.723,12.960,12.990,3,128,373
1784771780717,2026-07-23T01:56:20.717Z,-23.6043092,-46.8373618,826.708,12.798,12.970,3,128,373
1784771780775,2026-07-23T01:56:20.775Z,-23.6043108,-46.8373551,826.682,12.824,12.810,3,128,373
1784771780833,2026-07-23T01:56:20.833Z,-23.6043125,-46.8373486,826.657,12.760,12.830,3,128,373
1784771780891,2026-07-23T01:56:20.891Z,-23.6043142,-46.8373419,826.666,12.824,12.770,3,128,373
1784771780949,2026-07-23T01:56:20.949Z,-23.6043163,-46.8373350,826.680,13.039,12.830,3,128,373
1784771781007,2026-07-23T01:56:21.007Z,-23.6043186,-46.8373282,826.675,13.213,13.050,3,128,373
1784771781065,2026-07-23T01:56:21.065Z,-23.6043211,-46.8373213,826.674,13.415,13.220,3,128,373
1784771781123,2026-07-23T01:56:21.123Z,-23.6043236,-46.8373143,826.705,13.650,13.420,3,128,373
1784771781181,2026-07-23T01:56:21.181Z,-23.6043260,-46.8373072,826.728,13.749,13.660,3,128,373
1784771781240,2026-07-23T01:56:21.240Z,-23.6043282,-46.8373002,826.745,13.768,13.760,3,126,374
1784771781298,2026-07-23T01:56:21.298Z,-23.6043304,-46.8372933,826.790,13.705,13.770,3,126,374
1784771781356,2026-07-23T01:56:21.356Z,-23.6043322,-46.8372865,826.865,13.518,13.710,3,126,374
1784771781414,2026-07-23T01:56:21.414Z,-23.6043339,-46.8372798,826.874,13.283,13.530,3,126,374
1784771781472,2026-07-23T01:56:21.472Z,-23.6043355,-46.8372729,826.802,13.187,13.290,3,126,374
1784771781531,2026-07-23T01:56:21.531Z,-23.6043390,-46.8372591,826.833,13.246,13.190,3,126,374
1784771781589,2026-07-23T01:56:21.589Z,-23.6043405,-46.8372522,826.847,13.213,13.250,3,126,374
1784771781647,2026-07-23T01:56:21.647Z,-23.6043417,-46.8372451,826.887,13.222,13.220,3,126,374
1784771781705,2026-07-23T01:56:21.705Z,-23.6043426,-46.8372377,826.897,13.332,13.230,3,126,374
1784771781764,2026-07-23T01:56:21.764Z,-23.6043436,-46.8372305,826.908,13.404,13.340,3,126,374
1784771781822,2026-07-23T01:56:21.822Z,-23.6043443,-46.8372228,826.929,13.603,13.410,3,126,374
1784771781880,2026-07-23T01:56:21.880Z,-23.6043450,-46.8372153,826.890,13.656,13.610,3,126,374
1784771781938,2026-07-23T01:56:21.938Z,-23.6043454,-46.8372081,826.890,13.577,13.660,3,126,374
1784771781997,2026-07-23T01:56:21.997Z,-23.6043455,-46.8372004,826.900,13.741,13.580,3,126,374
1784771782055,2026-07-23T01:56:22.055Z,-23.6043455,-46.8371933,826.980,13.559,13.750,3,126,374
1784771782113,2026-07-23T01:56:22.113Z,-23.6043454,-46.8371862,827.008,13.429,13.560,3,126,374
1784771782171,2026-07-23T01:56:22.171Z,-23.6043455,-46.8371789,827.026,13.455,13.430,3,126,374
1784771782230,2026-07-23T01:56:22.230Z,-23.6043455,-46.8371713,827.001,13.615,13.460,3,126,375
1784771782288,2026-07-23T01:56:22.288Z,-23.6043454,-46.8371637,826.991,13.739,13.620,3,126,375
1784771782346,2026-07-23T01:56:22.346Z,-23.6043453,-46.8371563,827.035,13.763,13.740,3,126,375
1784771782404,2026-07-23T01:56:22.404Z,-23.6043449,-46.8371485,827.062,13.948,13.770,3,126,375
1784771782462,2026-07-23T01:56:22.462Z,-23.6043442,-46.8371407,827.102,14.065,13.950,3,126,375
1784771782520,2026-07-23T01:56:22.520Z,-23.6043435,-46.8371330,827.175,14.144,14.070,3,126,375
1784771782578,2026-07-23T01:56:22.578Z,-23.6043429,-46.8371251,827.229,14.260,14.150,3,126,375
1784771782636,2026-07-23T01:56:22.636Z,-23.6043423,-46.8371176,827.263,14.181,14.270,3,126,375
1784771782694,2026-07-23T01:56:22.694Z,-23.6043416,-46.8371099,827.228,14.222,14.190,3,126,375
1784771782752,2026-07-23T01:56:22.752Z,-23.6043408,-46.8371022,827.230,14.277,14.230,3,126,375
1784771782810,2026-07-23T01:56:22.810Z,-23.6043401,-46.8370944,827.246,14.309,14.280,3,126,375
1784771782868,2026-07-23T01:56:22.868Z,-23.6043389,-46.8370864,827.237,14.497,14.310,3,126,375
1784771782926,2026-07-23T01:56:22.926Z,-23.6043375,-46.8370786,827.205,14.530,14.500,3,126,375
1784771782984,2026-07-23T01:56:22.984Z,-23.6043360,-46.8370711,827.226,14.463,14.530,3,126,375
1784771783042,2026-07-23T01:56:23.042Z,-23.6043343,-46.8370639,827.262,14.337,14.470,3,126,375
1784771783100,2026-07-23T01:56:23.100Z,-23.6043324,-46.8370564,827.313,14.354,14.340,3,126,375
1784771783158,2026-07-23T01:56:23.158Z,-23.6043303,-46.8370486,827.346,14.500,14.360,3,126,375
1784771783216,2026-07-23T01:56:23.216Z,-23.6043281,-46.8370410,827.398,14.566,14.500,3,126,375
1784771783275,2026-07-23T01:56:23.275Z,-23.6043260,-46.8370341,827.466,14.350,14.570,3,126,376
1784771783324,2026-07-23T01:56:23.324Z,-23.6043233,-46.8370270,827.552,14.269,14.350,3,126,376
1784771783373,2026-07-23T01:56:23.373Z,-23.6043208,-46.8370198,827.602,14.248,14.270,3,126,376
1784771783422,2026-07-23T01:56:23.422Z,-23.6043183,-46.8370126,827.630,14.271,14.250,3,126,376
1784771783471,2026-07-23T01:56:23.471Z,-23.6043157,-46.8370054,827.670,14.253,14.280,3,126,376
1784771783521,2026-07-23T01:56:23.521Z,-23.6043133,-46.8369984,827.731,14.172,14.260,3,126,376
1784771783570,2026-07-23T01:56:23.570Z,-23.6043106,-46.8369913,827.762,14.207,14.180,3,126,376
1784771783619,2026-07-23T01:56:23.619Z,-23.6043078,-46.8369843,827.776,14.197,14.210,3,126,376
1784771783668,2026-07-23T01:56:23.668Z,-23.6043049,-46.8369774,827.823,14.159,14.200,3,126,376
1784771783717,2026-07-23T01:56:23.717Z,-23.6043017,-46.8369707,827.921,14.127,14.170,3,126,376
1784771783767,2026-07-23T01:56:23.767Z,-23.6042988,-46.8369641,828.031,13.938,14.140,3,126,376
1784771783816,2026-07-23T01:56:23.816Z,-23.6042954,-46.8369576,828.157,13.875,13.950,3,126,376
1784771783865,2026-07-23T01:56:23.865Z,-23.6042922,-46.8369511,828.252,13.803,13.890,3,126,376
1784771783914,2026-07-23T01:56:23.914Z,-23.6042888,-46.8369442,828.340,13.955,13.820,3,126,376
1784771783963,2026-07-23T01:56:23.963Z,-23.6042855,-46.8369374,828.451,14.020,13.970,3,126,376
1784771784013,2026-07-23T01:56:24.013Z,-23.6042817,-46.8369307,828.497,14.153,14.040,3,126,376
1784771784062,2026-07-23T01:56:24.062Z,-23.6042778,-46.8369242,828.559,14.164,14.170,3,126,376
1784771784111,2026-07-23T01:56:24.111Z,-23.6042735,-46.8369181,828.660,14.112,14.180,3,126,376
1784771784160,2026-07-23T01:56:24.160Z,-23.6042693,-46.8369123,828.757,13.977,14.130,3,126,376
1784771784210,2026-07-23T01:56:24.210Z,-23.6042651,-46.8369065,828.831,13.914,14.000,3,126,377
1784771784268,2026-07-23T01:56:24.268Z,-23.6042606,-46.8369006,828.941,13.952,13.930,3,126,377
1784771784326,2026-07-23T01:56:24.326Z,-23.6042561,-46.8368947,829.063,13.965,13.970,3,126,377
1784771784384,2026-07-23T01:56:24.384Z,-23.6042512,-46.8368892,829.183,13.955,13.990,3,126,377
1784771784442,2026-07-23T01:56:24.442Z,-23.6042462,-46.8368835,829.268,14.040,13.980,3,126,377
1784771784500,2026-07-23T01:56:24.500Z,-23.6042412,-46.8368781,829.370,14.076,14.070,3,126,377
1784771784558,2026-07-23T01:56:24.558Z,-23.6042364,-46.8368725,829.457,14.073,14.100,3,126,377
1784771784616,2026-07-23T01:56:24.616Z,-23.6042317,-46.8368670,829.532,14.043,14.100,3,126,377
1784771784674,2026-07-23T01:56:24.674Z,-23.6042268,-46.8368613,829.624,14.084,14.070,3,126,377
1784771784732,2026-07-23T01:56:24.732Z,-23.6042219,-46.8368557,829.722,14.123,14.120,3,126,377
1784771784790,2026-07-23T01:56:24.790Z,-23.6042172,-46.8368499,829.794,14.140,14.160,3,126,377
1784771784848,2026-07-23T01:56:24.848Z,-23.6042127,-46.8368440,829.861,14.128,14.170,3,126,377
1784771784906,2026-07-23T01:56:24.906Z,-23.6042085,-46.8368382,829.935,14.033,14.160,3,126,377
1784771784964,2026-07-23T01:56:24.964Z,-23.6042045,-46.8368321,830.039,13.963,14.070,3,126,377
1784771785022,2026-07-23T01:56:25.022Z,-23.6042006,-46.8368261,830.112,13.910,14.000,3,126,377
1784771785080,2026-07-23T01:56:25.080Z,-23.6041968,-46.8368198,830.165,13.915,13.950,3,126,377
1784771785138,2026-07-23T01:56:25.138Z,-23.6041930,-46.8368133,830.232,13.959,13.950,3,126,377
1784771785196,2026-07-23T01:56:25.196Z,-23.6041893,-46.8368068,830.330,13.988,14.000,3,126,377
1784771785255,2026-07-23T01:56:25.255Z,-23.6041861,-46.8368006,830.461,13.834,14.030,3,126,378
1784771785310,2026-07-23T01:56:25.310Z,-23.6041831,-46.8367937,830.503,13.889,13.880,3,126,378
1784771785365,2026-07-23T01:56:25.365Z,-23.6041798,-46.8367866,830.538,14.038,13.930,3,126,378
1784771785420,2026-07-23T01:56:25.420Z,-23.6041767,-46.8367798,830.649,14.031,14.080,3,126,378
1784771785475,2026-07-23T01:56:25.475Z,-23.6041740,-46.8367731,830.829,13.891,14.070,3,126,378
1784771785530,2026-07-23T01:56:25.530Z,-23.6041715,-46.8367664,830.945,13.806,13.940,3,126,378
1784771785585,2026-07-23T01:56:25.585Z,-23.6041694,-46.8367595,831.053,13.677,13.850,3,126,378
1784771785640,2026-07-23T01:56:25.640Z,-23.6041676,-46.8367524,831.121,13.679,13.730,3,126,378
1784771785695,2026-07-23T01:56:25.695Z,-23.6041665,-46.8367450,831.080,13.671,13.730,3,126,378
1784771785750,2026-07-23T01:56:25.750Z,-23.6041656,-46.8367379,831.092,13.592,13.720,3,126,378
1784771785805,2026-07-23T01:56:25.805Z,-23.6041649,-46.8367307,831.189,13.478,13.640,3,126,378
1784771785860,2026-07-23T01:56:25.860Z,-23.6041648,-46.8367232,831.093,13.568,13.520,3,126,378
1784771785915,2026-07-23T01:56:25.915Z,-23.6041648,-46.8367158,831.061,13.601,13.610,3,126,378
1784771785970,2026-07-23T01:56:25.970Z,-23.6041650,-46.8367084,831.112,13.602,13.640,3,126,378
1784771786025,2026-07-23T01:56:26.025Z,-23.6041653,-46.8367014,831.240,13.450,13.640,3,126,378
1784771786080,2026-07-23T01:56:26.080Z,-23.6041660,-46.8366944,831.331,13.300,13.490,3,126,378
1784771786135,2026-07-23T01:56:26.135Z,-23.6041670,-46.8366877,831.394,13.095,13.340,3,126,378
1784771786190,2026-07-23T01:56:26.190Z,-23.6041682,-46.8366811,831.491,12.943,13.140,3,126,378
1784771786245,2026-07-23T01:56:26.245Z,-23.6041698,-46.8366744,831.583,12.867,12.990,3,126,379
1784771786300,2026-07-23T01:56:26.300Z,-23.6041715,-46.8366679,831.665,12.800,12.910,3,126,379
1784771786355,2026-07-23T01:56:26.355Z,-23.6041737,-46.8366614,831.712,12.778,12.850,3,126,379
1784771786410,2026-07-23T01:56:26.410Z,-23.6041762,-46.8366549,831.740,12.835,12.830,3,126,379
1784771786465,2026-07-23T01:56:26.465Z,-23.6041790,-46.8366483,831.764,12.975,12.880,3,126,379
1784771786520,2026-07-23T01:56:26.520Z,-23.6041821,-46.8366422,831.779,12.949,13.020,3,126,379
1784771786575,2026-07-23T01:56:26.575Z,-23.6041856,-46.8366363,831.830,12.962,12.990,3,126,379
1784771786630,2026-07-23T01:56:26.630Z,-23.6041892,-46.8366306,831.881,12.954,13.000,3,126,379
1784771786685,2026-07-23T01:56:26.685Z,-23.6041931,-46.8366248,831.923,13.030,13.000,3,126,379
1784771786740,2026-07-23T01:56:26.740Z,-23.6041972,-46.8366193,831.970,13.120,13.070,3,126,379
1784771786795,2026-07-23T01:56:26.795Z,-23.6042015,-46.8366138,831.995,13.183,13.160,3,126,379
1784771786850,2026-07-23T01:56:26.850Z,-23.6042059,-46.8366082,831.993,13.339,13.220,3,126,379
1784771786905,2026-07-23T01:56:26.905Z,-23.6042105,-46.8366026,831.999,13.502,13.380,3,126,379
1784771786960,2026-07-23T01:56:26.960Z,-23.6042152,-46.8365972,832.004,13.603,13.540,3,126,379
1784771787015,2026-07-23T01:56:27.015Z,-23.6042199,-46.8365919,832.059,13.627,13.640,3,126,379
1784771787070,2026-07-23T01:56:27.070Z,-23.6042246,-46.8365867,832.056,13.608,13.660,3,126,379
1784771787125,2026-07-23T01:56:27.125Z,-23.6042293,-46.8365815,832.061,13.631,13.640,3,126,379
1784771787180,2026-07-23T01:56:27.180Z,-23.6042340,-46.8365762,832.049,13.625,13.660,3,126,379
1784771787235,2026-07-23T01:56:27.235Z,-23.6042388,-46.8365710,832.066,13.617,13.650,3,135,380
1784771787287,2026-07-23T01:56:27.287Z,-23.6042437,-46.8365661,832.071,13.574,13.650,3,135,380
1784771787339,2026-07-23T01:56:27.339Z,-23.6042488,-46.8365613,832.102,13.617,13.600,3,135,380
1784771787391,2026-07-23T01:56:27.391Z,-23.6042541,-46.8365564,832.141,13.739,13.650,3,135,380
1784771787443,2026-07-23T01:56:27.443Z,-23.6042594,-46.8365516,832.165,13.833,13.770,3,135,380
1784771787495,2026-07-23T01:56:27.495Z,-23.6042650,-46.8365470,832.159,13.927,13.860,3,135,380
1784771787547,2026-07-23T01:56:27.547Z,-23.6042707,-46.8365424,832.151,14.032,13.950,3,135,380
1784771787599,2026-07-23T01:56:27.599Z,-23.6042766,-46.8365382,832.193,14.087,14.050,3,135,380
1784771787651,2026-07-23T01:56:27.651Z,-23.6042828,-46.8365345,832.289,14.142,14.110,3,135,380
1784771787703,2026-07-23T01:56:27.703Z,-23.6042890,-46.8365310,832.313,14.135,14.170,3,135,380
1784771787756,2026-07-23T01:56:27.756Z,-23.6042953,-46.8365272,832.345,14.261,14.160,3,135,380
1784771787808,2026-07-23T01:56:27.808Z,-23.6043017,-46.8365237,832.361,14.386,14.280,3,135,380
1784771787860,2026-07-23T01:56:27.860Z,-23.6043081,-46.8365203,832.361,14.392,14.410,3,135,380
1784771787912,2026-07-23T01:56:27.912Z,-23.6043146,-46.8365171,832.381,14.439,14.410,3,135,380
1784771787964,2026-07-23T01:56:27.964Z,-23.6043213,-46.8365140,832.372,14.495,14.460,3,135,380
1784771788016,2026-07-23T01:56:28.016Z,-23.6043280,-46.8365112,832.377,14.506,14.510,3,135,380
1784771788068,2026-07-23T01:56:28.068Z,-23.6043348,-46.8365082,832.335,14.615,14.520,3,135,380
1784771788120,2026-07-23T01:56:28.120Z,-23.6043415,-46.8365053,832.317,14.594,14.630,3,135,380
1784771788172,2026-07-23T01:56:28.172Z,-23.6043485,-46.8365025,832.262,14.764,14.610,3,135,380
1784771788225,2026-07-23T01:56:28.225Z,-23.6043557,-46.8364996,832.207,14.953,14.780,3,142,381
1784771788280,2026-07-23T01:56:28.280Z,-23.6043628,-46.8364966,832.172,15.110,14.960,3,142,381
1784771788335,2026-07-23T01:56:28.335Z,-23.6043701,-46.8364938,832.154,15.211,15.120,3,142,381
1784771788390,2026-07-23T01:56:28.390Z,-23.6043773,-46.8364912,832.133,15.276,15.220,3,142,381
1784771788445,2026-07-23T01:56:28.445Z,-23.6043846,-46.8364887,832.113,15.328,15.280,3,142,381
1784771788500,2026-07-23T01:56:28.500Z,-23.6043917,-46.8364859,832.139,15.264,15.340,3,142,381
1784771788555,2026-07-23T01:56:28.555Z,-23.6043987,-46.8364830,832.158,15.226,15.270,3,142,381
1784771788610,2026-07-23T01:56:28.610Z,-23.6044057,-46.8364804,832.166,15.149,15.230,3,142,381
1784771788665,2026-07-23T01:56:28.665Z,-23.6044128,-46.8364779,832.155,15.071,15.160,3,142,381
1784771788720,2026-07-23T01:56:28.720Z,-23.6044200,-46.8364754,832.088,15.146,15.080,3,142,381
1784771788775,2026-07-23T01:56:28.775Z,-23.6044274,-46.8364729,832.082,15.276,15.150,3,142,381
1784771788830,2026-07-23T01:56:28.830Z,-23.6044348,-46.8364704,832.091,15.384,15.280,3,142,381
1784771788885,2026-07-23T01:56:28.885Z,-23.6044420,-46.8364677,832.145,15.361,15.390,3,142,381
1784771788940,2026-07-23T01:56:28.940Z,-23.6044493,-46.8364650,832.177,15.425,15.370,3,142,381
1784771788995,2026-07-23T01:56:28.995Z,-23.6044568,-46.8364625,832.236,15.542,15.430,3,142,381
1784771789050,2026-07-23T01:56:29.050Z,-23.6044641,-46.8364600,832.239,15.547,15.550,3,142,381
1784771789105,2026-07-23T01:56:29.105Z,-23.6044716,-46.8364574,832.228,15.660,15.550,3,142,381
1784771789160,2026-07-23T01:56:29.160Z,-23.6044793,-46.8364546,832.209,15.850,15.670,3,142,381
1784771789215,2026-07-23T01:56:29.215Z,-23.6044869,-46.8364521,832.248,15.915,15.850,3,159,382
1784771789273,2026-07-23T01:56:29.273Z,-23.6044945,-46.8364496,832.323,15.890,15.920,3,159,382
1784771789331,2026-07-23T01:56:29.331Z,-23.6045021,-46.8364469,832.322,15.951,15.890,3,159,382
1784771789389,2026-07-23T01:56:29.389Z,-23.6045097,-46.8364441,832.299,16.047,15.960,3,159,382
1784771789447,2026-07-23T01:56:29.447Z,-23.6045174,-46.8364413,832.287,16.131,16.050,3,159,382
1784771789505,2026-07-23T01:56:29.505Z,-23.6045253,-46.8364385,832.276,16.317,16.130,3,159,382
1784771789563,2026-07-23T01:56:29.563Z,-23.6045331,-46.8364358,832.279,16.352,16.320,3,159,382
1784771789621,2026-07-23T01:56:29.621Z,-23.6045408,-46.8364330,832.285,16.374,16.360,3,159,382
1784771789679,2026-07-23T01:56:29.679Z,-23.6045487,-46.8364304,832.299,16.423,16.380,3,159,382
1784771789737,2026-07-23T01:56:29.737Z,-23.6045565,-46.8364277,832.307,16.443,16.430,3,159,382
1784771789795,2026-07-23T01:56:29.795Z,-23.6045644,-46.8364251,832.301,16.491,16.450,3,159,382
1784771789853,2026-07-23T01:56:29.853Z,-23.6045722,-46.8364223,832.339,16.512,16.490,3,159,382
1784771789911,2026-07-23T01:56:29.911Z,-23.6045803,-46.8364195,832.322,16.700,16.520,3,159,382
1784771789969,2026-07-23T01:56:29.969Z,-23.6045884,-46.8364167,832.305,16.853,16.700,3,159,382
1784771790027,2026-07-23T01:56:30.027Z,-23.6045966,-46.8364139,832.287,16.959,16.860,3,159,382
1784771790085,2026-07-23T01:56:30.085Z,-23.6046048,-46.8364111,832.261,17.077,16.960,3,159,382
1784771790143,2026-07-23T01:56:30.143Z,-23.6046130,-46.8364081,832.224,17.214,17.080,3,159,382
1784771790201,2026-07-23T01:56:30.201Z,-23.6046213,-46.8364053,832.172,17.312,17.220,3,159,382
1784771790260,2026-07-23T01:56:30.260Z,-23.6046296,-46.8364025,832.161,17.394,17.310,3,159,383
1784771790315,2026-07-23T01:56:30.315Z,-23.6046379,-46.8363999,832.157,17.378,17.390,3,159,383
1784771790370,2026-07-23T01:56:30.370Z,-23.6046464,-46.8363972,832.143,17.504,17.380,3,159,383
1784771790425,2026-07-23T01:56:30.425Z,-23.6046550,-46.8363945,832.098,17.673,17.500,3,159,383
1784771790480,2026-07-23T01:56:30.480Z,-23.6046634,-46.8363915,832.065,17.760,17.670,3,159,383
1784771790535,2026-07-23T01:56:30.535Z,-23.6046718,-46.8363883,832.069,17.861,17.760,3,159,383
1784771790590,2026-07-23T01:56:30.590Z,-23.6046801,-46.8363853,832.058,17.829,17.860,3,159,383
1784771790645,2026-07-23T01:56:30.645Z,-23.6046885,-46.8363826,832.015,17.857,17.830,3,159,383
1784771790700,2026-07-23T01:56:30.700Z,-23.6046969,-46.8363797,831.975,17.825,17.860,3,159,383
1784771790755,2026-07-23T01:56:30.755Z,-23.6047052,-46.8363770,831.975,17.782,17.830,3,159,383
1784771790810,2026-07-23T01:56:30.810Z,-23.6047136,-46.8363742,831.928,17.799,17.780,3,159,383
1784771790865,2026-07-23T01:56:30.865Z,-23.6047220,-46.8363714,831.887,17.827,17.800,3,159,383
1784771790920,2026-07-23T01:56:30.920Z,-23.6047308,-46.8363689,831.868,17.970,17.830,3,159,383
1784771790975,2026-07-23T01:56:30.975Z,-23.6047395,-46.8363666,831.792,18.015,17.970,3,159,383
1784771791030,2026-07-23T01:56:31.030Z,-23.6047478,-46.8363644,831.717,17.892,18.010,3,159,383
1784771791085,2026-07-23T01:56:31.085Z,-23.6047560,-46.8363621,831.685,17.729,17.890,3,159,383
1784771791140,2026-07-23T01:56:31.140Z,-23.6047645,-46.8363596,831.712,17.770,17.730,3,159,383
1784771791195,2026-07-23T01:56:31.195Z,-23.6047731,-46.8363568,831.678,17.838,17.770,3,159,383
1784771791250,2026-07-23T01:56:31.250Z,-23.6047818,-46.8363540,831.650,18.023,17.840,3,159,384
1784771791305,2026-07-23T01:56:31.305Z,-23.6047905,-46.8363510,831.642,18.137,18.020,3,159,384
1784771791360,2026-07-23T01:56:31.360Z,-23.6047993,-46.8363481,831.660,18.218,18.140,3,159,384
1784771791415,2026-07-23T01:56:31.415Z,-23.6048081,-46.8363453,831.666,18.341,18.220,3,159,384
1784771791470,2026-07-23T01:56:31.470Z,-23.6048170,-46.8363421,831.685,18.446,18.340,3,159,384
1784771791525,2026-07-23T01:56:31.525Z,-23.6048258,-46.8363390,831.673,18.538,18.450,3,159,384
1784771791580,2026-07-23T01:56:31.580Z,-23.6048345,-46.8363355,831.674,18.596,18.540,3,159,384
1784771791635,2026-07-23T01:56:31.635Z,-23.6048435,-46.8363320,831.686,18.718,18.600,3,159,384
1784771791690,2026-07-23T01:56:31.690Z,-23.6048524,-46.8363286,831.668,18.774,18.720,3,159,384
1784771791745,2026-07-23T01:56:31.745Z,-23.6048612,-46.8363255,831.600,18.766,18.770,3,159,384
1784771791800,2026-07-23T01:56:31.800Z,-23.6048701,-46.8363223,831.513,18.875,18.770,3,159,384
1784771791855,2026-07-23T01:56:31.855Z,-23.6048792,-46.8363192,831.523,18.934,18.880,3,159,384
1784771791910,2026-07-23T01:56:31.910Z,-23.6048883,-46.8363164,831.549,18.995,18.930,3,159,384
1784771791965,2026-07-23T01:56:31.965Z,-23.6048974,-46.8363135,831.515,19.018,19.000,3,159,384
1784771792020,2026-07-23T01:56:32.020Z,-23.6049065,-46.8363102,831.443,19.137,19.020,3,159,384
1784771792075,2026-07-23T01:56:32.075Z,-23.6049156,-46.8363069,831.414,19.210,19.140,3,159,384
1784771792130,2026-07-23T01:56:32.130Z,-23.6049248,-46.8363039,831.371,19.276,19.210,3,159,384
1784771792185,2026-07-23T01:56:32.185Z,-23.6049340,-46.8363007,831.301,19.346,19.280,3,159,384
1784771792240,2026-07-23T01:56:32.240Z,-23.6049430,-46.8362975,831.283,19.279,19.350,3,159,385
1784771792298,2026-07-23T01:56:32.298Z,-23.6049521,-46.8362942,831.177,19.394,19.280,3,159,385
1784771792356,2026-07-23T01:56:32.356Z,-23.6049613,-46.8362908,831.067,19.482,19.400,3,159,385
1784771792414,2026-07-23T01:56:32.414Z,-23.6049704,-46.8362874,830.997,19.518,19.490,3,159,385
1784771792472,2026-07-23T01:56:32.472Z,-23.6049797,-46.8362840,830.977,19.585,19.520,3,159,385
1784771792531,2026-07-23T01:56:32.531Z,-23.6049982,-46.8362775,830.937,19.633,19.590,3,159,385
1784771792589,2026-07-23T01:56:32.589Z,-23.6050076,-46.8362741,830.913,19.716,19.640,3,159,385
1784771792647,2026-07-23T01:56:32.647Z,-23.6050170,-46.8362705,830.847,19.847,19.720,3,159,385
1784771792705,2026-07-23T01:56:32.705Z,-23.6050262,-46.8362671,830.767,19.861,19.850,3,159,385
1784771792764,2026-07-23T01:56:32.764Z,-23.6050355,-46.8362633,830.624,19.984,19.870,3,159,385
1784771792822,2026-07-23T01:56:32.822Z,-23.6050449,-46.8362596,830.527,20.060,19.990,3,159,385
1784771792880,2026-07-23T01:56:32.880Z,-23.6050543,-46.8362562,830.461,20.145,20.070,3,159,385
1784771792938,2026-07-23T01:56:32.938Z,-23.6050638,-46.8362530,830.436,20.081,20.150,3,159,385
1784771792997,2026-07-23T01:56:32.997Z,-23.6050733,-46.8362495,830.410,20.144,20.090,3,159,385
1784771793055,2026-07-23T01:56:33.055Z,-23.6050828,-46.8362461,830.345,20.198,20.150,3,159,385
1784771793113,2026-07-23T01:56:33.113Z,-23.6050924,-46.8362427,830.313,20.260,20.200,3,159,385
1784771793171,2026-07-23T01:56:33.171Z,-23.6051020,-46.8362393,830.250,20.344,20.270,3,159,385
1784771793230,2026-07-23T01:56:33.230Z,-23.6051116,-46.8362357,830.210,20.420,20.350,3,159,386
1784771793282,2026-07-23T01:56:33.282Z,-23.6051212,-46.8362322,830.193,20.433,20.430,3,159,386
1784771793334,2026-07-23T01:56:33.334Z,-23.6051310,-46.8362292,830.196,20.418,20.440,3,159,386
1784771793386,2026-07-23T01:56:33.386Z,-23.6051405,-46.8362255,830.100,20.472,20.420,3,159,386
1784771793438,2026-07-23T01:56:33.438Z,-23.6051501,-46.8362223,830.092,20.441,20.480,3,159,386
1784771793490,2026-07-23T01:56:33.490Z,-23.6051598,-46.8362188,830.031,20.530,20.450,3,159,386
1784771793542,2026-07-23T01:56:33.542Z,-23.6051696,-46.8362154,830.016,20.579,20.540,3,159,386
1784771793594,2026-07-23T01:56:33.594Z,-23.6051793,-46.8362120,829.997,20.567,20.590,3,159,386
1784771793646,2026-07-23T01:56:33.646Z,-23.6051891,-46.8362086,829.967,20.620,20.570,3,159,386
1784771793698,2026-07-23T01:56:33.698Z,-23.6051989,-46.8362051,829.931,20.658,20.630,3,159,386
1784771793751,2026-07-23T01:56:33.751Z,-23.6052087,-46.8362017,829.934,20.669,20.660,3,159,386
1784771793803,2026-07-23T01:56:33.803Z,-23.6052185,-46.8361983,829.920,20.682,20.680,3,159,386
1784771793855,2026-07-23T01:56:33.855Z,-23.6052282,-46.8361948,829.865,20.716,20.690,3,159,386
1784771793907,2026-07-23T01:56:33.907Z,-23.6052380,-46.8361916,829.876,20.657,20.720,3,159,386
1784771793959,2026-07-23T01:56:33.959Z,-23.6052480,-46.8361882,829.910,20.749,20.660,3,159,386
1784771794011,2026-07-23T01:56:34.011Z,-23.6052578,-46.8361847,829.854,20.806,20.760,3,159,386
1784771794063,2026-07-23T01:56:34.063Z,-23.6052676,-46.8361812,829.810,20.837,20.810,3,159,386
1784771794115,2026-07-23T01:56:34.115Z,-23.6052775,-46.8361777,829.766,20.891,20.840,3,159,386
1784771794167,2026-07-23T01:56:34.167Z,-23.6052873,-46.8361742,829.755,20.859,20.900,3,159,386
1784771794220,2026-07-23T01:56:34.220Z,-23.6052972,-46.8361706,829.720,20.901,20.870,3,162,387
1784771794278,2026-07-23T01:56:34.278Z,-23.6053070,-46.8361668,829.659,21.007,20.910,3,162,387
1784771794336,2026-07-23T01:56:34.336Z,-23.6053168,-46.8361632,829.608,20.978,21.010,3,162,387
1784771794394,2026-07-23T01:56:34.394Z,-23.6053268,-46.8361597,829.595,21.056,20.980,3,162,387
1784771794452,2026-07-23T01:56:34.452Z,-23.6053367,-46.8361560,829.563,21.107,21.060,3,162,387
1784771794510,2026-07-23T01:56:34.510Z,-23.6053468,-46.8361524,829.565,21.177,21.110,3,162,387
1784771794568,2026-07-23T01:56:34.568Z,-23.6053568,-46.8361488,829.522,21.193,21.180,3,162,387
1784771794626,2026-07-23T01:56:34.626Z,-23.6053667,-46.8361453,829.524,21.126,21.200,3,162,387
1784771794684,2026-07-23T01:56:34.684Z,-23.6053766,-46.8361417,829.532,21.079,21.130,3,162,387
1784771794742,2026-07-23T01:56:34.742Z,-23.6053865,-46.8361382,829.544,21.064,21.090,3,162,387
1784771794800,2026-07-23T01:56:34.800Z,-23.6053965,-46.8361346,829.452,21.150,21.070,3,162,387
1784771794858,2026-07-23T01:56:34.858Z,-23.6054064,-46.8361311,829.384,21.134,21.160,3,162,387
1784771794916,2026-07-23T01:56:34.916Z,-23.6054163,-46.8361279,829.407,21.005,21.140,3,162,387
1784771794974,2026-07-23T01:56:34.974Z,-23.6054264,-46.8361248,829.405,21.033,21.010,3,162,387
1784771795032,2026-07-23T01:56:35.032Z,-23.6054362,-46.8361214,829.357,20.973,21.040,3,162,387
1784771795090,2026-07-23T01:56:35.090Z,-23.6054460,-46.8361179,829.333,20.917,20.980,3,162,387
1784771795148,2026-07-23T01:56:35.148Z,-23.6054556,-46.8361145,829.343,20.750,20.920,3,162,387
1784771795206,2026-07-23T01:56:35.206Z,-23.6054656,-46.8361110,829.361,20.825,20.760,3,162,387
1784771795265,2026-07-23T01:56:35.265Z,-23.6054754,-46.8361078,829.400,20.697,20.830,3,137,388
1784771795320,2026-07-23T01:56:35.320Z,-23.6054850,-46.8361044,829.403,20.607,20.700,3,137,388
1784771795375,2026-07-23T01:56:35.375Z,-23.6054946,-46.8361010,829.431,20.475,20.610,3,137,388
1784771795430,2026-07-23T01:56:35.430Z,-23.6055041,-46.8360974,829.383,20.459,20.480,3,137,388
1784771795485,2026-07-23T01:56:35.485Z,-23.6055136,-46.8360939,829.318,20.408,20.460,3,137,388
1784771795540,2026-07-23T01:56:35.540Z,-23.6055230,-46.8360906,829.335,20.258,20.410,3,137,388
1784771795595,2026-07-23T01:56:35.595Z,-23.6055324,-46.8360872,829.371,20.181,20.260,3,137,388
1784771795650,2026-07-23T01:56:35.650Z,-23.6055419,-46.8360842,829.414,20.072,20.190,3,137,388
1784771795705,2026-07-23T01:56:35.705Z,-23.6055512,-46.8360816,829.434,19.857,20.080,3,137,388
1784771795760,2026-07-23T01:56:35.760Z,-23.6055604,-46.8360787,829.337,19.756,19.860,3,137,388
1784771795815,2026-07-23T01:56:35.815Z,-23.6055696,-46.8360760,829.326,19.641,19.760,3,137,388
1784771795870,2026-07-23T01:56:35.870Z,-23.6055782,-46.8360739,829.335,19.186,19.650,3,137,388
1784771795925,2026-07-23T01:56:35.925Z,-23.6055870,-46.8360724,829.309,18.873,19.190,3,137,388
1784771795980,2026-07-23T01:56:35.980Z,-23.6055959,-46.8360706,829.288,18.693,18.880,3,137,388
1784771796035,2026-07-23T01:56:36.035Z,-23.6056049,-46.8360690,829.254,18.570,18.700,3,137,388
1784771796090,2026-07-23T01:56:36.090Z,-23.6056135,-46.8360676,829.263,18.292,18.580,3,137,388
1784771796145,2026-07-23T01:56:36.145Z,-23.6056221,-46.8360667,829.248,17.986,18.300,3,137,388
1784771796200,2026-07-23T01:56:36.200Z,-23.6056307,-46.8360660,829.227,17.832,17.990,3,137,388
1784771796255,2026-07-23T01:56:36.255Z,-23.6056394,-46.8360659,829.257,17.664,17.840,3,137,389
1784771796310,2026-07-23T01:56:36.310Z,-23.6056478,-46.8360659,829.207,17.469,17.670,3,137,389
1784771796365,2026-07-23T01:56:36.365Z,-23.6056563,-46.8360656,828.963,17.718,17.470,3,137,389
1784771796420,2026-07-23T01:56:36.420Z,-23.6056653,-46.8360658,828.881,17.912,17.730,3,137,389
1784771796475,2026-07-23T01:56:36.475Z,-23.6056738,-46.8360668,828.893,17.606,17.920,3,137,389
1784771796530,2026-07-23T01:56:36.530Z,-23.6056820,-46.8360678,828.845,17.310,17.610,3,137,389
1784771796585,2026-07-23T01:56:36.585Z,-23.6056899,-46.8360687,828.717,17.036,17.320,3,137,389
1784771796640,2026-07-23T01:56:36.640Z,-23.6056978,-46.8360702,828.671,16.734,17.050,3,137,389
1784771796695,2026-07-23T01:56:36.695Z,-23.6057056,-46.8360719,828.716,16.467,16.740,3,137,389
1784771796750,2026-07-23T01:56:36.750Z,-23.6057133,-46.8360738,828.793,16.113,16.480,3,137,389
1784771796805,2026-07-23T01:56:36.805Z,-23.6057210,-46.8360763,828.825,15.946,16.120,3,137,389
1784771796860,2026-07-23T01:56:36.860Z,-23.6057282,-46.8360793,828.742,15.893,15.950,3,137,389
1784771796915,2026-07-23T01:56:36.915Z,-23.6057354,-46.8360824,828.588,16.053,15.900,3,137,389
1784771796970,2026-07-23T01:56:36.970Z,-23.6057425,-46.8360854,828.465,16.005,16.060,3,137,389
1784771797025,2026-07-23T01:56:37.025Z,-23.6057493,-46.8360888,828.338,15.920,16.020,3,137,389
1784771797080,2026-07-23T01:56:37.080Z,-23.6057563,-46.8360928,828.247,15.995,15.930,3,137,389
1784771797135,2026-07-23T01:56:37.135Z,-23.6057629,-46.8360965,828.128,15.894,16.010,3,137,389
1784771797190,2026-07-23T01:56:37.190Z,-23.6057693,-46.8361010,828.043,15.757,15.910,3,137,389
1784771797245,2026-07-23T01:56:37.245Z,-23.6057755,-46.8361051,828.023,15.465,15.770,3,126,390
1784771797300,2026-07-23T01:56:37.300Z,-23.6057818,-46.8361093,827.915,15.482,15.480,3,126,390
1784771797355,2026-07-23T01:56:37.355Z,-23.6057878,-46.8361141,827.697,15.728,15.500,3,126,390
1784771797410,2026-07-23T01:56:37.410Z,-23.6057937,-46.8361191,827.607,15.622,15.750,3,126,390
1784771797465,2026-07-23T01:56:37.465Z,-23.6057991,-46.8361245,827.521,15.447,15.650,3,126,390
1784771797520,2026-07-23T01:56:37.520Z,-23.6058045,-46.8361303,827.411,15.552,15.470,3,126,390
1784771797575,2026-07-23T01:56:37.575Z,-23.6058100,-46.8361358,827.365,15.438,15.580,3,126,390
1784771797630,2026-07-23T01:56:37.630Z,-23.6058155,-46.8361415,827.329,15.395,15.460,3,126,390
1784771797685,2026-07-23T01:56:37.685Z,-23.6058207,-46.8361478,827.229,15.578,15.420,3,126,390
1784771797740,2026-07-23T01:56:37.740Z,-23.6058258,-46.8361546,827.132,15.846,15.610,3,126,390
1784771797795,2026-07-23T01:56:37.795Z,-23.6058304,-46.8361618,827.142,15.860,15.880,3,126,390
1784771797850,2026-07-23T01:56:37.850Z,-23.6058343,-46.8361684,827.036,15.658,15.890,3,126,390
1784771797905,2026-07-23T01:56:37.905Z,-23.6058376,-46.8361739,826.662,15.365,15.690,3,126,390
1784771797960,2026-07-23T01:56:37.960Z,-23.6058407,-46.8361794,826.262,15.147,15.400,3,126,390
1784771798015,2026-07-23T01:56:38.015Z,-23.6058432,-46.8361861,825.908,15.176,15.200,3,126,390
1784771798070,2026-07-23T01:56:38.070Z,-23.6058462,-46.8361935,825.730,15.390,15.240,3,126,390
1784771798125,2026-07-23T01:56:38.125Z,-23.6058489,-46.8362009,825.528,15.483,15.450,3,126,390
1784771798180,2026-07-23T01:56:38.180Z,-23.6058515,-46.8362088,825.395,15.581,15.550,3,126,390
1784771798235,2026-07-23T01:56:38.235Z,-23.6058534,-46.8362169,825.303,15.629,15.650,3,126,390
1784771798290,2026-07-23T01:56:38.290Z,-23.6058549,-46.8362254,825.225,15.743,15.700,3,126,391
1784771798341,2026-07-23T01:56:38.341Z,-23.6058563,-46.8362341,825.121,15.929,15.810,3,126,391
1784771798393,2026-07-23T01:56:38.393Z,-23.6058578,-46.8362428,825.078,16.041,16.000,3,126,391
1784771798445,2026-07-23T01:56:38.445Z,-23.6058589,-46.8362519,825.141,16.096,16.110,3,126,391
1784771798497,2026-07-23T01:56:38.497Z,-23.6058594,-46.8362604,825.056,16.070,16.160,3,126,391
1784771798549,2026-07-23T01:56:38.549Z,-23.6058594,-46.8362687,824.902,16.035,16.130,3,126,391
1784771798601,2026-07-23T01:56:38.601Z,-23.6058595,-46.8362777,824.847,16.232,16.100,3,126,391
1784771798653,2026-07-23T01:56:38.653Z,-23.6058597,-46.8362871,824.891,16.419,16.300,3,126,391
1784771798705,2026-07-23T01:56:38.705Z,-23.6058594,-46.8362957,824.797,16.330,16.480,3,126,391
1784771798757,2026-07-23T01:56:38.757Z,-23.6058590,-46.8363048,824.700,16.562,16.390,3,126,391
1784771798809,2026-07-23T01:56:38.809Z,-23.6058582,-46.8363138,824.607,16.734,16.630,3,126,391
1784771798861,2026-07-23T01:56:38.861Z,-23.6058575,-46.8363234,824.549,17.114,16.800,3,126,391
1784771798913,2026-07-23T01:56:38.913Z,-23.6058568,-46.8363331,824.481,17.404,17.180,3,126,391
1784771798965,2026-07-23T01:56:38.965Z,-23.6058559,-46.8363425,824.443,17.419,17.470,3,126,391
1784771799017,2026-07-23T01:56:39.017Z,-23.6058552,-46.8363519,824.446,17.349,17.480,3,126,391
1784771799069,2026-07-23T01:56:39.069Z,-23.6058549,-46.8363611,824.493,17.061,17.410,3,126,391
1784771799121,2026-07-23T01:56:39.121Z,-23.6058545,-46.8363698,824.422,16.780,17.120,3,126,391
1784771799173,2026-07-23T01:56:39.173Z,-23.6058541,-46.8363785,824.307,16.733,16.840,3,126,391
1784771799225,2026-07-23T01:56:39.225Z,-23.6058537,-46.8363875,824.232,16.733,16.790,3,126,392
1784771799283,2026-07-23T01:56:39.283Z,-23.6058536,-46.8363967,824.147,16.884,16.790,3,126,392
1784771799341,2026-07-23T01:56:39.341Z,-23.6058539,-46.8364064,824.177,17.048,16.940,3,126,392
1784771799399,2026-07-23T01:56:39.399Z,-23.6058539,-46.8364155,824.219,16.773,17.100,3,126,392
1784771799457,2026-07-23T01:56:39.457Z,-23.6058538,-46.8364241,824.078,16.674,16.820,3,126,392
1784771799515,2026-07-23T01:56:39.515Z,-23.6058542,-46.8364333,823.935,16.950,16.730,3,126,392
1784771799573,2026-07-23T01:56:39.573Z,-23.6058549,-46.8364429,823.876,17.235,17.000,3,126,392
1784771799631,2026-07-23T01:56:39.631Z,-23.6058556,-46.8364524,823.804,17.369,17.290,3,126,392
1784771799689,2026-07-23T01:56:39.689Z,-23.6058566,-46.8364614,823.687,17.290,17.420,3,126,392
1784771799747,2026-07-23T01:56:39.747Z,-23.6058577,-46.8364695,823.429,17.084,17.340,3,126,392
1784771799805,2026-07-23T01:56:39.805Z,-23.6058590,-46.8364779,823.215,17.047,17.150,3,126,392
1784771799863,2026-07-23T01:56:39.863Z,-23.6058608,-46.8364871,823.225,17.004,17.110,3,126,392
1784771799921,2026-07-23T01:56:39.921Z,-23.6058629,-46.8364961,823.227,16.893,17.070,3,126,392
1784771799979,2026-07-23T01:56:39.979Z,-23.6058656,-46.8365044,823.046,16.862,16.950,3,126,392
1784771800037,2026-07-23T01:56:40.037Z,-23.6058686,-46.8365132,822.988,17.008,16.930,3,126,392
1784771800095,2026-07-23T01:56:40.095Z,-23.6058719,-46.8365219,822.971,17.050,17.070,3,126,392
1784771800153,2026-07-23T01:56:40.153Z,-23.6058759,-46.8365308,822.976,17.263,17.110,3,126,392
1784771800211,2026-07-23T01:56:40.211Z,-23.6058801,-46.8365394,822.872,17.521,17.320,3,126,392
1784771800270,2026-07-23T01:56:40.270Z,-23.6058842,-46.8365480,822.835,17.573,17.580,3,126,393
1784771800328,2026-07-23T01:56:40.328Z,-23.6058886,-46.8365560,822.714,17.559,17.630,3,126,393
1784771800386,2026-07-23T01:56:40.386Z,-23.6058934,-46.8365646,822.649,17.884,17.620,3,126,393
1784771800444,2026-07-23T01:56:40.444Z,-23.6058979,-46.8365731,822.548,18.061,17.940,3,126,393
1784771800502,2026-07-23T01:56:40.502Z,-23.6059069,-46.8365899,822.415,18.046,18.120,3,126,393
1784771800561,2026-07-23T01:56:40.561Z,-23.6059116,-46.8365982,822.262,18.306,18.100,3,126,393
1784771800619,2026-07-23T01:56:40.619Z,-23.6059161,-46.8366065,822.118,18.324,18.370,3,126,393
1784771800677,2026-07-23T01:56:40.677Z,-23.6059204,-46.8366149,822.019,18.253,18.390,3,126,393
1784771800735,2026-07-23T01:56:40.735Z,-23.6059247,-46.8366239,821.993,18.384,18.320,3,126,393
1784771800794,2026-07-23T01:56:40.794Z,-23.6059289,-46.8366329,821.965,18.434,18.440,3,126,393
1784771800852,2026-07-23T01:56:40.852Z,-23.6059328,-46.8366417,821.832,18.432,18.490,3,126,393
1784771800910,2026-07-23T01:56:40.910Z,-23.6059364,-46.8366508,821.708,18.562,18.490,3,126,393
1784771800968,2026-07-23T01:56:40.968Z,-23.6059397,-46.8366600,821.665,18.386,18.620,3,126,393
1784771801027,2026-07-23T01:56:41.027Z,-23.6059430,-46.8366690,821.570,18.268,18.450,3,126,393
1784771801085,2026-07-23T01:56:41.085Z,-23.6059457,-46.8366783,821.465,18.271,18.330,3,126,393
1784771801143,2026-07-23T01:56:41.143Z,-23.6059481,-46.8366880,821.383,18.403,18.330,3,126,393
1784771801201,2026-07-23T01:56:41.201Z,-23.6059501,-46.8366979,821.290,18.520,18.470,3,126,393
1784771801260,2026-07-23T01:56:41.260Z,-23.6059519,-46.8367082,821.261,18.711,18.580,3,126,394
1784771801312,2026-07-23T01:56:41.312Z,-23.6059534,-46.8367180,821.135,18.725,18.770,3,126,394
1784771801364,2026-07-23T01:56:41.364Z,-23.6059546,-46.8367278,820.957,18.774,18.790,3,126,394
1784771801416,2026-07-23T01:56:41.416Z,-23.6059562,-46.8367377,820.816,18.870,18.840,3,126,394
1784771801468,2026-07-23T01:56:41.468Z,-23.6059572,-46.8367471,820.628,18.669,18.940,3,126,394
1784771801520,2026-07-23T01:56:41.520Z,-23.6059579,-46.8367567,820.521,18.448,18.750,3,126,394
1784771801572,2026-07-23T01:56:41.572Z,-23.6059590,-46.8367667,820.439,18.539,18.530,3,126,394
1784771801624,2026-07-23T01:56:41.624Z,-23.6059598,-46.8367765,820.309,18.498,18.620,3,126,394
1784771801676,2026-07-23T01:56:41.676Z,-23.6059606,-46.8367866,820.228,18.619,18.580,3,126,394
1784771801728,2026-07-23T01:56:41.728Z,-23.6059614,-46.8367970,820.191,18.741,18.700,3,126,394
1784771801781,2026-07-23T01:56:41.781Z,-23.6059616,-46.8368078,820.166,18.982,18.820,3,126,394
1784771801833,2026-07-23T01:56:41.833Z,-23.6059615,-46.8368191,820.171,19.338,19.050,3,126,394
1784771801885,2026-07-23T01:56:41.885Z,-23.6059607,-46.8368302,820.088,19.655,19.400,3,126,394
1784771801937,2026-07-23T01:56:41.937Z,-23.6059595,-46.8368417,820.043,20.061,19.720,3,126,394
1784771801989,2026-07-23T01:56:41.989Z,-23.6059580,-46.8368522,819.925,20.071,20.120,3,126,394
1784771802041,2026-07-23T01:56:42.041Z,-23.6059561,-46.8368623,819.883,19.851,20.130,3,126,394
1784771802093,2026-07-23T01:56:42.093Z,-23.6059536,-46.8368719,819.838,19.633,19.910,3,126,394
1784771802145,2026-07-23T01:56:42.145Z,-23.6059509,-46.8368811,819.732,19.347,19.690,3,126,394
1784771802197,2026-07-23T01:56:42.197Z,-23.6059478,-46.8368902,819.608,19.149,19.410,3,126,394
1784771802250,2026-07-23T01:56:42.250Z,-23.6059446,-46.8369003,819.551,19.407,19.210,3,126,395
1784771802308,2026-07-23T01:56:42.308Z,-23.6059413,-46.8369102,819.527,19.473,19.470,3,126,395
1784771802366,2026-07-23T01:56:42.366Z,-23.6059377,-46.8369199,819.457,19.532,19.530,3,126,395
1784771802424,2026-07-23T01:56:42.424Z,-23.6059334,-46.8369296,819.452,19.673,19.590,3,126,395
1784771802482,2026-07-23T01:56:42.482Z,-23.6059287,-46.8369388,819.412,19.721,19.730,3,126,395
1784771802540,2026-07-23T01:56:42.540Z,-23.6059237,-46.8369476,819.328,19.738,19.770,3,126,395
1784771802598,2026-07-23T01:56:42.598Z,-23.6059188,-46.8369565,819.318,19.613,19.790,3,126,395
1784771802656,2026-07-23T01:56:42.656Z,-23.6059136,-46.8369648,819.221,19.533,19.660,3,126,395
1784771802714,2026-07-23T01:56:42.714Z,-23.6059072,-46.8369720,819.235,19.340,19.580,3,126,395
1784771802772,2026-07-23T01:56:42.772Z,-23.6059008,-46.8369792,819.276,19.152,19.390,3,126,395
1784771802830,2026-07-23T01:56:42.830Z,-23.6058947,-46.8369867,819.288,19.068,19.200,3,126,395
1784771802888,2026-07-23T01:56:42.888Z,-23.6058884,-46.8369939,819.301,18.886,19.110,3,126,395
1784771802946,2026-07-23T01:56:42.946Z,-23.6058820,-46.8370005,819.340,18.637,18.930,3,126,395
1784771803004,2026-07-23T01:56:43.004Z,-23.6058749,-46.8370072,819.304,18.810,18.670,3,126,395
1784771803062,2026-07-23T01:56:43.062Z,-23.6058678,-46.8370136,819.325,18.834,18.850,3,126,395
1784771803120,2026-07-23T01:56:43.120Z,-23.6058608,-46.8370197,819.405,18.576,18.870,3,126,395
1784771803178,2026-07-23T01:56:43.178Z,-23.6058537,-46.8370256,819.471,18.363,18.610,3,126,395
1784771803236,2026-07-23T01:56:43.236Z,-23.6058462,-46.8370314,819.465,18.479,18.390,3,126,395
1784771803295,2026-07-23T01:56:43.295Z,-23.6058384,-46.8370368,819.426,18.521,18.500,3,127,396
1784771803350,2026-07-23T01:56:43.350Z,-23.6058307,-46.8370416,819.450,18.361,18.540,3,127,396
1784771803405,2026-07-23T01:56:43.405Z,-23.6058227,-46.8370464,819.459,18.358,18.380,3,127,396
1784771803460,2026-07-23T01:56:43.460Z,-23.6058149,-46.8370512,819.514,18.197,18.380,3,127,396
1784771803515,2026-07-23T01:56:43.515Z,-23.6057993,-46.8370613,819.422,18.298,18.220,3,127,396
1784771803570,2026-07-23T01:56:43.570Z,-23.6057908,-46.8370655,819.355,18.446,18.320,3,127,396
1784771803625,2026-07-23T01:56:43.625Z,-23.6057818,-46.8370689,819.374,18.547,18.470,3,127,396
1784771803680,2026-07-23T01:56:43.680Z,-23.6057731,-46.8370728,819.327,18.663,18.560,3,127,396
1784771803735,2026-07-23T01:56:43.735Z,-23.6057644,-46.8370765,819.341,18.656,18.680,3,127,396
1784771803790,2026-07-23T01:56:43.790Z,-23.6057555,-46.8370799,819.337,18.720,18.670,3,127,396
1784771803845,2026-07-23T01:56:43.845Z,-23.6057464,-46.8370833,819.394,18.902,18.730,3,127,396
1784771803900,2026-07-23T01:56:43.900Z,-23.6057373,-46.8370863,819.392,18.900,18.910,3,127,396
1784771803955,2026-07-23T01:56:43.955Z,-23.6057281,-46.8370892,819.404,19.009,18.910,3,127,396
1784771804010,2026-07-23T01:56:44.010Z,-23.6057192,-46.8370920,819.425,18.833,19.020,3,127,396
1784771804065,2026-07-23T01:56:44.065Z,-23.6057105,-46.8370949,819.490,18.531,18.840,3,127,396
1784771804120,2026-07-23T01:56:44.120Z,-23.6057016,-46.8370978,819.552,18.517,18.540,3,127,396
1784771804175,2026-07-23T01:56:44.175Z,-23.6056926,-46.8371008,819.598,18.568,18.520,3,127,396
1784771804230,2026-07-23T01:56:44.230Z,-23.6056838,-46.8371039,819.673,18.496,18.570,3,127,397
1784771804295,2026-07-23T01:56:44.295Z,-23.6056751,-46.8371069,819.730,18.371,18.500,3,127,397
1784771804360,2026-07-23T01:56:44.360Z,-23.6056665,-46.8371099,819.744,18.226,18.370,3,127,397
1784771804425,2026-07-23T01:56:44.425Z,-23.6056576,-46.8371127,819.709,18.348,18.230,3,127,397
1784771804491,2026-07-23T01:56:44.491Z,-23.6056401,-46.8371189,819.750,18.521,18.350,3,127,397
1784771804556,2026-07-23T01:56:44.556Z,-23.6056315,-46.8371227,819.831,18.509,18.520,3,127,397
1784771804621,2026-07-23T01:56:44.621Z,-23.6056226,-46.8371264,819.905,18.646,18.510,3,127,397
1784771804687,2026-07-23T01:56:44.687Z,-23.6056136,-46.8371293,819.900,18.742,18.650,3,127,397
1784771804752,2026-07-23T01:56:44.752Z,-23.6056045,-46.8371320,819.905,18.784,18.740,3,127,397
1784771804817,2026-07-23T01:56:44.817Z,-23.6055956,-46.8371349,819.908,18.792,18.790,3,127,397
1784771804883,2026-07-23T01:56:44.883Z,-23.6055864,-46.8371379,819.941,18.924,18.790,3,127,397
1784771804948,2026-07-23T01:56:44.948Z,-23.6055771,-46.8371410,819.999,19.085,18.930,3,127,397
1784771805013,2026-07-23T01:56:45.013Z,-23.6055678,-46.8371439,820.084,19.108,19.090,3,127,397
1784771805079,2026-07-23T01:56:45.079Z,-23.6055586,-46.8371467,820.134,19.106,19.110,3,127,397
1784771805144,2026-07-23T01:56:45.144Z,-23.6055497,-46.8371496,820.182,18.899,19.110,3,127,397
1784771805209,2026-07-23T01:56:45.209Z,-23.6055407,-46.8371524,820.203,18.834,18.900,3,127,397
1784771805275,2026-07-23T01:56:45.275Z,-23.6055316,-46.8371551,820.211,18.879,18.830,3,127,398
1784771805333,2026-07-23T01:56:45.333Z,-23.6055225,-46.8371580,820.250,18.924,18.880,3,127,398
1784771805391,2026-07-23T01:56:45.391Z,-23.6055132,-46.8371608,820.281,19.047,18.920,3,127,398
1784771805449,2026-07-23T01:56:45.449Z,-23.6055039,-46.8371636,820.338,19.086,19.050,3,127,398
1784771805507,2026-07-23T01:56:45.507Z,-23.6054946,-46.8371664,820.376,19.146,19.090,3,127,398
1784771805566,2026-07-23T01:56:45.566Z,-23.6054763,-46.8371720,820.417,19.106,19.150,3,127,398
1784771805624,2026-07-23T01:56:45.624Z,-23.6054671,-46.8371749,820.431,19.142,19.110,3,127,398
1784771805682,2026-07-23T01:56:45.682Z,-23.6054578,-46.8371776,820.433,19.241,19.140,3,127,398
1784771805740,2026-07-23T01:56:45.740Z,-23.6054485,-46.8371802,820.491,19.227,19.240,3,127,398
1784771805799,2026-07-23T01:56:45.799Z,-23.6054395,-46.8371831,820.528,19.019,19.230,3,127,398
1784771805857,2026-07-23T01:56:45.857Z,-23.6054304,-46.8371857,820.544,18.999,19.020,3,127,398
1784771805915,2026-07-23T01:56:45.915Z,-23.6054211,-46.8371885,820.585,19.091,19.000,3,127,398
1784771805973,2026-07-23T01:56:45.973Z,-23.6054119,-46.8371911,820.607,19.106,19.090,3,127,398
1784771806032,2026-07-23T01:56:46.032Z,-23.6054027,-46.8371937,820.638,19.071,19.110,3,127,398
1784771806090,2026-07-23T01:56:46.090Z,-23.6053935,-46.8371961,820.664,19.060,19.070,3,127,398
1784771806148,2026-07-23T01:56:46.148Z,-23.6053841,-46.8371984,820.682,19.128,19.060,3,127,398
1784771806206,2026-07-23T01:56:46.206Z,-23.6053749,-46.8372008,820.694,19.099,19.130,3,127,398
1784771806265,2026-07-23T01:56:46.265Z,-23.6053655,-46.8372029,820.738,19.131,19.100,3,127,399
1784771806317,2026-07-23T01:56:46.317Z,-23.6053562,-46.8372051,820.751,19.126,19.130,3,127,399
1784771806369,2026-07-23T01:56:46.369Z,-23.6053467,-46.8372071,820.804,19.225,19.130,3,127,399
1784771806421,2026-07-23T01:56:46.421Z,-23.6053372,-46.8372090,820.831,19.244,19.230,3,127,399
1784771806473,2026-07-23T01:56:46.473Z,-23.6053278,-46.8372111,820.868,19.229,19.250,3,127,399
1784771806525,2026-07-23T01:56:46.525Z,-23.6053183,-46.8372129,820.888,19.304,19.230,3,127,399
1784771806577,2026-07-23T01:56:46.577Z,-23.6053088,-46.8372145,820.906,19.245,19.310,3,127,399
1784771806629,2026-07-23T01:56:46.629Z,-23.6052993,-46.8372159,820.932,19.239,19.250,3,127,399
1784771806681,2026-07-23T01:56:46.681Z,-23.6052896,-46.8372172,820.928,19.299,19.240,3,127,399
1784771806733,2026-07-23T01:56:46.733Z,-23.6052801,-46.8372186,820.957,19.322,19.300,3,127,399
1784771806786,2026-07-23T01:56:46.786Z,-23.6052706,-46.8372199,821.004,19.263,19.320,3,127,399
1784771806838,2026-07-23T01:56:46.838Z,-23.6052611,-46.8372209,821.034,19.170,19.270,3,127,399
1784771806890,2026-07-23T01:56:46.890Z,-23.6052515,-46.8372217,821.072,19.253,19.170,3,127,399
1784771806942,2026-07-23T01:56:46.942Z,-23.6052418,-46.8372225,821.140,19.265,19.260,3,127,399
1784771806994,2026-07-23T01:56:46.994Z,-23.6052324,-46.8372232,821.194,19.180,19.270,3,127,399
1784771807046,2026-07-23T01:56:47.046Z,-23.6052228,-46.8372239,821.224,19.177,19.180,3,127,399
1784771807098,2026-07-23T01:56:47.098Z,-23.6052131,-46.8372247,821.304,19.294,19.180,3,127,399
1784771807150,2026-07-23T01:56:47.150Z,-23.6052036,-46.8372252,821.355,19.235,19.300,3,127,399
1784771807202,2026-07-23T01:56:47.202Z,-23.6051940,-46.8372255,821.388,19.225,19.240,3,127,399
1784771807255,2026-07-23T01:56:47.255Z,-23.6051843,-46.8372255,821.410,19.285,19.230,3,127,400
1784771807310,2026-07-23T01:56:47.310Z,-23.6051746,-46.8372252,821.485,19.385,19.290,3,127,400
1784771807365,2026-07-23T01:56:47.365Z,-23.6051650,-46.8372246,821.601,19.302,19.390,3,127,400
1784771807420,2026-07-23T01:56:47.420Z,-23.6051555,-46.8372239,821.714,19.181,19.310,3,127,400
1784771807475,2026-07-23T01:56:47.475Z,-23.6051460,-46.8372230,821.762,19.187,19.190,3,127,400
1784771807530,2026-07-23T01:56:47.530Z,-23.6051364,-46.8372218,821.826,19.253,19.190,3,127,400
1784771807585,2026-07-23T01:56:47.585Z,-23.6051269,-46.8372206,821.888,19.259,19.260,3,127,400
1784771807640,2026-07-23T01:56:47.640Z,-23.6051174,-46.8372192,821.982,19.257,19.270,3,127,400
1784771807695,2026-07-23T01:56:47.695Z,-23.6051079,-46.8372177,822.051,19.247,19.270,3,127,400
1784771807750,2026-07-23T01:56:47.750Z,-23.6050984,-46.8372159,822.115,19.251,19.260,3,127,400
1784771807805,2026-07-23T01:56:47.805Z,-23.6050891,-46.8372139,822.174,19.191,19.260,3,127,400
1784771807860,2026-07-23T01:56:47.860Z,-23.6050799,-46.8372118,822.228,19.075,19.200,3,127,400
1784771807915,2026-07-23T01:56:47.915Z,-23.6050707,-46.8372094,822.283,19.059,19.090,3,127,400
1784771807970,2026-07-23T01:56:47.970Z,-23.6050614,-46.8372066,822.355,19.099,19.070,3,127,400
1784771808025,2026-07-23T01:56:48.025Z,-23.6050522,-46.8372035,822.402,19.191,19.110,3,127,400
1784771808080,2026-07-23T01:56:48.080Z,-23.6050431,-46.8372002,822.488,19.219,19.200,3,127,400
1784771808135,2026-07-23T01:56:48.135Z,-23.6050342,-46.8371968,822.579,19.177,19.230,3,127,400
1784771808190,2026-07-23T01:56:48.190Z,-23.6050252,-46.8371934,822.638,19.107,19.190,3,127,400
1784771808245,2026-07-23T01:56:48.245Z,-23.6050163,-46.8371899,822.691,19.120,19.120,3,127,400
1784771808300,2026-07-23T01:56:48.300Z,-23.6050073,-46.8371864,822.760,19.106,19.130,3,127,401
1784771808351,2026-07-23T01:56:48.351Z,-23.6049985,-46.8371829,822.829,19.034,19.120,3,127,401
1784771808403,2026-07-23T01:56:48.403Z,-23.6049898,-46.8371791,822.886,18.940,19.050,3,127,401
1784771808455,2026-07-23T01:56:48.455Z,-23.6049810,-46.8371749,822.967,19.028,18.960,3,127,401
1784771808507,2026-07-23T01:56:48.507Z,-23.6049724,-46.8371706,822.999,18.975,19.050,3,127,401
1784771808559,2026-07-23T01:56:48.559Z,-23.6049641,-46.8371661,823.025,18.870,18.990,3,127,401
1784771808611,2026-07-23T01:56:48.611Z,-23.6049557,-46.8371613,823.063,18.833,18.890,3,127,401
1784771808663,2026-07-23T01:56:48.663Z,-23.6049475,-46.8371567,823.152,18.748,18.850,3,127,401
1784771808715,2026-07-23T01:56:48.715Z,-23.6049394,-46.8371519,823.205,18.687,18.770,3,127,401
1784771808767,2026-07-23T01:56:48.767Z,-23.6049313,-46.8371469,823.249,18.701,18.710,3,127,401
1784771808819,2026-07-23T01:56:48.819Z,-23.6049232,-46.8371418,823.304,18.735,18.720,3,127,401
1784771808871,2026-07-23T01:56:48.871Z,-23.6049151,-46.8371367,823.373,18.690,18.750,3,127,401
1784771808923,2026-07-23T01:56:48.923Z,-23.6049074,-46.8371317,823.458,18.467,18.710,3,127,401
1784771808975,2026-07-23T01:56:48.975Z,-23.6048998,-46.8371266,823.539,18.313,18.490,3,127,401
1784771809027,2026-07-23T01:56:49.027Z,-23.6048921,-46.8371213,823.569,18.277,18.330,3,127,401
1784771809079,2026-07-23T01:56:49.079Z,-23.6048847,-46.8371160,823.663,18.046,18.300,3,127,401
1784771809131,2026-07-23T01:56:49.131Z,-23.6048774,-46.8371105,823.717,17.997,18.070,3,127,401
1784771809183,2026-07-23T01:56:49.183Z,-23.6048702,-46.8371049,823.761,17.863,18.020,3,127,401
1784771809235,2026-07-23T01:56:49.235Z,-23.6048634,-46.8370991,823.814,17.667,17.880,3,127,402
1784771809296,2026-07-23T01:56:49.296Z,-23.6048568,-46.8370933,823.854,17.476,17.690,3,127,402
1784771809358,2026-07-23T01:56:49.358Z,-23.6048503,-46.8370873,823.905,17.281,17.500,3,127,402
1784771809420,2026-07-23T01:56:49.420Z,-23.6048441,-46.8370813,823.927,17.051,17.300,3,127,402
1784771809482,2026-07-23T01:56:49.482Z,-23.6048319,-46.8370691,824.066,16.662,17.070,3,127,402
1784771809544,2026-07-23T01:56:49.544Z,-23.6048265,-46.8370628,824.131,16.357,16.690,3,127,402
1784771809606,2026-07-23T01:56:49.606Z,-23.6048213,-46.8370563,824.200,16.112,16.380,3,127,402
1784771809668,2026-07-23T01:56:49.668Z,-23.6048163,-46.8370500,824.264,15.802,16.140,3,127,402
1784771809730,2026-07-23T01:56:49.730Z,-23.6048115,-46.8370440,824.368,15.413,15.830,3,127,402
1784771809791,2026-07-23T01:56:49.791Z,-23.6048071,-46.8370378,824.429,15.036,15.440,3,127,402
1784771809853,2026-07-23T01:56:49.853Z,-23.6048028,-46.8370315,824.507,14.779,15.070,3,127,402
1784771809915,2026-07-23T01:56:49.915Z,-23.6047988,-46.8370254,824.573,14.386,14.810,3,127,402
1784771809977,2026-07-23T01:56:49.977Z,-23.6047952,-46.8370193,824.605,14.043,14.420,3,127,402
1784771810039,2026-07-23T01:56:50.039Z,-23.6047917,-46.8370131,824.668,13.742,14.080,3,127,402
1784771810101,2026-07-23T01:56:50.101Z,-23.6047886,-46.8370070,824.765,13.397,13.780,3,127,402
1784771810163,2026-07-23T01:56:50.163Z,-23.6047857,-46.8370008,824.859,13.175,13.440,3,127,402
1784771810225,2026-07-23T01:56:50.225Z,-23.6047827,-46.8369943,824.937,13.283,13.220,3,127,403
1784771810277,2026-07-23T01:56:50.277Z,-23.6047803,-46.8369874,824.996,13.338,13.330,3,127,403
1784771810329,2026-07-23T01:56:50.329Z,-23.6047786,-46.8369803,825.030,13.230,13.380,3,127,403
1784771810381,2026-07-23T01:56:50.381Z,-23.6047771,-46.8369730,825.016,13.379,13.270,3,127,403
1784771810433,2026-07-23T01:56:50.433Z,-23.6047757,-46.8369655,825.051,13.539,13.420,3,127,403
1784771810485,2026-07-23T01:56:50.485Z,-23.6047744,-46.8369585,825.110,13.430,13.580,3,127,403
1784771810537,2026-07-23T01:56:50.537Z,-23.6047733,-46.8369516,825.211,13.295,13.470,3,127,403
1784771810589,2026-07-23T01:56:50.589Z,-23.6047724,-46.8369446,825.327,13.197,13.340,3,127,403
1784771810641,2026-07-23T01:56:50.641Z,-23.6047719,-46.8369377,825.424,13.047,13.240,3,127,403
1784771810693,2026-07-23T01:56:50.693Z,-23.6047720,-46.8369307,825.454,12.957,13.090,3,127,403
1784771810746,2026-07-23T01:56:50.746Z,-23.6047723,-46.8369240,825.491,12.779,13.000,3,127,403
1784771810798,2026-07-23T01:56:50.798Z,-23.6047729,-46.8369172,825.534,12.683,12.820,3,127,403
1784771810850,2026-07-23T01:56:50.850Z,-23.6047737,-46.8369105,825.579,12.603,12.730,3,127,403
1784771810902,2026-07-23T01:56:50.902Z,-23.6047748,-46.8369040,825.586,12.417,12.650,3,127,403
1784771810954,2026-07-23T01:56:50.954Z,-23.6047761,-46.8368975,825.593,12.402,12.460,3,127,403
1784771811006,2026-07-23T01:56:51.006Z,-23.6047773,-46.8368910,825.666,12.327,12.440,3,127,403
1784771811058,2026-07-23T01:56:51.058Z,-23.6047783,-46.8368847,825.749,12.223,12.370,3,127,403
1784771811110,2026-07-23T01:56:51.110Z,-23.6047795,-46.8368785,825.812,12.027,12.270,3,127,403
1784771811162,2026-07-23T01:56:51.162Z,-23.6047810,-46.8368724,825.820,11.965,12.070,3,127,403
1784771811215,2026-07-23T01:56:51.215Z,-23.6047828,-46.8368664,825.864,11.873,12.010,3,127,404
1784771811273,2026-07-23T01:56:51.273Z,-23.6047845,-46.8368605,825.902,11.732,11.910,3,127,404
1784771811331,2026-07-23T01:56:51.331Z,-23.6047868,-46.8368549,825.926,11.536,11.770,3,127,404
1784771811389,2026-07-23T01:56:51.389Z,-23.6047894,-46.8368496,825.953,11.427,11.580,3,127,404
1784771811447,2026-07-23T01:56:51.447Z,-23.6047920,-46.8368445,826.001,11.179,11.470,3,127,404
1784771811505,2026-07-23T01:56:51.505Z,-23.6047950,-46.8368399,826.067,10.910,11.220,3,127,404
1784771811563,2026-07-23T01:56:51.563Z,-23.6047986,-46.8368353,826.082,10.889,10.950,3,127,404
1784771811621,2026-07-23T01:56:51.621Z,-23.6048025,-46.8368312,826.097,10.764,10.930,3,127,404
1784771811679,2026-07-23T01:56:51.679Z,-23.6048066,-46.8368276,826.161,10.564,10.800,3,127,404
1784771811737,2026-07-23T01:56:51.737Z,-23.6048107,-46.8368243,826.225,10.396,10.600,3,127,404
1784771811795,2026-07-23T01:56:51.795Z,-23.6048149,-46.8368204,826.261,10.578,10.430,3,127,404
1784771811853,2026-07-23T01:56:51.853Z,-23.6048194,-46.8368163,826.292,10.955,10.610,3,127,404
1784771811911,2026-07-23T01:56:51.911Z,-23.6048242,-46.8368130,826.327,11.025,10.990,3,127,404
1784771811969,2026-07-23T01:56:51.969Z,-23.6048286,-46.8368096,826.352,10.946,11.060,3,127,404
1784771812027,2026-07-23T01:56:52.027Z,-23.6048333,-46.8368064,826.365,10.942,10.980,3,127,404
1784771812085,2026-07-23T01:56:52.085Z,-23.6048389,-46.8368043,826.308,11.070,10.970,3,127,404
1784771812143,2026-07-23T01:56:52.143Z,-23.6048452,-46.8368030,826.350,11.421,11.100,3,127,404
1784771812201,2026-07-23T01:56:52.201Z,-23.6048509,-46.8368018,826.428,11.459,11.440,3,127,404
1784771812260,2026-07-23T01:56:52.260Z,-23.6048563,-46.8368006,826.470,11.325,11.480,3,127,405
1784771812312,2026-07-23T01:56:52.312Z,-23.6048610,-46.8368004,826.496,10.786,11.350,3,127,405
1784771812364,2026-07-23T01:56:52.364Z,-23.6048662,-46.8368009,826.503,10.704,10.810,3,127,405
1784771812416,2026-07-23T01:56:52.416Z,-23.6048713,-46.8368015,826.586,10.572,10.730,3,127,405
1784771812468,2026-07-23T01:56:52.468Z,-23.6048763,-46.8368019,826.630,10.421,10.600,3,127,405
1784771812520,2026-07-23T01:56:52.520Z,-23.6048814,-46.8368026,826.648,10.485,10.450,3,127,405
1784771812572,2026-07-23T01:56:52.572Z,-23.6048866,-46.8368035,826.654,10.543,10.510,3,127,405
1784771812624,2026-07-23T01:56:52.624Z,-23.6048917,-46.8368055,826.636,10.578,10.570,3,127,405
1784771812676,2026-07-23T01:56:52.676Z,-23.6048965,-46.8368077,826.643,10.523,10.600,3,127,405
1784771812728,2026-07-23T01:56:52.728Z,-23.6049012,-46.8368098,826.636,10.428,10.540,3,127,405
1784771812781,2026-07-23T01:56:52.781Z,-23.6049060,-46.8368123,826.630,10.505,10.450,3,127,405
1784771812833,2026-07-23T01:56:52.833Z,-23.6049105,-46.8368153,826.560,10.521,10.520,3,127,405
1784771812885,2026-07-23T01:56:52.885Z,-23.6049151,-46.8368184,826.506,10.690,10.540,3,127,405
1784771812937,2026-07-23T01:56:52.937Z,-23.6049196,-46.8368219,826.440,10.782,10.700,3,127,405
1784771812989,2026-07-23T01:56:52.989Z,-23.6049238,-46.8368254,826.376,10.770,10.790,3,127,405
1784771813041,2026-07-23T01:56:53.041Z,-23.6049284,-46.8368289,826.280,11.026,10.780,3,127,405
1784771813093,2026-07-23T01:56:53.093Z,-23.6049331,-46.8368326,826.225,11.324,11.030,3,127,405
1784771813145,2026-07-23T01:56:53.145Z,-23.6049378,-46.8368365,826.152,11.629,11.330,3,127,405
1784771813197,2026-07-23T01:56:53.197Z,-23.6049425,-46.8368406,826.078,11.854,11.630,3,127,405
1784771813250,2026-07-23T01:56:53.250Z,-23.6049471,-46.8368447,826.045,11.943,11.860,3,127,406
1784771813305,2026-07-23T01:56:53.305Z,-23.6049517,-46.8368491,825.915,12.146,11.940,3,127,406
1784771813360,2026-07-23T01:56:53.360Z,-23.6049562,-46.8368537,825.820,12.347,12.150,3,127,406
1784771813415,2026-07-23T01:56:53.415Z,-23.6049607,-46.8368583,825.765,12.449,12.350,3,127,406
1784771813470,2026-07-23T01:56:53.470Z,-23.6049650,-46.8368629,825.697,12.477,12.450,3,127,406
1784771813525,2026-07-23T01:56:53.525Z,-23.6049693,-46.8368677,825.683,12.481,12.480,3,127,406
1784771813580,2026-07-23T01:56:53.580Z,-23.6049736,-46.8368723,825.680,12.411,12.480,3,127,406
1784771813635,2026-07-23T01:56:53.635Z,-23.6049778,-46.8368764,825.649,12.114,12.410,3,127,406
1784771813690,2026-07-23T01:56:53.690Z,-23.6049822,-46.8368805,825.556,12.056,12.110,3,127,406
1784771813745,2026-07-23T01:56:53.745Z,-23.6049867,-46.8368851,825.426,12.313,12.060,3,127,406
1784771813800,2026-07-23T01:56:53.800Z,-23.6049911,-46.8368897,825.311,12.489,12.310,3,127,406
1784771813855,2026-07-23T01:56:53.855Z,-23.6049957,-46.8368944,825.248,12.609,12.490,3,127,406
1784771813910,2026-07-23T01:56:53.910Z,-23.6050005,-46.8368987,825.225,12.612,12.610,3,127,406
1784771813965,2026-07-23T01:56:53.965Z,-23.6050054,-46.8369027,825.160,12.551,12.620,3,127,406
1784771814020,2026-07-23T01:56:54.020Z,-23.6050104,-46.8369065,825.119,12.515,12.560,3,127,406
1784771814075,2026-07-23T01:56:54.075Z,-23.6050158,-46.8369104,825.046,12.716,12.520,3,127,406
1784771814130,2026-07-23T01:56:54.130Z,-23.6050214,-46.8369139,824.980,12.863,12.720,3,127,406
1784771814185,2026-07-23T01:56:54.185Z,-23.6050271,-46.8369172,824.936,12.853,12.870,3,127,406
1784771814240,2026-07-23T01:56:54.240Z,-23.6050329,-46.8369201,824.834,12.907,12.860,3,127,407
1784771814305,2026-07-23T01:56:54.305Z,-23.6050388,-46.8369230,824.775,12.930,12.920,3,127,407
1784771814370,2026-07-23T01:56:54.370Z,-23.6050448,-46.8369257,824.726,12.991,12.940,3,127,407
1784771814435,2026-07-23T01:56:54.435Z,-23.6050510,-46.8369281,824.716,13.071,13.000,3,127,407
1784771814501,2026-07-23T01:56:54.501Z,-23.6050630,-46.8369330,824.677,12.979,13.080,3,127,407
1784771814566,2026-07-23T01:56:54.566Z,-23.6050695,-46.8369345,824.634,13.124,12.990,3,127,407
1784771814631,2026-07-23T01:56:54.631Z,-23.6050759,-46.8369350,824.582,13.008,13.130,3,127,407
1784771814697,2026-07-23T01:56:54.697Z,-23.6050820,-46.8369352,824.615,12.822,13.020,3,127,407
1784771814762,2026-07-23T01:56:54.762Z,-23.6050881,-46.8369348,824.624,12.598,12.830,3,127,407
1784771814827,2026-07-23T01:56:54.827Z,-23.6050943,-46.8369342,824.550,12.563,12.610,3,127,407
1784771814893,2026-07-23T01:56:54.893Z,-23.6051006,-46.8369333,824.543,12.563,12.570,3,127,407
1784771814958,2026-07-23T01:56:54.958Z,-23.6051065,-46.8369324,824.573,12.385,12.570,3,127,407
1784771815023,2026-07-23T01:56:55.023Z,-23.6051122,-46.8369308,824.546,12.194,12.390,3,127,407
1784771815089,2026-07-23T01:56:55.089Z,-23.6051181,-46.8369293,824.553,12.190,12.200,3,127,407
1784771815154,2026-07-23T01:56:55.154Z,-23.6051242,-46.8369276,824.601,12.292,12.200,3,127,407
1784771815219,2026-07-23T01:56:55.219Z,-23.6051299,-46.8369253,824.575,12.259,12.300,3,127,407
1784771815285,2026-07-23T01:56:55.285Z,-23.6051354,-46.8369229,824.604,12.179,12.260,3,127,408
1784771815334,2026-07-23T01:56:55.334Z,-23.6051408,-46.8369198,824.609,12.196,12.180,3,127,408
1784771815384,2026-07-23T01:56:55.384Z,-23.6051460,-46.8369166,824.644,12.143,12.200,3,127,408
1784771815433,2026-07-23T01:56:55.433Z,-23.6051507,-46.8369127,824.570,11.999,12.150,3,127,408
1784771815483,2026-07-23T01:56:55.483Z,-23.6051554,-46.8369088,824.467,11.937,12.000,3,127,408
1784771815532,2026-07-23T01:56:55.532Z,-23.6051599,-46.8369047,824.373,11.888,11.940,3,127,408
1784771815582,2026-07-23T01:56:55.582Z,-23.6051643,-46.8369000,824.279,12.043,11.890,3,127,408
1784771815631,2026-07-23T01:56:55.631Z,-23.6051688,-46.8368954,824.270,12.128,12.050,3,127,408
1784771815681,2026-07-23T01:56:55.681Z,-23.6051731,-46.8368907,824.243,12.202,12.140,3,127,408
1784771815730,2026-07-23T01:56:55.730Z,-23.6051771,-46.8368856,824.253,12.197,12.210,3,127,408
1784771815780,2026-07-23T01:56:55.780Z,-23.6051810,-46.8368804,824.274,12.282,12.200,3,127,408
1784771815829,2026-07-23T01:56:55.829Z,-23.6051850,-46.8368751,824.250,12.454,12.290,3,127,408
1784771815879,2026-07-23T01:56:55.879Z,-23.6051889,-46.8368700,824.268,12.410,12.460,3,127,408
1784771815928,2026-07-23T01:56:55.928Z,-23.6051923,-46.8368645,824.304,12.337,12.420,3,127,408
1784771815978,2026-07-23T01:56:55.978Z,-23.6051955,-46.8368588,824.275,12.289,12.340,3,127,408
1784771816027,2026-07-23T01:56:56.027Z,-23.6051987,-46.8368529,824.246,12.381,12.290,3,127,408
1784771816077,2026-07-23T01:56:56.077Z,-23.6052018,-46.8368469,824.277,12.491,12.390,3,127,408
1784771816126,2026-07-23T01:56:56.126Z,-23.6052044,-46.8368409,824.342,12.405,12.500,3,127,408
1784771816176,2026-07-23T01:56:56.176Z,-23.6052067,-46.8368342,824.284,12.585,12.410,3,127,408
1784771816225,2026-07-23T01:56:56.225Z,-23.6052088,-46.8368275,824.270,12.736,12.590,3,127,408
1784771816275,2026-07-23T01:56:56.275Z,-23.6052106,-46.8368207,824.289,12.820,12.740,3,127,409
1784771816340,2026-07-23T01:56:56.340Z,-23.6052124,-46.8368138,824.296,12.962,12.820,3,127,409
1784771816405,2026-07-23T01:56:56.405Z,-23.6052140,-46.8368069,824.283,13.016,12.970,3,127,409
1784771816470,2026-07-23T01:56:56.470Z,-23.6052175,-46.8367929,824.237,13.312,13.020,3,127,409
1784771816536,2026-07-23T01:56:56.536Z,-23.6052188,-46.8367860,824.289,13.288,13.320,3,127,409
1784771816601,2026-07-23T01:56:56.601Z,-23.6052204,-46.8367789,824.295,13.401,13.290,3,127,409
1784771816666,2026-07-23T01:56:56.666Z,-23.6052217,-46.8367716,824.288,13.558,13.400,3,127,409
1784771816732,2026-07-23T01:56:56.732Z,-23.6052231,-46.8367645,824.298,13.521,13.560,3,127,409
1784771816797,2026-07-23T01:56:56.797Z,-23.6052246,-46.8367574,824.320,13.595,13.520,3,127,409
1784771816862,2026-07-23T01:56:56.862Z,-23.6052261,-46.8367504,824.327,13.572,13.600,3,127,409
1784771816928,2026-07-23T01:56:56.928Z,-23.6052277,-46.8367433,824.345,13.599,13.570,3,127,409
1784771816993,2026-07-23T01:56:56.993Z,-23.6052291,-46.8367360,824.329,13.691,13.600,3,127,409
1784771817058,2026-07-23T01:56:57.058Z,-23.6052307,-46.8367289,824.349,13.679,13.690,3,127,409
1784771817124,2026-07-23T01:56:57.124Z,-23.6052324,-46.8367219,824.372,13.642,13.680,3,127,409
1784771817189,2026-07-23T01:56:57.189Z,-23.6052340,-46.8367146,824.359,13.786,13.640,3,127,409
1784771817254,2026-07-23T01:56:57.254Z,-23.6052361,-46.8367071,824.323,14.017,13.790,3,127,409
1784771817320,2026-07-23T01:56:57.320Z,-23.6052383,-46.8366999,824.246,14.061,14.020,3,127,410
1784771817375,2026-07-23T01:56:57.375Z,-23.6052411,-46.8366927,824.184,14.272,14.060,3,127,410
1784771817430,2026-07-23T01:56:57.430Z,-23.6052438,-46.8366856,824.178,14.288,14.280,3,127,410
1784771817485,2026-07-23T01:56:57.485Z,-23.6052468,-46.8366788,824.162,14.238,14.290,3,127,410
1784771817540,2026-07-23T01:56:57.540Z,-23.6052536,-46.8366661,824.091,13.752,14.240,3,127,410
1784771817595,2026-07-23T01:56:57.595Z,-23.6052578,-46.8366605,824.078,13.668,13.760,3,127,410
1784771817650,2026-07-23T01:56:57.650Z,-23.6052617,-46.8366546,824.087,13.648,13.670,3,127,410
1784771817705,2026-07-23T01:56:57.705Z,-23.6052660,-46.8366492,824.055,13.534,13.650,3,127,410
1784771817760,2026-07-23T01:56:57.760Z,-23.6052708,-46.8366440,824.023,13.537,13.540,3,127,410
1784771817815,2026-07-23T01:56:57.815Z,-23.6052755,-46.8366390,824.010,13.442,13.540,3,127,410
1784771817870,2026-07-23T01:56:57.870Z,-23.6052802,-46.8366342,823.958,13.284,13.450,3,127,410
1784771817925,2026-07-23T01:56:57.925Z,-23.6052853,-46.8366301,823.904,13.062,13.290,3,127,410
1784771817980,2026-07-23T01:56:57.980Z,-23.6052906,-46.8366259,823.821,13.113,13.070,3,127,410
1784771818035,2026-07-23T01:56:58.035Z,-23.6052957,-46.8366217,823.822,13.048,13.120,3,127,410
1784771818090,2026-07-23T01:56:58.090Z,-23.6053011,-46.8366178,823.803,13.035,13.060,3,127,410
1784771818145,2026-07-23T01:56:58.145Z,-23.6053065,-46.8366149,823.759,12.739,13.040,3,127,410
1784771818200,2026-07-23T01:56:58.200Z,-23.6053119,-46.8366123,823.730,12.489,12.750,3,127,410
1784771818255,2026-07-23T01:56:58.255Z,-23.6053177,-46.8366093,823.685,12.600,12.500,3,127,411
1784771818313,2026-07-23T01:56:58.313Z,-23.6053234,-46.8366067,823.640,12.584,12.610,3,127,411
1784771818371,2026-07-23T01:56:58.371Z,-23.6053291,-46.8366046,823.570,12.467,12.590,3,127,411
1784771818429,2026-07-23T01:56:58.429Z,-23.6053350,-46.8366027,823.518,12.437,12.480,3,127,411
1784771818487,2026-07-23T01:56:58.487Z,-23.6053469,-46.8365996,823.413,12.381,12.450,3,127,411
1784771818546,2026-07-23T01:56:58.546Z,-23.6053531,-46.8365990,823.314,12.413,12.400,3,127,411
1784771818604,2026-07-23T01:56:58.604Z,-23.6053590,-46.8365983,823.223,12.298,12.430,3,127,411
1784771818662,2026-07-23T01:56:58.662Z,-23.6053649,-46.8365978,823.174,12.173,12.320,3,127,411
1784771818720,2026-07-23T01:56:58.720Z,-23.6053708,-46.8365977,823.096,12.118,12.190,3,127,411
1784771818779,2026-07-23T01:56:58.779Z,-23.6053767,-46.8365986,823.037,12.009,12.140,3,127,411
1784771818837,2026-07-23T01:56:58.837Z,-23.6053825,-46.8365997,823.041,11.869,12.030,3,127,411
1784771818895,2026-07-23T01:56:58.895Z,-23.6053885,-46.8366006,822.999,11.940,11.890,3,127,411
1784771818953,2026-07-23T01:56:58.953Z,-23.6053942,-46.8366023,822.973,11.900,11.960,3,127,411
1784771819012,2026-07-23T01:56:59.012Z,-23.6053998,-46.8366043,822.917,11.796,11.920,3,127,411
1784771819070,2026-07-23T01:56:59.070Z,-23.6054051,-46.8366065,822.873,11.684,11.820,3,127,411
1784771819128,2026-07-23T01:56:59.128Z,-23.6054104,-46.8366091,822.843,11.661,11.710,3,127,411
1784771819186,2026-07-23T01:56:59.186Z,-23.6054156,-46.8366123,822.799,11.740,11.690,3,127,411
1784771819245,2026-07-23T01:56:59.245Z,-23.6054204,-46.8366156,822.767,11.630,11.760,3,127,412
1784771819300,2026-07-23T01:56:59.300Z,-23.6054252,-46.8366191,822.722,11.655,11.660,3,127,412
1784771819355,2026-07-23T01:56:59.355Z,-23.6054297,-46.8366231,822.612,11.759,11.680,3,127,412
1784771819410,2026-07-23T01:56:59.410Z,-23.6054343,-46.8366271,822.515,11.870,11.790,3,127,412
1784771819465,2026-07-23T01:56:59.465Z,-23.6054385,-46.8366314,822.473,11.801,11.900,3,127,412
1784771819520,2026-07-23T01:56:59.520Z,-23.6054426,-46.8366358,822.406,11.754,11.830,3,127,412
1784771819575,2026-07-23T01:56:59.575Z,-23.6054466,-46.8366405,822.310,11.853,11.790,3,127,412
1784771819630,2026-07-23T01:56:59.630Z,-23.6054504,-46.8366456,822.275,11.960,11.890,3,127,412
1784771819685,2026-07-23T01:56:59.685Z,-23.6054538,-46.8366510,822.192,12.036,11.990,3,127,412
1784771819740,2026-07-23T01:56:59.740Z,-23.6054570,-46.8366566,822.206,11.989,12.070,3,127,412
1784771819795,2026-07-23T01:56:59.795Z,-23.6054602,-46.8366622,822.170,12.026,12.020,3,127,412
1784771819850,2026-07-23T01:56:59.850Z,-23.6054632,-46.8366682,822.129,12.146,12.060,3,127,412
1784771819905,2026-07-23T01:56:59.905Z,-23.6054658,-46.8366746,822.060,12.420,12.180,3,127,412
1784771819960,2026-07-23T01:56:59.960Z,-23.6054684,-46.8366810,822.011,12.584,12.460,3,127,412
1784771820015,2026-07-23T01:57:00.015Z,-23.6054709,-46.8366877,821.976,12.878,12.620,3,127,412
1784771820070,2026-07-23T01:57:00.070Z,-23.6054733,-46.8366942,821.887,13.009,12.910,3,127,412
1784771820125,2026-07-23T01:57:00.125Z,-23.6054760,-46.8367010,821.801,13.349,13.050,3,127,412
1784771820180,2026-07-23T01:57:00.180Z,-23.6054787,-46.8367078,821.702,13.600,13.390,3,127,412
1784771820235,2026-07-23T01:57:00.235Z,-23.6054813,-46.8367145,821.618,13.628,13.640,3,127,412
1784771820290,2026-07-23T01:57:00.290Z,-23.6054840,-46.8367211,821.568,13.617,13.670,3,127,413
1784771820348,2026-07-23T01:57:00.348Z,-23.6054867,-46.8367278,821.590,13.475,13.660,3,127,413
1784771820406,2026-07-23T01:57:00.406Z,-23.6054893,-46.8367342,821.592,13.264,13.510,3,127,413
1784771820464,2026-07-23T01:57:00.464Z,-23.6054919,-46.8367406,821.528,13.160,13.300,3,127,413
1784771820522,2026-07-23T01:57:00.522Z,-23.6054973,-46.8367535,821.352,13.322,13.200,3,127,413
1784771820581,2026-07-23T01:57:00.581Z,-23.6055002,-46.8367601,821.306,13.405,13.360,3,127,413
1784771820639,2026-07-23T01:57:00.639Z,-23.6055032,-46.8367665,821.237,13.459,13.450,3,127,413
1784771820697,2026-07-23T01:57:00.697Z,-23.6055063,-46.8367729,821.208,13.462,13.500,3,127,413
1784771820755,2026-07-23T01:57:00.755Z,-23.6055098,-46.8367794,821.194,13.684,13.500,3,127,413
1784771820814,2026-07-23T01:57:00.814Z,-23.6055133,-46.8367861,821.163,13.922,13.720,3,127,413
1784771820872,2026-07-23T01:57:00.872Z,-23.6055171,-46.8367927,821.142,14.147,13.960,3,127,413
1784771820930,2026-07-23T01:57:00.930Z,-23.6055209,-46.8367990,821.100,14.117,14.180,3,127,413
1784771820988,2026-07-23T01:57:00.988Z,-23.6055251,-46.8368050,821.062,14.062,14.150,3,127,413
1784771821047,2026-07-23T01:57:01.047Z,-23.6055296,-46.8368108,821.035,14.102,14.100,3,127,413
1784771821105,2026-07-23T01:57:01.105Z,-23.6055343,-46.8368165,820.976,14.160,14.130,3,127,413
1784771821163,2026-07-23T01:57:01.163Z,-23.6055392,-46.8368220,820.961,14.170,14.190,3,127,413
1784771821221,2026-07-23T01:57:01.221Z,-23.6055442,-46.8368272,820.937,14.105,14.200,3,127,413
1784771821280,2026-07-23T01:57:01.280Z,-23.6055494,-46.8368323,820.895,14.114,14.130,3,132,414
1784771821335,2026-07-23T01:57:01.335Z,-23.6055549,-46.8368371,820.837,14.154,14.140,3,132,414
1784771821390,2026-07-23T01:57:01.390Z,-23.6055606,-46.8368418,820.806,14.310,14.180,3,132,414
1784771821445,2026-07-23T01:57:01.445Z,-23.6055664,-46.8368463,820.762,14.312,14.340,3,132,414
1784771821500,2026-07-23T01:57:01.500Z,-23.6055724,-46.8368500,820.692,14.157,14.340,3,132,414
1784771821555,2026-07-23T01:57:01.555Z,-23.6055786,-46.8368538,820.637,14.252,14.190,3,132,414
1784771821610,2026-07-23T01:57:01.610Z,-23.6055849,-46.8368571,820.603,14.225,14.280,3,132,414
1784771821665,2026-07-23T01:57:01.665Z,-23.6055914,-46.8368599,820.554,14.121,14.250,3,132,414
1784771821720,2026-07-23T01:57:01.720Z,0.0000017,2.0485870,793.973,14.099,14.150,3,132,414
1784771821775,2026-07-23T01:57:01.775Z,-23.6056045,-46.8368650,820.515,14.116,14.130,3,132,414
1784771821830,2026-07-23T01:57:01.830Z,-23.6056112,-46.8368671,820.491,14.122,14.140,3,132,414
1784771821885,2026-07-23T01:57:01.885Z,-23.6056181,-46.8368689,820.450,14.194,14.150,3,132,414
1784771821940,2026-07-23T01:57:01.940Z,-23.6056249,-46.8368705,820.437,14.091,14.220,3,132,414
1784771821995,2026-07-23T01:57:01.995Z,-23.6056316,-46.8368716,820.400,13.944,14.120,3,132,414
1784771822050,2026-07-23T01:57:02.050Z,-23.6056386,-46.8368724,820.372,13.989,13.970,3,132,414
1784771822105,2026-07-23T01:57:02.105Z,-23.6056455,-46.8368729,820.400,13.920,14.010,3,132,414
1784771822160,2026-07-23T01:57:02.160Z,-23.6056522,-46.8368730,820.427,13.696,13.940,3,132,414
1784771822215,2026-07-23T01:57:02.215Z,-23.6056590,-46.8368729,820.435,13.600,13.710,3,132,414
1784771822270,2026-07-23T01:57:02.270Z,-23.6056660,-46.8368718,820.388,13.804,13.620,3,127,415
1784771822325,2026-07-23T01:57:02.325Z,-23.6056726,-46.8368703,820.386,13.681,13.820,3,127,415
1784771822380,2026-07-23T01:57:02.380Z,-23.6056791,-46.8368686,820.435,13.532,13.700,3,127,415
1784771822435,2026-07-23T01:57:02.435Z,-23.6056853,-46.8368670,820.488,13.235,13.540,3,127,415
1784771822490,2026-07-23T01:57:02.490Z,-23.6056917,-46.8368645,820.489,13.365,13.250,3,127,415
1784771822545,2026-07-23T01:57:02.545Z,-23.6056982,-46.8368618,820.461,13.553,13.370,3,127,415
1784771822600,2026-07-23T01:57:02.600Z,-23.6057043,-46.8368590,820.514,13.443,13.560,3,127,415
1784771822655,2026-07-23T01:57:02.655Z,-23.6057100,-46.8368558,820.581,13.233,13.450,3,127,415
1784771822710,2026-07-23T01:57:02.710Z,-23.6057157,-46.8368523,820.584,13.201,13.240,3,127,415
1784771822765,2026-07-23T01:57:02.765Z,-23.6057212,-46.8368483,820.609,13.210,13.210,3,127,415
1784771822820,2026-07-23T01:57:02.820Z,-23.6057265,-46.8368442,820.636,13.098,13.210,3,127,415
1784771822875,2026-07-23T01:57:02.875Z,-23.6057314,-46.8368401,820.704,12.903,13.100,3,127,415
1784771822930,2026-07-23T01:57:02.930Z,-23.6057361,-46.8368353,820.727,12.873,12.900,3,127,415
1784771822985,2026-07-23T01:57:02.985Z,-23.6057408,-46.8368303,820.679,12.906,12.870,3,127,415
1784771823040,2026-07-23T01:57:03.040Z,-23.6057454,-46.8368258,820.710,12.837,12.910,3,127,415
1784771823095,2026-07-23T01:57:03.095Z,-23.6057496,-46.8368212,820.735,12.460,12.840,3,127,415
1784771823150,2026-07-23T01:57:03.150Z,-23.6057536,-46.8368167,820.761,12.194,12.460,3,127,415
1784771823205,2026-07-23T01:57:03.205Z,-23.6057576,-46.8368122,820.788,11.952,12.190,3,127,415
1784771823260,2026-07-23T01:57:03.260Z,-23.6057614,-46.8368076,820.808,11.794,11.950,3,127,416
1784771823318,2026-07-23T01:57:03.318Z,-23.6057648,-46.8368030,820.836,11.505,11.790,3,127,416
1784771823376,2026-07-23T01:57:03.376Z,-23.6057671,-46.8367972,820.884,11.276,11.510,3,127,416
1784771823434,2026-07-23T01:57:03.434Z,-23.6057690,-46.8367913,820.826,11.029,11.280,3,127,416
1784771823492,2026-07-23T01:57:03.492Z,-23.6057731,-46.8367800,820.818,10.961,11.030,3,127,416
1784771823551,2026-07-23T01:57:03.551Z,-23.6057742,-46.8367740,820.808,10.894,10.960,3,127,416
1784771823609,2026-07-23T01:57:03.609Z,-23.6057754,-46.8367684,820.830,10.724,10.890,3,127,416
1784771823667,2026-07-23T01:57:03.667Z,-23.6057764,-46.8367630,820.866,10.499,10.720,3,127,416
1784771823725,2026-07-23T01:57:03.725Z,-23.6057768,-46.8367575,820.891,10.329,10.500,3,127,416
1784771823784,2026-07-23T01:57:03.784Z,-23.6057769,-46.8367517,820.935,10.319,10.330,3,127,416
1784771823842,2026-07-23T01:57:03.842Z,-23.6057768,-46.8367462,820.964,10.159,10.320,3,127,416
1784771823900,2026-07-23T01:57:03.900Z,-23.6057763,-46.8367406,820.954,10.096,10.160,3,127,416
1784771823958,2026-07-23T01:57:03.958Z,-23.6057758,-46.8367350,820.975,10.174,10.100,3,127,416
1784771824017,2026-07-23T01:57:04.017Z,-23.6057751,-46.8367291,821.042,10.395,10.170,3,127,416
1784771824075,2026-07-23T01:57:04.075Z,-23.6057742,-46.8367235,821.090,10.450,10.400,3,127,416
1784771824133,2026-07-23T01:57:04.133Z,-23.6057731,-46.8367182,821.147,10.276,10.450,3,127,416
1784771824191,2026-07-23T01:57:04.191Z,-23.6057719,-46.8367130,821.192,10.210,10.280,3,127,416
1784771824250,2026-07-23T01:57:04.250Z,-23.6057705,-46.8367075,821.208,10.281,10.210,3,127,417
1784771824305,2026-07-23T01:57:04.305Z,-23.6057691,-46.8367018,821.202,10.481,10.280,3,127,417
1784771824360,2026-07-23T01:57:04.360Z,-23.6057674,-46.8366966,821.213,10.382,10.480,3,127,417
1784771824415,2026-07-23T01:57:04.415Z,-23.6057657,-46.8366914,821.230,10.343,10.380,3,127,417
1784771824470,2026-07-23T01:57:04.470Z,-23.6057638,-46.8366861,821.282,10.433,10.340,3,127,417
1784771824525,2026-07-23T01:57:04.525Z,-23.6057620,-46.8366806,821.342,10.577,10.440,3,127,417
1784771824580,2026-07-23T01:57:04.580Z,-23.6057602,-46.8366752,821.374,10.647,10.580,3,127,417
1784771824635,2026-07-23T01:57:04.635Z,-23.6057582,-46.8366699,821.413,10.637,10.650,3,127,417
1784771824690,2026-07-23T01:57:04.690Z,-23.6057562,-46.8366647,821.419,10.530,10.640,3,127,417
1784771824745,2026-07-23T01:57:04.745Z,-23.6057541,-46.8366597,821.460,10.407,10.530,3,127,417
1784771824800,2026-07-23T01:57:04.800Z,-23.6057521,-46.8366548,821.480,10.213,10.410,3,127,417
1784771824855,2026-07-23T01:57:04.855Z,-23.6057506,-46.8366497,821.512,10.096,10.220,3,127,417
1784771824910,2026-07-23T01:57:04.910Z,-23.6057489,-46.8366441,821.544,10.335,10.100,3,127,417
1784771824965,2026-07-23T01:57:04.965Z,-23.6057473,-46.8366383,821.541,10.653,10.340,3,127,417
1784771825020,2026-07-23T01:57:05.020Z,-23.6057459,-46.8366326,821.622,10.767,10.660,3,127,417
1784771825075,2026-07-23T01:57:05.075Z,-23.6057444,-46.8366266,821.665,11.011,10.770,3,127,417
1784771825130,2026-07-23T01:57:05.130Z,-23.6057431,-46.8366206,821.730,11.151,11.020,3,127,417
1784771825185,2026-07-23T01:57:05.185Z,-23.6057419,-46.8366150,821.851,11.071,11.160,3,127,417
1784771825240,2026-07-23T01:57:05.240Z,-23.6057405,-46.8366091,821.926,11.180,11.080,3,127,417
1784771825295,2026-07-23T01:57:05.295Z,-23.6057390,-46.8366032,821.981,11.283,11.190,3,127,418
1784771825353,2026-07-23T01:57:05.353Z,-23.6057379,-46.8365978,822.064,10.996,11.290,3,127,418
1784771825411,2026-07-23T01:57:05.411Z,-23.6057366,-46.8365923,822.133,10.849,11.010,3,127,418
1784771825469,2026-07-23T01:57:05.469Z,-23.6057356,-46.8365870,822.165,10.558,10.860,3,127,418
1784771825527,2026-07-23T01:57:05.527Z,-23.6057329,-46.8365757,822.214,10.789,10.570,3,127,418
1784771825586,2026-07-23T01:57:05.586Z,-23.6057313,-46.8365698,822.234,11.032,10.800,3,127,418
1784771825644,2026-07-23T01:57:05.644Z,-23.6057294,-46.8365635,822.230,11.449,11.040,3,127,418
1784771825702,2026-07-23T01:57:05.702Z,-23.6057278,-46.8365572,822.266,11.655,11.460,3,127,418
1784771825760,2026-07-23T01:57:05.760Z,-23.6057264,-46.8365513,822.323,11.604,11.670,3,127,418
1784771825819,2026-07-23T01:57:05.819Z,-23.6057247,-46.8365450,822.355,11.751,11.620,3,127,418
1784771825877,2026-07-23T01:57:05.877Z,-23.6057229,-46.8365387,822.421,11.945,11.760,3,127,418
1784771825935,2026-07-23T01:57:05.935Z,-23.6057210,-46.8365325,822.484,12.010,11.960,3,127,418
1784771825993,2026-07-23T01:57:05.993Z,-23.6057190,-46.8365264,822.523,12.054,12.020,3,127,418
1784771826052,2026-07-23T01:57:06.052Z,-23.6057167,-46.8365202,822.568,12.161,12.070,3,127,418
1784771826110,2026-07-23T01:57:06.110Z,-23.6057143,-46.8365138,822.644,12.364,12.170,3,127,418
1784771826168,2026-07-23T01:57:06.168Z,-23.6057120,-46.8365077,822.742,12.389,12.380,3,127,418
1784771826226,2026-07-23T01:57:06.226Z,-23.6057099,-46.8365017,822.860,12.235,12.410,3,127,418
1784771826285,2026-07-23T01:57:06.285Z,-23.6057078,-46.8364959,822.973,12.009,12.260,3,127,419
1784771826343,2026-07-23T01:57:06.343Z,-23.6057056,-46.8364902,823.042,11.778,12.030,3,127,419
1784771826401,2026-07-23T01:57:06.401Z,-23.6057036,-46.8364845,823.102,11.606,11.800,3,127,419
1784771826459,2026-07-23T01:57:06.459Z,-23.6057015,-46.8364787,823.133,11.560,11.630,3,127,419
1784771826517,2026-07-23T01:57:06.517Z,-23.6056972,-46.8364673,823.224,11.478,11.580,3,127,419
1784771826576,2026-07-23T01:57:06.576Z,-23.6056950,-46.8364617,823.305,11.442,11.500,3,127,419
1784771826634,2026-07-23T01:57:06.634Z,-23.6056929,-46.8364558,823.366,11.492,11.470,3,127,419
1784771826692,2026-07-23T01:57:06.692Z,-23.6056908,-46.8364498,823.410,11.611,11.520,3,127,419
1784771826750,2026-07-23T01:57:06.750Z,-23.6056885,-46.8364440,823.471,11.644,11.640,3,127,419
1784771826809,2026-07-23T01:57:06.809Z,-23.6056861,-46.8364381,823.544,11.783,11.670,3,127,419
1784771826867,2026-07-23T01:57:06.867Z,-23.6056836,-46.8364322,823.597,11.873,11.810,3,127,419
1784771826925,2026-07-23T01:57:06.925Z,-23.6056808,-46.8364262,823.636,12.029,11.900,3,127,419
1784771826983,2026-07-23T01:57:06.983Z,-23.6056777,-46.8364201,823.684,12.335,12.060,3,127,419
1784771827042,2026-07-23T01:57:07.042Z,-23.6056746,-46.8364142,823.709,12.364,12.360,3,127,419
1784771827100,2026-07-23T01:57:07.100Z,-23.6056717,-46.8364085,823.791,12.267,12.390,3,127,419
1784771827158,2026-07-23T01:57:07.158Z,-23.6056683,-46.8364027,823.822,12.448,12.300,3,127,419
1784771827216,2026-07-23T01:57:07.216Z,-23.6056650,-46.8363970,823.861,12.448,12.480,3,127,419
1784771827275,2026-07-23T01:57:07.275Z,-23.6056616,-46.8363913,823.897,12.486,12.470,3,153,420
1784771827330,2026-07-23T01:57:07.330Z,-23.6056582,-46.8363857,823.936,12.445,12.510,3,153,420
1784771827385,2026-07-23T01:57:07.385Z,-23.6056546,-46.8363803,823.976,12.424,12.470,3,153,420
1784771827440,2026-07-23T01:57:07.440Z,-23.6056508,-46.8363750,824.028,12.429,12.450,3,153,420
1784771827495,2026-07-23T01:57:07.495Z,-23.6056468,-46.8363697,824.112,12.506,12.460,3,153,420
1784771827550,2026-07-23T01:57:07.550Z,-23.6056428,-46.8363647,824.164,12.399,12.530,3,153,420
1784771827605,2026-07-23T01:57:07.605Z,-23.6056385,-46.8363597,824.170,12.557,12.430,3,153,420
1784771827660,2026-07-23T01:57:07.660Z,-23.6056342,-46.8363545,824.184,12.702,12.580,3,153,420
1784771827715,2026-07-23T01:57:07.715Z,-23.6056298,-46.8363497,824.230,12.644,12.730,3,153,420
1784771827770,2026-07-23T01:57:07.770Z,-23.6056253,-46.8363453,824.325,12.437,12.670,3,153,420
1784771827825,2026-07-23T01:57:07.825Z,-23.6056207,-46.8363408,824.360,12.454,12.470,3,153,420
1784771827880,2026-07-23T01:57:07.880Z,-23.6056157,-46.8363364,824.356,12.709,12.480,3,153,420
1784771827935,2026-07-23T01:57:07.935Z,-23.6056106,-46.8363322,824.369,12.814,12.730,3,153,420
1784771827990,2026-07-23T01:57:07.990Z,-23.6056054,-46.8363287,824.420,12.557,12.840,3,153,420
1784771828045,2026-07-23T01:57:08.045Z,-23.6056001,-46.8363251,824.415,12.594,12.580,3,153,420
1784771828100,2026-07-23T01:57:08.100Z,-23.6055944,-46.8363218,824.403,12.724,12.620,3,153,420
1784771828155,2026-07-23T01:57:08.155Z,-23.6055885,-46.8363187,824.428,12.903,12.740,3,153,420
1784771828210,2026-07-23T01:57:08.210Z,-23.6055826,-46.8363162,824.515,12.829,12.920,3,153,420
1784771828265,2026-07-23T01:57:08.265Z,-23.6055766,-46.8363136,824.504,12.827,12.850,3,136,421
1784771828323,2026-07-23T01:57:08.323Z,-23.6055705,-46.8363113,824.472,12.855,12.850,3,136,421
1784771828381,2026-07-23T01:57:08.381Z,-23.6055643,-46.8363093,824.494,12.937,12.870,3,136,421
1784771828439,2026-07-23T01:57:08.439Z,-23.6055581,-46.8363074,824.531,12.980,12.950,3,136,421
1784771828497,2026-07-23T01:57:08.497Z,-23.6055456,-46.8363037,824.612,13.020,12.990,3,136,421
1784771828556,2026-07-23T01:57:08.556Z,-23.6055392,-46.8363029,824.674,12.936,13.030,3,136,421
1784771828614,2026-07-23T01:57:08.614Z,-23.6055327,-46.8363026,824.726,12.922,12.950,3,136,421
1784771828672,2026-07-23T01:57:08.672Z,-23.6055263,-46.8363024,824.763,12.914,12.940,3,136,421
1784771828730,2026-07-23T01:57:08.730Z,-23.6055196,-46.8363024,824.767,13.134,12.930,3,136,421
1784771828789,2026-07-23T01:57:08.789Z,-23.6055129,-46.8363029,824.813,13.212,13.150,3,136,421
1784771828847,2026-07-23T01:57:08.847Z,-23.6055063,-46.8363034,824.828,13.206,13.230,3,136,421
1784771828905,2026-07-23T01:57:08.905Z,-23.6054998,-46.8363040,824.860,13.210,13.220,3,136,421
1784771828963,2026-07-23T01:57:08.963Z,-23.6054932,-46.8363045,824.885,13.260,13.220,3,136,421
1784771829022,2026-07-23T01:57:09.022Z,-23.6054866,-46.8363054,824.906,13.300,13.270,3,136,421
1784771829080,2026-07-23T01:57:09.080Z,-23.6054801,-46.8363063,824.933,13.282,13.310,3,136,421
1784771829138,2026-07-23T01:57:09.138Z,-23.6054735,-46.8363072,824.957,13.341,13.290,3,136,421
1784771829196,2026-07-23T01:57:09.196Z,-23.6054667,-46.8363086,824.965,13.569,13.350,3,136,421
1784771829255,2026-07-23T01:57:09.255Z,-23.6054599,-46.8363100,824.991,13.732,13.580,3,127,422
1784771829310,2026-07-23T01:57:09.310Z,-23.6054532,-46.8363118,825.044,13.758,13.740,3,127,422
1784771829365,2026-07-23T01:57:09.365Z,-23.6054465,-46.8363137,825.084,13.786,13.770,3,127,422
1784771829420,2026-07-23T01:57:09.420Z,-23.6054399,-46.8363159,825.120,13.795,13.800,3,127,422
1784771829475,2026-07-23T01:57:09.475Z,-23.6054333,-46.8363180,825.140,13.847,13.810,3,127,422
1784771829530,2026-07-23T01:57:09.530Z,-23.6054268,-46.8363205,825.139,13.894,13.860,3,127,422
1784771829585,2026-07-23T01:57:09.585Z,-23.6054203,-46.8363229,825.146,13.899,13.900,3,127,422
1784771829640,2026-07-23T01:57:09.640Z,-23.6054136,-46.8363252,825.179,13.956,13.910,3,127,422
1784771829695,2026-07-23T01:57:09.695Z,-23.6054068,-46.8363277,825.222,14.078,13.960,3,127,422
1784771829750,2026-07-23T01:57:09.750Z,-23.6054002,-46.8363302,825.245,14.089,14.090,3,127,422
1784771829805,2026-07-23T01:57:09.805Z,-23.6053936,-46.8363327,825.277,14.069,14.100,3,127,422
1784771829860,2026-07-23T01:57:09.860Z,-23.6053870,-46.8363353,825.328,14.110,14.080,3,127,422
1784771829915,2026-07-23T01:57:09.915Z,-23.6053802,-46.8363378,825.333,14.251,14.120,3,127,422
1784771829970,2026-07-23T01:57:09.970Z,-23.6053734,-46.8363404,825.365,14.309,14.260,3,127,422
1784771830025,2026-07-23T01:57:10.025Z,-23.6053667,-46.8363431,825.380,14.360,14.320,3,127,422
1784771830080,2026-07-23T01:57:10.080Z,-23.6053599,-46.8363457,825.406,14.384,14.370,3,127,422
1784771830135,2026-07-23T01:57:10.135Z,-23.6053532,-46.8363484,825.440,14.422,14.390,3,127,422
1784771830190,2026-07-23T01:57:10.190Z,-23.6053463,-46.8363510,825.461,14.498,14.430,3,127,422
1784771830245,2026-07-23T01:57:10.245Z,-23.6053394,-46.8363537,825.513,14.581,14.510,3,127,422
1784771830300,2026-07-23T01:57:10.300Z,-23.6053327,-46.8363563,825.549,14.533,14.590,3,139,423
1784771830361,2026-07-23T01:57:10.361Z,-23.6053257,-46.8363592,825.597,14.628,14.540,3,139,423
1784771830423,2026-07-23T01:57:10.423Z,-23.6053189,-46.8363618,825.630,14.623,14.640,3,139,423
1784771830485,2026-07-23T01:57:10.485Z,-23.6053119,-46.8363643,825.654,14.655,14.630,3,139,423
1784771830547,2026-07-23T01:57:10.547Z,-23.6052981,-46.8363695,825.727,14.716,14.660,3,139,423
1784771830609,2026-07-23T01:57:10.609Z,-23.6052911,-46.8363721,825.765,14.786,14.730,3,139,423
1784771830671,2026-07-23T01:57:10.671Z,-23.6052836,-46.8363747,825.806,15.060,14.800,3,139,423
1784771830733,2026-07-23T01:57:10.733Z,-23.6052763,-46.8363773,825.833,15.178,15.070,3,139,423
1784771830795,2026-07-23T01:57:10.795Z,-23.6052686,-46.8363799,825.878,15.457,15.190,3,139,423
1784771830856,2026-07-23T01:57:10.856Z,-23.6052611,-46.8363825,825.922,15.580,15.470,3,139,423
1784771830918,2026-07-23T01:57:10.918Z,-23.6052537,-46.8363853,825.936,15.645,15.590,3,139,423
1784771830980,2026-07-23T01:57:10.980Z,-23.6052463,-46.8363879,825.953,15.669,15.650,3,139,423
1784771831042,2026-07-23T01:57:11.042Z,-23.6052389,-46.8363905,826.022,15.620,15.680,3,139,423
1784771831104,2026-07-23T01:57:11.104Z,-23.6052317,-46.8363931,826.099,15.475,15.630,3,139,423
1784771831166,2026-07-23T01:57:11.166Z,-23.6052248,-46.8363956,826.145,15.229,15.490,3,139,423
1784771831228,2026-07-23T01:57:11.228Z,-23.6052179,-46.8363980,826.102,15.070,15.240,3,139,423
1784771831290,2026-07-23T01:57:11.290Z,-23.6052109,-46.8364006,826.111,15.015,15.080,3,139,424
1784771831339,2026-07-23T01:57:11.339Z,-23.6052038,-46.8364033,826.094,15.137,15.020,3,139,424
1784771831389,2026-07-23T01:57:11.389Z,-23.6051965,-46.8364061,826.166,15.234,15.150,3,139,424
1784771831438,2026-07-23T01:57:11.438Z,-23.6051894,-46.8364086,826.235,15.201,15.240,3,139,424
1784771831488,2026-07-23T01:57:11.488Z,-23.6051821,-46.8364112,826.289,15.229,15.210,3,139,424
1784771831537,2026-07-23T01:57:11.537Z,-23.6051748,-46.8364140,826.375,15.335,15.240,3,139,424
1784771831587,2026-07-23T01:57:11.587Z,-23.6051674,-46.8364167,826.417,15.460,15.350,3,139,424
1784771831636,2026-07-23T01:57:11.636Z,-23.6051601,-46.8364194,826.475,15.446,15.470,3,139,424
1784771831686,2026-07-23T01:57:11.686Z,-23.6051529,-46.8364222,826.542,15.403,15.460,3,139,424
1784771831735,2026-07-23T01:57:11.735Z,-23.6051457,-46.8364248,826.593,15.375,15.420,3,139,424
1784771831785,2026-07-23T01:57:11.785Z,-23.6051384,-46.8364273,826.655,15.352,15.390,3,139,424
1784771831834,2026-07-23T01:57:11.834Z,-23.6051311,-46.8364301,826.711,15.441,15.370,3,139,424
1784771831884,2026-07-23T01:57:11.884Z,-23.6051239,-46.8364330,826.791,15.410,15.450,3,139,424
1784771831933,2026-07-23T01:57:11.933Z,-23.6051170,-46.8364363,826.876,15.287,15.420,3,139,424
1784771831983,2026-07-23T01:57:11.983Z,-23.6051103,-46.8364391,826.928,14.989,15.300,3,139,424
1784771832032,2026-07-23T01:57:12.032Z,-23.6051032,-46.8364417,827.010,14.977,15.010,3,139,424
1784771832082,2026-07-23T01:57:12.082Z,-23.6050959,-46.8364443,827.069,15.213,14.990,3,139,424
1784771832131,2026-07-23T01:57:12.131Z,-23.6050883,-46.8364472,827.146,15.522,15.230,3,139,424
1784771832181,2026-07-23T01:57:12.181Z,-23.6050807,-46.8364499,827.205,15.742,15.540,3,139,424
1784771832230,2026-07-23T01:57:12.230Z,-23.6050731,-46.8364525,827.245,15.846,15.760,3,139,424
1784771832280,2026-07-23T01:57:12.280Z,-23.6050655,-46.8364551,827.335,15.873,15.860,3,139,425
1784771832341,2026-07-23T01:57:12.341Z,-23.6050577,-46.8364577,827.427,16.047,15.890,3,139,425
1784771832403,2026-07-23T01:57:12.403Z,-23.6050499,-46.8364602,827.506,16.099,16.070,3,139,425
1784771832465,2026-07-23T01:57:12.465Z,-23.6050346,-46.8364655,827.620,16.136,16.120,3,139,425
1784771832527,2026-07-23T01:57:12.527Z,-23.6050273,-46.8364685,827.648,16.064,16.160,3,139,425
1784771832589,2026-07-23T01:57:12.589Z,-23.6050199,-46.8364715,827.706,16.004,16.080,3,139,425
1784771832651,2026-07-23T01:57:12.651Z,-23.6050126,-46.8364745,827.794,15.848,16.030,3,139,425
1784771832713,2026-07-23T01:57:12.713Z,-23.6050052,-46.8364775,827.893,15.831,15.870,3,139,425
1784771832775,2026-07-23T01:57:12.775Z,-23.6049977,-46.8364804,827.958,15.886,15.850,3,139,425
1784771832836,2026-07-23T01:57:12.836Z,-23.6049903,-46.8364834,828.020,15.905,15.910,3,139,425
1784771832898,2026-07-23T01:57:12.898Z,-23.6049829,-46.8364865,828.065,15.902,15.930,3,139,425
1784771832960,2026-07-23T01:57:12.960Z,-23.6049755,-46.8364894,828.125,15.895,15.930,3,139,425
1784771833022,2026-07-23T01:57:13.022Z,-23.6049680,-46.8364925,828.195,15.934,15.920,3,139,425
1784771833084,2026-07-23T01:57:13.084Z,-23.6049603,-46.8364955,828.259,16.119,15.960,3,139,425
1784771833146,2026-07-23T01:57:13.146Z,-23.6049527,-46.8364986,828.301,16.264,16.140,3,139,425
1784771833208,2026-07-23T01:57:13.208Z,-23.6049451,-46.8365017,828.347,16.291,16.290,3,139,425
1784771833270,2026-07-23T01:57:13.270Z,-23.6049374,-46.8365047,828.374,16.391,16.320,3,139,426
1784771833328,2026-07-23T01:57:13.328Z,-23.6049298,-46.8365077,828.400,16.398,16.410,3,139,426
1784771833386,2026-07-23T01:57:13.386Z,-23.6049221,-46.8365108,828.465,16.432,16.420,3,139,426
1784771833444,2026-07-23T01:57:13.444Z,-23.6049144,-46.8365141,828.536,16.475,16.460,3,139,426
1784771833502,2026-07-23T01:57:13.502Z,-23.6048992,-46.8365204,828.640,16.415,16.500,3,139,426
1784771833561,2026-07-23T01:57:13.561Z,-23.6048916,-46.8365235,828.690,16.391,16.440,3,139,426
1784771833619,2026-07-23T01:57:13.619Z,-23.6048840,-46.8365266,828.712,16.369,16.410,3,139,426
1784771833677,2026-07-23T01:57:13.677Z,-23.6048763,-46.8365297,828.742,16.463,16.390,3,139,426
1784771833735,2026-07-23T01:57:13.735Z,-23.6048686,-46.8365330,828.800,16.547,16.490,3,139,426
1784771833794,2026-07-23T01:57:13.794Z,-23.6048608,-46.8365361,828.835,16.597,16.570,3,139,426
1784771833852,2026-07-23T01:57:13.852Z,-23.6048531,-46.8365391,828.855,16.652,16.620,3,139,426
1784771833910,2026-07-23T01:57:13.910Z,-23.6048453,-46.8365422,828.902,16.667,16.670,3,139,426
1784771833968,2026-07-23T01:57:13.968Z,-23.6048374,-46.8365453,828.948,16.706,16.690,3,139,426
1784771834027,2026-07-23T01:57:14.027Z,-23.6048296,-46.8365483,828.966,16.756,16.730,3,139,426
1784771834085,2026-07-23T01:57:14.085Z,-23.6048217,-46.8365514,829.012,16.833,16.780,3,139,426
1784771834143,2026-07-23T01:57:14.143Z,-23.6048139,-46.8365544,829.036,16.785,16.850,3,139,426
1784771834201,2026-07-23T01:57:14.201Z,-23.6048061,-46.8365576,829.055,16.821,16.810,3,139,426
1784771834260,2026-07-23T01:57:14.260Z,-23.6047982,-46.8365607,829.085,16.808,16.840,3,139,427
1784771834317,2026-07-23T01:57:14.317Z,-23.6047905,-46.8365638,829.080,16.781,16.830,3,139,427
1784771834375,2026-07-23T01:57:14.375Z,-23.6047827,-46.8365670,829.085,16.809,16.800,3,139,427
1784771834433,2026-07-23T01:57:14.433Z,-23.6047747,-46.8365702,829.123,16.950,16.830,3,139,427
1784771834491,2026-07-23T01:57:14.491Z,-23.6047668,-46.8365738,829.159,17.045,16.970,3,139,427
1784771834549,2026-07-23T01:57:14.549Z,-23.6047591,-46.8365774,829.187,17.060,17.060,3,139,427
1784771834607,2026-07-23T01:57:14.607Z,-23.6047513,-46.8365812,829.219,17.099,17.080,3,139,427
1784771834665,2026-07-23T01:57:14.665Z,-23.6047436,-46.8365851,829.224,17.075,17.110,3,139,427
1784771834723,2026-07-23T01:57:14.723Z,-23.6047359,-46.8365893,829.275,17.112,17.090,3,139,427
1784771834781,2026-07-23T01:57:14.781Z,-23.6047284,-46.8365935,829.251,17.157,17.130,3,139,427
1784771834838,2026-07-23T01:57:14.838Z,-23.6047209,-46.8365978,829.258,17.125,17.170,3,139,427
1784771834896,2026-07-23T01:57:14.896Z,-23.6047136,-46.8366025,829.257,17.105,17.140,3,139,427
1784771834954,2026-07-23T01:57:14.954Z,-23.6047063,-46.8366074,829.257,17.171,17.120,3,139,427
1784771835012,2026-07-23T01:57:15.012Z,-23.6046992,-46.8366124,829.237,17.198,17.180,3,139,427
1784771835070,2026-07-23T01:57:15.070Z,-23.6046921,-46.8366177,829.219,17.296,17.210,3,139,427
1784771835128,2026-07-23T01:57:15.128Z,-23.6046851,-46.8366234,829.237,17.353,17.300,3,139,427
1784771835186,2026-07-23T01:57:15.186Z,-23.6046784,-46.8366293,829.239,17.325,17.360,3,139,427
1784771835244,2026-07-23T01:57:15.244Z,-23.6046721,-46.8366353,829.191,17.260,17.330,3,139,427
1784771835302,2026-07-23T01:57:15.302Z,-23.6046657,-46.8366414,829.187,17.203,17.270,3,139,427
1784771835360,2026-07-23T01:57:15.360Z,-23.6046594,-46.8366478,829.188,17.224,17.210,3,139,428
1784771835411,2026-07-23T01:57:15.411Z,-23.6046532,-46.8366545,829.195,17.351,17.230,3,139,428
1784771835463,2026-07-23T01:57:15.463Z,-23.6046472,-46.8366613,829.174,17.438,17.360,3,139,428
1784771835515,2026-07-23T01:57:15.515Z,-23.6046414,-46.8366683,829.164,17.451,17.440,3,139,428
1784771835567,2026-07-23T01:57:15.567Z,-23.6046357,-46.8366754,829.110,17.469,17.450,3,139,428
1784771835619,2026-07-23T01:57:15.619Z,-23.6046303,-46.8366827,829.066,17.508,17.470,3,139,428
1784771835671,2026-07-23T01:57:15.671Z,-23.6046250,-46.8366903,829.036,17.621,17.510,3,139,428
1784771835723,2026-07-23T01:57:15.723Z,-23.6046200,-46.8366981,828.973,17.672,17.620,3,139,428
1784771835775,2026-07-23T01:57:15.775Z,-23.6046153,-46.8367060,828.898,17.671,17.670,3,139,428
1784771835827,2026-07-23T01:57:15.827Z,-23.6046107,-46.8367142,828.838,17.802,17.670,3,139,428
1784771835879,2026-07-23T01:57:15.879Z,-23.6046062,-46.8367225,828.821,17.859,17.800,3,139,428
1784771835931,2026-07-23T01:57:15.931Z,-23.6046019,-46.8367308,828.762,17.903,17.860,3,139,428
1784771835983,2026-07-23T01:57:15.983Z,-23.6045981,-46.8367393,828.681,17.911,17.900,3,139,428
1784771836035,2026-07-23T01:57:16.035Z,-23.6045945,-46.8367480,828.595,17.964,17.910,3,139,428
1784771836087,2026-07-23T01:57:16.087Z,-23.6045910,-46.8367569,828.531,18.049,17.960,3,139,428
1784771836139,2026-07-23T01:57:16.139Z,-23.6045881,-46.8367657,828.410,18.020,18.050,3,139,428
1784771836191,2026-07-23T01:57:16.191Z,-23.6045853,-46.8367747,828.307,17.961,18.020,3,139,428
1784771836243,2026-07-23T01:57:16.243Z,-23.6045827,-46.8367838,828.221,17.989,17.960,3,139,428
1784771836295,2026-07-23T01:57:16.295Z,-23.6045802,-46.8367930,828.155,18.017,17.990,3,139,429
1784771836347,2026-07-23T01:57:16.347Z,-23.6045780,-46.8368021,828.053,17.916,18.020,3,139,429
1784771836399,2026-07-23T01:57:16.399Z,-23.6045762,-46.8368113,827.953,17.859,17.920,3,139,429
1784771836451,2026-07-23T01:57:16.451Z,-23.6045743,-46.8368207,827.858,17.942,17.860,3,139,429
1784771836503,2026-07-23T01:57:16.503Z,-23.6045727,-46.8368303,827.796,18.008,17.950,3,139,429
1784771836555,2026-07-23T01:57:16.555Z,-23.6045715,-46.8368399,827.679,18.080,18.020,3,139,429
1784771836607,2026-07-23T01:57:16.607Z,-23.6045708,-46.8368495,827.569,18.036,18.090,3,139,429
1784771836659,2026-07-23T01:57:16.659Z,-23.6045703,-46.8368593,827.459,18.151,18.050,3,139,429
1784771836711,2026-07-23T01:57:16.711Z,-23.6045698,-46.8368692,827.377,18.227,18.160,3,139,429
1784771836763,2026-07-23T01:57:16.763Z,-23.6045698,-46.8368787,827.249,18.121,18.240,3,139,429
1784771836816,2026-07-23T01:57:16.816Z,-23.6045700,-46.8368881,827.122,17.953,18.140,3,139,429
1784771836868,2026-07-23T01:57:16.868Z,-23.6045701,-46.8368974,827.104,17.697,17.970,3,139,429
1784771836920,2026-07-23T01:57:16.920Z,-23.6045707,-46.8369071,827.027,17.847,17.720,3,139,429
1784771836972,2026-07-23T01:57:16.972Z,-23.6045716,-46.8369165,826.886,17.851,17.870,3,139,429
1784771837024,2026-07-23T01:57:17.024Z,-23.6045729,-46.8369258,826.752,17.828,17.870,3,139,429
1784771837076,2026-07-23T01:57:17.076Z,-23.6045745,-46.8369351,826.642,17.802,17.850,3,139,429
1784771837128,2026-07-23T01:57:17.128Z,-23.6045762,-46.8369446,826.526,17.925,17.830,3,139,429
1784771837180,2026-07-23T01:57:17.180Z,-23.6045783,-46.8369538,826.392,17.874,17.950,3,139,429
1784771837232,2026-07-23T01:57:17.232Z,-23.6045807,-46.8369625,826.203,17.709,17.910,3,139,429
1784771837285,2026-07-23T01:57:17.285Z,-23.6045835,-46.8369715,826.049,17.775,17.750,3,139,430
1784771837346,2026-07-23T01:57:17.346Z,-23.6045865,-46.8369804,825.943,17.819,17.820,3,139,430
1784771837408,2026-07-23T01:57:17.408Z,-23.6045897,-46.8369891,825.846,17.744,17.860,3,139,430
1784771837470,2026-07-23T01:57:17.470Z,-23.6045966,-46.8370058,825.663,17.282,17.790,3,139,430
1784771837532,2026-07-23T01:57:17.532Z,-23.6046009,-46.8370137,825.530,17.333,17.330,3,139,430
1784771837594,2026-07-23T01:57:17.594Z,-23.6046055,-46.8370218,825.419,17.509,17.380,3,139,430
1784771837656,2026-07-23T01:57:17.656Z,-23.6046102,-46.8370296,825.318,17.473,17.560,3,139,430
1784771837718,2026-07-23T01:57:17.718Z,-23.6046153,-46.8370367,825.167,17.293,17.530,3,139,430
1784771837780,2026-07-23T01:57:17.780Z,-23.6046208,-46.8370440,825.052,17.400,17.350,3,139,430
1784771837841,2026-07-23T01:57:17.841Z,-23.6046265,-46.8370514,824.959,17.620,17.460,3,139,430
1784771837903,2026-07-23T01:57:17.903Z,-23.6046321,-46.8370584,824.880,17.492,17.680,3,139,430
1784771837965,2026-07-23T01:57:17.965Z,-23.6046380,-46.8370653,824.775,17.547,17.550,3,139,430
1784771838027,2026-07-23T01:57:18.027Z,-23.6046439,-46.8370724,824.701,17.707,17.610,3,139,430
1784771838089,2026-07-23T01:57:18.089Z,-23.6046498,-46.8370798,824.618,17.871,17.770,3,139,430
1784771838151,2026-07-23T01:57:18.151Z,-23.6046557,-46.8370871,824.540,18.002,17.930,3,139,430
1784771838213,2026-07-23T01:57:18.213Z,-23.6046617,-46.8370943,824.440,18.066,18.060,3,139,430
1784771838275,2026-07-23T01:57:18.275Z,-23.6046677,-46.8371016,824.334,18.139,18.130,3,127,431
1784771838327,2026-07-23T01:57:18.327Z,-23.6046737,-46.8371090,824.258,18.195,18.200,3,127,431
1784771838379,2026-07-23T01:57:18.379Z,-23.6046796,-46.8371162,824.156,18.164,18.260,3,127,431
1784771838431,2026-07-23T01:57:18.431Z,-23.6046856,-46.8371236,824.057,18.262,18.230,3,127,431
1784771838483,2026-07-23T01:57:18.483Z,-23.6046913,-46.8371311,823.977,18.177,18.320,3,127,431
1784771838535,2026-07-23T01:57:18.535Z,-23.6046968,-46.8371390,823.908,18.257,18.240,3,127,431
1784771838587,2026-07-23T01:57:18.587Z,-23.6047019,-46.8371472,823.888,18.264,18.320,3,127,431
1784771838639,2026-07-23T01:57:18.639Z,-23.6047067,-46.8371555,823.837,18.246,18.320,3,127,431
1784771838691,2026-07-23T01:57:18.691Z,-23.6047113,-46.8371640,823.783,18.323,18.300,3,127,431
1784771838743,2026-07-23T01:57:18.743Z,-23.6047152,-46.8371725,823.750,17.977,18.380,3,127,431
1784771838796,2026-07-23T01:57:18.796Z,-23.6047185,-46.8371814,823.706,17.865,18.030,3,127,431
1784771838848,2026-07-23T01:57:18.848Z,-23.6047217,-46.8371905,823.676,17.828,17.920,3,127,431
1784771838900,2026-07-23T01:57:18.900Z,-23.6047247,-46.8371996,823.613,17.817,17.880,3,127,431
1784771838952,2026-07-23T01:57:18.952Z,-23.6047274,-46.8372088,823.556,17.885,17.870,3,127,431
1784771839004,2026-07-23T01:57:19.004Z,-23.6047300,-46.8372183,823.476,18.002,17.940,3,127,431
1784771839056,2026-07-23T01:57:19.056Z,-23.6047322,-46.8372276,823.385,17.948,18.050,3,127,431
1784771839108,2026-07-23T01:57:19.108Z,-23.6047342,-46.8372371,823.338,17.889,18.000,3,127,431
1784771839160,2026-07-23T01:57:19.160Z,-23.6047357,-46.8372466,823.296,17.828,17.940,3,127,431
1784771839212,2026-07-23T01:57:19.212Z,-23.6047369,-46.8372563,823.281,17.802,17.880,3,127,431
1784771839265,2026-07-23T01:57:19.265Z,-23.6047378,-46.8372658,823.266,17.608,17.850,3,127,432
1784771839330,2026-07-23T01:57:19.330Z,-23.6047385,-46.8372754,823.234,17.560,17.650,3,127,432
1784771839395,2026-07-23T01:57:19.395Z,-23.6047386,-46.8372852,823.181,17.678,17.600,3,127,432
1784771839460,2026-07-23T01:57:19.460Z,-23.6047384,-46.8373038,823.117,17.142,17.720,3,127,432
1784771839526,2026-07-23T01:57:19.526Z,-23.6047372,-46.8373129,823.087,16.997,17.180,3,127,432
1784771839591,2026-07-23T01:57:19.591Z,-23.6047354,-46.8373224,823.065,17.223,17.040,3,127,432
1784771839656,2026-07-23T01:57:19.656Z,-23.6047334,-46.8373319,823.096,17.252,17.260,3,127,432
1784771839722,2026-07-23T01:57:19.722Z,-23.6047315,-46.8373410,823.143,17.117,17.290,3,127,432
1784771839787,2026-07-23T01:57:19.787Z,-23.6047291,-46.8373500,823.154,17.040,17.150,3,127,432
1784771839852,2026-07-23T01:57:19.852Z,-23.6047263,-46.8373590,823.188,16.983,17.070,3,127,432
1784771839918,2026-07-23T01:57:19.918Z,-23.6047230,-46.8373674,823.241,16.749,17.010,3,127,432
1784771839983,2026-07-23T01:57:19.983Z,-23.6047195,-46.8373758,823.261,16.706,16.770,3,127,432
1784771840048,2026-07-23T01:57:20.048Z,-23.6047157,-46.8373839,823.328,16.531,16.730,3,127,432
1784771840114,2026-07-23T01:57:20.114Z,-23.6047112,-46.8373918,823.372,16.550,16.550,3,127,432
1784771840179,2026-07-23T01:57:20.179Z,-23.6047066,-46.8373995,823.407,16.508,16.560,3,127,432
1784771840244,2026-07-23T01:57:20.244Z,-23.6047021,-46.8374069,823.430,16.437,16.520,3,127,432
1784771840310,2026-07-23T01:57:20.310Z,-23.6046974,-46.8374140,823.474,16.212,16.450,3,127,433
1784771840365,2026-07-23T01:57:20.365Z,-23.6046920,-46.8374209,823.448,16.339,16.220,3,127,433
1784771840420,2026-07-23T01:57:20.420Z,-23.6046866,-46.8374274,823.447,16.250,16.350,3,127,433
1784771840475,2026-07-23T01:57:20.475Z,-23.6046808,-46.8374337,823.447,16.253,16.260,3,127,433
1784771840530,2026-07-23T01:57:20.530Z,-23.6046693,-46.8374461,823.451,16.214,16.260,3,127,433
1784771840585,2026-07-23T01:57:20.585Z,-23.6046629,-46.8374518,823.489,16.206,16.220,3,127,433
1784771840640,2026-07-23T01:57:20.640Z,-23.6046565,-46.8374572,823.536,16.181,16.210,3,127,433
1784771840695,2026-07-23T01:57:20.695Z,-23.6046499,-46.8374624,823.553,16.171,16.180,3,127,433
1784771840750,2026-07-23T01:57:20.750Z,-23.6046431,-46.8374672,823.592,16.178,16.170,3,127,433
1784771840805,2026-07-23T01:57:20.805Z,-23.6046360,-46.8374717,823.644,16.182,16.180,3,127,433
1784771840860,2026-07-23T01:57:20.860Z,-23.6046286,-46.8374761,823.736,16.271,16.180,3,127,433
1784771840915,2026-07-23T01:57:20.915Z,-23.6046213,-46.8374804,823.809,16.336,16.270,3,127,433
1784771840970,2026-07-23T01:57:20.970Z,-23.6046139,-46.8374847,823.861,16.481,16.340,3,127,433
1784771841025,2026-07-23T01:57:21.025Z,-23.6046066,-46.8374887,823.919,16.446,16.480,3,127,433
1784771841080,2026-07-23T01:57:21.080Z,-23.6045990,-46.8374926,823.994,16.514,16.450,3,127,433
1784771841135,2026-07-23T01:57:21.135Z,-23.6045915,-46.8374966,824.073,16.525,16.510,3,127,433
1784771841190,2026-07-23T01:57:21.190Z,-23.6045841,-46.8375003,824.116,16.412,16.520,3,127,433
1784771841245,2026-07-23T01:57:21.245Z,-23.6045767,-46.8375040,824.172,16.339,16.410,3,127,433
1784771841300,2026-07-23T01:57:21.300Z,-23.6045693,-46.8375075,824.237,16.234,16.340,3,127,434
1784771841355,2026-07-23T01:57:21.355Z,-23.6045617,-46.8375110,824.331,16.266,16.230,3,127,434
1784771841410,2026-07-23T01:57:21.410Z,-23.6045541,-46.8375141,824.407,16.264,16.270,3,127,434
1784771841465,2026-07-23T01:57:21.465Z,-23.6045466,-46.8375170,824.482,16.150,16.270,3,127,434
1784771841520,2026-07-23T01:57:21.520Z,-23.6045390,-46.8375199,824.556,16.083,16.150,3,127,434
1784771841575,2026-07-23T01:57:21.575Z,-23.6045315,-46.8375226,824.631,15.979,16.090,3,127,434
1784771841630,2026-07-23T01:57:21.630Z,-23.6045243,-46.8375250,824.708,15.653,15.980,3,127,434
1784771841685,2026-07-23T01:57:21.685Z,-23.6045168,-46.8375273,824.738,15.590,15.660,3,127,434
1784771841740,2026-07-23T01:57:21.740Z,-23.6045092,-46.8375296,824.817,15.645,15.600,3,127,434
1784771841795,2026-07-23T01:57:21.795Z,-23.6045018,-46.8375313,824.886,15.480,15.650,3,127,434
1784771841850,2026-07-23T01:57:21.850Z,-23.6044942,-46.8375328,824.961,15.501,15.490,3,127,434
1784771841905,2026-07-23T01:57:21.905Z,-23.6044867,-46.8375340,825.013,15.367,15.510,3,127,434
1784771841960,2026-07-23T01:57:21.960Z,-23.6044793,-46.8375349,825.037,15.263,15.380,3,127,434
1784771842015,2026-07-23T01:57:22.015Z,-23.6044718,-46.8375357,825.085,15.199,15.270,3,127,434
1784771842070,2026-07-23T01:57:22.070Z,-23.6044646,-46.8375361,825.128,14.943,15.210,3,127,434
1784771842125,2026-07-23T01:57:22.125Z,-23.6044575,-46.8375362,825.141,14.687,14.950,3,127,434
1784771842180,2026-07-23T01:57:22.180Z,-23.6044503,-46.8375358,825.201,14.579,14.700,3,127,434
1784771842235,2026-07-23T01:57:22.235Z,-23.6044431,-46.8375352,825.285,14.421,14.590,3,127,434
1784771842290,2026-07-23T01:57:22.290Z,-23.6044360,-46.8375340,825.332,14.374,14.430,3,127,435
1784771842342,2026-07-23T01:57:22.342Z,-23.6044292,-46.8375326,825.375,14.195,14.390,3,127,435
1784771842394,2026-07-23T01:57:22.394Z,-23.6044226,-46.8375311,825.453,13.884,14.210,3,127,435
1784771842446,2026-07-23T01:57:22.446Z,-23.6044161,-46.8375291,825.490,13.740,13.900,3,127,435
1784771842498,2026-07-23T01:57:22.498Z,-23.6044094,-46.8375270,825.548,13.782,13.750,3,127,435
1784771842550,2026-07-23T01:57:22.550Z,-23.6044031,-46.8375243,825.605,13.679,13.800,3,127,435
1784771842602,2026-07-23T01:57:22.602Z,-23.6043967,-46.8375212,825.634,13.713,13.690,3,127,435
1784771842654,2026-07-23T01:57:22.654Z,-23.6043900,-46.8375179,825.638,14.139,13.730,3,127,435
1784771842706,2026-07-23T01:57:22.706Z,-23.6043833,-46.8375142,825.696,14.416,14.150,3,127,435
1784771842758,2026-07-23T01:57:22.758Z,-23.6043767,-46.8375100,825.740,14.635,14.430,3,127,435
1784771842811,2026-07-23T01:57:22.811Z,-23.6043710,-46.8375056,825.802,14.394,14.650,3,127,435
1784771842863,2026-07-23T01:57:22.863Z,-23.6043655,-46.8375011,825.898,14.155,14.410,3,127,435
1784771842915,2026-07-23T01:57:22.915Z,-23.6043604,-46.8374964,825.991,13.839,14.170,3,127,435
1784771842967,2026-07-23T01:57:22.967Z,-23.6043556,-46.8374914,826.076,13.641,13.860,3,127,435
1784771843019,2026-07-23T01:57:23.019Z,-23.6043510,-46.8374862,826.152,13.571,13.660,3,127,435
1784771843071,2026-07-23T01:57:23.071Z,-23.6043467,-46.8374810,826.208,13.328,13.590,3,127,435
1784771843123,2026-07-23T01:57:23.123Z,-23.6043430,-46.8374760,826.328,12.841,13.350,3,127,435
1784771843175,2026-07-23T01:57:23.175Z,-23.6043392,-46.8374705,826.399,12.767,12.870,3,127,435
1784771843227,2026-07-23T01:57:23.227Z,-23.6043355,-46.8374646,826.377,12.869,12.800,3,127,435
1784771843280,2026-07-23T01:57:23.280Z,-23.6043322,-46.8374587,826.339,12.748,12.890,3,127,436
1784771843335,2026-07-23T01:57:23.335Z,-23.6043286,-46.8374531,826.338,12.680,12.770,3,127,436
1784771843390,2026-07-23T01:57:23.390Z,-23.6043255,-46.8374475,826.396,12.492,12.700,3,127,436
1784771843445,2026-07-23T01:57:23.445Z,-23.6043227,-46.8374419,826.499,12.280,12.510,3,127,436
1784771843500,2026-07-23T01:57:23.500Z,-23.6043199,-46.8374364,826.518,12.030,12.300,3,127,436
1784771843555,2026-07-23T01:57:23.555Z,-23.6043179,-46.8374309,826.512,11.622,12.050,3,127,436
1784771843610,2026-07-23T01:57:23.610Z,-23.6043159,-46.8374250,826.439,11.540,11.650,3,127,436
1784771843665,2026-07-23T01:57:23.665Z,-23.6043136,-46.8374191,826.470,11.628,11.560,3,127,436
1784771843720,2026-07-23T01:57:23.720Z,-23.6043117,-46.8374134,826.498,11.454,11.650,3,127,436
1784771843775,2026-07-23T01:57:23.775Z,-23.6043104,-46.8374075,826.516,11.375,11.470,3,127,436
1784771843830,2026-07-23T01:57:23.830Z,-23.6043090,-46.8374011,826.496,11.539,11.390,3,127,436
1784771843885,2026-07-23T01:57:23.885Z,-23.6043079,-46.8373945,826.435,11.747,11.550,3,127,436
1784771843940,2026-07-23T01:57:23.940Z,-23.6043072,-46.8373878,826.396,11.949,11.760,3,127,436
1784771843995,2026-07-23T01:57:23.995Z,-23.6043062,-46.8373807,826.454,12.340,11.960,3,127,436
1784771844050,2026-07-23T01:57:24.050Z,-23.6043054,-46.8373739,826.523,12.516,12.350,3,127,436
1784771844105,2026-07-23T01:57:24.105Z,-23.6043048,-46.8373677,826.567,12.320,12.530,3,127,436
1784771844160,2026-07-23T01:57:24.160Z,-23.6043048,-46.8373610,826.558,12.333,12.330,3,127,436
1784771844215,2026-07-23T01:57:24.215Z,-23.6043051,-46.8373544,826.546,12.329,12.340,3,127,436
1784771844270,2026-07-23T01:57:24.270Z,-23.6043057,-46.8373480,826.530,12.227,12.340,3,127,437
1784771844336,2026-07-23T01:57:24.336Z,-23.6043068,-46.8373416,826.503,12.173,12.240,3,127,437
1784771844402,2026-07-23T01:57:24.402Z,-23.6043082,-46.8373355,826.509,12.045,12.180,3,127,437
1784771844468,2026-07-23T01:57:24.468Z,-23.6043120,-46.8373160,826.581,12.348,12.050,3,127,437
1784771844534,2026-07-23T01:57:24.534Z,-23.6043145,-46.8373095,826.602,12.568,12.350,3,127,437
1784771844600,2026-07-23T01:57:24.600Z,-23.6043177,-46.8373030,826.576,12.823,12.570,3,127,437
1784771844666,2026-07-23T01:57:24.666Z,-23.6043200,-46.8372962,826.577,12.982,12.830,3,127,437
1784771844732,2026-07-23T01:57:24.732Z,-23.6043221,-46.8372894,826.592,13.043,12.990,3,127,437
1784771844798,2026-07-23T01:57:24.798Z,-23.6043243,-46.8372831,826.572,12.923,13.050,3,127,437
1784771844864,2026-07-23T01:57:24.864Z,-23.6043264,-46.8372768,826.629,12.820,12.930,3,127,437
1784771844930,2026-07-23T01:57:24.930Z,-23.6043283,-46.8372706,826.661,12.638,12.820,3,127,437
1784771844996,2026-07-23T01:57:24.996Z,-23.6043300,-46.8372643,826.665,12.435,12.640,3,127,437
1784771845062,2026-07-23T01:57:25.062Z,-23.6043317,-46.8372580,826.594,12.323,12.440,3,127,437
1784771845128,2026-07-23T01:57:25.128Z,-23.6043335,-46.8372515,826.575,12.417,12.330,3,127,437
1784771845194,2026-07-23T01:57:25.194Z,-23.6043350,-46.8372451,826.539,12.414,12.420,3,127,437
1784771845260,2026-07-23T01:57:25.260Z,-23.6043364,-46.8372385,826.525,12.488,12.420,3,127,438
1784771845318,2026-07-23T01:57:25.318Z,-23.6043378,-46.8372318,826.585,12.568,12.490,3,127,438
1784771845376,2026-07-23T01:57:25.376Z,-23.6043389,-46.8372251,826.603,12.653,12.570,3,127,438
1784771845434,2026-07-23T01:57:25.434Z,-23.6043400,-46.8372180,826.603,12.854,12.650,3,127,438
1784771845492,2026-07-23T01:57:25.492Z,-23.6043421,-46.8372043,826.586,12.876,12.860,3,127,438
1784771845550,2026-07-23T01:57:25.550Z,-23.6043426,-46.8371971,826.533,13.048,12.880,3,127,438
1784771845608,2026-07-23T01:57:25.608Z,-23.6043431,-46.8371897,826.522,13.328,13.050,3,127,438
1784771845666,2026-07-23T01:57:25.666Z,-23.6043438,-46.8371824,826.545,13.419,13.330,3,127,438
1784771845724,2026-07-23T01:57:25.724Z,-23.6043442,-46.8371754,826.586,13.304,13.420,3,127,438
1784771845782,2026-07-23T01:57:25.782Z,-23.6043447,-46.8371684,826.638,13.292,13.300,3,127,438
1784771845840,2026-07-23T01:57:25.840Z,-23.6043451,-46.8371614,826.678,13.192,13.290,3,127,438
1784771845898,2026-07-23T01:57:25.898Z,-23.6043455,-46.8371544,826.692,13.131,13.190,3,127,438
1784771845956,2026-07-23T01:57:25.956Z,-23.6043460,-46.8371472,826.729,13.273,13.130,3,127,438
1784771846014,2026-07-23T01:57:26.014Z,-23.6043461,-46.8371399,826.777,13.387,13.270,3,127,438
1784771846072,2026-07-23T01:57:26.072Z,-23.6043459,-46.8371324,826.874,13.562,13.390,3,127,438
1784771846130,2026-07-23T01:57:26.130Z,-23.6043454,-46.8371252,827.005,13.586,13.560,3,127,438
1784771846188,2026-07-23T01:57:26.188Z,-23.6043452,-46.8371181,827.143,13.537,13.590,3,127,438
1784771846246,2026-07-23T01:57:26.246Z,-23.6043449,-46.8371106,827.179,13.744,13.540,3,127,438
1784771846305,2026-07-23T01:57:26.305Z,-23.6043442,-46.8371027,827.120,13.993,13.750,3,127,439
1784771846357,2026-07-23T01:57:26.357Z,-23.6043437,-46.8370951,827.158,14.082,14.000,3,127,439
1784771846409,2026-07-23T01:57:26.409Z,-23.6043431,-46.8370878,827.252,14.028,14.090,3,127,439
1784771846461,2026-07-23T01:57:26.461Z,-23.6043421,-46.8370803,827.310,14.023,14.030,3,127,439
1784771846513,2026-07-23T01:57:26.513Z,-23.6043409,-46.8370727,827.361,14.112,14.030,3,127,439
1784771846565,2026-07-23T01:57:26.565Z,-23.6043393,-46.8370653,827.420,14.169,14.120,3,127,439
1784771846617,2026-07-23T01:57:26.617Z,-23.6043375,-46.8370579,827.493,14.217,14.180,3,127,439
1784771846669,2026-07-23T01:57:26.669Z,-23.6043357,-46.8370509,827.575,14.006,14.230,3,127,439
1784771846721,2026-07-23T01:57:26.721Z,-23.6043335,-46.8370441,827.643,13.870,14.020,3,127,439
1784771846773,2026-07-23T01:57:26.773Z,-23.6043314,-46.8370371,827.722,13.852,13.880,3,127,439
1784771846826,2026-07-23T01:57:26.826Z,-23.6043293,-46.8370301,827.798,13.849,13.860,3,127,439
1784771846878,2026-07-23T01:57:26.878Z,-23.6043271,-46.8370231,827.907,13.869,13.860,3,127,439
1784771846930,2026-07-23T01:57:26.930Z,-23.6043248,-46.8370161,827.971,13.892,13.880,3,127,439
1784771846982,2026-07-23T01:57:26.982Z,-23.6043224,-46.8370093,828.065,13.871,13.910,3,127,439
1784771847034,2026-07-23T01:57:27.034Z,-23.6043199,-46.8370023,828.156,13.906,13.890,3,127,439
1784771847086,2026-07-23T01:57:27.086Z,-23.6043171,-46.8369955,828.229,13.951,13.920,3,127,439
1784771847138,2026-07-23T01:57:27.138Z,-23.6043144,-46.8369886,828.298,13.975,13.970,3,127,439
1784771847190,2026-07-23T01:57:27.190Z,-23.6043115,-46.8369818,828.400,13.961,13.990,3,127,439
1784771847242,2026-07-23T01:57:27.242Z,-23.6043083,-46.8369751,828.498,14.062,13.980,3,127,439
1784771847295,2026-07-23T01:57:27.295Z,-23.6043050,-46.8369685,828.569,14.040,14.090,3,127,440
1784771847356,2026-07-23T01:57:27.356Z,-23.6043015,-46.8369620,828.676,14.061,14.060,3,127,440
1784771847418,2026-07-23T01:57:27.418Z,-23.6042979,-46.8369556,828.786,14.058,14.090,3,127,440
1784771847480,2026-07-23T01:57:27.480Z,-23.6042911,-46.8369424,828.900,14.031,14.090,3,127,440
1784771847542,2026-07-23T01:57:27.542Z,-23.6042873,-46.8369362,828.959,13.974,14.060,3,127,440
1784771847604,2026-07-23T01:57:27.604Z,-23.6042829,-46.8369307,829.015,13.878,14.000,3,127,440
1784771847666,2026-07-23T01:57:27.666Z,-23.6042787,-46.8369249,829.122,13.855,13.910,3,127,440
1784771847728,2026-07-23T01:57:27.728Z,-23.6042746,-46.8369193,829.216,13.672,13.890,3,127,440
1784771847790,2026-07-23T01:57:27.790Z,-23.6042700,-46.8369140,829.269,13.641,13.710,3,127,440
1784771847851,2026-07-23T01:57:27.851Z,-23.6042654,-46.8369087,829.320,13.601,13.670,3,127,440
1784771847913,2026-07-23T01:57:27.913Z,-23.6042607,-46.8369035,829.380,13.574,13.640,3,127,440
1784771847975,2026-07-23T01:57:27.975Z,-23.6042558,-46.8368984,829.442,13.579,13.610,3,127,440
1784771848037,2026-07-23T01:57:28.037Z,-23.6042509,-46.8368932,829.508,13.657,13.610,3,127,440
1784771848099,2026-07-23T01:57:28.099Z,-23.6042461,-46.8368881,829.592,13.631,13.690,3,127,440
1784771848161,2026-07-23T01:57:28.161Z,-23.6042412,-46.8368830,829.687,13.635,13.670,3,127,440
1784771848223,2026-07-23T01:57:28.223Z,-23.6042362,-46.8368777,829.784,13.760,13.670,3,127,440
1784771848285,2026-07-23T01:57:28.285Z,-23.6042313,-46.8368723,829.865,13.867,13.800,3,127,441
1784771848343,2026-07-23T01:57:28.343Z,-23.6042266,-46.8368670,829.940,13.782,13.910,3,127,441
1784771848401,2026-07-23T01:57:28.401Z,-23.6042219,-46.8368615,830.032,13.804,13.820,3,127,441
1784771848459,2026-07-23T01:57:28.459Z,-23.6042174,-46.8368560,830.119,13.786,13.850,3,127,441
1784771848517,2026-07-23T01:57:28.517Z,-23.6042086,-46.8368445,830.264,13.743,13.830,3,127,441
1784771848576,2026-07-23T01:57:28.576Z,-23.6042047,-46.8368385,830.352,13.660,13.790,3,127,441
1784771848634,2026-07-23T01:57:28.634Z,-23.6042008,-46.8368323,830.449,13.764,13.710,3,127,441
1784771848692,2026-07-23T01:57:28.692Z,-23.6041971,-46.8368259,830.524,13.809,13.810,3,127,441
1784771848750,2026-07-23T01:57:28.750Z,-23.6041936,-46.8368195,830.625,13.780,13.860,3,127,441
1784771848809,2026-07-23T01:57:28.809Z,-23.6041903,-46.8368130,830.735,13.732,13.830,3,127,441
1784771848867,2026-07-23T01:57:28.867Z,-23.6041870,-46.8368064,830.825,13.756,13.790,3,127,441
1784771848925,2026-07-23T01:57:28.925Z,-23.6041837,-46.8368000,830.900,13.729,13.810,3,127,441
1784771848983,2026-07-23T01:57:28.983Z,-23.6041804,-46.8367934,830.960,13.751,13.790,3,127,441
1784771849042,2026-07-23T01:57:29.042Z,-23.6041774,-46.8367870,831.052,13.574,13.810,3,127,441
1784771849100,2026-07-23T01:57:29.100Z,-23.6041746,-46.8367801,831.068,13.667,13.630,3,127,441
1784771849158,2026-07-23T01:57:29.158Z,-23.6041720,-46.8367731,831.121,13.692,13.720,3,127,441
1784771849216,2026-07-23T01:57:29.216Z,-23.6041697,-46.8367660,831.138,13.706,13.750,3,127,441
1784771849275,2026-07-23T01:57:29.275Z,-23.6041677,-46.8367592,831.213,13.556,13.760,3,127,442
1784771849330,2026-07-23T01:57:29.330Z,-23.6041657,-46.8367523,831.242,13.459,13.610,3,127,442
1784771849385,2026-07-23T01:57:29.385Z,-23.6041640,-46.8367452,831.255,13.417,13.510,3,127,442
1784771849440,2026-07-23T01:57:29.440Z,-23.6041627,-46.8367380,831.294,13.454,13.460,3,127,442
1784771849495,2026-07-23T01:57:29.495Z,-23.6041617,-46.8367306,831.289,13.491,13.500,3,127,442
1784771849550,2026-07-23T01:57:29.550Z,-23.6041610,-46.8367231,831.287,13.549,13.530,3,127,442
1784771849605,2026-07-23T01:57:29.605Z,-23.6041607,-46.8367159,831.316,13.401,13.590,3,127,442
1784771849660,2026-07-23T01:57:29.660Z,-23.6041611,-46.8367088,831.333,13.213,13.440,3,127,442
1784771849715,2026-07-23T01:57:29.715Z,-23.6041615,-46.8367016,831.341,13.188,13.250,3,127,442
1784771849770,2026-07-23T01:57:29.770Z,-23.6041623,-46.8366944,831.369,13.180,13.220,3,127,442
1784771849825,2026-07-23T01:57:29.825Z,-23.6041634,-46.8366871,831.435,13.281,13.210,3,127,442
1784771849880,2026-07-23T01:57:29.880Z,-23.6041648,-46.8366801,831.495,13.203,13.310,3,127,442
1784771849935,2026-07-23T01:57:29.935Z,-23.6041664,-46.8366735,831.534,13.010,13.240,3,127,442
1784771849990,2026-07-23T01:57:29.990Z,-23.6041685,-46.8366664,831.531,13.145,13.040,3,127,442
1784771850045,2026-07-23T01:57:30.045Z,-23.6041708,-46.8366596,831.546,13.192,13.180,3,127,442
1784771850100,2026-07-23T01:57:30.100Z,-23.6041733,-46.8366529,831.573,13.193,13.220,3,127,442
1784771850155,2026-07-23T01:57:30.155Z,-23.6041762,-46.8366461,831.590,13.363,13.220,3,127,442
1784771850210,2026-07-23T01:57:30.210Z,-23.6041793,-46.8366395,831.588,13.392,13.390,3,127,442
1784771850265,2026-07-23T01:57:30.265Z,-23.6041827,-46.8366332,831.592,13.376,13.420,3,127,442
1784771850320,2026-07-23T01:57:30.320Z,-23.6041863,-46.8366269,831.623,13.554,13.400,3,127,443
1784771850381,2026-07-23T01:57:30.381Z,-23.6041900,-46.8366205,831.642,13.712,13.580,3,127,443
1784771850443,2026-07-23T01:57:30.443Z,-23.6041938,-46.8366143,831.685,13.751,13.730,3,127,443
1784771850505,2026-07-23T01:57:30.505Z,-23.6042015,-46.8366021,831.681,13.646,13.770,3,127,443
1784771850567,2026-07-23T01:57:30.567Z,-23.6042057,-46.8365961,831.647,13.712,13.660,3,127,443
1784771850629,2026-07-23T01:57:30.629Z,-23.6042098,-46.8365905,831.704,13.619,13.730,3,127,443
1784771850691,2026-07-23T01:57:30.691Z,-23.6042141,-46.8365848,831.751,13.646,13.640,3,127,443
1784771850753,2026-07-23T01:57:30.753Z,-23.6042184,-46.8365790,831.759,13.685,13.660,3,127,443
1784771850815,2026-07-23T01:57:30.815Z,-23.6042231,-46.8365734,831.760,13.801,13.700,3,127,443
1784771850876,2026-07-23T01:57:30.876Z,-23.6042279,-46.8365679,831.808,13.924,13.820,3,127,443
1784771850938,2026-07-23T01:57:30.938Z,-23.6042328,-46.8365626,831.834,13.974,13.940,3,127,443
1784771851000,2026-07-23T01:57:31.000Z,-23.6042379,-46.8365571,831.789,14.040,13.990,3,127,443
1784771851062,2026-07-23T01:57:31.062Z,-23.6042432,-46.8365519,831.803,14.172,14.050,3,127,443
1784771851124,2026-07-23T01:57:31.124Z,-23.6042486,-46.8365470,831.807,14.187,14.180,3,127,443
1784771851186,2026-07-23T01:57:31.186Z,-23.6042541,-46.8365422,831.798,14.244,14.200,3,127,443
1784771851248,2026-07-23T01:57:31.248Z,-23.6042597,-46.8365373,831.776,14.289,14.250,3,127,443
1784771851310,2026-07-23T01:57:31.310Z,-23.6042654,-46.8365327,831.771,14.281,14.300,3,127,444
1784771851359,2026-07-23T01:57:31.359Z,-23.6042714,-46.8365282,831.769,14.449,14.290,3,127,444
1784771851408,2026-07-23T01:57:31.408Z,-23.6042775,-46.8365240,831.759,14.501,14.460,3,127,444
1784771851457,2026-07-23T01:57:31.457Z,-23.6042836,-46.8365198,831.741,14.505,14.510,3,127,444
1784771851506,2026-07-23T01:57:31.506Z,-23.6042900,-46.8365156,831.705,14.669,14.510,3,127,444
1784771851556,2026-07-23T01:57:31.556Z,-23.6042963,-46.8365116,831.673,14.660,14.670,3,127,444
1784771851605,2026-07-23T01:57:31.605Z,-23.6043028,-46.8365080,831.670,14.686,14.660,3,127,444
1784771851654,2026-07-23T01:57:31.654Z,-23.6043093,-46.8365046,831.670,14.657,14.690,3,127,444
1784771851703,2026-07-23T01:57:31.703Z,-23.6043158,-46.8365012,831.637,14.639,14.660,3,127,444
1784771851752,2026-07-23T01:57:31.752Z,-23.6043226,-46.8364980,831.653,14.753,14.640,3,127,444
1784771851802,2026-07-23T01:57:31.802Z,-23.6043292,-46.8364947,831.621,14.728,14.760,3,127,444
1784771851851,2026-07-23T01:57:31.851Z,-23.6043363,-46.8364916,831.607,14.957,14.730,3,127,444
1784771851900,2026-07-23T01:57:31.900Z,-23.6043435,-46.8364884,831.584,15.272,14.960,3,127,444
1784771851949,2026-07-23T01:57:31.949Z,-23.6043508,-46.8364853,831.613,15.488,15.270,3,127,444
1784771851998,2026-07-23T01:57:31.998Z,-23.6043582,-46.8364824,831.584,15.680,15.490,3,127,444
1784771852048,2026-07-23T01:57:32.048Z,-23.6043659,-46.8364796,831.554,15.929,15.680,3,127,444
1784771852097,2026-07-23T01:57:32.097Z,-23.6043735,-46.8364771,831.588,16.058,15.930,3,127,444
1784771852146,2026-07-23T01:57:32.146Z,-23.6043814,-46.8364748,831.668,16.248,16.060,3,127,444
1784771852195,2026-07-23T01:57:32.195Z,-23.6043890,-46.8364723,831.712,16.252,16.250,3,127,444
1784771852245,2026-07-23T01:57:32.245Z,-23.6043970,-46.8364696,831.720,16.467,16.250,3,139,445
1784771852303,2026-07-23T01:57:32.303Z,-23.6044047,-46.8364669,831.776,16.477,16.470,3,139,445
1784771852361,2026-07-23T01:57:32.361Z,-23.6044122,-46.8364642,831.811,16.277,16.480,3,139,445
1784771852419,2026-07-23T01:57:32.419Z,-23.6044198,-46.8364614,831.793,16.240,16.280,3,139,445
1784771852477,2026-07-23T01:57:32.477Z,-23.6044274,-46.8364591,831.809,16.125,16.240,3,139,445
1784771852535,2026-07-23T01:57:32.535Z,-23.6044349,-46.8364569,831.822,16.026,16.130,3,139,445
1784771852593,2026-07-23T01:57:32.593Z,-23.6044426,-46.8364549,831.825,16.051,16.030,3,139,445
1784771852651,2026-07-23T01:57:32.651Z,-23.6044504,-46.8364528,831.832,16.078,16.050,3,139,445
1784771852709,2026-07-23T01:57:32.709Z,-23.6044578,-46.8364506,831.846,15.965,16.080,3,139,445
1784771852767,2026-07-23T01:57:32.767Z,-23.6044652,-46.8364487,831.931,15.817,15.970,3,139,445
1784771852825,2026-07-23T01:57:32.825Z,-23.6044728,-46.8364462,831.957,15.850,15.820,3,139,445
1784771852883,2026-07-23T01:57:32.883Z,-23.6044804,-46.8364433,831.949,15.974,15.850,3,139,445
1784771852941,2026-07-23T01:57:32.941Z,-23.6044881,-46.8364404,831.960,16.082,15.970,3,139,445
1784771852999,2026-07-23T01:57:32.999Z,-23.6044958,-46.8364374,831.992,16.201,16.080,3,139,445
1784771853057,2026-07-23T01:57:33.057Z,-23.6045036,-46.8364347,832.020,16.312,16.200,3,139,445
1784771853115,2026-07-23T01:57:33.115Z,-23.6045115,-46.8364317,832.053,16.506,16.310,3,139,445
1784771853173,2026-07-23T01:57:33.173Z,-23.6045194,-46.8364287,832.062,16.633,16.510,3,139,445
1784771853231,2026-07-23T01:57:33.231Z,-23.6045272,-46.8364260,832.066,16.627,16.630,3,139,445
1784771853290,2026-07-23T01:57:33.290Z,-23.6045351,-46.8364232,832.069,16.631,16.630,3,139,446
1784771853342,2026-07-23T01:57:33.342Z,-23.6045431,-46.8364206,832.073,16.705,16.630,3,139,446
1784771853394,2026-07-23T01:57:33.394Z,-23.6045512,-46.8364180,832.063,16.820,16.710,3,139,446
1784771853446,2026-07-23T01:57:33.446Z,-23.6045593,-46.8364152,832.069,16.950,16.820,3,139,446
1784771853498,2026-07-23T01:57:33.498Z,-23.6045674,-46.8364125,832.068,16.962,16.950,3,139,446
1784771853550,2026-07-23T01:57:33.550Z,-23.6045755,-46.8364098,832.059,17.035,16.960,3,139,446
1784771853602,2026-07-23T01:57:33.602Z,-23.6045836,-46.8364070,832.049,17.066,17.040,3,139,446
1784771853654,2026-07-23T01:57:33.654Z,-23.6045917,-46.8364042,832.033,17.088,17.070,3,139,446
1784771853706,2026-07-23T01:57:33.706Z,-23.6045999,-46.8364013,832.019,17.182,17.090,3,139,446
1784771853758,2026-07-23T01:57:33.758Z,-23.6046080,-46.8363985,832.030,17.125,17.180,3,139,446
1784771853811,2026-07-23T01:57:33.811Z,-23.6046159,-46.8363956,832.062,17.053,17.130,3,139,446
1784771853863,2026-07-23T01:57:33.863Z,-23.6046240,-46.8363926,832.071,17.076,17.050,3,139,446
1784771853915,2026-07-23T01:57:33.915Z,-23.6046321,-46.8363895,832.060,17.133,17.080,3,139,446
1784771853967,2026-07-23T01:57:33.967Z,-23.6046402,-46.8363865,832.042,17.197,17.130,3,139,446
1784771854019,2026-07-23T01:57:34.019Z,-23.6046485,-46.8363835,832.026,17.303,17.200,3,139,446
1784771854071,2026-07-23T01:57:34.071Z,-23.6046569,-46.8363807,832.010,17.406,17.300,3,139,446
1784771854123,2026-07-23T01:57:34.123Z,-23.6046654,-46.8363784,831.994,17.479,17.410,3,139,446
1784771854175,2026-07-23T01:57:34.175Z,-23.6046739,-46.8363760,831.960,17.578,17.480,3,139,446
1784771854227,2026-07-23T01:57:34.227Z,-23.6046822,-46.8363741,831.982,17.396,17.580,3,139,446
1784771854280,2026-07-23T01:57:34.280Z,-23.6046901,-46.8363719,831.966,17.160,17.400,3,139,447
1784771854338,2026-07-23T01:57:34.338Z,-23.6046983,-46.8363693,831.820,17.139,17.160,3,139,447
1784771854396,2026-07-23T01:57:34.396Z,-23.6047065,-46.8363661,831.696,17.256,17.140,3,139,447
1784771854454,2026-07-23T01:57:34.454Z,-23.6047152,-46.8363627,831.575,17.623,17.260,3,139,447
1784771854512,2026-07-23T01:57:34.512Z,-23.6047242,-46.8363596,831.545,17.999,17.620,3,139,447
1784771854571,2026-07-23T01:57:34.571Z,-23.6047330,-46.8363564,831.510,18.210,18.000,3,139,447
1784771854629,2026-07-23T01:57:34.629Z,-23.6047418,-46.8363530,831.452,18.385,18.210,3,139,447
1784771854687,2026-07-23T01:57:34.687Z,-23.6047507,-46.8363495,831.391,18.569,18.390,3,139,447
1784771854745,2026-07-23T01:57:34.745Z,-23.6047599,-46.8363456,831.328,18.948,18.570,3,139,447
1784771854804,2026-07-23T01:57:34.804Z,-23.6047691,-46.8363413,831.242,19.286,18.950,3,139,447
1784771854862,2026-07-23T01:57:34.862Z,-23.6047780,-46.8363369,831.178,19.385,19.290,3,139,447
1784771854920,2026-07-23T01:57:34.920Z,-23.6047867,-46.8363330,831.046,19.224,19.390,3,139,447
1784771854978,2026-07-23T01:57:34.978Z,-23.6047954,-46.8363292,830.953,19.092,19.230,3,139,447
1784771855037,2026-07-23T01:57:35.037Z,-23.6048041,-46.8363258,830.911,18.983,19.100,3,139,447
1784771855095,2026-07-23T01:57:35.095Z,-23.6048129,-46.8363228,830.889,18.874,18.990,3,139,447
1784771855153,2026-07-23T01:57:35.153Z,-23.6048218,-46.8363199,830.917,18.813,18.880,3,139,447
1784771855211,2026-07-23T01:57:35.211Z,-23.6048308,-46.8363166,830.901,18.914,18.820,3,139,447
1784771855270,2026-07-23T01:57:35.270Z,-23.6048397,-46.8363136,830.900,18.889,18.920,3,127,448
1784771855325,2026-07-23T01:57:35.325Z,-23.6048486,-46.8363103,830.860,18.887,18.890,3,127,448
1784771855380,2026-07-23T01:57:35.380Z,-23.6048577,-46.8363070,830.793,19.017,18.890,3,127,448
1784771855435,2026-07-23T01:57:35.435Z,-23.6048669,-46.8363037,830.748,19.179,19.020,3,127,448
1784771855490,2026-07-23T01:57:35.490Z,-23.6048762,-46.8363005,830.722,19.279,19.180,3,127,448
1784771855545,2026-07-23T01:57:35.545Z,-23.6048854,-46.8362972,830.678,19.353,19.280,3,127,448
1784771855600,2026-07-23T01:57:35.600Z,-23.6048946,-46.8362941,830.636,19.358,19.360,3,127,448
1784771855655,2026-07-23T01:57:35.655Z,-23.6049038,-46.8362909,830.584,19.383,19.360,3,127,448
1784771855710,2026-07-23T01:57:35.710Z,-23.6049130,-46.8362881,830.545,19.362,19.390,3,127,448
1784771855765,2026-07-23T01:57:35.765Z,-23.6049222,-46.8362848,830.523,19.426,19.370,3,127,448
1784771855820,2026-07-23T01:57:35.820Z,-23.6049313,-46.8362814,830.496,19.412,19.430,3,127,448
1784771855875,2026-07-23T01:57:35.875Z,-23.6049407,-46.8362781,830.456,19.514,19.420,3,127,448
1784771855930,2026-07-23T01:57:35.930Z,-23.6049501,-46.8362748,830.397,19.657,19.520,3,127,448
1784771855985,2026-07-23T01:57:35.985Z,-23.6049594,-46.8362714,830.320,19.688,19.660,3,127,448
1784771856040,2026-07-23T01:57:36.040Z,-23.6049688,-46.8362680,830.265,19.772,19.690,3,127,448
1784771856095,2026-07-23T01:57:36.095Z,-23.6049781,-46.8362645,830.205,19.825,19.780,3,127,448
1784771856150,2026-07-23T01:57:36.150Z,-23.6049875,-46.8362611,830.137,19.853,19.830,3,127,448
1784771856205,2026-07-23T01:57:36.205Z,-23.6049969,-46.8362577,830.081,19.862,19.860,3,127,448
1784771856260,2026-07-23T01:57:36.260Z,-23.6050064,-46.8362543,830.037,19.938,19.870,3,127,448
1784771856315,2026-07-23T01:57:36.315Z,-23.6050158,-46.8362505,829.991,20.040,19.950,3,137,449
1784771856370,2026-07-23T01:57:36.370Z,-23.6050251,-46.8362469,829.971,20.022,20.050,3,137,449
1784771856425,2026-07-23T01:57:36.425Z,-23.6050345,-46.8362433,829.968,20.008,20.030,3,137,449
1784771856480,2026-07-23T01:57:36.480Z,-23.6050437,-46.8362399,830.012,19.962,20.010,3,137,449
1784771856535,2026-07-23T01:57:36.535Z,-23.6050531,-46.8362365,830.016,19.955,19.970,3,137,449
1784771856590,2026-07-23T01:57:36.590Z,-23.6050626,-46.8362332,830.002,19.988,19.960,3,137,449
1784771856645,2026-07-23T01:57:36.645Z,-23.6050721,-46.8362300,830.000,20.004,19.990,3,137,449
1784771856700,2026-07-23T01:57:36.700Z,-23.6050817,-46.8362269,830.023,20.053,20.010,3,137,449
1784771856755,2026-07-23T01:57:36.755Z,-23.6050914,-46.8362237,830.025,20.116,20.060,3,137,449
1784771856810,2026-07-23T01:57:36.810Z,-23.6051011,-46.8362204,830.009,20.236,20.120,3,137,449
1784771856865,2026-07-23T01:57:36.865Z,-23.6051108,-46.8362168,829.970,20.337,20.240,3,137,449
1784771856920,2026-07-23T01:57:36.920Z,-23.6051203,-46.8362133,829.931,20.358,20.340,3,137,449
1784771856975,2026-07-23T01:57:36.975Z,-23.6051300,-46.8362096,829.893,20.412,20.360,3,137,449
1784771857030,2026-07-23T01:57:37.030Z,-23.6051396,-46.8362060,829.838,20.478,20.420,3,137,449
1784771857085,2026-07-23T01:57:37.085Z,-23.6051495,-46.8362025,829.793,20.572,20.480,3,137,449
1784771857140,2026-07-23T01:57:37.140Z,-23.6051594,-46.8361990,829.748,20.698,20.580,3,137,449
1784771857195,2026-07-23T01:57:37.195Z,-23.6051694,-46.8361958,829.749,20.759,20.700,3,137,449
1784771857250,2026-07-23T01:57:37.250Z,-23.6051794,-46.8361925,829.714,20.837,20.760,3,137,449
1784771857305,2026-07-23T01:57:37.305Z,-23.6051893,-46.8361889,829.719,20.934,20.840,3,164,450
1784771857363,2026-07-23T01:57:37.363Z,-23.6051993,-46.8361855,829.741,20.956,20.940,3,164,450
1784771857421,2026-07-23T01:57:37.421Z,-23.6052090,-46.8361821,829.751,20.880,20.960,3,164,450
1784771857479,2026-07-23T01:57:37.479Z,-23.6052285,-46.8361747,829.639,20.894,20.880,3,164,450
1784771857537,2026-07-23T01:57:37.537Z,-23.6052383,-46.8361715,829.654,20.799,20.900,3,164,450
1784771857596,2026-07-23T01:57:37.596Z,-23.6052483,-46.8361679,829.581,20.916,20.800,3,164,450
1784771857654,2026-07-23T01:57:37.654Z,-23.6052581,-46.8361646,829.584,20.936,20.920,3,164,450
1784771857712,2026-07-23T01:57:37.712Z,-23.6052681,-46.8361613,829.584,21.033,20.940,3,164,450
1784771857770,2026-07-23T01:57:37.770Z,-23.6052780,-46.8361580,829.594,21.042,21.040,3,164,450
1784771857829,2026-07-23T01:57:37.829Z,-23.6052880,-46.8361544,829.529,21.154,21.050,3,164,450
1784771857887,2026-07-23T01:57:37.887Z,-23.6052978,-46.8361505,829.445,21.206,21.160,3,164,450
1784771857945,2026-07-23T01:57:37.945Z,-23.6053077,-46.8361472,829.454,21.214,21.210,3,164,450
1784771858003,2026-07-23T01:57:38.003Z,-23.6053176,-46.8361438,829.487,21.158,21.220,3,164,450
1784771858062,2026-07-23T01:57:38.062Z,-23.6053277,-46.8361400,829.385,21.330,21.160,3,164,450
1784771858120,2026-07-23T01:57:38.120Z,-23.6053377,-46.8361367,829.451,21.255,21.340,3,164,450
1784771858178,2026-07-23T01:57:38.178Z,-23.6053478,-46.8361331,829.431,21.375,21.260,3,164,450
1784771858236,2026-07-23T01:57:38.236Z,-23.6053579,-46.8361296,829.437,21.393,21.380,3,164,450
1784771858295,2026-07-23T01:57:38.295Z,-23.6053680,-46.8361258,829.383,21.398,21.400,3,164,451
1784771858356,2026-07-23T01:57:38.356Z,-23.6053781,-46.8361223,829.339,21.422,21.400,3,164,451
1784771858417,2026-07-23T01:57:38.417Z,-23.6053881,-46.8361187,829.385,21.380,21.430,3,164,451
1784771858479,2026-07-23T01:57:38.479Z,-23.6053982,-46.8361151,829.394,21.374,21.380,3,164,451
1784771858540,2026-07-23T01:57:38.540Z,-23.6054183,-46.8361079,829.371,21.328,21.380,3,164,451
1784771858602,2026-07-23T01:57:38.602Z,-23.6054283,-46.8361045,829.364,21.324,21.330,3,164,451
1784771858663,2026-07-23T01:57:38.663Z,-23.6054381,-46.8361012,829.391,21.160,21.330,3,164,451
1784771858725,2026-07-23T01:57:38.725Z,-23.6054480,-46.8360976,829.371,21.152,21.160,3,164,451
1784771858786,2026-07-23T01:57:38.786Z,-23.6054578,-46.8360942,829.343,21.074,21.160,3,164,451
1784771858848,2026-07-23T01:57:38.848Z,-23.6054675,-46.8360910,829.399,20.855,21.080,3,164,451
1784771858909,2026-07-23T01:57:38.909Z,-23.6054768,-46.8360873,829.383,20.676,20.860,3,164,451
1784771858971,2026-07-23T01:57:38.971Z,-23.6054865,-46.8360837,829.342,20.691,20.680,3,164,451
1784771859032,2026-07-23T01:57:39.032Z,-23.6054960,-46.8360801,829.299,20.602,20.690,3,164,451
1784771859094,2026-07-23T01:57:39.094Z,-23.6055056,-46.8360768,829.244,20.503,20.610,3,164,451
1784771859155,2026-07-23T01:57:39.155Z,-23.6055153,-46.8360735,829.239,20.477,20.510,3,164,451
1784771859217,2026-07-23T01:57:39.217Z,-23.6055252,-46.8360704,829.276,20.555,20.480,3,164,451
1784771859278,2026-07-23T01:57:39.278Z,-23.6055349,-46.8360672,829.327,20.545,20.560,3,164,451
1784771859340,2026-07-23T01:57:39.340Z,-23.6055444,-46.8360642,829.313,20.395,20.550,3,139,452
1784771859392,2026-07-23T01:57:39.392Z,-23.6055538,-46.8360615,829.253,20.202,20.400,3,139,452
1784771859444,2026-07-23T01:57:39.444Z,-23.6055635,-46.8360592,829.244,20.184,20.210,3,139,452
1784771859496,2026-07-23T01:57:39.496Z,-23.6055729,-46.8360575,829.315,19.903,20.190,3,139,452
1784771859548,2026-07-23T01:57:39.548Z,-23.6055819,-46.8360555,829.208,19.632,19.910,3,139,452
1784771859600,2026-07-23T01:57:39.600Z,-23.6055909,-46.8360538,829.106,19.389,19.640,3,139,452
1784771859652,2026-07-23T01:57:39.652Z,-23.6055997,-46.8360523,829.071,19.000,19.390,3,139,452
1784771859704,2026-07-23T01:57:39.704Z,-23.6056085,-46.8360509,829.049,18.755,19.000,3,139,452
1784771859756,2026-07-23T01:57:39.756Z,-23.6056170,-46.8360496,828.998,18.353,18.760,3,139,452
1784771859808,2026-07-23T01:57:39.808Z,-23.6056256,-46.8360484,828.946,18.091,18.360,3,139,452
1784771859861,2026-07-23T01:57:39.861Z,-23.6056347,-46.8360483,828.979,18.067,18.100,3,139,452
1784771859913,2026-07-23T01:57:39.913Z,-23.6056432,-46.8360480,828.942,17.754,18.070,3,139,452
1784771859965,2026-07-23T01:57:39.965Z,-23.6056517,-46.8360480,828.974,17.456,17.760,3,139,452
1784771860017,2026-07-23T01:57:40.017Z,-23.6056599,-46.8360482,828.918,17.183,17.460,3,139,452
1784771860069,2026-07-23T01:57:40.069Z,-23.6056680,-46.8360492,828.892,16.850,17.190,3,139,452
1784771860121,2026-07-23T01:57:40.121Z,-23.6056759,-46.8360503,828.868,16.562,16.860,3,139,452
1784771860173,2026-07-23T01:57:40.173Z,-23.6056837,-46.8360510,828.828,16.301,16.570,3,139,452
1784771860225,2026-07-23T01:57:40.225Z,-23.6056912,-46.8360525,828.848,15.878,16.310,3,139,452
1784771860277,2026-07-23T01:57:40.277Z,-23.6056989,-46.8360545,828.889,15.738,15.880,3,139,452
1784771860330,2026-07-23T01:57:40.330Z,-23.6057062,-46.8360559,828.834,15.549,15.740,3,128,453
1784771860382,2026-07-23T01:57:40.382Z,-23.6057132,-46.8360575,828.780,15.230,15.550,3,128,453
1784771860434,2026-07-23T01:57:40.434Z,-23.6057201,-46.8360597,828.790,14.898,15.240,3,128,453
1784771860486,2026-07-23T01:57:40.486Z,-23.6057269,-46.8360621,828.750,14.682,14.900,3,128,453
1784771860538,2026-07-23T01:57:40.538Z,-23.6057334,-46.8360652,828.720,14.456,14.690,3,128,453
1784771860590,2026-07-23T01:57:40.590Z,-23.6057397,-46.8360687,828.723,14.265,14.460,3,128,453
1784771860642,2026-07-23T01:57:40.642Z,-23.6057458,-46.8360722,828.565,14.240,14.270,3,128,453
1784771860694,2026-07-23T01:57:40.694Z,-23.6057517,-46.8360764,828.491,14.228,14.250,3,128,453
1784771860746,2026-07-23T01:57:40.746Z,-23.6057577,-46.8360805,828.452,14.202,14.240,3,128,453
1784771860798,2026-07-23T01:57:40.798Z,-23.6057634,-46.8360846,828.378,14.119,14.210,3,128,453
1784771860851,2026-07-23T01:57:40.851Z,-23.6057689,-46.8360890,828.395,13.917,14.130,3,128,453
1784771860903,2026-07-23T01:57:40.903Z,-23.6057739,-46.8360931,828.326,13.523,13.930,3,128,453
1784771860955,2026-07-23T01:57:40.955Z,-23.6057789,-46.8360975,828.272,13.373,13.530,3,128,453
1784771861007,2026-07-23T01:57:41.007Z,-23.6057840,-46.8361025,828.307,13.374,13.380,3,128,453
1784771861059,2026-07-23T01:57:41.059Z,-23.6057888,-46.8361076,828.325,13.340,13.380,3,128,453
1784771861111,2026-07-23T01:57:41.111Z,-23.6057932,-46.8361129,828.328,13.232,13.350,3,128,453
1784771861163,2026-07-23T01:57:41.163Z,-23.6057975,-46.8361182,828.227,13.284,13.240,3,128,453
1784771861215,2026-07-23T01:57:41.215Z,-23.6058011,-46.8361241,828.170,13.186,13.290,3,128,453
1784771861267,2026-07-23T01:57:41.267Z,-23.6058045,-46.8361299,828.197,12.943,13.200,3,128,453
1784771861320,2026-07-23T01:57:41.320Z,-23.6058071,-46.8361352,828.093,12.504,12.950,3,128,454
1784771861378,2026-07-23T01:57:41.378Z,-23.6058095,-46.8361407,828.027,12.153,12.520,3,128,454
1784771861436,2026-07-23T01:57:41.436Z,-23.6058117,-46.8361466,827.929,12.077,12.170,3,128,454
1784771861494,2026-07-23T01:57:41.494Z,-23.6058137,-46.8361529,827.971,12.004,12.090,3,128,454
1784771861552,2026-07-23T01:57:41.552Z,-23.6058154,-46.8361589,827.958,11.776,12.020,3,128,454
1784771861611,2026-07-23T01:57:41.611Z,-23.6058168,-46.8361650,827.897,11.722,11.790,3,128,454
1784771861669,2026-07-23T01:57:41.669Z,-23.6058181,-46.8361714,827.838,11.902,11.740,3,128,454
1784771861727,2026-07-23T01:57:41.727Z,-23.6058193,-46.8361780,827.753,12.138,11.920,3,128,454
1784771861785,2026-07-23T01:57:41.785Z,-23.6058203,-46.8361844,827.657,12.180,12.150,3,128,454
1784771861844,2026-07-23T01:57:41.844Z,-23.6058213,-46.8361906,827.559,12.129,12.200,3,128,454
1784771861902,2026-07-23T01:57:41.902Z,-23.6058220,-46.8361967,827.435,12.017,12.150,3,128,454
1784771861960,2026-07-23T01:57:41.960Z,-23.6058218,-46.8362024,827.216,11.796,12.040,3,128,454
1784771862018,2026-07-23T01:57:42.018Z,-23.6058211,-46.8362077,826.981,11.444,11.820,3,128,454
1784771862077,2026-07-23T01:57:42.077Z,-23.6058204,-46.8362128,826.826,11.038,11.470,3,128,454
1784771862135,2026-07-23T01:57:42.135Z,-23.6058198,-46.8362166,826.653,10.218,11.070,3,128,454
1784771862193,2026-07-23T01:57:42.193Z,-23.6058189,-46.8362197,826.432,9.357,10.260,3,128,454
1784771862251,2026-07-23T01:57:42.251Z,-23.6058187,-46.8362236,826.386,8.917,9.410,3,128,454
1784771862310,2026-07-23T01:57:42.310Z,-23.6058182,-46.8362278,826.329,8.687,8.970,3,137,455
1784771862365,2026-07-23T01:57:42.365Z,-23.6058175,-46.8362320,826.287,8.505,8.740,3,137,455
1784771862420,2026-07-23T01:57:42.420Z,-23.6058164,-46.8362357,826.341,8.153,8.560,3,137,455
1784771862475,2026-07-23T01:57:42.475Z,-23.6058159,-46.8362394,826.414,7.737,8.200,3,137,455
1784771862530,2026-07-23T01:57:42.530Z,-23.6058153,-46.8362431,826.492,7.466,7.780,3,137,455
1784771862585,2026-07-23T01:57:42.585Z,-23.6058146,-46.8362462,826.430,7.032,7.510,3,137,455
1784771862640,2026-07-23T01:57:42.640Z,-23.6058139,-46.8362492,826.376,6.594,7.080,3,137,455
1784771862695,2026-07-23T01:57:42.695Z,-23.6058135,-46.8362518,826.402,6.066,6.640,3,137,455
1784771862750,2026-07-23T01:57:42.750Z,-23.6058132,-46.8362545,826.454,5.638,6.110,3,137,455
1784771862805,2026-07-23T01:57:42.805Z,-23.6058130,-46.8362566,826.461,5.083,5.690,3,137,455
1784771862860,2026-07-23T01:57:42.860Z,-23.6058129,-46.8362582,826.430,4.422,5.130,3,137,455
1784771862915,2026-07-23T01:57:42.915Z,-23.6058131,-46.8362597,826.367,3.851,4.480,3,137,455
1784771862970,2026-07-23T01:57:42.970Z,-23.6058132,-46.8362614,826.378,3.575,3.920,3,137,455
1784771863025,2026-07-23T01:57:43.025Z,-23.6058137,-46.8362626,826.345,3.156,3.640,3,137,455
1784771863080,2026-07-23T01:57:43.080Z,-23.6058148,-46.8362636,826.289,2.868,3.230,3,137,455
1784771863135,2026-07-23T01:57:43.135Z,-23.6058162,-46.8362645,826.303,2.912,2.950,3,137,455
1784771863190,2026-07-23T01:57:43.190Z,-23.6058172,-46.8362657,826.339,2.883,2.990,3,137,455
1784771863245,2026-07-23T01:57:43.245Z,-23.6058181,-46.8362672,826.376,2.979,2.950,3,137,455
1784771863300,2026-07-23T01:57:43.300Z,-23.6058189,-46.8362687,826.423,3.008,3.040,3,128,456
1784771863352,2026-07-23T01:57:43.352Z,-23.6058191,-46.8362702,826.448,2.803,3.060,3,128,456
1784771863404,2026-07-23T01:57:43.404Z,-23.6058191,-46.8362716,826.497,2.668,2.850,3,128,456
1784771863456,2026-07-23T01:57:43.456Z,-23.6058189,-46.8362729,826.572,2.573,2.710,3,128,456
1784771863508,2026-07-23T01:57:43.508Z,-23.6058190,-46.8362741,826.597,2.474,2.610,3,128,456
1784771863560,2026-07-23T01:57:43.560Z,-23.6058190,-46.8362752,826.571,2.308,2.510,3,128,456
1784771863612,2026-07-23T01:57:43.612Z,-23.6058191,-46.8362759,826.498,2.002,2.350,3,128,456
1784771863664,2026-07-23T01:57:43.664Z,-23.6058191,-46.8362769,826.501,1.962,2.050,3,128,456
1784771863716,2026-07-23T01:57:43.716Z,-23.6058189,-46.8362781,826.523,2.038,2.010,3,128,456
1784771863768,2026-07-23T01:57:43.768Z,-23.6058190,-46.8362791,826.543,1.963,2.080,3,128,456
1784771863821,2026-07-23T01:57:43.821Z,-23.6058187,-46.8362801,826.528,1.908,2.000,3,128,456
1784771863873,2026-07-23T01:57:43.873Z,-23.6058185,-46.8362811,826.552,1.844,1.950,3,128,456
1784771863925,2026-07-23T01:57:43.925Z,-23.6058183,-46.8362820,826.581,1.797,1.880,3,128,456
1784771863977,2026-07-23T01:57:43.977Z,-23.6058180,-46.8362829,826.577,1.776,1.830,3,128,456
1784771864029,2026-07-23T01:57:44.029Z,-23.6058177,-46.8362838,826.545,1.724,1.810,3,128,456
1784771864081,2026-07-23T01:57:44.081Z,-23.6058173,-46.8362847,826.546,1.710,1.760,3,128,456
1784771864133,2026-07-23T01:57:44.133Z,-23.6058169,-46.8362855,826.557,1.719,1.750,3,128,456
1784771864185,2026-07-23T01:57:44.185Z,-23.6058164,-46.8362864,826.527,1.734,1.750,3,128,456
1784771864237,2026-07-23T01:57:44.237Z,-23.6058157,-46.8362872,826.510,1.817,1.770,3,128,456
1784771864290,2026-07-23T01:57:44.290Z,-23.6058151,-46.8362882,826.516,1.963,1.850,3,133,457
1784771864345,2026-07-23T01:57:44.345Z,-23.6058144,-46.8362893,826.494,2.094,1.990,3,133,457
1784771864400,2026-07-23T01:57:44.400Z,-23.6058139,-46.8362901,826.488,2.002,2.120,3,133,457
1784771864455,2026-07-23T01:57:44.455Z,-23.6058138,-46.8362907,826.471,1.692,2.030,3,133,457
1784771864510,2026-07-23T01:57:44.510Z,-23.6058137,-46.8362912,826.471,1.415,1.720,3,133,457
1784771864565,2026-07-23T01:57:44.565Z,-23.6058136,-46.8362917,826.446,1.256,1.450,3,133,457
1784771864620,2026-07-23T01:57:44.620Z,-23.6058134,-46.8362923,826.453,1.212,1.290,3,133,457
1784771864675,2026-07-23T01:57:44.675Z,-23.6058131,-46.8362929,826.432,1.275,1.250,3,133,457
1784771864730,2026-07-23T01:57:44.730Z,-23.6058128,-46.8362936,826.442,1.295,1.310,3,133,457
1784771864785,2026-07-23T01:57:44.785Z,-23.6058124,-46.8362942,826.428,1.348,1.320,3,133,457
1784771864840,2026-07-23T01:57:44.840Z,-23.6058121,-46.8362949,826.427,1.347,1.370,3,133,457
1784771864895,2026-07-23T01:57:44.895Z,-23.6058118,-46.8362955,826.443,1.337,1.370,3,133,457
1784771864950,2026-07-23T01:57:44.950Z,-23.6058114,-46.8362962,826.452,1.350,1.360,3,133,457
1784771865005,2026-07-23T01:57:45.005Z,-23.6058111,-46.8362967,826.440,1.303,1.370,3,133,457
1784771865060,2026-07-23T01:57:45.060Z,-23.6058107,-46.8362972,826.419,1.266,1.320,3,133,457
1784771865115,2026-07-23T01:57:45.115Z,-23.6058103,-46.8362977,826.429,1.219,1.290,3,133,457
1784771865170,2026-07-23T01:57:45.170Z,-23.6058100,-46.8362983,826.425,1.237,1.240,3,133,457
1784771865225,2026-07-23T01:57:45.225Z,-23.6058099,-46.8362990,826.419,1.229,1.260,3,133,457
1784771865280,2026-07-23T01:57:45.280Z,-23.6058098,-46.8362996,826.432,1.172,1.250,3,132,458
1784771865335,2026-07-23T01:57:45.335Z,-23.6058094,-46.8363001,826.435,1.160,1.190,3,132,458
1784771865390,2026-07-23T01:57:45.390Z,-23.6058089,-46.8363005,826.425,1.153,1.180,3,132,458
1784771865445,2026-07-23T01:57:45.445Z,-23.6058084,-46.8363008,826.408,1.145,1.170,3,132,458
1784771865500,2026-07-23T01:57:45.500Z,-23.6058079,-46.8363009,826.384,1.056,1.160,3,132,458
1784771865555,2026-07-23T01:57:45.555Z,-23.6058075,-46.8363012,826.401,0.992,1.070,3,132,458
1784771865610,2026-07-23T01:57:45.610Z,-23.6058073,-46.8363015,826.417,0.897,1.010,3,132,458
1784771865665,2026-07-23T01:57:45.665Z,-23.6058071,-46.8363016,826.407,0.758,0.910,3,132,458
1784771865720,2026-07-23T01:57:45.720Z,-23.6058069,-46.8363019,826.432,0.701,0.780,3,132,458
1784771865775,2026-07-23T01:57:45.775Z,-23.6058068,-46.8363020,826.415,0.565,0.720,3,132,458
1784771865830,2026-07-23T01:57:45.830Z,-23.6058066,-46.8363022,826.415,0.560,0.590,3,132,458
1784771865885,2026-07-23T01:57:45.885Z,-23.6058062,-46.8363025,826.428,0.613,0.580,3,132,458
1784771865940,2026-07-23T01:57:45.940Z,-23.6058060,-46.8363026,826.441,0.596,0.630,3,132,458
1784771865995,2026-07-23T01:57:45.995Z,-23.6058060,-46.8363027,826.443,0.428,0.610,3,132,458
1784771866050,2026-07-23T01:57:46.050Z,-23.6058058,-46.8363030,826.482,0.441,0.450,3,132,458
1784771866105,2026-07-23T01:57:46.105Z,-23.6058055,-46.8363031,826.514,0.517,0.450,3,132,458
1784771866160,2026-07-23T01:57:46.160Z,-23.6058052,-46.8363031,826.513,0.499,0.520,3,132,458
1784771866215,2026-07-23T01:57:46.215Z,-23.6058050,-46.8363032,826.514,0.453,0.510,3,132,458
1784771866270,2026-07-23T01:57:46.270Z,-23.6058045,-46.8363034,826.521,0.634,0.460,3,132,459
1784771866325,2026-07-23T01:57:46.325Z,-23.6058037,-46.8363037,826.562,0.955,0.640,3,132,459
1784771866380,2026-07-23T01:57:46.380Z,-23.6058028,-46.8363037,826.598,1.224,0.960,3,132,459
1784771866435,2026-07-23T01:57:46.435Z,-23.6058019,-46.8363039,826.565,1.456,1.220,3,132,459
1784771866490,2026-07-23T01:57:46.490Z,-23.6058013,-46.8363043,826.483,1.366,1.460,3,132,459
1784771866545,2026-07-23T01:57:46.545Z,-23.6058010,-46.8363047,826.373,1.127,1.370,3,132,459
1784771866600,2026-07-23T01:57:46.600Z,-23.6058008,-46.8363048,826.307,0.917,1.140,3,132,459
1784771866655,2026-07-23T01:57:46.655Z,-23.6058006,-46.8363048,826.253,0.694,0.940,3,132,459
1784771866710,2026-07-23T01:57:46.710Z,-23.6058007,-46.8363050,826.243,0.465,0.730,3,132,459
1784771866765,2026-07-23T01:57:46.765Z,-23.6058007,-46.8363051,826.229,0.318,0.520,3,132,459
1784771866820,2026-07-23T01:57:46.820Z,-23.6058005,-46.8363052,826.248,0.320,0.390,3,132,459
1784771866875,2026-07-23T01:57:46.875Z,-23.6058004,-46.8363051,826.243,0.231,0.380,3,132,459
1784771866930,2026-07-23T01:57:46.930Z,-23.6058003,-46.8363053,826.223,0.250,0.300,3,132,459
1784771866985,2026-07-23T01:57:46.985Z,-23.6058002,-46.8363053,826.197,0.236,0.320,3,132,459
1784771867040,2026-07-23T01:57:47.040Z,-23.6058002,-46.8363054,826.206,0.181,0.310,3,132,459
1784771867095,2026-07-23T01:57:47.095Z,-23.6058002,-46.8363056,826.192,0.200,0.260,3,132,459
1784771867150,2026-07-23T01:57:47.150Z,-23.6058002,-46.8363056,826.194,0.155,0.270,3,132,459
1784771867205,2026-07-23T01:57:47.205Z,-23.6058003,-46.8363056,826.191,0.114,0.230,3,132,459
1784771867260,2026-07-23T01:57:47.260Z,-23.6058003,-46.8363057,826.192,0.141,0.200,3,132,460
1784771867318,2026-07-23T01:57:47.318Z,-23.6058004,-46.8363057,826.182,0.158,0.210,3,132,460
1784771867376,2026-07-23T01:57:47.376Z,-23.6058005,-46.8363057,826.191,0.176,0.220,3,132,460
1784771867434,2026-07-23T01:57:47.434Z,-23.6058008,-46.8363056,826.188,0.356,0.230,3,132,460
1784771867492,2026-07-23T01:57:47.492Z,-23.6058010,-46.8363056,826.218,0.374,0.380,3,132,460
1784771867550,2026-07-23T01:57:47.550Z,-23.6058012,-46.8363055,826.242,0.426,0.390,3,132,460
1784771867608,2026-07-23T01:57:47.608Z,-23.6058016,-46.8363053,826.231,0.619,0.440,3,132,460
1784771867666,2026-07-23T01:57:47.666Z,-23.6058019,-46.8363051,826.241,0.667,0.630,3,132,460
1784771867724,2026-07-23T01:57:47.724Z,-23.6058022,-46.8363052,826.303,0.631,0.680,3,132,460
1784771867782,2026-07-23T01:57:47.782Z,-23.6058025,-46.8363052,826.329,0.633,0.640,3,132,460
1784771867840,2026-07-23T01:57:47.840Z,-23.6058025,-46.8363050,826.321,0.429,0.640,3,132,460
1784771867898,2026-07-23T01:57:47.898Z,-23.6058025,-46.8363050,826.329,0.310,0.440,3,132,460
1784771867956,2026-07-23T01:57:47.956Z,-23.6058025,-46.8363047,826.335,0.286,0.320,3,132,460
1784771868014,2026-07-23T01:57:48.014Z,-23.6058026,-46.8363046,826.308,0.293,0.290,3,132,460
1784771868072,2026-07-23T01:57:48.072Z,-23.6058028,-46.8363046,826.315,0.245,0.300,3,132,460
1784771868130,2026-07-23T01:57:48.130Z,-23.6058031,-46.8363048,826.325,0.348,0.260,3,132,460
1784771868188,2026-07-23T01:57:48.188Z,-23.6058036,-46.8363049,826.326,0.607,0.360,3,132,460
1784771868246,2026-07-23T01:57:48.246Z,-23.6058040,-46.8363049,826.316,0.676,0.610,3,132,460
1784771868305,2026-07-23T01:57:48.305Z,-23.6058044,-46.8363049,826.314,0.747,0.680,3,132,461
1784771868357,2026-07-23T01:57:48.357Z,-23.6058051,-46.8363048,826.308,0.952,0.750,3,132,461
1784771868409,2026-07-23T01:57:48.409Z,-23.6058060,-46.8363046,826.337,1.292,0.950,3,132,461
1784771868461,2026-07-23T01:57:48.461Z,-23.6058068,-46.8363045,826.420,1.487,1.290,3,132,461
1784771868513,2026-07-23T01:57:48.513Z,-23.6058072,-46.8363048,826.495,1.134,1.490,3,132,461
1784771868565,2026-07-23T01:57:48.565Z,-23.6058071,-46.8363048,826.496,0.635,1.140,3,132,461
1784771868617,2026-07-23T01:57:48.617Z,-23.6058071,-46.8363045,826.410,0.452,0.640,3,132,461
1784771868669,2026-07-23T01:57:48.669Z,-23.6058073,-46.8363043,826.367,0.425,0.450,3,132,461
1784771868721,2026-07-23T01:57:48.721Z,-23.6058075,-46.8363040,826.412,0.568,0.430,3,132,461
1784771868773,2026-07-23T01:57:48.773Z,-23.6058079,-46.8363039,826.434,0.648,0.570,3,132,461
1784771868826,2026-07-23T01:57:48.826Z,-23.6058085,-46.8363040,826.410,0.756,0.650,3,132,461
1784771868878,2026-07-23T01:57:48.878Z,-23.6058091,-46.8363043,826.376,0.919,0.760,3,132,461
1784771868930,2026-07-23T01:57:48.930Z,-23.6058096,-46.8363042,826.384,0.909,0.920,3,132,461
1784771868982,2026-07-23T01:57:48.982Z,-23.6058103,-46.8363043,826.389,1.076,0.910,3,132,461
1784771869034,2026-07-23T01:57:49.034Z,-23.6058111,-46.8363044,826.399,1.233,1.080,3,132,461
1784771869086,2026-07-23T01:57:49.086Z,-23.6058121,-46.8363048,826.382,1.545,1.230,3,132,461
1784771869138,2026-07-23T01:57:49.138Z,-23.6058132,-46.8363055,826.315,1.903,1.550,3,132,461
1784771869190,2026-07-23T01:57:49.190Z,-23.6058141,-46.8363062,826.314,1.996,1.910,3,132,461
1784771869242,2026-07-23T01:57:49.242Z,-23.6058148,-46.8363066,826.347,1.865,2.000,3,132,461
1784771869295,2026-07-23T01:57:49.295Z,-23.6058154,-46.8363068,826.377,1.617,1.870,3,132,462
1784771869350,2026-07-23T01:57:49.350Z,-23.6058159,-46.8363068,826.413,1.415,1.620,3,132,462
1784771869405,2026-07-23T01:57:49.405Z,-23.6058168,-46.8363068,826.413,1.479,1.420,3,132,462
1784771869460,2026-07-23T01:57:49.460Z,-23.6058176,-46.8363069,826.416,1.514,1.480,3,132,462
1784771869515,2026-07-23T01:57:49.515Z,-23.6058184,-46.8363071,826.398,1.549,1.510,3,132,462
1784771869570,2026-07-23T01:57:49.570Z,-23.6058191,-46.8363074,826.377,1.607,1.550,3,132,462
1784771869625,2026-07-23T01:57:49.625Z,-23.6058199,-46.8363075,826.396,1.556,1.610,3,132,462
1784771869680,2026-07-23T01:57:49.680Z,-23.6058207,-46.8363074,826.436,1.544,1.560,3,132,462
1784771869735,2026-07-23T01:57:49.735Z,-23.6058215,-46.8363074,826.429,1.606,1.540,3,132,462
1784771869790,2026-07-23T01:57:49.790Z,-23.6058224,-46.8363073,826.424,1.659,1.610,3,132,462
1784771869845,2026-07-23T01:57:49.845Z,-23.6058231,-46.8363074,826.431,1.619,1.660,3,132,462
1784771869900,2026-07-23T01:57:49.900Z,-23.6058235,-46.8363072,826.409,1.347,1.620,3,132,462
1784771869955,2026-07-23T01:57:49.955Z,-23.6058239,-46.8363070,826.408,1.175,1.350,3,132,462
1784771870010,2026-07-23T01:57:50.010Z,-23.6058244,-46.8363068,826.452,1.176,1.180,3,132,462
1784771870065,2026-07-23T01:57:50.065Z,-23.6058250,-46.8363069,826.465,1.147,1.180,3,132,462
1784771870120,2026-07-23T01:57:50.120Z,-23.6058256,-46.8363068,826.480,1.214,1.150,3,132,462
1784771870175,2026-07-23T01:57:50.175Z,-23.6058263,-46.8363068,826.497,1.313,1.210,3,132,462
1784771870230,2026-07-23T01:57:50.230Z,-23.6058271,-46.8363069,826.516,1.388,1.310,3,132,462
1784771870285,2026-07-23T01:57:50.285Z,-23.6058280,-46.8363069,826.527,1.566,1.390,3,132,463
1784771870343,2026-07-23T01:57:50.343Z,-23.6058291,-46.8363069,826.545,1.715,1.570,3,132,463
1784771870401,2026-07-23T01:57:50.401Z,-23.6058301,-46.8363069,826.565,1.891,1.720,3,132,463
1784771870459,2026-07-23T01:57:50.459Z,-23.6058311,-46.8363070,826.552,1.949,1.890,3,132,463
1784771870517,2026-07-23T01:57:50.517Z,-23.6058322,-46.8363070,826.554,2.050,1.950,3,132,463
1784771870575,2026-07-23T01:57:50.575Z,-23.6058334,-46.8363072,826.560,2.210,2.050,3,132,463
1784771870633,2026-07-23T01:57:50.633Z,-23.6058345,-46.8363076,826.583,2.317,2.210,3,132,463
1784771870691,2026-07-23T01:57:50.691Z,-23.6058356,-46.8363080,826.603,2.364,2.320,3,132,463
1784771870749,2026-07-23T01:57:50.749Z,-23.6058367,-46.8363083,826.590,2.397,2.360,3,132,463
1784771870807,2026-07-23T01:57:50.807Z,-23.6058379,-46.8363089,826.583,2.474,2.400,3,132,463
1784771870865,2026-07-23T01:57:50.865Z,-23.6058391,-46.8363093,826.599,2.519,2.470,3,132,463
1784771870923,2026-07-23T01:57:50.923Z,-23.6058403,-46.8363097,826.585,2.628,2.520,3,132,463
1784771870981,2026-07-23T01:57:50.981Z,-23.6058417,-46.8363103,826.559,2.754,2.630,3,132,463
1784771871039,2026-07-23T01:57:51.039Z,-23.6058429,-46.8363110,826.562,2.794,2.750,3,132,463
1784771871097,2026-07-23T01:57:51.097Z,-23.6058440,-46.8363118,826.567,2.777,2.790,3,132,463
1784771871155,2026-07-23T01:57:51.155Z,-23.6058452,-46.8363127,826.571,2.819,2.780,3,132,463
1784771871213,2026-07-23T01:57:51.213Z,-23.6058464,-46.8363137,826.536,2.959,2.820,3,132,463
1784771871271,2026-07-23T01:57:51.271Z,-23.6058477,-46.8363150,826.533,3.101,2.960,3,132,463
1784771871330,2026-07-23T01:57:51.330Z,-23.6058490,-46.8363163,826.505,3.267,3.100,3,127,464
1784771871385,2026-07-23T01:57:51.385Z,-23.6058501,-46.8363175,826.494,3.267,3.270,3,127,464
1784771871440,2026-07-23T01:57:51.440Z,-23.6058515,-46.8363189,826.478,3.445,3.270,3,127,464
1784771871495,2026-07-23T01:57:51.495Z,-23.6058528,-46.8363204,826.479,3.545,3.450,3,127,464
1784771871550,2026-07-23T01:57:51.550Z,-23.6058539,-46.8363220,826.475,3.600,3.550,3,127,464
1784771871605,2026-07-23T01:57:51.605Z,-23.6058550,-46.8363236,826.451,3.628,3.600,3,127,464
1784771871660,2026-07-23T01:57:51.660Z,-23.6058561,-46.8363255,826.456,3.740,3.630,3,127,464
1784771871715,2026-07-23T01:57:51.715Z,-23.6058571,-46.8363274,826.435,3.839,3.740,3,127,464
1784771871770,2026-07-23T01:57:51.770Z,-23.6058580,-46.8363294,826.435,3.948,3.840,3,127,464
1784771871825,2026-07-23T01:57:51.825Z,-23.6058588,-46.8363316,826.420,4.083,3.950,3,127,464
1784771871880,2026-07-23T01:57:51.880Z,-23.6058594,-46.8363338,826.407,4.137,4.080,3,127,464
1784771871935,2026-07-23T01:57:51.935Z,-23.6058599,-46.8363359,826.328,4.160,4.140,3,127,464
1784771871990,2026-07-23T01:57:51.990Z,-23.6058603,-46.8363381,826.314,4.167,4.160,3,127,464
1784771872045,2026-07-23T01:57:52.045Z,-23.6058609,-46.8363405,826.306,4.275,4.170,3,127,464
1784771872100,2026-07-23T01:57:52.100Z,-23.6058613,-46.8363429,826.304,4.427,4.280,3,127,464
1784771872155,2026-07-23T01:57:52.155Z,-23.6058617,-46.8363452,826.295,4.419,4.430,3,127,464
1784771872210,2026-07-23T01:57:52.210Z,-23.6058622,-46.8363475,826.273,4.432,4.420,3,127,464
1784771872265,2026-07-23T01:57:52.265Z,-23.6058627,-46.8363497,826.239,4.350,4.440,3,127,464
1784771872320,2026-07-23T01:57:52.320Z,-23.6058631,-46.8363521,826.213,4.426,4.350,3,127,465
1784771872375,2026-07-23T01:57:52.375Z,-23.6058633,-46.8363545,826.238,4.439,4.430,3,127,465
1784771872430,2026-07-23T01:57:52.430Z,-23.6058635,-46.8363575,826.306,4.755,4.440,3,127,465
1784771872485,2026-07-23T01:57:52.485Z,-23.6058640,-46.8363608,826.303,5.270,4.760,3,127,465
1784771872540,2026-07-23T01:57:52.540Z,-23.6058645,-46.8363634,826.196,5.298,5.270,3,127,465
1784771872595,2026-07-23T01:57:52.595Z,-23.6058648,-46.8363660,826.121,5.211,5.300,3,127,465
1784771872650,2026-07-23T01:57:52.650Z,-23.6058649,-46.8363686,826.125,5.071,5.220,3,127,465
1784771872705,2026-07-23T01:57:52.705Z,-23.6058650,-46.8363713,826.154,5.004,5.080,3,127,465
1784771872760,2026-07-23T01:57:52.760Z,-23.6058651,-46.8363741,826.121,5.128,5.010,3,127,465
1784771872815,2026-07-23T01:57:52.815Z,-23.6058649,-46.8363770,826.064,5.292,5.140,3,127,465
1784771872870,2026-07-23T01:57:52.870Z,-23.6058644,-46.8363801,826.060,5.501,5.300,3,127,465
1784771872925,2026-07-23T01:57:52.925Z,-23.6058644,-46.8363835,826.061,5.735,5.510,3,127,465
1784771872980,2026-07-23T01:57:52.980Z,-23.6058647,-46.8363871,826.055,6.031,5.740,3,127,465
1784771873035,2026-07-23T01:57:53.035Z,-23.6058649,-46.8363902,826.010,6.011,6.040,3,127,465
1784771873090,2026-07-23T01:57:53.090Z,-23.6058651,-46.8363931,825.963,5.850,6.020,3,127,465
1784771873145,2026-07-23T01:57:53.145Z,-23.6058651,-46.8363959,825.958,5.653,5.860,3,127,465
1784771873200,2026-07-23T01:57:53.200Z,-23.6058649,-46.8363987,825.937,5.544,5.660,3,127,465
1784771873255,2026-07-23T01:57:53.255Z,-23.6058647,-46.8364019,825.886,5.711,5.550,3,127,465
1784771873310,2026-07-23T01:57:53.310Z,-23.6058647,-46.8364050,825.880,5.729,5.720,3,127,466
1784771873362,2026-07-23T01:57:53.362Z,-23.6058644,-46.8364079,825.872,5.647,5.740,3,127,466
1784771873414,2026-07-23T01:57:53.414Z,-23.6058640,-46.8364108,825.915,5.581,5.660,3,127,466
1784771873466,2026-07-23T01:57:53.466Z,-23.6058636,-46.8364137,825.952,5.488,5.590,3,127,466
1784771873518,2026-07-23T01:57:53.518Z,-23.6058635,-46.8364166,825.964,5.432,5.490,3,127,466
1784771873570,2026-07-23T01:57:53.570Z,-23.6058632,-46.8364193,825.957,5.319,5.440,3,127,466
1784771873622,2026-07-23T01:57:53.622Z,-23.6058625,-46.8364217,825.934,5.127,5.320,3,127,466
1784771873674,2026-07-23T01:57:53.674Z,-23.6058618,-46.8364240,825.891,4.894,5.130,3,127,466
1784771873726,2026-07-23T01:57:53.726Z,-23.6058612,-46.8364263,825.860,4.768,4.900,3,127,466
1784771873778,2026-07-23T01:57:53.778Z,-23.6058606,-46.8364286,825.838,4.651,4.780,3,127,466
1784771873831,2026-07-23T01:57:53.831Z,-23.6058603,-46.8364307,825.811,4.350,4.660,3,127,466
1784771873883,2026-07-23T01:57:53.883Z,-23.6058602,-46.8364326,825.784,4.011,4.360,3,127,466
1784771873935,2026-07-23T01:57:53.935Z,-23.6058601,-46.8364345,825.818,3.772,4.020,3,127,466
1784771873987,2026-07-23T01:57:53.987Z,-23.6058602,-46.8364363,825.827,3.545,3.780,3,127,466
1784771874039,2026-07-23T01:57:54.039Z,-23.6058603,-46.8364382,825.825,3.536,3.550,3,127,466
1784771874091,2026-07-23T01:57:54.091Z,-23.6058603,-46.8364401,825.806,3.619,3.540,3,127,466
1784771874143,2026-07-23T01:57:54.143Z,-23.6058606,-46.8364421,825.767,3.649,3.630,3,127,466
1784771874195,2026-07-23T01:57:54.195Z,-23.6058607,-46.8364441,825.747,3.736,3.660,3,127,466
1784771874247,2026-07-23T01:57:54.247Z,-23.6058609,-46.8364462,825.750,3.802,3.750,3,127,466
1784771874300,2026-07-23T01:57:54.300Z,-23.6058612,-46.8364484,825.718,3.957,3.810,3,127,467
1784771874355,2026-07-23T01:57:54.355Z,-23.6058618,-46.8364507,825.681,4.103,3.970,3,127,467
1784771874410,2026-07-23T01:57:54.410Z,-23.6058625,-46.8364530,825.638,4.336,4.110,3,127,467
1784771874465,2026-07-23T01:57:54.465Z,-23.6058635,-46.8364555,825.604,4.626,4.350,3,127,467
1784771874520,2026-07-23T01:57:54.520Z,-23.6058645,-46.8364582,825.597,4.931,4.640,3,127,467
1784771874575,2026-07-23T01:57:54.575Z,-23.6058656,-46.8364609,825.592,5.110,4.940,3,127,467
1784771874630,2026-07-23T01:57:54.630Z,-23.6058669,-46.8364631,825.560,5.025,5.120,3,127,467
1784771874685,2026-07-23T01:57:54.685Z,-23.6058681,-46.8364654,825.550,4.970,5.030,3,127,467
1784771874740,2026-07-23T01:57:54.740Z,-23.6058694,-46.8364677,825.509,5.013,4.980,3,127,467
1784771874795,2026-07-23T01:57:54.795Z,-23.6058706,-46.8364704,825.473,5.246,5.020,3,127,467
1784771874850,2026-07-23T01:57:54.850Z,-23.6058718,-46.8364732,825.450,5.412,5.250,3,127,467
1784771874905,2026-07-23T01:57:54.905Z,-23.6058731,-46.8364758,825.399,5.502,5.420,3,127,467
1784771874960,2026-07-23T01:57:54.960Z,-23.6058744,-46.8364784,825.351,5.524,5.510,3,127,467
1784771875015,2026-07-23T01:57:55.015Z,-23.6058758,-46.8364809,825.319,5.541,5.540,3,127,467
1784771875070,2026-07-23T01:57:55.070Z,-23.6058774,-46.8364836,825.308,5.691,5.550,3,127,467
1784771875125,2026-07-23T01:57:55.125Z,-23.6058790,-46.8364862,825.285,5.791,5.700,3,127,467
1784771875180,2026-07-23T01:57:55.180Z,-23.6058807,-46.8364888,825.248,5.857,5.800,3,127,467
1784771875235,2026-07-23T01:57:55.235Z,-23.6058824,-46.8364916,825.215,5.977,5.870,3,127,467
1784771875290,2026-07-23T01:57:55.290Z,-23.6058843,-46.8364944,825.199,6.168,5.990,3,127,468
1784771875345,2026-07-23T01:57:55.345Z,-23.6058861,-46.8364971,825.169,6.169,6.180,3,127,468
1784771875400,2026-07-23T01:57:55.400Z,-23.6058880,-46.8364998,825.122,6.273,6.180,3,127,468
1784771875455,2026-07-23T01:57:55.455Z,-23.6058902,-46.8365027,825.068,6.555,6.280,3,127,468
1784771875510,2026-07-23T01:57:55.510Z,-23.6058924,-46.8365057,825.025,6.816,6.570,3,127,468
1784771875565,2026-07-23T01:57:55.565Z,-23.6058946,-46.8365087,824.981,6.936,6.830,3,127,468
1784771875620,2026-07-23T01:57:55.620Z,-23.6058967,-46.8365118,824.933,7.080,6.950,3,127,468
1784771875675,2026-07-23T01:57:55.675Z,-23.6058989,-46.8365150,824.865,7.244,7.090,3,127,468
1784771875730,2026-07-23T01:57:55.730Z,-23.6059009,-46.8365183,824.827,7.304,7.260,3,127,468
1784771875785,2026-07-23T01:57:55.785Z,-23.6059026,-46.8365217,824.809,7.219,7.320,3,127,468
1784771875840,2026-07-23T01:57:55.840Z,-23.6059041,-46.8365251,824.783,7.129,7.230,3,127,468
1784771875895,2026-07-23T01:57:55.895Z,-23.6059061,-46.8365281,824.764,7.076,7.140,3,127,468
1784771875950,2026-07-23T01:57:55.950Z,-23.6059085,-46.8365312,824.734,7.225,7.090,3,127,468
1784771876005,2026-07-23T01:57:56.005Z,-23.6059109,-46.8365347,824.693,7.516,7.240,3,127,468
1784771876060,2026-07-23T01:57:56.060Z,-23.6059133,-46.8365383,824.649,7.742,7.530,3,127,468
1784771876115,2026-07-23T01:57:56.115Z,-23.6059157,-46.8365418,824.615,7.900,7.760,3,127,468
1784771876170,2026-07-23T01:57:56.170Z,-23.6059179,-46.8365452,824.578,7.850,7.920,3,127,468
1784771876225,2026-07-23T01:57:56.225Z,-23.6059201,-46.8365485,824.533,7.772,7.870,3,127,468
1784771876280,2026-07-23T01:57:56.280Z,-23.6059223,-46.8365522,824.509,7.859,7.790,3,127,469
1784771876338,2026-07-23T01:57:56.338Z,-23.6059245,-46.8365559,824.492,7.965,7.880,3,127,469
1784771876396,2026-07-23T01:57:56.396Z,-23.6059269,-46.8365602,824.462,8.406,7.980,3,127,469
1784771876454,2026-07-23T01:57:56.454Z,-23.6059292,-46.8365641,824.343,8.571,8.420,3,127,469
1784771876512,2026-07-23T01:57:56.512Z,-23.6059314,-46.8365679,824.220,8.521,8.590,3,127,469
1784771876570,2026-07-23T01:57:56.570Z,-23.6059337,-46.8365725,824.170,8.936,8.540,3,127,469
1784771876628,2026-07-23T01:57:56.628Z,-23.6059361,-46.8365776,824.202,9.524,8.960,3,127,469
1784771876686,2026-07-23T01:57:56.686Z,-23.6059387,-46.8365824,824.205,9.816,9.540,3,127,469
1784771876744,2026-07-23T01:57:56.744Z,-23.6059413,-46.8365870,824.176,9.917,9.830,3,127,469
1784771876802,2026-07-23T01:57:56.802Z,-23.6059438,-46.8365915,824.122,9.885,9.930,3,127,469
1784771876860,2026-07-23T01:57:56.860Z,-23.6059461,-46.8365960,824.088,9.792,9.900,3,127,469
1784771876918,2026-07-23T01:57:56.918Z,-23.6059482,-46.8366006,824.051,9.669,9.810,3,127,469
1784771876976,2026-07-23T01:57:56.976Z,-23.6059502,-46.8366053,824.015,9.629,9.690,3,127,469
1784771877034,2026-07-23T01:57:57.034Z,-23.6059521,-46.8366105,823.957,9.880,9.650,3,127,469
1784771877092,2026-07-23T01:57:57.092Z,-23.6059543,-46.8366159,823.857,10.182,9.900,3,127,469
1784771877150,2026-07-23T01:57:57.150Z,-23.6059565,-46.8366215,823.816,10.535,10.200,3,127,469
1784771877208,2026-07-23T01:57:57.208Z,-23.6059589,-46.8366269,823.809,10.703,10.550,3,127,469
1784771877266,2026-07-23T01:57:57.266Z,-23.6059613,-46.8366319,823.777,10.622,10.720,3,127,469
1784771877325,2026-07-23T01:57:57.325Z,-23.6059637,-46.8366370,823.684,10.669,10.640,3,142,470
1784771877383,2026-07-23T01:57:57.383Z,-23.6059661,-46.8366422,823.570,10.773,10.690,3,142,470
1784771877441,2026-07-23T01:57:57.441Z,-23.6059682,-46.8366477,823.485,10.878,10.800,3,142,470
1784771877499,2026-07-23T01:57:57.499Z,-23.6059704,-46.8366530,823.403,10.908,10.900,3,142,470
1784771877557,2026-07-23T01:57:57.557Z,-23.6059725,-46.8366585,823.352,11.012,10.930,3,142,470
1784771877615,2026-07-23T01:57:57.615Z,-23.6059748,-46.8366639,823.300,11.013,11.040,3,142,470
1784771877673,2026-07-23T01:57:57.673Z,-23.6059771,-46.8366694,823.204,11.145,11.040,3,142,470
1784771877731,2026-07-23T01:57:57.731Z,-23.6059793,-46.8366750,823.125,11.257,11.170,3,142,470
1784771877789,2026-07-23T01:57:57.789Z,-23.6059815,-46.8366808,823.077,11.440,11.290,3,142,470
1784771877847,2026-07-23T01:57:57.847Z,-23.6059837,-46.8366869,823.043,11.735,11.470,3,142,470
1784771877905,2026-07-23T01:57:57.905Z,-23.6059858,-46.8366929,822.986,11.864,11.760,3,142,470
1784771877963,2026-07-23T01:57:57.963Z,-23.6059879,-46.8366991,822.926,12.027,11.890,3,142,470
1784771878021,2026-07-23T01:57:58.021Z,-23.6059897,-46.8367056,822.861,12.217,12.060,3,142,470
1784771878079,2026-07-23T01:57:58.079Z,-23.6059912,-46.8367120,822.787,12.257,12.250,3,142,470
1784771878137,2026-07-23T01:57:58.137Z,-23.6059926,-46.8367185,822.722,12.359,12.290,3,142,470
1784771878195,2026-07-23T01:57:58.195Z,-23.6059936,-46.8367250,822.686,12.241,12.390,3,142,470
1784771878253,2026-07-23T01:57:58.253Z,-23.6059945,-46.8367314,822.666,12.144,12.270,3,142,470
1784771878311,2026-07-23T01:57:58.311Z,-23.6059952,-46.8367380,822.627,12.196,12.180,3,142,470
1784771878370,2026-07-23T01:57:58.370Z,-23.6059959,-46.8367445,822.543,12.198,12.230,3,142,471
1784771878419,2026-07-23T01:57:58.419Z,-23.6059964,-46.8367511,822.459,12.267,12.230,3,142,471
1784771878468,2026-07-23T01:57:58.468Z,-23.6059969,-46.8367579,822.395,12.447,12.300,3,142,471
1784771878517,2026-07-23T01:57:58.517Z,-23.6059972,-46.8367648,822.340,12.571,12.480,3,142,471
1784771878566,2026-07-23T01:57:58.566Z,-23.6059971,-46.8367718,822.299,12.725,12.610,3,142,471
1784771878616,2026-07-23T01:57:58.616Z,-23.6059968,-46.8367788,822.252,12.794,12.760,3,142,471
1784771878665,2026-07-23T01:57:58.665Z,-23.6059961,-46.8367857,822.217,12.858,12.830,3,142,471
1784771878714,2026-07-23T01:57:58.714Z,-23.6059951,-46.8367926,822.179,12.853,12.890,3,142,471
1784771878763,2026-07-23T01:57:58.763Z,-23.6059939,-46.8367995,822.114,12.920,12.890,3,142,471
1784771878812,2026-07-23T01:57:58.812Z,-23.6059926,-46.8368066,822.049,13.115,12.950,3,142,471
1784771878862,2026-07-23T01:57:58.862Z,-23.6059911,-46.8368136,821.960,13.213,13.150,3,142,471
1784771878911,2026-07-23T01:57:58.911Z,-23.6059893,-46.8368206,821.887,13.296,13.250,3,142,471
1784771878960,2026-07-23T01:57:58.960Z,-23.6059873,-46.8368275,821.847,13.352,13.330,3,142,471
1784771879009,2026-07-23T01:57:59.009Z,-23.6059852,-46.8368344,821.809,13.367,13.390,3,142,471
1784771879058,2026-07-23T01:57:59.058Z,-23.6059829,-46.8368412,821.798,13.368,13.400,3,142,471
1784771879108,2026-07-23T01:57:59.108Z,-23.6059803,-46.8368479,821.763,13.418,13.400,3,142,471
1784771879157,2026-07-23T01:57:59.157Z,-23.6059776,-46.8368547,821.742,13.519,13.450,3,142,471
1784771879206,2026-07-23T01:57:59.206Z,-23.6059744,-46.8368613,821.706,13.572,13.550,3,142,471
1784771879255,2026-07-23T01:57:59.255Z,-23.6059712,-46.8368680,821.669,13.723,13.600,3,142,471
1784771879305,2026-07-23T01:57:59.305Z,-23.6059677,-46.8368744,821.581,13.787,13.750,3,170,472
1784771879366,2026-07-23T01:57:59.366Z,-23.6059640,-46.8368808,821.536,13.875,13.820,3,170,472
1784771879427,2026-07-23T01:57:59.427Z,-23.6059602,-46.8368870,821.502,13.892,13.900,3,170,472
1784771879489,2026-07-23T01:57:59.489Z,-23.6059561,-46.8368930,821.431,13.886,13.920,3,170,472
1784771879550,2026-07-23T01:57:59.550Z,-23.6059517,-46.8368989,821.355,13.954,13.920,3,170,472
1784771879612,2026-07-23T01:57:59.612Z,-23.6059472,-46.8369045,821.293,13.948,13.980,3,170,472
1784771879673,2026-07-23T01:57:59.673Z,-23.6059428,-46.8369104,821.257,14.030,13.980,3,170,472
1784771879735,2026-07-23T01:57:59.735Z,-23.6059382,-46.8369163,821.211,14.150,14.060,3,170,472
1784771879796,2026-07-23T01:57:59.796Z,-23.6059334,-46.8369220,821.178,14.218,14.180,3,170,472
1784771879858,2026-07-23T01:57:59.858Z,-23.6059285,-46.8369273,821.136,14.122,14.250,3,170,472
1784771879919,2026-07-23T01:57:59.919Z,-23.6059234,-46.8369322,821.112,14.020,14.150,3,170,472
1784771879981,2026-07-23T01:57:59.981Z,-23.6059181,-46.8369367,821.077,13.897,14.050,3,170,472
1784771880042,2026-07-23T01:58:00.042Z,-23.6059127,-46.8369410,821.069,13.806,13.930,3,170,472
1784771880104,2026-07-23T01:58:00.104Z,-23.6059072,-46.8369455,821.053,13.833,13.830,3,170,472
1784771880165,2026-07-23T01:58:00.165Z,-23.6059019,-46.8369500,821.039,13.744,13.860,3,170,472
1784771880227,2026-07-23T01:58:00.227Z,-23.6058966,-46.8369543,821.014,13.628,13.770,3,170,472
1784771880288,2026-07-23T01:58:00.288Z,-23.6058910,-46.8369587,820.984,13.762,13.650,3,170,472
1784771880350,2026-07-23T01:58:00.350Z,-23.6058852,-46.8369625,820.938,13.786,13.790,3,170,473
1784771880402,2026-07-23T01:58:00.402Z,-23.6058792,-46.8369661,820.921,13.850,13.810,3,170,473
1784771880454,2026-07-23T01:58:00.454Z,-23.6058734,-46.8369693,820.928,13.619,13.870,3,170,473
1784771880506,2026-07-23T01:58:00.506Z,-23.6058674,-46.8369721,820.913,13.510,13.640,3,170,473
1784771880558,2026-07-23T01:58:00.558Z,-23.6058614,-46.8369753,820.879,13.555,13.530,3,170,473
1784771880610,2026-07-23T01:58:00.610Z,-23.6058554,-46.8369785,820.873,13.522,13.570,3,170,473
1784771880662,2026-07-23T01:58:00.662Z,-23.6058494,-46.8369817,820.865,13.528,13.540,3,170,473
1784771880714,2026-07-23T01:58:00.714Z,-23.6058433,-46.8369849,820.834,13.587,13.550,3,170,473
1784771880766,2026-07-23T01:58:00.766Z,-23.6058370,-46.8369877,820.818,13.630,13.600,3,170,473
1784771880818,2026-07-23T01:58:00.818Z,-23.6058306,-46.8369903,820.815,13.667,13.650,3,170,473
1784771880871,2026-07-23T01:58:00.871Z,-23.6058243,-46.8369927,820.821,13.633,13.680,3,170,473
1784771880923,2026-07-23T01:58:00.923Z,-23.6058178,-46.8369950,820.799,13.648,13.650,3,170,473
1784771880975,2026-07-23T01:58:00.975Z,-23.6058113,-46.8369973,820.790,13.724,13.660,3,170,473
1784771881027,2026-07-23T01:58:01.027Z,-23.6058049,-46.8369998,820.764,13.658,13.740,3,170,473
1784771881079,2026-07-23T01:58:01.079Z,-23.6057985,-46.8370022,820.808,13.643,13.670,3,170,473
1784771881131,2026-07-23T01:58:01.131Z,-23.6057922,-46.8370046,820.803,13.591,13.650,3,170,473
1784771881183,2026-07-23T01:58:01.183Z,-23.6057856,-46.8370070,820.769,13.714,13.600,3,170,473
1784771881235,2026-07-23T01:58:01.235Z,-23.6057791,-46.8370097,820.734,13.806,13.720,3,170,473
1784771881287,2026-07-23T01:58:01.287Z,-23.6057726,-46.8370120,820.727,13.824,13.820,3,170,473
1784771881340,2026-07-23T01:58:01.340Z,-23.6057660,-46.8370144,820.756,13.840,13.830,3,170,474
1784771881395,2026-07-23T01:58:01.395Z,-23.6057596,-46.8370166,820.764,13.630,13.850,3,170,474
1784771881450,2026-07-23T01:58:01.450Z,-23.6057533,-46.8370186,820.758,13.487,13.640,3,170,474
1784771881505,2026-07-23T01:58:01.505Z,-23.6057469,-46.8370209,820.762,13.465,13.490,3,170,474
1784771881560,2026-07-23T01:58:01.560Z,-23.6057404,-46.8370231,820.763,13.577,13.470,3,170,474
1784771881615,2026-07-23T01:58:01.615Z,-23.6057339,-46.8370252,820.738,13.654,13.580,3,170,474
1784771881670,2026-07-23T01:58:01.670Z,-23.6057273,-46.8370275,820.750,13.738,13.660,3,170,474
1784771881725,2026-07-23T01:58:01.725Z,-23.6057207,-46.8370296,820.748,13.777,13.740,3,170,474
1784771881780,2026-07-23T01:58:01.780Z,-23.6057140,-46.8370319,820.742,13.914,13.780,3,170,474
1784771881835,2026-07-23T01:58:01.835Z,-23.6057073,-46.8370343,820.732,14.061,13.920,3,170,474
1784771881890,2026-07-23T01:58:01.890Z,-23.6057005,-46.8370365,820.734,14.147,14.070,3,170,474
1784771881945,2026-07-23T01:58:01.945Z,-23.6056936,-46.8370389,820.732,14.259,14.150,3,170,474
1784771882000,2026-07-23T01:58:02.000Z,-23.6056869,-46.8370414,820.742,14.288,14.260,3,170,474
1784771882055,2026-07-23T01:58:02.055Z,-23.6056800,-46.8370438,820.751,14.363,14.290,3,170,474
1784771882110,2026-07-23T01:58:02.110Z,-23.6056732,-46.8370462,820.739,14.402,14.370,3,170,474
1784771882165,2026-07-23T01:58:02.165Z,-23.6056663,-46.8370487,820.772,14.468,14.400,3,170,474
1784771882220,2026-07-23T01:58:02.220Z,-23.6056593,-46.8370512,820.793,14.643,14.470,3,170,474
1784771882275,2026-07-23T01:58:02.275Z,-23.6056523,-46.8370539,820.809,14.715,14.640,3,170,474
1784771882330,2026-07-23T01:58:02.330Z,-23.6056453,-46.8370567,820.831,14.798,14.720,3,132,475
1784771882385,2026-07-23T01:58:02.385Z,-23.6056381,-46.8370596,820.878,15.006,14.800,3,132,475
1784771882440,2026-07-23T01:58:02.440Z,-23.6056308,-46.8370623,820.892,15.161,15.010,3,132,475
1784771882495,2026-07-23T01:58:02.495Z,-23.6056236,-46.8370652,820.920,15.290,15.160,3,132,475
1784771882550,2026-07-23T01:58:02.550Z,-23.6056166,-46.8370681,820.979,15.153,15.290,3,132,475
1784771882605,2026-07-23T01:58:02.605Z,-23.6056097,-46.8370709,821.036,14.989,15.150,3,132,475
1784771882660,2026-07-23T01:58:02.660Z,-23.6056030,-46.8370735,821.071,14.765,14.990,3,132,475
1784771882715,2026-07-23T01:58:02.715Z,-23.6055962,-46.8370762,821.033,14.645,14.770,3,132,475
1784771882770,2026-07-23T01:58:02.770Z,-23.6055893,-46.8370788,821.032,14.677,14.650,3,132,475
1784771882825,2026-07-23T01:58:02.825Z,-23.6055823,-46.8370818,821.064,14.819,14.680,3,132,475
1784771882880,2026-07-23T01:58:02.880Z,-23.6055754,-46.8370846,821.083,14.837,14.820,3,132,475
1784771882935,2026-07-23T01:58:02.935Z,-23.6055685,-46.8370874,821.107,14.841,14.840,3,132,475
1784771882990,2026-07-23T01:58:02.990Z,-23.6055616,-46.8370902,821.127,14.832,14.840,3,132,475
1784771883045,2026-07-23T01:58:03.045Z,-23.6055545,-46.8370932,821.147,15.014,14.830,3,132,475
1784771883100,2026-07-23T01:58:03.100Z,-23.6055475,-46.8370959,821.132,14.967,15.010,3,132,475
1784771883155,2026-07-23T01:58:03.155Z,-23.6055404,-46.8370989,821.175,15.106,14.970,3,132,475
1784771883210,2026-07-23T01:58:03.210Z,-23.6055333,-46.8371015,821.144,15.070,15.110,3,132,475
1784771883265,2026-07-23T01:58:03.265Z,-23.6055264,-46.8371040,821.148,14.967,15.070,3,132,475
1784771883320,2026-07-23T01:58:03.320Z,-23.6055194,-46.8371065,821.131,14.907,14.970,3,132,476
1784771883372,2026-07-23T01:58:03.372Z,-23.6055123,-46.8371095,821.168,15.086,14.910,3,132,476
1784771883424,2026-07-23T01:58:03.424Z,-23.6055050,-46.8371125,821.184,15.302,15.090,3,132,476
1784771883476,2026-07-23T01:58:03.476Z,-23.6054975,-46.8371155,821.195,15.572,15.300,3,132,476
1784771883528,2026-07-23T01:58:03.528Z,-23.6054899,-46.8371185,821.209,15.844,15.570,3,132,476
1784771883580,2026-07-23T01:58:03.580Z,-23.6054821,-46.8371219,821.236,16.195,15.840,3,132,476
1784771883632,2026-07-23T01:58:03.632Z,-23.6054746,-46.8371252,821.238,16.277,16.200,3,132,476
1784771883684,2026-07-23T01:58:03.684Z,-23.6054671,-46.8371289,821.259,16.368,16.280,3,132,476
1784771883736,2026-07-23T01:58:03.736Z,-23.6054599,-46.8371323,821.271,16.162,16.370,3,132,476
1784771883788,2026-07-23T01:58:03.788Z,-23.6054528,-46.8371353,821.294,15.848,16.160,3,132,476
1784771883841,2026-07-23T01:58:03.841Z,-23.6054459,-46.8371383,821.381,15.533,15.850,3,132,476
1784771883893,2026-07-23T01:58:03.893Z,-23.6054386,-46.8371415,821.434,15.633,15.530,3,132,476
1784771883945,2026-07-23T01:58:03.945Z,-23.6054311,-46.8371446,821.462,15.793,15.630,3,132,476
1784771883997,2026-07-23T01:58:03.997Z,-23.6054237,-46.8371476,821.470,15.819,15.790,3,132,476
1784771884049,2026-07-23T01:58:04.049Z,-23.6054163,-46.8371506,821.517,15.786,15.820,3,132,476
1784771884101,2026-07-23T01:58:04.101Z,-23.6054088,-46.8371537,821.521,15.924,15.790,3,132,476
1784771884153,2026-07-23T01:58:04.153Z,-23.6054013,-46.8371568,821.544,15.993,15.920,3,132,476
1784771884205,2026-07-23T01:58:04.205Z,-23.6053938,-46.8371598,821.583,16.053,15.990,3,132,476
1784771884257,2026-07-23T01:58:04.257Z,-23.6053861,-46.8371629,821.616,16.187,16.050,3,132,476
1784771884310,2026-07-23T01:58:04.310Z,-23.6053784,-46.8371659,821.637,16.272,16.190,3,132,477
1784771884368,2026-07-23T01:58:04.368Z,-23.6053707,-46.8371690,821.661,16.354,16.270,3,132,477
1784771884426,2026-07-23T01:58:04.426Z,-23.6053629,-46.8371719,821.694,16.399,16.360,3,132,477
1784771884484,2026-07-23T01:58:04.484Z,-23.6053552,-46.8371748,821.717,16.416,16.400,3,132,477
1784771884542,2026-07-23T01:58:04.542Z,-23.6053475,-46.8371777,821.724,16.414,16.420,3,132,477
1784771884600,2026-07-23T01:58:04.600Z,-23.6053397,-46.8371806,821.737,16.474,16.420,3,132,477
1784771884658,2026-07-23T01:58:04.658Z,-23.6053320,-46.8371832,821.780,16.440,16.480,3,132,477
1784771884716,2026-07-23T01:58:04.716Z,-23.6053242,-46.8371859,821.839,16.395,16.440,3,132,477
1784771884774,2026-07-23T01:58:04.774Z,-23.6053164,-46.8371887,821.857,16.488,16.400,3,132,477
1784771884832,2026-07-23T01:58:04.832Z,-23.6053086,-46.8371912,821.892,16.454,16.490,3,132,477
1784771884890,2026-07-23T01:58:04.890Z,-23.6053008,-46.8371937,821.991,16.418,16.460,3,132,477
1784771884948,2026-07-23T01:58:04.948Z,-23.6052930,-46.8371961,822.034,16.310,16.420,3,132,477
1784771885006,2026-07-23T01:58:05.006Z,-23.6052851,-46.8371985,822.055,16.458,16.310,3,132,477
1784771885064,2026-07-23T01:58:05.064Z,-23.6052770,-46.8372009,822.084,16.603,16.460,3,132,477
1784771885122,2026-07-23T01:58:05.122Z,-23.6052691,-46.8372033,822.127,16.610,16.610,3,132,477
1784771885180,2026-07-23T01:58:05.180Z,-23.6052610,-46.8372056,822.182,16.680,16.610,3,132,477
1784771885238,2026-07-23T01:58:05.238Z,-23.6052531,-46.8372078,822.186,16.672,16.680,3,132,477
1784771885296,2026-07-23T01:58:05.296Z,-23.6052449,-46.8372098,822.220,16.761,16.680,3,132,477
1784771885355,2026-07-23T01:58:05.355Z,-23.6052367,-46.8372117,822.263,16.812,16.760,3,132,478
1784771885406,2026-07-23T01:58:05.406Z,-23.6052286,-46.8372131,822.342,16.762,16.820,3,132,478
1784771885458,2026-07-23T01:58:05.458Z,-23.6052203,-46.8372144,822.385,16.823,16.770,3,132,478
1784771885510,2026-07-23T01:58:05.510Z,-23.6052121,-46.8372157,822.439,16.819,16.830,3,132,478
1784771885562,2026-07-23T01:58:05.562Z,-23.6052039,-46.8372166,822.473,16.781,16.820,3,132,478
1784771885614,2026-07-23T01:58:05.614Z,-23.6051956,-46.8372174,822.507,16.883,16.790,3,132,478
1784771885666,2026-07-23T01:58:05.666Z,-23.6051873,-46.8372180,822.567,16.840,16.890,3,132,478
1784771885718,2026-07-23T01:58:05.718Z,-23.6051790,-46.8372187,822.603,16.860,16.850,3,132,478
1784771885770,2026-07-23T01:58:05.770Z,-23.6051707,-46.8372192,822.624,16.863,16.860,3,132,478
1784771885822,2026-07-23T01:58:05.822Z,-23.6051624,-46.8372194,822.659,16.833,16.870,3,132,478
1784771885874,2026-07-23T01:58:05.874Z,-23.6051541,-46.8372195,822.743,16.814,16.840,3,132,478
1784771885926,2026-07-23T01:58:05.926Z,-23.6051458,-46.8372192,822.787,16.792,16.820,3,132,478
1784771885978,2026-07-23T01:58:05.978Z,-23.6051375,-46.8372187,822.792,16.875,16.800,3,132,478
1784771886030,2026-07-23T01:58:06.030Z,-23.6051289,-46.8372181,822.839,17.038,16.880,3,132,478
1784771886082,2026-07-23T01:58:06.082Z,-23.6051206,-46.8372174,822.906,16.975,17.040,3,132,478
1784771886134,2026-07-23T01:58:06.134Z,-23.6051121,-46.8372163,822.964,17.037,16.980,3,132,478
1784771886186,2026-07-23T01:58:06.186Z,-23.6051038,-46.8372154,823.007,16.952,17.050,3,132,478
1784771886238,2026-07-23T01:58:06.238Z,-23.6050956,-46.8372142,823.046,16.875,16.960,3,132,478
1784771886290,2026-07-23T01:58:06.290Z,-23.6050873,-46.8372125,823.075,16.919,16.880,3,132,479
1784771886348,2026-07-23T01:58:06.348Z,-23.6050792,-46.8372109,823.080,16.848,16.930,3,132,479
1784771886406,2026-07-23T01:58:06.406Z,-23.6050711,-46.8372090,823.092,16.786,16.860,3,132,479
1784771886464,2026-07-23T01:58:06.464Z,-23.6050631,-46.8372070,823.105,16.766,16.790,3,132,479
1784771886522,2026-07-23T01:58:06.522Z,-23.6050549,-46.8372048,823.130,16.812,16.770,3,132,479
1784771886580,2026-07-23T01:58:06.580Z,-23.6050469,-46.8372023,823.158,16.776,16.820,3,132,479
1784771886638,2026-07-23T01:58:06.638Z,-23.6050390,-46.8371996,823.183,16.774,16.780,3,132,479
1784771886696,2026-07-23T01:58:06.696Z,-23.6050313,-46.8371969,823.207,16.642,16.780,3,132,479
1784771886754,2026-07-23T01:58:06.754Z,-23.6050235,-46.8371938,823.235,16.596,16.650,3,132,479
1784771886812,2026-07-23T01:58:06.812Z,-23.6050156,-46.8371906,823.259,16.632,16.600,3,132,479
1784771886870,2026-07-23T01:58:06.870Z,-23.6050077,-46.8371875,823.275,16.679,16.640,3,132,479
1784771886928,2026-07-23T01:58:06.928Z,-23.6049998,-46.8371842,823.310,16.780,16.690,3,132,479
1784771886986,2026-07-23T01:58:06.986Z,-23.6049920,-46.8371808,823.346,16.792,16.790,3,132,479
1784771887044,2026-07-23T01:58:07.044Z,-23.6049842,-46.8371772,823.385,16.857,16.800,3,132,479
1784771887102,2026-07-23T01:58:07.102Z,-23.6049767,-46.8371739,823.446,16.637,16.860,3,132,479
1784771887160,2026-07-23T01:58:07.160Z,-23.6049690,-46.8371699,823.494,16.719,16.640,3,132,479
1784771887218,2026-07-23T01:58:07.218Z,-23.6049614,-46.8371659,823.546,16.764,16.730,3,132,479
1784771887276,2026-07-23T01:58:07.276Z,-23.6049537,-46.8371616,823.601,16.891,16.770,3,132,479
1784771887335,2026-07-23T01:58:07.335Z,-23.6049461,-46.8371573,823.649,16.935,16.900,3,132,480
1784771887390,2026-07-23T01:58:07.390Z,-23.6049386,-46.8371531,823.677,16.961,16.940,3,132,480
1784771887445,2026-07-23T01:58:07.445Z,-23.6049312,-46.8371486,823.720,16.980,16.970,3,132,480
1784771887500,2026-07-23T01:58:07.500Z,-23.6049237,-46.8371439,823.751,17.080,16.990,3,132,480
1784771887555,2026-07-23T01:58:07.555Z,-23.6049165,-46.8371393,823.782,16.951,17.090,3,132,480
1784771887610,2026-07-23T01:58:07.610Z,-23.6049094,-46.8371342,823.823,16.972,16.960,3,132,480
1784771887665,2026-07-23T01:58:07.665Z,-23.6049022,-46.8371289,823.881,17.077,16.980,3,132,480
1784771887720,2026-07-23T01:58:07.720Z,-23.6048952,-46.8371235,823.937,17.089,17.090,3,132,480
1784771887775,2026-07-23T01:58:07.775Z,-23.6048882,-46.8371182,823.990,17.048,17.100,3,132,480
1784771887830,2026-07-23T01:58:07.830Z,-23.6048813,-46.8371128,824.057,17.027,17.060,3,132,480
1784771887885,2026-07-23T01:58:07.885Z,-23.6048744,-46.8371074,824.146,17.024,17.040,3,132,480
1784771887940,2026-07-23T01:58:07.940Z,-23.6048677,-46.8371017,824.206,17.019,17.040,3,132,480
1784771887995,2026-07-23T01:58:07.995Z,-23.6048611,-46.8370958,824.267,16.974,17.030,3,132,480
1784771888050,2026-07-23T01:58:08.050Z,-23.6048546,-46.8370898,824.307,17.001,16.990,3,132,480
1784771888105,2026-07-23T01:58:08.105Z,-23.6048483,-46.8370835,824.340,17.019,17.010,3,132,480
1784771888160,2026-07-23T01:58:08.160Z,-23.6048422,-46.8370773,824.389,16.947,17.030,3,132,480
1784771888215,2026-07-23T01:58:08.215Z,-23.6048362,-46.8370708,824.495,16.902,16.960,3,132,480
1784771888270,2026-07-23T01:58:08.270Z,-23.6048301,-46.8370639,824.692,16.946,16.920,3,132,480
1784771888325,2026-07-23T01:58:08.325Z,-23.6048244,-46.8370570,824.831,16.889,16.970,3,132,480
1784771888380,2026-07-23T01:58:08.380Z,-23.6048192,-46.8370502,824.894,16.721,16.910,3,132,481
1784771888435,2026-07-23T01:58:08.435Z,-23.6048143,-46.8370433,824.909,16.571,16.740,3,132,481
1784771888490,2026-07-23T01:58:08.490Z,-23.6048094,-46.8370362,824.940,16.535,16.590,3,132,481
1784771888545,2026-07-23T01:58:08.545Z,-23.6048045,-46.8370292,825.033,16.393,16.560,3,132,481
1784771888600,2026-07-23T01:58:08.600Z,-23.6048000,-46.8370221,825.132,16.214,16.420,3,132,481
1784771888655,2026-07-23T01:58:08.655Z,-23.6047957,-46.8370149,825.235,15.993,16.240,3,132,481
1784771888710,2026-07-23T01:58:08.710Z,-23.6047919,-46.8370076,825.263,15.841,16.020,3,132,481
1784771888765,2026-07-23T01:58:08.765Z,-23.6047882,-46.8370002,825.272,15.756,15.870,3,132,481
1784771888820,2026-07-23T01:58:08.820Z,-23.6047848,-46.8369927,825.296,15.664,15.780,3,132,481
1784771888875,2026-07-23T01:58:08.875Z,-23.6047816,-46.8369852,825.368,15.528,15.690,3,132,481
1784771888930,2026-07-23T01:58:08.930Z,-23.6047789,-46.8369778,825.363,15.254,15.550,3,132,481
1784771888985,2026-07-23T01:58:08.985Z,-23.6047762,-46.8369704,825.455,15.077,15.280,3,132,481
1784771889040,2026-07-23T01:58:09.040Z,-23.6047738,-46.8369632,825.576,14.685,15.100,3,132,481
1784771889095,2026-07-23T01:58:09.095Z,-23.6047717,-46.8369561,825.655,14.408,14.710,3,132,481
1784771889150,2026-07-23T01:58:09.150Z,-23.6047696,-46.8369489,825.783,14.271,14.440,3,132,481
1784771889205,2026-07-23T01:58:09.205Z,-23.6047678,-46.8369415,825.843,14.209,14.310,3,132,481
1784771889260,2026-07-23T01:58:09.260Z,-23.6047662,-46.8369344,825.902,14.001,14.240,3,132,481
1784771889315,2026-07-23T01:58:09.315Z,-23.6047650,-46.8369272,825.922,13.844,14.040,3,132,482
1784771889370,2026-07-23T01:58:09.370Z,-23.6047640,-46.8369202,825.968,13.653,13.880,3,132,482
1784771889425,2026-07-23T01:58:09.425Z,-23.6047633,-46.8369134,826.042,13.347,13.690,3,132,482
1784771889480,2026-07-23T01:58:09.480Z,-23.6047628,-46.8369069,826.097,12.977,13.380,3,132,482
1784771889535,2026-07-23T01:58:09.535Z,-23.6047630,-46.8369005,826.149,12.618,13.010,3,132,482
1784771889590,2026-07-23T01:58:09.590Z,-23.6047633,-46.8368944,826.228,12.239,12.650,3,132,482
1784771889645,2026-07-23T01:58:09.645Z,-23.6047637,-46.8368886,826.296,11.792,12.280,3,132,482
1784771889700,2026-07-23T01:58:09.700Z,-23.6047646,-46.8368829,826.359,11.481,11.830,3,132,482
1784771889755,2026-07-23T01:58:09.755Z,-23.6047656,-46.8368772,826.370,11.252,11.520,3,132,482
1784771889810,2026-07-23T01:58:09.810Z,-23.6047669,-46.8368717,826.374,11.000,11.290,3,132,482
1784771889865,2026-07-23T01:58:09.865Z,-23.6047684,-46.8368665,826.380,10.652,11.040,3,132,482
1784771889920,2026-07-23T01:58:09.920Z,-23.6047701,-46.8368614,826.394,10.403,10.690,3,132,482
1784771889975,2026-07-23T01:58:09.975Z,-23.6047718,-46.8368568,826.425,10.028,10.440,3,132,482
1784771890030,2026-07-23T01:58:10.030Z,-23.6047738,-46.8368523,826.448,9.734,10.060,3,132,482
1784771890085,2026-07-23T01:58:10.085Z,-23.6047761,-46.8368478,826.532,9.642,9.770,3,132,482
1784771890140,2026-07-23T01:58:10.140Z,-23.6047784,-46.8368437,826.566,9.396,9.680,3,132,482
1784771890195,2026-07-23T01:58:10.195Z,-23.6047811,-46.8368397,826.577,9.335,9.430,3,132,482
1784771890250,2026-07-23T01:58:10.250Z,-23.6047842,-46.8368359,826.597,9.355,9.370,3,132,482
1784771890305,2026-07-23T01:58:10.305Z,-23.6047874,-46.8368322,826.618,9.370,9.390,3,132,482
1784771890360,2026-07-23T01:58:10.360Z,-23.6047907,-46.8368286,826.634,9.356,9.400,3,132,483
1784771890411,2026-07-23T01:58:10.411Z,-23.6047939,-46.8368255,826.654,9.146,9.390,3,132,483
1784771890463,2026-07-23T01:58:10.463Z,-23.6047973,-46.8368226,826.676,9.004,9.180,3,132,483
1784771890515,2026-07-23T01:58:10.515Z,-23.6048010,-46.8368199,826.686,9.003,9.030,3,132,483
1784771890567,2026-07-23T01:58:10.567Z,-23.6048050,-46.8368175,826.707,9.073,9.030,3,132,483
1784771890619,2026-07-23T01:58:10.619Z,-23.6048093,-46.8368154,826.769,9.220,9.100,3,132,483
1784771890671,2026-07-23T01:58:10.671Z,-23.6048139,-46.8368137,826.787,9.389,9.250,3,132,483
1784771890723,2026-07-23T01:58:10.723Z,-23.6048183,-46.8368120,826.771,9.429,9.410,3,132,483
1784771890775,2026-07-23T01:58:10.775Z,-23.6048226,-46.8368105,826.773,9.404,9.450,3,132,483
1784771890827,2026-07-23T01:58:10.827Z,-23.6048270,-46.8368093,826.755,9.296,9.430,3,132,483
1784771890879,2026-07-23T01:58:10.879Z,-23.6048314,-46.8368081,826.764,9.281,9.320,3,132,483
1784771890931,2026-07-23T01:58:10.931Z,-23.6048361,-46.8368070,826.730,9.425,9.300,3,132,483
1784771890983,2026-07-23T01:58:10.983Z,-23.6048408,-46.8368061,826.705,9.523,9.440,3,132,483
1784771891035,2026-07-23T01:58:11.035Z,-23.6048454,-46.8368056,826.715,9.472,9.540,3,132,483
1784771891087,2026-07-23T01:58:11.087Z,-23.6048503,-46.8368049,826.757,9.694,9.490,3,132,483
1784771891139,2026-07-23T01:58:11.139Z,-23.6048552,-46.8368047,826.756,9.850,9.710,3,132,483
1784771891191,2026-07-23T01:58:11.191Z,-23.6048601,-46.8368048,826.745,9.829,9.860,3,132,483
1784771891243,2026-07-23T01:58:11.243Z,-23.6048650,-46.8368053,826.773,9.946,9.840,3,132,483
1784771891295,2026-07-23T01:58:11.295Z,-23.6048700,-46.8368062,826.741,10.057,9.960,3,132,484
1784771891353,2026-07-23T01:58:11.353Z,-23.6048750,-46.8368075,826.700,10.186,10.070,3,132,484
1784771891411,2026-07-23T01:58:11.411Z,-23.6048799,-46.8368092,826.684,10.195,10.190,3,132,484
1784771891469,2026-07-23T01:58:11.469Z,-23.6048847,-46.8368111,826.630,10.245,10.200,3,132,484
1784771891527,2026-07-23T01:58:11.527Z,-23.6048894,-46.8368135,826.620,10.258,10.250,3,132,484
1784771891585,2026-07-23T01:58:11.585Z,-23.6048938,-46.8368163,826.576,10.274,10.260,3,132,484
1784771891643,2026-07-23T01:58:11.643Z,-23.6048984,-46.8368193,826.532,10.438,10.280,3,132,484
1784771891701,2026-07-23T01:58:11.701Z,-23.6049029,-46.8368225,826.513,10.572,10.440,3,132,484
1784771891759,2026-07-23T01:58:11.759Z,-23.6049072,-46.8368259,826.524,10.588,10.570,3,132,484
1784771891817,2026-07-23T01:58:11.817Z,-23.6049116,-46.8368294,826.525,10.709,10.590,3,132,484
1784771891875,2026-07-23T01:58:11.875Z,-23.6049159,-46.8368331,826.484,10.901,10.710,3,132,484
1784771891933,2026-07-23T01:58:11.933Z,-23.6049202,-46.8368372,826.471,11.081,10.900,3,132,484
1784771891991,2026-07-23T01:58:11.991Z,-23.6049246,-46.8368414,826.402,11.376,11.080,3,132,484
1784771892049,2026-07-23T01:58:12.049Z,-23.6049290,-46.8368457,826.347,11.610,11.380,3,132,484
1784771892107,2026-07-23T01:58:12.107Z,-23.6049333,-46.8368501,826.290,11.729,11.610,3,132,484
1784771892165,2026-07-23T01:58:12.165Z,-23.6049376,-46.8368547,826.240,11.956,11.730,3,132,484
1784771892223,2026-07-23T01:58:12.223Z,-23.6049421,-46.8368591,826.161,12.096,11.960,3,132,484
1784771892281,2026-07-23T01:58:12.281Z,-23.6049464,-46.8368636,826.113,12.151,12.100,3,132,484
1784771892340,2026-07-23T01:58:12.340Z,-23.6049507,-46.8368681,826.089,12.153,12.150,3,127,485
1784771892392,2026-07-23T01:58:12.392Z,-23.6049549,-46.8368722,825.991,11.987,12.150,3,127,485
1784771892444,2026-07-23T01:58:12.444Z,-23.6049591,-46.8368765,825.911,11.947,11.990,3,127,485
1784771892496,2026-07-23T01:58:12.496Z,-23.6049634,-46.8368807,825.812,11.986,11.950,3,127,485
1784771892548,2026-07-23T01:58:12.548Z,-23.6049677,-46.8368850,825.747,11.940,11.990,3,127,485
1784771892600,2026-07-23T01:58:12.600Z,-23.6049720,-46.8368892,825.673,11.937,11.940,3,127,485
1784771892652,2026-07-23T01:58:12.652Z,-23.6049766,-46.8368935,825.619,12.094,11.940,3,127,485
1784771892704,2026-07-23T01:58:12.704Z,-23.6049813,-46.8368977,825.604,12.185,12.100,3,127,485
1784771892756,2026-07-23T01:58:12.756Z,-23.6049862,-46.8369018,825.598,12.306,12.190,3,127,485
1784771892808,2026-07-23T01:58:12.808Z,-23.6049913,-46.8369056,825.565,12.431,12.310,3,127,485
1784771892861,2026-07-23T01:58:12.861Z,-23.6049966,-46.8369093,825.494,12.543,12.440,3,127,485
1784771892913,2026-07-23T01:58:12.913Z,-23.6050019,-46.8369129,825.489,12.561,12.550,3,127,485
1784771892965,2026-07-23T01:58:12.965Z,-23.6050073,-46.8369160,825.471,12.470,12.570,3,127,485
1784771893017,2026-07-23T01:58:13.017Z,-23.6050129,-46.8369187,825.413,12.417,12.480,3,127,485
1784771893069,2026-07-23T01:58:13.069Z,-23.6050186,-46.8369212,825.363,12.416,12.420,3,127,485
1784771893121,2026-07-23T01:58:13.121Z,-23.6050244,-46.8369235,825.337,12.414,12.420,3,127,485
1784771893173,2026-07-23T01:58:13.173Z,-23.6050303,-46.8369255,825.321,12.365,12.420,3,127,485
1784771893225,2026-07-23T01:58:13.225Z,-23.6050365,-46.8369272,825.264,12.577,12.370,3,127,485
1784771893277,2026-07-23T01:58:13.277Z,-23.6050428,-46.8369285,825.247,12.715,12.580,3,127,485
1784771893330,2026-07-23T01:58:13.330Z,-23.6050492,-46.8369298,825.196,12.830,12.720,3,127,486
1784771893385,2026-07-23T01:58:13.385Z,-23.6050557,-46.8369307,825.137,12.974,12.840,3,127,486
1784771893440,2026-07-23T01:58:13.440Z,-23.6050622,-46.8369313,825.086,13.078,12.980,3,127,486
1784771893495,2026-07-23T01:58:13.495Z,-23.6050682,-46.8369316,825.089,12.749,13.090,3,127,486
1784771893550,2026-07-23T01:58:13.550Z,-23.6050742,-46.8369314,825.027,12.506,12.760,3,127,486
1784771893605,2026-07-23T01:58:13.605Z,-23.6050808,-46.8369311,824.975,12.788,12.520,3,127,486
1784771893660,2026-07-23T01:58:13.660Z,-23.6050875,-46.8369307,825.013,13.022,12.800,3,127,486
1784771893715,2026-07-23T01:58:13.715Z,-23.6050936,-46.8369300,825.034,12.786,13.030,3,127,486
1784771893770,2026-07-23T01:58:13.770Z,-23.6050997,-46.8369283,824.993,12.717,12.790,3,127,486
1784771893825,2026-07-23T01:58:13.825Z,-23.6051061,-46.8369266,824.960,12.857,12.720,3,127,486
1784771893880,2026-07-23T01:58:13.880Z,-23.6051122,-46.8369250,824.945,12.807,12.860,3,127,486
1784771893935,2026-07-23T01:58:13.935Z,-23.6051183,-46.8369229,824.966,12.755,12.810,3,127,486
1784771893990,2026-07-23T01:58:13.990Z,-23.6051243,-46.8369206,824.962,12.823,12.760,3,127,486
1784771894045,2026-07-23T01:58:14.045Z,-23.6051304,-46.8369181,824.960,12.884,12.830,3,127,486
1784771894100,2026-07-23T01:58:14.100Z,-23.6051362,-46.8369153,824.991,12.865,12.890,3,127,486
1784771894155,2026-07-23T01:58:14.155Z,-23.6051416,-46.8369121,825.043,12.698,12.870,3,127,486
1784771894210,2026-07-23T01:58:14.210Z,-23.6051466,-46.8369083,825.002,12.518,12.700,3,127,486
1784771894265,2026-07-23T01:58:14.265Z,-23.6051514,-46.8369041,824.966,12.460,12.520,3,127,486
1784771894320,2026-07-23T01:58:14.320Z,-23.6051564,-46.8368996,824.930,12.622,12.470,3,127,487
1784771894381,2026-07-23T01:58:14.381Z,-23.6051613,-46.8368952,824.942,12.747,12.630,3,127,487
1784771894442,2026-07-23T01:58:14.442Z,-23.6051704,-46.8368863,824.852,12.398,12.750,3,127,487
1784771894504,2026-07-23T01:58:14.504Z,-23.6051744,-46.8368810,824.798,12.459,12.400,3,127,487
1784771894565,2026-07-23T01:58:14.565Z,-23.6051781,-46.8368756,824.759,12.421,12.470,3,127,487
1784771894627,2026-07-23T01:58:14.627Z,-23.6051814,-46.8368699,824.733,12.367,12.430,3,127,487
1784771894688,2026-07-23T01:58:14.688Z,-23.6051846,-46.8368641,824.697,12.385,12.370,3,127,487
1784771894750,2026-07-23T01:58:14.750Z,-23.6051874,-46.8368583,824.688,12.277,12.390,3,127,487
1784771894811,2026-07-23T01:58:14.811Z,-23.6051899,-46.8368522,824.648,12.222,12.290,3,127,487
1784771894873,2026-07-23T01:58:14.873Z,-23.6051925,-46.8368459,824.628,12.346,12.230,3,127,487
1784771894934,2026-07-23T01:58:14.934Z,-23.6051949,-46.8368398,824.649,12.326,12.350,3,127,487
1784771894996,2026-07-23T01:58:14.996Z,-23.6051968,-46.8368332,824.634,12.346,12.330,3,127,487
1784771895057,2026-07-23T01:58:15.057Z,-23.6051988,-46.8368267,824.593,12.370,12.350,3,127,487
1784771895119,2026-07-23T01:58:15.119Z,-23.6052009,-46.8368203,824.550,12.448,12.380,3,127,487
1784771895180,2026-07-23T01:58:15.180Z,-23.6052029,-46.8368135,824.550,12.674,12.460,3,127,487
1784771895242,2026-07-23T01:58:15.242Z,-23.6052049,-46.8368067,824.557,12.871,12.680,3,127,487
1784771895303,2026-07-23T01:58:15.303Z,-23.6052068,-46.8367998,824.544,12.997,12.880,3,127,487
1784771895365,2026-07-23T01:58:15.365Z,-23.6052085,-46.8367929,824.549,13.034,13.000,3,128,488
1784771895426,2026-07-23T01:58:15.426Z,-23.6052102,-46.8367861,824.559,13.031,13.040,3,128,488
1784771895488,2026-07-23T01:58:15.488Z,-23.6052118,-46.8367791,824.557,13.164,13.040,3,128,488
1784771895550,2026-07-23T01:58:15.550Z,-23.6052154,-46.8367654,824.525,13.251,13.170,3,128,488
1784771895612,2026-07-23T01:58:15.612Z,-23.6052172,-46.8367584,824.504,13.328,13.260,3,128,488
1784771895674,2026-07-23T01:58:15.674Z,-23.6052189,-46.8367510,824.494,13.551,13.330,3,128,488
1784771895736,2026-07-23T01:58:15.736Z,-23.6052205,-46.8367436,824.508,13.655,13.560,3,128,488
1784771895798,2026-07-23T01:58:15.798Z,-23.6052223,-46.8367366,824.530,13.651,13.660,3,128,488
1784771895860,2026-07-23T01:58:15.860Z,-23.6052241,-46.8367295,824.555,13.677,13.650,3,128,488
1784771895921,2026-07-23T01:58:15.921Z,-23.6052260,-46.8367221,824.524,13.875,13.680,3,128,488
1784771895983,2026-07-23T01:58:15.983Z,-23.6052278,-46.8367148,824.545,13.900,13.880,3,128,488
1784771896045,2026-07-23T01:58:16.045Z,-23.6052297,-46.8367074,824.545,14.021,13.900,3,128,488
1784771896107,2026-07-23T01:58:16.107Z,-23.6052316,-46.8367002,824.537,14.016,14.020,3,128,488
1784771896169,2026-07-23T01:58:16.169Z,-23.6052337,-46.8366929,824.507,14.107,14.020,3,128,488
1784771896231,2026-07-23T01:58:16.231Z,-23.6052358,-46.8366858,824.511,14.070,14.110,3,128,488
1784771896293,2026-07-23T01:58:16.293Z,-23.6052380,-46.8366788,824.533,13.998,14.070,3,128,488
1784771896355,2026-07-23T01:58:16.355Z,-23.6052403,-46.8366717,824.522,14.013,14.000,3,128,489
1784771896401,2026-07-23T01:58:16.401Z,-23.6052428,-46.8366645,824.528,14.154,14.010,3,128,489
1784771896448,2026-07-23T01:58:16.448Z,-23.6052454,-46.8366575,824.553,14.209,14.160,3,128,489
1784771896495,2026-07-23T01:58:16.495Z,-23.6052483,-46.8366506,824.542,14.176,14.210,3,128,489
1784771896542,2026-07-23T01:58:16.542Z,-23.6052515,-46.8366440,824.506,14.093,14.180,3,128,489
1784771896588,2026-07-23T01:58:16.588Z,-23.6052546,-46.8366377,824.525,13.888,14.090,3,128,489
1784771896635,2026-07-23T01:58:16.635Z,-23.6052579,-46.8366314,824.458,13.709,13.890,3,128,489
1784771896682,2026-07-23T01:58:16.682Z,-23.6052616,-46.8366254,824.378,13.667,13.710,3,128,489
1784771896729,2026-07-23T01:58:16.729Z,-23.6052655,-46.8366194,824.307,13.654,13.670,3,128,489
1784771896775,2026-07-23T01:58:16.775Z,-23.6052697,-46.8366139,824.273,13.563,13.660,3,128,489
1784771896822,2026-07-23T01:58:16.822Z,-23.6052741,-46.8366086,824.204,13.486,13.570,3,128,489
1784771896869,2026-07-23T01:58:16.869Z,-23.6052786,-46.8366037,824.186,13.225,13.490,3,128,489
1784771896916,2026-07-23T01:58:16.916Z,-23.6052832,-46.8365992,824.143,12.972,13.230,3,128,489
1784771896962,2026-07-23T01:58:16.962Z,-23.6052879,-46.8365950,824.057,12.732,12.980,3,128,489
1784771897009,2026-07-23T01:58:17.009Z,-23.6052928,-46.8365912,823.990,12.475,12.740,3,128,489
1784771897056,2026-07-23T01:58:17.056Z,-23.6052976,-46.8365873,823.927,12.328,12.480,3,128,489
1784771897103,2026-07-23T01:58:17.103Z,-23.6053024,-46.8365838,823.871,12.098,12.340,3,128,489
1784771897149,2026-07-23T01:58:17.149Z,-23.6053073,-46.8365808,823.807,11.806,12.110,3,128,489
1784771897196,2026-07-23T01:58:17.196Z,-23.6053124,-46.8365781,823.754,11.652,11.820,3,128,489
1784771897243,2026-07-23T01:58:17.243Z,-23.6053176,-46.8365760,823.694,11.486,11.660,3,128,489
1784771897290,2026-07-23T01:58:17.290Z,-23.6053229,-46.8365743,823.654,11.290,11.500,3,128,490
1784771897351,2026-07-23T01:58:17.351Z,-23.6053283,-46.8365732,823.583,11.165,11.300,3,128,490
1784771897412,2026-07-23T01:58:17.412Z,-23.6053337,-46.8365727,823.552,10.957,11.180,3,128,490
1784771897474,2026-07-23T01:58:17.474Z,-23.6053388,-46.8365725,823.528,10.688,10.970,3,128,490
1784771897535,2026-07-23T01:58:17.535Z,-23.6053438,-46.8365724,823.510,10.452,10.700,3,128,490
1784771897597,2026-07-23T01:58:17.597Z,-23.6053488,-46.8365724,823.491,10.282,10.470,3,128,490
1784771897658,2026-07-23T01:58:17.658Z,-23.6053540,-46.8365727,823.391,10.357,10.300,3,128,490
1784771897720,2026-07-23T01:58:17.720Z,-23.6053593,-46.8365733,823.290,10.477,10.380,3,128,490
1784771897781,2026-07-23T01:58:17.781Z,-23.6053644,-46.8365741,823.260,10.432,10.500,3,128,490
1784771897843,2026-07-23T01:58:17.843Z,-23.6053693,-46.8365752,823.236,10.297,10.450,3,128,490
1784771897904,2026-07-23T01:58:17.904Z,-23.6053743,-46.8365772,823.152,10.353,10.320,3,128,490
1784771897966,2026-07-23T01:58:17.966Z,-23.6053793,-46.8365795,823.098,10.488,10.380,3,128,490
1784771898027,2026-07-23T01:58:18.027Z,-23.6053841,-46.8365818,823.029,10.535,10.510,3,128,490
1784771898089,2026-07-23T01:58:18.089Z,-23.6053891,-46.8365845,822.964,10.704,10.560,3,128,490
1784771898150,2026-07-23T01:58:18.150Z,-23.6053936,-46.8365876,822.938,10.675,10.730,3,128,490
1784771898212,2026-07-23T01:58:18.212Z,-23.6053982,-46.8365911,822.879,10.784,10.700,3,128,490
1784771898273,2026-07-23T01:58:18.273Z,-23.6054026,-46.8365948,822.828,10.941,10.810,3,128,490
1784771898335,2026-07-23T01:58:18.335Z,-23.6054073,-46.8365987,822.764,11.211,10.970,3,127,491
1784771898387,2026-07-23T01:58:18.387Z,-23.6054118,-46.8366027,822.702,11.395,11.240,3,127,491
1784771898439,2026-07-23T01:58:18.439Z,-23.6054160,-46.8366069,822.634,11.433,11.420,3,127,491
1784771898491,2026-07-23T01:58:18.491Z,-23.6054202,-46.8366111,822.573,11.428,11.460,3,127,491
1784771898543,2026-07-23T01:58:18.543Z,-23.6054242,-46.8366155,822.514,11.474,11.460,3,127,491
1784771898595,2026-07-23T01:58:18.595Z,-23.6054282,-46.8366205,822.471,11.735,11.510,3,127,491
1784771898647,2026-07-23T01:58:18.647Z,-23.6054320,-46.8366254,822.371,11.868,11.770,3,127,491
1784771898699,2026-07-23T01:58:18.699Z,-23.6054357,-46.8366305,822.271,12.010,11.900,3,127,491
1784771898751,2026-07-23T01:58:18.751Z,-23.6054392,-46.8366360,822.184,12.147,12.040,3,127,491
1784771898803,2026-07-23T01:58:18.803Z,-23.6054427,-46.8366415,822.135,12.188,12.180,3,127,491
1784771898856,2026-07-23T01:58:18.856Z,-23.6054458,-46.8366471,822.125,12.091,12.220,3,127,491
1784771898908,2026-07-23T01:58:18.908Z,-23.6054488,-46.8366527,822.053,12.001,12.130,3,127,491
1784771898960,2026-07-23T01:58:18.960Z,-23.6054518,-46.8366585,822.004,12.155,12.040,3,127,491
1784771899012,2026-07-23T01:58:19.012Z,-23.6054549,-46.8366645,821.975,12.314,12.190,3,127,491
1784771899064,2026-07-23T01:58:19.064Z,-23.6054578,-46.8366708,821.935,12.588,12.350,3,127,491
1784771899116,2026-07-23T01:58:19.116Z,-23.6054606,-46.8366771,821.855,12.764,12.620,3,127,491
1784771899168,2026-07-23T01:58:19.168Z,-23.6054634,-46.8366835,821.759,12.954,12.800,3,127,491
1784771899220,2026-07-23T01:58:19.220Z,-23.6054662,-46.8366901,821.727,13.202,12.990,3,127,491
1784771899272,2026-07-23T01:58:19.272Z,-23.6054688,-46.8366965,821.651,13.151,13.240,3,127,491
1784771899325,2026-07-23T01:58:19.325Z,-23.6054714,-46.8367032,821.582,13.290,13.190,3,127,492
1784771899386,2026-07-23T01:58:19.386Z,-23.6054740,-46.8367096,821.495,13.268,13.330,3,127,492
1784771899448,2026-07-23T01:58:19.448Z,-23.6054793,-46.8367226,821.418,13.149,13.310,3,127,492
1784771899510,2026-07-23T01:58:19.510Z,-23.6054819,-46.8367291,821.366,13.161,13.190,3,127,492
1784771899572,2026-07-23T01:58:19.572Z,-23.6054847,-46.8367356,821.283,13.291,13.200,3,127,492
1784771899634,2026-07-23T01:58:19.634Z,-23.6054877,-46.8367422,821.239,13.388,13.330,3,127,492
1784771899696,2026-07-23T01:58:19.696Z,-23.6054907,-46.8367487,821.161,13.479,13.430,3,127,492
1784771899758,2026-07-23T01:58:19.758Z,-23.6054939,-46.8367552,821.086,13.601,13.520,3,127,492
1784771899820,2026-07-23T01:58:19.820Z,-23.6054974,-46.8367616,821.013,13.746,13.640,3,127,492
1784771899881,2026-07-23T01:58:19.881Z,-23.6055010,-46.8367681,820.983,13.858,13.790,3,127,492
1784771899943,2026-07-23T01:58:19.943Z,-23.6055046,-46.8367745,820.957,13.922,13.900,3,127,492
1784771900005,2026-07-23T01:58:20.005Z,-23.6055085,-46.8367808,820.897,14.035,13.960,3,127,492
1784771900067,2026-07-23T01:58:20.067Z,-23.6055127,-46.8367870,820.836,14.167,14.070,3,127,492
1784771900129,2026-07-23T01:58:20.129Z,-23.6055171,-46.8367930,820.750,14.314,14.200,3,127,492
1784771900191,2026-07-23T01:58:20.191Z,-23.6055217,-46.8367988,820.708,14.288,14.350,3,127,492
1784771900253,2026-07-23T01:58:20.253Z,-23.6055266,-46.8368044,820.654,14.310,14.320,3,127,492
1784771900315,2026-07-23T01:58:20.315Z,-23.6055313,-46.8368098,820.608,14.201,14.350,3,134,493
1784771900367,2026-07-23T01:58:20.367Z,-23.6055364,-46.8368152,820.542,14.210,14.240,3,134,493
1784771900419,2026-07-23T01:58:20.419Z,-23.6055415,-46.8368205,820.488,14.253,14.250,3,134,493
1784771900471,2026-07-23T01:58:20.471Z,-23.6055468,-46.8368254,820.469,14.122,14.290,3,134,493
1784771900524,2026-07-23T01:58:20.524Z,-23.6055522,-46.8368302,820.413,14.140,14.160,3,134,493
1784771900576,2026-07-23T01:58:20.576Z,-23.6055581,-46.8368349,820.359,14.331,14.180,3,134,493
1784771900628,2026-07-23T01:58:20.628Z,-23.6055640,-46.8368394,820.307,14.444,14.370,3,134,493
1784771900680,2026-07-23T01:58:20.680Z,-23.6055700,-46.8368437,820.259,14.454,14.480,3,134,493
1784771900733,2026-07-23T01:58:20.733Z,-23.6055765,-46.8368478,820.201,14.651,14.490,3,134,493
1784771900785,2026-07-23T01:58:20.785Z,-23.6055830,-46.8368517,820.164,14.752,14.680,3,134,493
1784771900837,2026-07-23T01:58:20.837Z,-23.6055893,-46.8368552,820.143,14.587,14.790,3,134,493
1784771900889,2026-07-23T01:58:20.889Z,-23.6055957,-46.8368584,820.080,14.452,14.620,3,134,493
1784771900942,2026-07-23T01:58:20.942Z,-23.6056020,-46.8368615,820.040,14.298,14.490,3,134,493
1784771900994,2026-07-23T01:58:20.994Z,-23.6056083,-46.8368641,819.991,14.059,14.330,3,134,493
1784771901046,2026-07-23T01:58:21.046Z,-23.6056149,-46.8368663,819.938,13.977,14.090,3,134,493
1784771901098,2026-07-23T01:58:21.098Z,-23.6056213,-46.8368680,819.965,13.766,14.010,3,134,493
1784771901151,2026-07-23T01:58:21.151Z,-23.6056280,-46.8368694,819.958,13.659,13.800,3,134,493
1784771901203,2026-07-23T01:58:21.203Z,-23.6056349,-46.8368704,819.943,13.823,13.690,3,134,493
1784771901255,2026-07-23T01:58:21.255Z,-23.6056415,-46.8368712,820.050,13.626,13.850,3,134,493
1784771901307,2026-07-23T01:58:21.307Z,-23.6056478,-46.8368716,820.146,13.223,13.650,3,134,493
1784771901360,2026-07-23T01:58:21.360Z,-23.6056542,-46.8368714,820.155,13.045,13.240,3,152,494
1784771901421,2026-07-23T01:58:21.421Z,-23.6056610,-46.8368713,820.133,13.237,13.060,3,152,494
1784771901483,2026-07-23T01:58:21.483Z,-23.6056676,-46.8368705,820.117,13.247,13.250,3,152,494
1784771901545,2026-07-23T01:58:21.545Z,-23.6056741,-46.8368694,820.150,13.180,13.260,3,152,494
1784771901607,2026-07-23T01:58:21.607Z,-23.6056803,-46.8368681,820.180,12.992,13.190,3,152,494
1784771901669,2026-07-23T01:58:21.669Z,-23.6056863,-46.8368664,820.202,12.789,13.000,3,152,494
1784771901731,2026-07-23T01:58:21.731Z,-23.6056923,-46.8368646,820.169,12.705,12.800,3,152,494
1784771901793,2026-07-23T01:58:21.793Z,-23.6056980,-46.8368626,820.161,12.468,12.710,3,152,494
1784771901855,2026-07-23T01:58:21.855Z,-23.6057035,-46.8368603,820.185,12.290,12.480,3,152,494
1784771901916,2026-07-23T01:58:21.916Z,-23.6057092,-46.8368580,820.161,12.259,12.300,3,152,494
1784771901978,2026-07-23T01:58:21.978Z,-23.6057145,-46.8368554,820.109,12.076,12.270,3,152,494
1784771902040,2026-07-23T01:58:22.040Z,-23.6057192,-46.8368519,820.040,11.812,12.080,3,152,494
1784771902102,2026-07-23T01:58:22.102Z,-23.6057236,-46.8368482,820.015,11.589,11.820,3,152,494
1784771902164,2026-07-23T01:58:22.164Z,-23.6057278,-46.8368444,819.991,11.365,11.600,3,152,494
1784771902226,2026-07-23T01:58:22.226Z,-23.6057318,-46.8368404,819.984,11.172,11.370,3,152,494
1784771902288,2026-07-23T01:58:22.288Z,-23.6057358,-46.8368363,820.000,11.108,11.180,3,152,494
1784771902350,2026-07-23T01:58:22.350Z,-23.6057396,-46.8368322,820.047,10.988,11.120,3,136,495
1784771902405,2026-07-23T01:58:22.405Z,-23.6057428,-46.8368276,820.062,10.802,10.990,3,136,495
1784771902460,2026-07-23T01:58:22.460Z,-23.6057457,-46.8368224,820.079,10.820,10.810,3,136,495
1784771902515,2026-07-23T01:58:22.515Z,-23.6057485,-46.8368172,820.084,10.771,10.830,3,136,495
1784771902570,2026-07-23T01:58:22.570Z,-23.6057549,-46.8368080,820.058,10.712,10.780,3,136,495
1784771902625,2026-07-23T01:58:22.625Z,-23.6057575,-46.8368032,820.048,10.554,10.720,3,136,495
1784771902680,2026-07-23T01:58:22.680Z,-23.6057590,-46.8367977,820.067,10.358,10.560,3,136,495
1784771902735,2026-07-23T01:58:22.735Z,-23.6057603,-46.8367921,820.109,10.301,10.360,3,136,495
1784771902790,2026-07-23T01:58:22.790Z,-23.6057614,-46.8367862,820.150,10.402,10.300,3,136,495
1784771902845,2026-07-23T01:58:22.845Z,-23.6057624,-46.8367804,820.163,10.410,10.400,3,136,495
1784771902900,2026-07-23T01:58:22.900Z,-23.6057630,-46.8367742,820.200,10.565,10.410,3,136,495
1784771902955,2026-07-23T01:58:22.955Z,-23.6057634,-46.8367683,820.221,10.584,10.570,3,136,495
1784771903010,2026-07-23T01:58:23.010Z,-23.6057635,-46.8367622,820.244,10.633,10.580,3,136,495
1784771903065,2026-07-23T01:58:23.065Z,-23.6057632,-46.8367560,820.261,10.764,10.630,3,136,495
1784771903120,2026-07-23T01:58:23.120Z,-23.6057625,-46.8367495,820.273,11.007,10.770,3,136,495
1784771903175,2026-07-23T01:58:23.175Z,-23.6057618,-46.8367430,820.310,11.223,11.010,3,136,495
1784771903230,2026-07-23T01:58:23.230Z,-23.6057611,-46.8367365,820.323,11.421,11.220,3,136,495
1784771903285,2026-07-23T01:58:23.285Z,-23.6057603,-46.8367301,820.333,11.555,11.420,3,136,495
1784771903340,2026-07-23T01:58:23.340Z,-23.6057597,-46.8367236,820.357,11.715,11.560,3,136,496
1784771903395,2026-07-23T01:58:23.395Z,-23.6057589,-46.8367171,820.367,11.825,11.720,3,136,496
1784771903450,2026-07-23T01:58:23.450Z,-23.6057581,-46.8367106,820.395,11.910,11.820,3,136,496
1784771903505,2026-07-23T01:58:23.505Z,-23.6057572,-46.8367044,820.425,11.791,11.910,3,136,496
1784771903560,2026-07-23T01:58:23.560Z,-23.6057562,-46.8366986,820.492,11.540,11.790,3,136,496
1784771903615,2026-07-23T01:58:23.615Z,-23.6057548,-46.8366925,820.565,11.512,11.540,3,136,496
1784771903670,2026-07-23T01:58:23.670Z,-23.6057536,-46.8366865,820.620,11.484,11.510,3,136,496
1784771903725,2026-07-23T01:58:23.725Z,-23.6057523,-46.8366806,820.631,11.405,11.480,3,136,496
1784771903780,2026-07-23T01:58:23.780Z,-23.6057511,-46.8366746,820.626,11.393,11.410,3,136,496
1784771903835,2026-07-23T01:58:23.835Z,-23.6057500,-46.8366687,820.641,11.321,11.390,3,136,496
1784771903890,2026-07-23T01:58:23.890Z,-23.6057486,-46.8366626,820.664,11.382,11.320,3,136,496
1784771903945,2026-07-23T01:58:23.945Z,-23.6057472,-46.8366566,820.741,11.372,11.380,3,136,496
1784771904000,2026-07-23T01:58:24.000Z,-23.6057458,-46.8366506,820.755,11.419,11.370,3,136,496
1784771904055,2026-07-23T01:58:24.055Z,-23.6057443,-46.8366445,820.814,11.485,11.420,3,136,496
1784771904110,2026-07-23T01:58:24.110Z,-23.6057425,-46.8366383,820.876,11.627,11.490,3,136,496
1784771904165,2026-07-23T01:58:24.165Z,-23.6057409,-46.8366321,820.904,11.720,11.630,3,136,496
1784771904220,2026-07-23T01:58:24.220Z,-23.6057391,-46.8366260,820.946,11.740,11.720,3,136,496
1784771904275,2026-07-23T01:58:24.275Z,-23.6057374,-46.8366198,820.991,11.827,11.740,3,136,496
1784771904330,2026-07-23T01:58:24.330Z,-23.6057354,-46.8366134,821.019,12.002,11.830,3,127,497
1784771904385,2026-07-23T01:58:24.385Z,-23.6057333,-46.8366074,821.125,11.972,12.010,3,127,497
1784771904440,2026-07-23T01:58:24.440Z,-23.6057313,-46.8366016,821.220,11.778,11.980,3,127,497
1784771904495,2026-07-23T01:58:24.495Z,-23.6057294,-46.8365958,821.253,11.665,11.780,3,127,497
1784771904550,2026-07-23T01:58:24.550Z,-23.6057276,-46.8365898,821.270,11.662,11.670,3,127,497
1784771904605,2026-07-23T01:58:24.605Z,-23.6057259,-46.8365833,821.306,11.948,11.670,3,127,497
1784771904660,2026-07-23T01:58:24.660Z,-23.6057243,-46.8365767,821.346,12.185,11.950,3,127,497
1784771904715,2026-07-23T01:58:24.715Z,-23.6057226,-46.8365699,821.422,12.419,12.190,3,127,497
1784771904770,2026-07-23T01:58:24.770Z,-23.6057209,-46.8365630,821.492,12.669,12.430,3,127,497
1784771904825,2026-07-23T01:58:24.825Z,-23.6057190,-46.8365558,821.646,12.972,12.680,3,127,497
1784771904880,2026-07-23T01:58:24.880Z,-23.6057173,-46.8365488,821.800,13.085,12.980,3,127,497
1784771904935,2026-07-23T01:58:24.935Z,-23.6057159,-46.8365420,821.889,13.019,13.100,3,127,497
1784771904990,2026-07-23T01:58:24.990Z,-23.6057141,-46.8365354,821.981,12.924,13.030,3,127,497
1784771905045,2026-07-23T01:58:25.045Z,-23.6057123,-46.8365289,822.017,12.772,12.940,3,127,497
1784771905100,2026-07-23T01:58:25.100Z,-23.6057102,-46.8365225,822.097,12.645,12.790,3,127,497
1784771905155,2026-07-23T01:58:25.155Z,-23.6057081,-46.8365161,822.129,12.608,12.660,3,127,497
1784771905210,2026-07-23T01:58:25.210Z,-23.6057060,-46.8365096,822.182,12.639,12.630,3,127,497
1784771905265,2026-07-23T01:58:25.265Z,-23.6057039,-46.8365031,822.255,12.718,12.660,3,127,497
1784771905320,2026-07-23T01:58:25.320Z,-23.6057017,-46.8364965,822.288,12.764,12.740,3,127,497
1784771905375,2026-07-23T01:58:25.375Z,-23.6056996,-46.8364901,822.357,12.733,12.780,3,127,498
1784771905436,2026-07-23T01:58:25.436Z,-23.6056973,-46.8364836,822.400,12.784,12.750,3,127,498
1784771905498,2026-07-23T01:58:25.498Z,-23.6056925,-46.8364705,822.482,12.948,12.800,3,127,498
1784771905560,2026-07-23T01:58:25.560Z,-23.6056898,-46.8364642,822.532,12.945,12.970,3,127,498
1784771905622,2026-07-23T01:58:25.622Z,-23.6056869,-46.8364580,822.596,12.901,12.970,3,127,498
1784771905684,2026-07-23T01:58:25.684Z,-23.6056838,-46.8364517,822.676,13.028,12.920,3,127,498
1784771905746,2026-07-23T01:58:25.746Z,-23.6056807,-46.8364455,822.721,13.029,13.050,3,127,498
1784771905808,2026-07-23T01:58:25.808Z,-23.6056773,-46.8364395,822.828,13.009,13.050,3,127,498
1784771905870,2026-07-23T01:58:25.870Z,-23.6056739,-46.8364335,822.876,13.057,13.030,3,127,498
1784771905931,2026-07-23T01:58:25.931Z,-23.6056704,-46.8364275,822.930,13.084,13.080,3,127,498
1784771905993,2026-07-23T01:58:25.993Z,-23.6056668,-46.8364219,822.991,12.946,13.110,3,127,498
1784771906055,2026-07-23T01:58:26.055Z,-23.6056630,-46.8364162,823.051,12.969,12.970,3,127,498
1784771906117,2026-07-23T01:58:26.117Z,-23.6056590,-46.8364106,823.116,13.004,13.000,3,127,498
1784771906179,2026-07-23T01:58:26.179Z,-23.6056549,-46.8364053,823.153,12.990,13.030,3,127,498
1784771906241,2026-07-23T01:58:26.241Z,-23.6056504,-46.8363999,823.216,13.150,13.020,3,127,498
1784771906303,2026-07-23T01:58:26.303Z,-23.6056458,-46.8363947,823.271,13.242,13.180,3,127,498
1784771906365,2026-07-23T01:58:26.365Z,-23.6056411,-46.8363897,823.334,13.249,13.270,3,127,499
1784771906417,2026-07-23T01:58:26.417Z,-23.6056362,-46.8363846,823.360,13.406,13.280,3,127,499
1784771906469,2026-07-23T01:58:26.469Z,-23.6056311,-46.8363796,823.363,13.519,13.430,3,127,499
1784771906521,2026-07-23T01:58:26.521Z,-23.6056259,-46.8363750,823.398,13.525,13.540,3,127,499
1784771906573,2026-07-23T01:58:26.573Z,-23.6056207,-46.8363706,823.464,13.477,13.550,3,127,499
1784771906625,2026-07-23T01:58:26.625Z,-23.6056154,-46.8363663,823.535,13.445,13.500,3,127,499
1784771906677,2026-07-23T01:58:26.677Z,-23.6056100,-46.8363621,823.572,13.436,13.470,3,127,499
1784771906729,2026-07-23T01:58:26.729Z,-23.6056044,-46.8363579,823.608,13.483,13.460,3,127,499
1784771906781,2026-07-23T01:58:26.781Z,-23.6055987,-46.8363539,823.649,13.564,13.510,3,127,499
1784771906833,2026-07-23T01:58:26.833Z,-23.6055929,-46.8363503,823.661,13.537,13.590,3,127,499
1784771906886,2026-07-23T01:58:26.886Z,-23.6055870,-46.8363469,823.670,13.551,13.560,3,127,499
1784771906938,2026-07-23T01:58:26.938Z,-23.6055811,-46.8363437,823.681,13.500,13.580,3,127,499
1784771906990,2026-07-23T01:58:26.990Z,-23.6055751,-46.8363407,823.692,13.434,13.520,3,127,499
1784771907042,2026-07-23T01:58:27.042Z,-23.6055692,-46.8363379,823.725,13.339,13.460,3,127,499
1784771907094,2026-07-23T01:58:27.094Z,-23.6055629,-46.8363352,823.772,13.393,13.360,3,127,499
1784771907146,2026-07-23T01:58:27.146Z,-23.6055561,-46.8363331,823.764,13.716,13.420,3,127,499
1784771907198,2026-07-23T01:58:27.198Z,-23.6055497,-46.8363316,823.901,13.566,13.740,3,127,499
1784771907250,2026-07-23T01:58:27.250Z,-23.6055432,-46.8363301,823.994,13.485,13.590,3,127,499
1784771907302,2026-07-23T01:58:27.302Z,-23.6055363,-46.8363288,824.057,13.708,13.510,3,127,499
1784771907355,2026-07-23T01:58:27.355Z,-23.6055294,-46.8363279,824.085,13.763,13.730,3,127,500
1784771907413,2026-07-23T01:58:27.413Z,-23.6055226,-46.8363270,824.126,13.725,13.790,3,127,500
1784771907471,2026-07-23T01:58:27.471Z,-23.6055159,-46.8363263,824.147,13.693,13.750,3,127,500
1784771907529,2026-07-23T01:58:27.529Z,-23.6055023,-46.8363241,824.212,13.831,13.720,3,127,500
1784771907587,2026-07-23T01:58:27.587Z,-23.6054953,-46.8363233,824.245,13.884,13.850,3,127,500
1784771907646,2026-07-23T01:58:27.646Z,-23.6054884,-46.8363234,824.289,13.886,13.910,3,127,500
1784771907704,2026-07-23T01:58:27.704Z,-23.6054816,-46.8363235,824.330,13.828,13.910,3,127,500
1784771907762,2026-07-23T01:58:27.762Z,-23.6054746,-46.8363235,824.347,13.876,13.850,3,127,500
1784771907820,2026-07-23T01:58:27.820Z,-23.6054675,-46.8363235,824.354,14.079,13.900,3,127,500
1784771907879,2026-07-23T01:58:27.879Z,-23.6054607,-46.8363238,824.401,13.902,14.100,3,127,500
1784771907937,2026-07-23T01:58:27.937Z,-23.6054540,-46.8363243,824.458,13.734,13.920,3,127,500
1784771907995,2026-07-23T01:58:27.995Z,-23.6054472,-46.8363248,824.483,13.801,13.750,3,127,500
1784771908053,2026-07-23T01:58:28.053Z,-23.6054401,-46.8363255,824.523,13.973,13.820,3,127,500
1784771908112,2026-07-23T01:58:28.112Z,-23.6054332,-46.8363262,824.600,13.976,13.990,3,127,500
1784771908170,2026-07-23T01:58:28.170Z,-23.6054263,-46.8363274,824.622,13.970,14.000,3,127,500
1784771908228,2026-07-23T01:58:28.228Z,-23.6054193,-46.8363288,824.666,14.034,13.990,3,127,500
1784771908286,2026-07-23T01:58:28.286Z,-23.6054123,-46.8363302,824.694,14.134,14.050,3,127,500
1784771908345,2026-07-23T01:58:28.345Z,-23.6054053,-46.8363319,824.734,14.163,14.150,3,127,501
1784771908397,2026-07-23T01:58:28.397Z,-23.6053982,-46.8363336,824.744,14.299,14.180,3,127,501
1784771908449,2026-07-23T01:58:28.449Z,-23.6053911,-46.8363354,824.765,14.426,14.320,3,127,501
1784771908501,2026-07-23T01:58:28.501Z,-23.6053841,-46.8363373,824.762,14.430,14.440,3,127,501
1784771908553,2026-07-23T01:58:28.553Z,-23.6053772,-46.8363393,824.802,14.372,14.440,3,127,501
1784771908605,2026-07-23T01:58:28.605Z,-23.6053701,-46.8363413,824.867,14.462,14.390,3,127,501
1784771908657,2026-07-23T01:58:28.657Z,-23.6053631,-46.8363436,824.864,14.565,14.480,3,127,501
1784771908709,2026-07-23T01:58:28.709Z,-23.6053560,-46.8363459,824.910,14.652,14.580,3,127,501
1784771908761,2026-07-23T01:58:28.761Z,-23.6053488,-46.8363484,824.933,14.788,14.670,3,127,501
1784771908813,2026-07-23T01:58:28.813Z,-23.6053417,-46.8363508,824.939,14.895,14.800,3,127,501
1784771908866,2026-07-23T01:58:28.866Z,-23.6053346,-46.8363532,824.970,14.902,14.910,3,127,501
1784771908918,2026-07-23T01:58:28.918Z,-23.6053277,-46.8363555,825.037,14.752,14.910,3,127,501
1784771908970,2026-07-23T01:58:28.970Z,-23.6053207,-46.8363579,825.051,14.802,14.760,3,127,501
1784771909022,2026-07-23T01:58:29.022Z,-23.6053135,-46.8363607,825.121,14.927,14.810,3,127,501
1784771909074,2026-07-23T01:58:29.074Z,-23.6053065,-46.8363633,825.218,14.904,14.940,3,127,501
1784771909126,2026-07-23T01:58:29.126Z,-23.6052994,-46.8363661,825.255,14.973,14.920,3,127,501
1784771909178,2026-07-23T01:58:29.178Z,-23.6052923,-46.8363688,825.315,15.015,14.990,3,127,501
1784771909230,2026-07-23T01:58:29.230Z,-23.6052853,-46.8363714,825.357,14.989,15.030,3,127,501
1784771909282,2026-07-23T01:58:29.282Z,-23.6052782,-46.8363739,825.381,14.994,15.000,3,127,501
1784771909335,2026-07-23T01:58:29.335Z,-23.6052711,-46.8363762,825.389,15.037,15.010,3,127,502
1784771909393,2026-07-23T01:58:29.393Z,-23.6052638,-46.8363788,825.430,15.182,15.050,3,127,502
1784771909451,2026-07-23T01:58:29.451Z,-23.6052566,-46.8363812,825.467,15.247,15.200,3,127,502
1784771909509,2026-07-23T01:58:29.509Z,-23.6052495,-46.8363837,825.497,15.216,15.260,3,127,502
1784771909567,2026-07-23T01:58:29.567Z,-23.6052423,-46.8363861,825.538,15.215,15.230,3,127,502
1784771909625,2026-07-23T01:58:29.625Z,-23.6052349,-46.8363885,825.617,15.324,15.230,3,127,502
1784771909683,2026-07-23T01:58:29.683Z,-23.6052276,-46.8363910,825.689,15.332,15.340,3,127,502
1784771909741,2026-07-23T01:58:29.741Z,-23.6052203,-46.8363936,825.767,15.371,15.350,3,127,502
1784771909799,2026-07-23T01:58:29.799Z,-23.6052130,-46.8363962,825.791,15.469,15.390,3,127,502
1784771909857,2026-07-23T01:58:29.857Z,-23.6052056,-46.8363988,825.796,15.546,15.480,3,127,502
1784771909915,2026-07-23T01:58:29.915Z,-23.6051983,-46.8364012,825.849,15.547,15.560,3,127,502
1784771909973,2026-07-23T01:58:29.973Z,-23.6051908,-46.8364037,825.931,15.567,15.560,3,127,502
1784771910031,2026-07-23T01:58:30.031Z,-23.6051832,-46.8364062,825.984,15.732,15.580,3,127,502
1784771910089,2026-07-23T01:58:30.089Z,-23.6051755,-46.8364087,826.058,15.868,15.750,3,127,502
1784771910147,2026-07-23T01:58:30.147Z,-23.6051677,-46.8364114,826.157,16.055,15.880,3,127,502
1784771910205,2026-07-23T01:58:30.205Z,-23.6051599,-46.8364138,826.305,16.086,16.070,3,127,502
1784771910263,2026-07-23T01:58:30.263Z,-23.6051523,-46.8364163,826.393,16.057,16.110,3,127,502
1784771910321,2026-07-23T01:58:30.321Z,-23.6051447,-46.8364187,826.461,15.994,16.080,3,127,502
1784771910380,2026-07-23T01:58:30.380Z,-23.6051374,-46.8364212,826.560,15.802,16.020,3,127,503
1784771910431,2026-07-23T01:58:30.431Z,-23.6051303,-46.8364235,826.626,15.518,15.830,3,127,503
1784771910483,2026-07-23T01:58:30.483Z,-23.6051229,-46.8364257,826.611,15.512,15.540,3,127,503
1784771910535,2026-07-23T01:58:30.535Z,-23.6051156,-46.8364281,826.627,15.525,15.530,3,127,503
1784771910587,2026-07-23T01:58:30.587Z,-23.6051080,-46.8364307,826.720,15.659,15.550,3,127,503
1784771910639,2026-07-23T01:58:30.639Z,-23.6051007,-46.8364334,826.814,15.649,15.680,3,127,503
1784771910691,2026-07-23T01:58:30.691Z,-23.6050934,-46.8364358,826.833,15.570,15.670,3,127,503
1784771910743,2026-07-23T01:58:30.743Z,-23.6050861,-46.8364382,826.894,15.526,15.590,3,127,503
1784771910795,2026-07-23T01:58:30.795Z,-23.6050787,-46.8364407,826.941,15.576,15.550,3,127,503
1784771910847,2026-07-23T01:58:30.847Z,-23.6050713,-46.8364432,827.025,15.604,15.600,3,127,503
1784771910899,2026-07-23T01:58:30.899Z,-23.6050639,-46.8364458,827.091,15.642,15.630,3,127,503
1784771910951,2026-07-23T01:58:30.951Z,-23.6050564,-46.8364484,827.154,15.721,15.670,3,127,503
1784771911003,2026-07-23T01:58:31.003Z,-23.6050489,-46.8364512,827.224,15.862,15.750,3,127,503
1784771911055,2026-07-23T01:58:31.055Z,-23.6050412,-46.8364538,827.303,15.938,15.890,3,127,503
1784771911107,2026-07-23T01:58:31.107Z,-23.6050336,-46.8364564,827.388,16.019,15.960,3,127,503
1784771911159,2026-07-23T01:58:31.159Z,-23.6050260,-46.8364590,827.430,16.025,16.050,3,127,503
1784771911211,2026-07-23T01:58:31.211Z,-23.6050184,-46.8364616,827.490,16.009,16.050,3,127,503
1784771911263,2026-07-23T01:58:31.263Z,-23.6050109,-46.8364644,827.571,16.023,16.040,3,127,503
1784771911315,2026-07-23T01:58:31.315Z,-23.6050032,-46.8364670,827.631,16.040,16.050,3,127,504
1784771911376,2026-07-23T01:58:31.376Z,-23.6049956,-46.8364696,827.689,16.110,16.070,3,127,504
1784771911437,2026-07-23T01:58:31.437Z,-23.6049803,-46.8364748,827.808,16.115,16.140,3,127,504
1784771911499,2026-07-23T01:58:31.499Z,-23.6049726,-46.8364773,827.876,16.111,16.140,3,127,504
1784771911560,2026-07-23T01:58:31.560Z,-23.6049650,-46.8364797,827.927,16.138,16.140,3,127,504
1784771911622,2026-07-23T01:58:31.622Z,-23.6049572,-46.8364823,827.998,16.198,16.170,3,127,504
1784771911683,2026-07-23T01:58:31.683Z,-23.6049495,-46.8364849,828.063,16.210,16.230,3,127,504
1784771911745,2026-07-23T01:58:31.745Z,-23.6049417,-46.8364874,828.119,16.327,16.240,3,127,504
1784771911806,2026-07-23T01:58:31.806Z,-23.6049339,-46.8364901,828.176,16.345,16.360,3,127,504
1784771911868,2026-07-23T01:58:31.868Z,-23.6049262,-46.8364927,828.237,16.340,16.370,3,127,504
1784771911929,2026-07-23T01:58:31.929Z,-23.6049187,-46.8364954,828.261,16.290,16.370,3,127,504
1784771911991,2026-07-23T01:58:31.991Z,-23.6049114,-46.8364985,828.305,16.098,16.320,3,127,504
1784771912052,2026-07-23T01:58:32.052Z,-23.6049043,-46.8365014,828.370,15.797,16.130,3,127,504
1784771912114,2026-07-23T01:58:32.114Z,-23.6048972,-46.8365041,828.374,15.623,15.830,3,127,504
1784771912175,2026-07-23T01:58:32.175Z,-23.6048899,-46.8365067,828.385,15.611,15.650,3,127,504
1784771912237,2026-07-23T01:58:32.237Z,-23.6048823,-46.8365095,828.412,15.849,15.640,3,127,504
1784771912298,2026-07-23T01:58:32.298Z,-23.6048745,-46.8365125,828.451,16.181,15.880,3,127,504
1784771912360,2026-07-23T01:58:32.360Z,-23.6048664,-46.8365153,828.492,16.516,16.210,3,127,505
1784771912412,2026-07-23T01:58:32.412Z,-23.6048582,-46.8365182,828.547,16.832,16.540,3,127,505
1784771912464,2026-07-23T01:58:32.464Z,-23.6048500,-46.8365211,828.580,17.017,16.860,3,127,505
1784771912516,2026-07-23T01:58:32.516Z,-23.6048420,-46.8365239,828.612,17.009,17.040,3,127,505
1784771912568,2026-07-23T01:58:32.568Z,-23.6048340,-46.8365271,828.668,17.064,17.030,3,127,505
1784771912620,2026-07-23T01:58:32.620Z,-23.6048264,-46.8365305,828.746,16.874,17.090,3,127,505
1784771912672,2026-07-23T01:58:32.672Z,-23.6048187,-46.8365338,828.786,16.829,16.900,3,127,505
1784771912724,2026-07-23T01:58:32.724Z,-23.6048110,-46.8365373,828.824,16.806,16.850,3,127,505
1784771912776,2026-07-23T01:58:32.776Z,-23.6048033,-46.8365409,828.849,16.844,16.830,3,127,505
1784771912828,2026-07-23T01:58:32.828Z,-23.6047957,-46.8365449,828.895,16.898,16.870,3,127,505
1784771912881,2026-07-23T01:58:32.881Z,-23.6047882,-46.8365489,828.946,16.811,16.920,3,127,505
1784771912933,2026-07-23T01:58:32.933Z,-23.6047807,-46.8365527,828.975,16.775,16.830,3,127,505
1784771912985,2026-07-23T01:58:32.985Z,-23.6047732,-46.8365568,829.009,16.840,16.800,3,127,505
1784771913037,2026-07-23T01:58:33.037Z,-23.6047657,-46.8365611,829.026,16.933,16.860,3,127,505
1784771913089,2026-07-23T01:58:33.089Z,-23.6047583,-46.8365656,829.064,16.990,16.950,3,127,505
1784771913141,2026-07-23T01:58:33.141Z,-23.6047510,-46.8365699,829.079,16.920,17.010,3,127,505
1784771913193,2026-07-23T01:58:33.193Z,-23.6047438,-46.8365746,829.088,16.973,16.940,3,127,505
1784771913245,2026-07-23T01:58:33.245Z,-23.6047366,-46.8365793,829.084,17.019,16.990,3,127,505
1784771913297,2026-07-23T01:58:33.297Z,-23.6047295,-46.8365843,829.081,17.052,17.030,3,127,505
1784771913350,2026-07-23T01:58:33.350Z,-23.6047225,-46.8365894,829.089,17.059,17.070,3,127,506
1784771913411,2026-07-23T01:58:33.411Z,-23.6047154,-46.8365946,829.082,17.148,17.070,3,127,506
1784771913473,2026-07-23T01:58:33.473Z,-23.6047014,-46.8366051,829.136,17.185,17.160,3,127,506
1784771913535,2026-07-23T01:58:33.535Z,-23.6046948,-46.8366109,829.161,17.137,17.200,3,127,506
1784771913597,2026-07-23T01:58:33.597Z,-23.6046883,-46.8366174,829.123,17.355,17.150,3,127,506
1784771913659,2026-07-23T01:58:33.659Z,-23.6046822,-46.8366239,829.113,17.314,17.360,3,127,506
1784771913721,2026-07-23T01:58:33.721Z,-23.6046759,-46.8366304,829.091,17.408,17.320,3,127,506
1784771913783,2026-07-23T01:58:33.783Z,-23.6046697,-46.8366369,829.047,17.492,17.410,3,127,506
1784771913845,2026-07-23T01:58:33.845Z,-23.6046636,-46.8366435,828.991,17.515,17.500,3,127,506
1784771913906,2026-07-23T01:58:33.906Z,-23.6046574,-46.8366502,828.959,17.588,17.520,3,127,506
1784771913968,2026-07-23T01:58:33.968Z,-23.6046514,-46.8366570,828.925,17.603,17.590,3,127,506
1784771914030,2026-07-23T01:58:34.030Z,-23.6046456,-46.8366641,828.897,17.670,17.610,3,127,506
1784771914092,2026-07-23T01:58:34.092Z,-23.6046398,-46.8366713,828.887,17.682,17.670,3,127,506
1784771914154,2026-07-23T01:58:34.154Z,-23.6046345,-46.8366787,828.818,17.599,17.680,3,127,506
1784771914216,2026-07-23T01:58:34.216Z,-23.6046292,-46.8366862,828.753,17.641,17.600,3,127,506
1784771914278,2026-07-23T01:58:34.278Z,-23.6046242,-46.8366941,828.762,17.670,17.640,3,127,506
1784771914340,2026-07-23T01:58:34.340Z,-23.6046193,-46.8367020,828.685,17.707,17.670,3,137,507
1784771914398,2026-07-23T01:58:34.398Z,-23.6046147,-46.8367103,828.570,17.857,17.710,3,137,507
1784771914456,2026-07-23T01:58:34.456Z,-23.6046104,-46.8367186,828.488,17.853,17.860,3,137,507
1784771914514,2026-07-23T01:58:34.514Z,-23.6046018,-46.8367355,828.421,17.952,17.850,3,137,507
1784771914572,2026-07-23T01:58:34.572Z,-23.6045982,-46.8367444,828.295,18.021,17.950,3,137,507
1784771914631,2026-07-23T01:58:34.631Z,-23.6045949,-46.8367530,828.199,17.892,18.020,3,137,507
1784771914689,2026-07-23T01:58:34.689Z,-23.6045916,-46.8367618,828.139,17.817,17.890,3,137,507
1784771914747,2026-07-23T01:58:34.747Z,-23.6045887,-46.8367709,828.019,17.854,17.820,3,137,507
1784771914805,2026-07-23T01:58:34.805Z,-23.6045860,-46.8367800,827.862,17.925,17.860,3,137,507
1784771914864,2026-07-23T01:58:34.864Z,-23.6045833,-46.8367894,827.775,18.123,17.930,3,137,507
1784771914922,2026-07-23T01:58:34.922Z,-23.6045808,-46.8367986,827.642,18.018,18.130,3,137,507
1784771914980,2026-07-23T01:58:34.980Z,-23.6045785,-46.8368078,827.512,17.953,18.030,3,137,507
1784771915038,2026-07-23T01:58:35.038Z,-23.6045765,-46.8368173,827.365,18.086,17.960,3,137,507
1784771915097,2026-07-23T01:58:35.097Z,-23.6045747,-46.8368266,827.213,18.000,18.100,3,137,507
1784771915155,2026-07-23T01:58:35.155Z,-23.6045729,-46.8368360,827.155,17.956,18.010,3,137,507
1784771915213,2026-07-23T01:58:35.213Z,-23.6045714,-46.8368453,827.054,17.805,17.970,3,137,507
1784771915271,2026-07-23T01:58:35.271Z,-23.6045701,-46.8368548,826.934,17.857,17.820,3,137,507
1784771915330,2026-07-23T01:58:35.330Z,-23.6045692,-46.8368644,826.807,17.895,17.880,3,137,508
1784771915385,2026-07-23T01:58:35.385Z,-23.6045687,-46.8368739,826.713,17.876,17.920,3,137,508
1784771915440,2026-07-23T01:58:35.440Z,-23.6045685,-46.8368833,826.546,17.755,17.900,3,137,508
1784771915495,2026-07-23T01:58:35.495Z,-23.6045686,-46.8368927,826.322,17.778,17.780,3,137,508
1784771915550,2026-07-23T01:58:35.550Z,-23.6045689,-46.8369021,826.170,17.764,17.810,3,137,508
1784771915605,2026-07-23T01:58:35.605Z,-23.6045692,-46.8369114,826.077,17.586,17.800,3,137,508
1784771915660,2026-07-23T01:58:35.660Z,-23.6045700,-46.8369207,825.924,17.542,17.630,3,137,508
1784771915715,2026-07-23T01:58:35.715Z,-23.6045712,-46.8369301,825.772,17.617,17.590,3,137,508
1784771915770,2026-07-23T01:58:35.770Z,-23.6045727,-46.8369396,825.633,17.729,17.660,3,137,508
1784771915825,2026-07-23T01:58:35.825Z,-23.6045746,-46.8369492,825.521,17.945,17.780,3,137,508
1784771915880,2026-07-23T01:58:35.880Z,-23.6045767,-46.8369585,825.405,17.926,18.000,3,137,508
1784771915935,2026-07-23T01:58:35.935Z,-23.6045792,-46.8369675,825.260,17.844,17.980,3,137,508
1784771915990,2026-07-23T01:58:35.990Z,-23.6045822,-46.8369766,825.161,17.869,17.900,3,137,508
1784771916045,2026-07-23T01:58:36.045Z,-23.6045853,-46.8369856,825.080,17.861,17.930,3,137,508
1784771916100,2026-07-23T01:58:36.100Z,-23.6045886,-46.8369943,824.969,17.770,17.920,3,137,508
1784771916155,2026-07-23T01:58:36.155Z,-23.6045923,-46.8370028,824.856,17.684,17.830,3,137,508
1784771916210,2026-07-23T01:58:36.210Z,-23.6045964,-46.8370111,824.750,17.609,17.750,3,137,508
1784771916265,2026-07-23T01:58:36.265Z,-23.6046009,-46.8370195,824.684,17.746,17.670,3,137,508
1784771916320,2026-07-23T01:58:36.320Z,-23.6046056,-46.8370279,824.591,17.963,17.810,3,137,509
1784771916375,2026-07-23T01:58:36.375Z,-23.6046105,-46.8370357,824.481,17.875,18.020,3,137,509
1784771916430,2026-07-23T01:58:36.430Z,-23.6046156,-46.8370434,824.384,17.795,17.940,3,137,509
1784771916485,2026-07-23T01:58:36.485Z,-23.6046210,-46.8370511,824.296,17.875,17.860,3,137,509
1784771916540,2026-07-23T01:58:36.540Z,-23.6046267,-46.8370589,824.233,18.083,17.940,3,137,509
1784771916595,2026-07-23T01:58:36.595Z,-23.6046324,-46.8370662,824.150,18.032,18.150,3,137,509
1784771916650,2026-07-23T01:58:36.650Z,-23.6046381,-46.8370735,824.050,17.998,18.100,3,137,509
1784771916705,2026-07-23T01:58:36.705Z,-23.6046440,-46.8370809,823.967,18.044,18.060,3,137,509
1784771916760,2026-07-23T01:58:36.760Z,-23.6046498,-46.8370883,823.881,18.119,18.110,3,137,509
1784771916815,2026-07-23T01:58:36.815Z,-23.6046555,-46.8370959,823.814,18.205,18.180,3,137,509
1784771916870,2026-07-23T01:58:36.870Z,-23.6046612,-46.8371034,823.709,18.197,18.270,3,137,509
1784771916925,2026-07-23T01:58:36.925Z,-23.6046667,-46.8371111,823.617,18.305,18.260,3,137,509
1784771916980,2026-07-23T01:58:36.980Z,-23.6046720,-46.8371191,823.568,18.336,18.370,3,137,509
1784771917035,2026-07-23T01:58:37.035Z,-23.6046771,-46.8371275,823.531,18.411,18.400,3,137,509
1784771917090,2026-07-23T01:58:37.090Z,-23.6046817,-46.8371362,823.484,18.531,18.470,3,137,509
1784771917145,2026-07-23T01:58:37.145Z,-23.6046858,-46.8371452,823.441,18.551,18.590,3,137,509
1784771917200,2026-07-23T01:58:37.200Z,-23.6046896,-46.8371542,823.422,18.617,18.610,3,137,509
1784771917255,2026-07-23T01:58:37.255Z,-23.6046934,-46.8371633,823.391,18.684,18.680,3,137,509
1784771917310,2026-07-23T01:58:37.310Z,-23.6046969,-46.8371724,823.338,18.687,18.740,3,137,509
1784771917365,2026-07-23T01:58:37.365Z,-23.6047002,-46.8371817,823.264,18.668,18.740,3,137,510
1784771917420,2026-07-23T01:58:37.420Z,-23.6047033,-46.8371911,823.176,18.747,18.720,3,137,510
1784771917475,2026-07-23T01:58:37.475Z,-23.6047065,-46.8372005,823.154,18.577,18.800,3,137,510
1784771917530,2026-07-23T01:58:37.530Z,-23.6047095,-46.8372100,823.109,18.619,18.630,3,137,510
1784771917585,2026-07-23T01:58:37.585Z,-23.6047122,-46.8372196,823.062,18.625,18.670,3,137,510
1784771917640,2026-07-23T01:58:37.640Z,-23.6047146,-46.8372292,822.982,18.630,18.680,3,137,510
1784771917695,2026-07-23T01:58:37.695Z,-23.6047166,-46.8372389,822.941,18.622,18.680,3,137,510
1784771917750,2026-07-23T01:58:37.750Z,-23.6047183,-46.8372484,822.941,18.412,18.680,3,137,510
1784771917805,2026-07-23T01:58:37.805Z,-23.6047197,-46.8372579,822.890,18.263,18.460,3,137,510
1784771917860,2026-07-23T01:58:37.860Z,-23.6047205,-46.8372678,822.851,18.306,18.310,3,137,510
1784771917915,2026-07-23T01:58:37.915Z,-23.6047211,-46.8372778,822.837,18.262,18.350,3,137,510
1784771917970,2026-07-23T01:58:37.970Z,-23.6047216,-46.8372872,822.753,18.021,18.310,3,137,510
1784771918025,2026-07-23T01:58:38.025Z,-23.6047215,-46.8372969,822.703,17.982,18.070,3,137,510
1784771918080,2026-07-23T01:58:38.080Z,-23.6047213,-46.8373064,822.695,17.835,18.030,3,137,510
1784771918135,2026-07-23T01:58:38.135Z,-23.6047206,-46.8373155,822.671,17.527,17.880,3,137,510
1784771918190,2026-07-23T01:58:38.190Z,-23.6047193,-46.8373251,822.674,17.651,17.570,3,137,510
1784771918245,2026-07-23T01:58:38.245Z,-23.6047179,-46.8373343,822.753,17.339,17.690,3,137,510
1784771918300,2026-07-23T01:58:38.300Z,-23.6047159,-46.8373432,822.773,17.175,17.370,3,137,510
1784771918355,2026-07-23T01:58:38.355Z,-23.6047139,-46.8373523,822.727,17.272,17.210,3,127,511
1784771918413,2026-07-23T01:58:38.413Z,-23.6047116,-46.8373611,822.689,17.217,17.300,3,127,511
1784771918471,2026-07-23T01:58:38.471Z,-23.6047087,-46.8373698,822.712,17.137,17.250,3,127,511
1784771918529,2026-07-23T01:58:38.529Z,-23.6047031,-46.8373873,822.591,17.217,17.160,3,127,511
1784771918587,2026-07-23T01:58:38.587Z,-23.6046995,-46.8373955,822.550,17.119,17.240,3,127,511
1784771918646,2026-07-23T01:58:38.646Z,-23.6046955,-46.8374035,822.578,16.975,17.150,3,127,511
1784771918704,2026-07-23T01:58:38.704Z,-23.6046919,-46.8374117,822.646,16.825,17.000,3,127,511
1784771918762,2026-07-23T01:58:38.762Z,-23.6046884,-46.8374196,822.679,16.629,16.850,3,127,511
1784771918820,2026-07-23T01:58:38.820Z,-23.6046838,-46.8374272,822.706,16.706,16.650,3,127,511
1784771918879,2026-07-23T01:58:38.879Z,-23.6046791,-46.8374345,822.715,16.684,16.720,3,127,511
1784771918937,2026-07-23T01:58:38.937Z,-23.6046738,-46.8374422,822.864,16.904,16.700,3,127,511
1784771918995,2026-07-23T01:58:38.995Z,-23.6046689,-46.8374495,822.978,16.833,16.910,3,127,511
1784771919053,2026-07-23T01:58:39.053Z,-23.6046638,-46.8374564,823.021,16.716,16.840,3,127,511
1784771919112,2026-07-23T01:58:39.112Z,-23.6046580,-46.8374622,822.984,16.548,16.720,3,127,511
1784771919170,2026-07-23T01:58:39.170Z,-23.6046521,-46.8374679,822.968,16.406,16.550,3,127,511
1784771919228,2026-07-23T01:58:39.228Z,-23.6046463,-46.8374743,823.053,16.458,16.410,3,127,511
1784771919286,2026-07-23T01:58:39.286Z,-23.6046400,-46.8374800,823.098,16.465,16.460,3,127,511
1784771919345,2026-07-23T01:58:39.345Z,-23.6046337,-46.8374852,823.151,16.261,16.470,3,127,512
1784771919397,2026-07-23T01:58:39.397Z,-23.6046276,-46.8374904,823.175,15.978,16.260,3,127,512
1784771919449,2026-07-23T01:58:39.449Z,-23.6046212,-46.8374958,823.216,16.059,15.980,3,127,512
1784771919501,2026-07-23T01:58:39.501Z,-23.6046146,-46.8375003,823.245,15.861,16.060,3,127,512
1784771919553,2026-07-23T01:58:39.553Z,-23.6046083,-46.8375048,823.274,15.567,15.860,3,127,512
1784771919605,2026-07-23T01:58:39.605Z,-23.6046019,-46.8375089,823.340,15.220,15.570,3,127,512
1784771919657,2026-07-23T01:58:39.657Z,-23.6045953,-46.8375129,823.433,15.110,15.220,3,127,512
1784771919709,2026-07-23T01:58:39.709Z,-23.6045885,-46.8375163,823.494,15.036,15.110,3,127,512
1784771919761,2026-07-23T01:58:39.761Z,-23.6045815,-46.8375190,823.519,14.865,15.040,3,127,512
1784771919813,2026-07-23T01:58:39.813Z,-23.6045743,-46.8375216,823.555,14.855,14.860,3,127,512
1784771919866,2026-07-23T01:58:39.866Z,-23.6045668,-46.8375242,823.631,15.096,14.860,3,127,512
1784771919918,2026-07-23T01:58:39.918Z,-23.6045595,-46.8375266,823.679,15.069,15.100,3,127,512
1784771919970,2026-07-23T01:58:39.970Z,-23.6045524,-46.8375289,823.763,14.912,15.070,3,127,512
1784771920022,2026-07-23T01:58:40.022Z,-23.6045450,-46.8375311,823.830,14.997,14.910,3,127,512
1784771920074,2026-07-23T01:58:40.074Z,-23.6045374,-46.8375331,823.871,15.137,15.000,3,127,512
1784771920126,2026-07-23T01:58:40.126Z,-23.6045301,-46.8375348,823.908,15.064,15.140,3,127,512
1784771920178,2026-07-23T01:58:40.178Z,-23.6045229,-46.8375365,823.994,14.808,15.070,3,127,512
1784771920230,2026-07-23T01:58:40.230Z,-23.6045157,-46.8375381,824.110,14.710,14.810,3,127,512
1784771920282,2026-07-23T01:58:40.282Z,-23.6045081,-46.8375392,824.184,14.852,14.720,3,127,512
1784771920335,2026-07-23T01:58:40.335Z,-23.6045007,-46.8375400,824.247,14.843,14.860,3,127,513
1784771920400,2026-07-23T01:58:40.400Z,-23.6044932,-46.8375407,824.327,14.877,14.850,3,127,513
1784771920465,2026-07-23T01:58:40.465Z,-23.6044782,-46.8375425,824.440,15.047,14.890,3,127,513
1784771920530,2026-07-23T01:58:40.530Z,-23.6044705,-46.8375432,824.526,15.196,15.060,3,127,513
1784771920596,2026-07-23T01:58:40.596Z,-23.6044627,-46.8375435,824.631,15.299,15.210,3,127,513
1784771920661,2026-07-23T01:58:40.661Z,-23.6044551,-46.8375434,824.702,15.251,15.310,3,127,513
1784771920726,2026-07-23T01:58:40.726Z,-23.6044476,-46.8375428,824.765,15.196,15.260,3,127,513
1784771920792,2026-07-23T01:58:40.792Z,-23.6044402,-46.8375419,824.812,15.030,15.210,3,127,513
1784771920857,2026-07-23T01:58:40.857Z,-23.6044330,-46.8375407,824.854,14.911,15.050,3,127,513
1784771920922,2026-07-23T01:58:40.922Z,-23.6044256,-46.8375391,824.910,14.911,14.930,3,127,513
1784771920988,2026-07-23T01:58:40.988Z,-23.6044185,-46.8375377,824.979,14.749,14.930,3,127,513
1784771921053,2026-07-23T01:58:41.053Z,-23.6044116,-46.8375362,825.037,14.530,14.770,3,127,513
1784771921118,2026-07-23T01:58:41.118Z,-23.6044047,-46.8375341,825.091,14.440,14.550,3,127,513
1784771921184,2026-07-23T01:58:41.184Z,-23.6043980,-46.8375315,825.103,14.382,14.460,3,127,513
1784771921249,2026-07-23T01:58:41.249Z,-23.6043916,-46.8375284,825.108,14.198,14.400,3,127,513
1784771921314,2026-07-23T01:58:41.314Z,-23.6043855,-46.8375254,825.144,13.908,14.220,3,127,513
1784771921380,2026-07-23T01:58:41.380Z,-23.6043793,-46.8375217,825.180,13.922,13.930,3,127,514
1784771921432,2026-07-23T01:58:41.432Z,-23.6043734,-46.8375176,825.209,13.950,13.940,3,127,514
1784771921484,2026-07-23T01:58:41.484Z,-23.6043677,-46.8375132,825.266,13.877,13.970,3,127,514
1784771921536,2026-07-23T01:58:41.536Z,-23.6043623,-46.8375088,825.314,13.732,13.900,3,127,514
1784771921588,2026-07-23T01:58:41.588Z,-23.6043572,-46.8375039,825.344,13.577,13.750,3,127,514
1784771921640,2026-07-23T01:58:41.640Z,-23.6043523,-46.8374986,825.382,13.584,13.600,3,127,514
1784771921692,2026-07-23T01:58:41.692Z,-23.6043476,-46.8374930,825.413,13.646,13.600,3,127,514
1784771921744,2026-07-23T01:58:41.744Z,-23.6043434,-46.8374874,825.494,13.485,13.670,3,127,514
1784771921796,2026-07-23T01:58:41.796Z,-23.6043393,-46.8374816,825.519,13.419,13.510,3,127,514
1784771921848,2026-07-23T01:58:41.848Z,-23.6043356,-46.8374757,825.581,13.225,13.440,3,127,514
1784771921901,2026-07-23T01:58:41.901Z,-23.6043321,-46.8374699,825.646,13.078,13.250,3,127,514
1784771921953,2026-07-23T01:58:41.953Z,-23.6043288,-46.8374637,825.639,13.057,13.100,3,127,514
1784771922005,2026-07-23T01:58:42.005Z,-23.6043254,-46.8374573,825.660,13.196,13.080,3,127,514
1784771922057,2026-07-23T01:58:42.057Z,-23.6043224,-46.8374509,825.665,13.206,13.220,3,127,514
1784771922109,2026-07-23T01:58:42.109Z,-23.6043201,-46.8374443,825.665,13.072,13.220,3,127,514
1784771922161,2026-07-23T01:58:42.161Z,-23.6043174,-46.8374376,825.730,13.213,13.090,3,127,514
1784771922213,2026-07-23T01:58:42.213Z,-23.6043147,-46.8374308,825.762,13.392,13.230,3,127,514
1784771922265,2026-07-23T01:58:42.265Z,-23.6043124,-46.8374237,825.781,13.536,13.410,3,127,514
1784771922317,2026-07-23T01:58:42.317Z,-23.6043102,-46.8374172,825.784,13.352,13.550,3,127,514
1784771922370,2026-07-23T01:58:42.370Z,-23.6043088,-46.8374108,825.777,13.036,13.370,3,127,515
1784771922425,2026-07-23T01:58:42.425Z,-23.6043073,-46.8374035,825.788,13.251,13.050,3,127,515
1784771922480,2026-07-23T01:58:42.480Z,-23.6043059,-46.8373962,825.821,13.430,13.260,3,127,515
1784771922535,2026-07-23T01:58:42.535Z,-23.6043049,-46.8373890,825.869,13.459,13.440,3,127,515
1784771922590,2026-07-23T01:58:42.590Z,-23.6043040,-46.8373819,825.921,13.460,13.470,3,127,515
1784771922645,2026-07-23T01:58:42.645Z,-23.6043033,-46.8373748,825.980,13.405,13.470,3,127,515
1784771922700,2026-07-23T01:58:42.700Z,-23.6043026,-46.8373681,826.052,13.247,13.420,3,127,515
1784771922755,2026-07-23T01:58:42.755Z,-23.6043025,-46.8373611,826.115,13.204,13.260,3,127,515
1784771922810,2026-07-23T01:58:42.810Z,-23.6043031,-46.8373539,826.119,13.250,13.220,3,127,515
1784771922865,2026-07-23T01:58:42.865Z,-23.6043042,-46.8373467,826.135,13.346,13.260,3,127,515
1784771922920,2026-07-23T01:58:42.920Z,-23.6043053,-46.8373398,826.182,13.280,13.360,3,127,515
1784771922975,2026-07-23T01:58:42.975Z,-23.6043078,-46.8373337,826.282,13.055,13.290,3,127,515
1784771923030,2026-07-23T01:58:43.030Z,-23.6043102,-46.8373272,826.337,13.071,13.070,3,127,515
1784771923085,2026-07-23T01:58:43.085Z,-23.6043129,-46.8373209,826.337,13.023,13.090,3,127,515
1784771923140,2026-07-23T01:58:43.140Z,-23.6043151,-46.8373139,826.319,13.180,13.040,3,127,515
1784771923195,2026-07-23T01:58:43.195Z,-23.6043170,-46.8373069,826.300,13.326,13.190,3,127,515
1784771923250,2026-07-23T01:58:43.250Z,-23.6043194,-46.8373001,826.296,13.380,13.340,3,127,515
1784771923305,2026-07-23T01:58:43.305Z,-23.6043216,-46.8372931,826.298,13.479,13.390,3,127,515
1784771923360,2026-07-23T01:58:43.360Z,-23.6043239,-46.8372860,826.311,13.631,13.490,3,127,516
1784771923418,2026-07-23T01:58:43.418Z,-23.6043262,-46.8372790,826.331,13.692,13.640,3,127,516
1784771923476,2026-07-23T01:58:43.476Z,-23.6043284,-46.8372721,826.340,13.663,13.700,3,127,516
1784771923534,2026-07-23T01:58:43.534Z,-23.6043306,-46.8372651,826.359,13.656,13.670,3,127,516
1784771923592,2026-07-23T01:58:43.592Z,-23.6043327,-46.8372582,826.394,13.621,13.660,3,127,516
1784771923650,2026-07-23T01:58:43.650Z,-23.6043347,-46.8372512,826.411,13.595,13.630,3,127,516
1784771923708,2026-07-23T01:58:43.708Z,-23.6043366,-46.8372443,826.403,13.533,13.600,3,127,516
1784771923766,2026-07-23T01:58:43.766Z,-23.6043380,-46.8372371,826.311,13.508,13.540,3,127,516
1784771923824,2026-07-23T01:58:43.824Z,-23.6043396,-46.8372300,826.282,13.508,13.510,3,127,516
1784771923882,2026-07-23T01:58:43.882Z,-23.6043408,-46.8372229,826.275,13.463,13.510,3,127,516
1784771923940,2026-07-23T01:58:43.940Z,-23.6043421,-46.8372156,826.310,13.506,13.470,3,127,516
1784771923998,2026-07-23T01:58:43.998Z,-23.6043431,-46.8372083,826.342,13.566,13.510,3,127,516
1784771924056,2026-07-23T01:58:44.056Z,-23.6043439,-46.8372007,826.338,13.707,13.570,3,127,516
1784771924114,2026-07-23T01:58:44.114Z,-23.6043444,-46.8371933,826.355,13.688,13.710,3,127,516
1784771924172,2026-07-23T01:58:44.172Z,-23.6043451,-46.8371858,826.398,13.790,13.690,3,127,516
1784771924230,2026-07-23T01:58:44.230Z,-23.6043456,-46.8371782,826.426,13.847,13.790,3,127,516
1784771924288,2026-07-23T01:58:44.288Z,-23.6043458,-46.8371705,826.500,13.952,13.850,3,127,516
1784771924346,2026-07-23T01:58:44.346Z,-23.6043458,-46.8371627,826.585,14.103,13.960,3,127,516
1784771924405,2026-07-23T01:58:44.405Z,-23.6043462,-46.8371548,826.640,14.292,14.110,3,127,517
1784771924463,2026-07-23T01:58:44.463Z,-23.6043460,-46.8371473,826.771,14.201,14.300,3,127,517
1784771924521,2026-07-23T01:58:44.521Z,-23.6043461,-46.8371395,826.797,14.284,14.210,3,127,517
1784771924579,2026-07-23T01:58:44.579Z,-23.6043463,-46.8371241,826.841,14.240,14.290,3,127,517
1784771924637,2026-07-23T01:58:44.637Z,-23.6043461,-46.8371164,826.870,14.253,14.250,3,127,517
1784771924696,2026-07-23T01:58:44.696Z,-23.6043455,-46.8371086,826.860,14.334,14.260,3,127,517
1784771924754,2026-07-23T01:58:44.754Z,-23.6043448,-46.8371006,826.868,14.460,14.340,3,127,517
1784771924812,2026-07-23T01:58:44.812Z,-23.6043438,-46.8370930,826.864,14.379,14.470,3,127,517
1784771924870,2026-07-23T01:58:44.870Z,-23.6043426,-46.8370850,826.892,14.534,14.380,3,127,517
1784771924929,2026-07-23T01:58:44.929Z,-23.6043410,-46.8370773,826.875,14.527,14.540,3,127,517
1784771924987,2026-07-23T01:58:44.987Z,-23.6043391,-46.8370702,826.922,14.321,14.530,3,127,517
1784771925045,2026-07-23T01:58:45.045Z,-23.6043370,-46.8370629,826.965,14.292,14.330,3,127,517
1784771925103,2026-07-23T01:58:45.103Z,-23.6043347,-46.8370555,827.038,14.338,14.300,3,127,517
1784771925162,2026-07-23T01:58:45.162Z,-23.6043323,-46.8370484,827.122,14.241,14.340,3,127,517
1784771925220,2026-07-23T01:58:45.220Z,-23.6043298,-46.8370412,827.186,14.242,14.250,3,127,517
1784771925278,2026-07-23T01:58:45.278Z,-23.6043273,-46.8370341,827.253,14.177,14.250,3,127,517
1784771925336,2026-07-23T01:58:45.336Z,-23.6043250,-46.8370269,827.314,14.178,14.190,3,127,517
1784771925395,2026-07-23T01:58:45.395Z,-23.6043222,-46.8370197,827.443,14.307,14.190,3,127,518
1784771925447,2026-07-23T01:58:45.447Z,-23.6043194,-46.8370125,827.602,14.394,14.320,3,127,518
1784771925499,2026-07-23T01:58:45.499Z,-23.6043165,-46.8370056,827.758,14.369,14.410,3,127,518
1784771925551,2026-07-23T01:58:45.551Z,-23.6043133,-46.8369987,827.931,14.360,14.390,3,127,518
1784771925603,2026-07-23T01:58:45.603Z,-23.6043101,-46.8369917,828.077,14.431,14.380,3,127,518
1784771925655,2026-07-23T01:58:45.655Z,-23.6043068,-46.8369850,828.166,14.351,14.460,3,127,518
1784771925707,2026-07-23T01:58:45.707Z,-23.6043033,-46.8369782,828.266,14.344,14.380,3,127,518
1784771925759,2026-07-23T01:58:45.759Z,-23.6042996,-46.8369717,828.403,14.352,14.370,3,127,518
1784771925811,2026-07-23T01:58:45.811Z,-23.6042957,-46.8369651,828.536,14.414,14.380,3,127,518
1784771925863,2026-07-23T01:58:45.863Z,-23.6042919,-46.8369587,828.677,14.331,14.450,3,127,518
1784771925916,2026-07-23T01:58:45.916Z,-23.6042879,-46.8369523,828.820,14.291,14.370,3,127,518
1784771925968,2026-07-23T01:58:45.968Z,-23.6042840,-46.8369461,828.932,14.192,14.330,3,127,518
1784771926020,2026-07-23T01:58:46.020Z,-23.6042798,-46.8369400,829.006,14.138,14.240,3,127,518
1784771926072,2026-07-23T01:58:46.072Z,-23.6042756,-46.8369336,829.040,14.232,14.180,3,127,518
1784771926124,2026-07-23T01:58:46.124Z,-23.6042715,-46.8369274,829.176,14.228,14.270,3,127,518
1784771926176,2026-07-23T01:58:46.176Z,-23.6042667,-46.8369218,829.313,14.229,14.270,3,127,518
1784771926228,2026-07-23T01:58:46.228Z,-23.6042617,-46.8369159,829.392,14.372,14.280,3,127,518
1784771926280,2026-07-23T01:58:46.280Z,-23.6042567,-46.8369101,829.491,14.445,14.420,3,127,518
1784771926332,2026-07-23T01:58:46.332Z,-23.6042519,-46.8369046,829.587,14.364,14.500,3,127,518
1784771926385,2026-07-23T01:58:46.385Z,-23.6042472,-46.8368989,829.676,14.311,14.420,3,127,519
1784771926436,2026-07-23T01:58:46.436Z,-23.6042424,-46.8368933,829.778,14.269,14.360,3,127,519
1784771926488,2026-07-23T01:58:46.488Z,-23.6042376,-46.8368875,829.870,14.282,14.320,3,127,519
1784771926540,2026-07-23T01:58:46.540Z,-23.6042329,-46.8368818,829.972,14.272,14.340,3,127,519
1784771926592,2026-07-23T01:58:46.592Z,-23.6042281,-46.8368761,830.069,14.314,14.330,3,127,519
1784771926644,2026-07-23T01:58:46.644Z,-23.6042233,-46.8368703,830.159,14.337,14.370,3,127,519
1784771926696,2026-07-23T01:58:46.696Z,-23.6042187,-46.8368646,830.252,14.239,14.400,3,127,519
1784771926748,2026-07-23T01:58:46.748Z,-23.6042141,-46.8368588,830.340,14.224,14.300,3,127,519
1784771926800,2026-07-23T01:58:46.800Z,-23.6042095,-46.8368530,830.430,14.212,14.290,3,127,519
1784771926852,2026-07-23T01:58:46.852Z,-23.6042051,-46.8368471,830.515,14.173,14.280,3,127,519
1784771926904,2026-07-23T01:58:46.904Z,-23.6042009,-46.8368411,830.618,14.110,14.240,3,127,519
1784771926956,2026-07-23T01:58:46.956Z,-23.6041967,-46.8368348,830.658,14.177,14.180,3,127,519
1784771927008,2026-07-23T01:58:47.008Z,-23.6041927,-46.8368285,830.793,14.140,14.240,3,127,519
1784771927060,2026-07-23T01:58:47.060Z,-23.6041892,-46.8368222,830.950,14.027,14.210,3,127,519
1784771927112,2026-07-23T01:58:47.112Z,-23.6041857,-46.8368155,831.062,14.108,14.100,3,127,519
1784771927164,2026-07-23T01:58:47.164Z,-23.6041821,-46.8368088,831.143,14.205,14.180,3,127,519
1784771927216,2026-07-23T01:58:47.216Z,-23.6041789,-46.8368022,831.254,14.069,14.280,3,127,519
1784771927268,2026-07-23T01:58:47.268Z,-23.6041759,-46.8367957,831.372,13.926,14.150,3,127,519
1784771927320,2026-07-23T01:58:47.320Z,-23.6041731,-46.8367887,831.377,13.954,14.010,3,127,520
1784771927378,2026-07-23T01:58:47.378Z,-23.6041705,-46.8367817,831.340,13.959,14.030,3,127,520
1784771927436,2026-07-23T01:58:47.436Z,-23.6041680,-46.8367746,831.382,14.002,14.030,3,127,520
1784771927494,2026-07-23T01:58:47.494Z,-23.6041658,-46.8367673,831.427,14.070,14.070,3,127,520
1784771927552,2026-07-23T01:58:47.552Z,-23.6041637,-46.8367602,831.476,14.022,14.130,3,127,520
1784771927610,2026-07-23T01:58:47.610Z,-23.6041620,-46.8367529,831.519,14.008,14.080,3,127,520
1784771927668,2026-07-23T01:58:47.668Z,-23.6041607,-46.8367455,831.517,13.987,14.070,3,127,520
1784771927726,2026-07-23T01:58:47.726Z,-23.6041598,-46.8367379,831.526,14.044,14.040,3,127,520
1784771927784,2026-07-23T01:58:47.784Z,-23.6041592,-46.8367304,831.606,13.998,14.100,3,127,520
1784771927842,2026-07-23T01:58:47.842Z,-23.6041588,-46.8367230,831.684,13.892,14.050,3,127,520
1784771927900,2026-07-23T01:58:47.900Z,-23.6041587,-46.8367155,831.718,13.870,13.950,3,127,520
1784771927958,2026-07-23T01:58:47.958Z,-23.6041592,-46.8367081,831.741,13.813,13.920,3,127,520
1784771928016,2026-07-23T01:58:48.016Z,-23.6041598,-46.8367006,831.727,13.826,13.860,3,127,520
1784771928074,2026-07-23T01:58:48.074Z,-23.6041608,-46.8366930,831.712,13.865,13.870,3,127,520
1784771928132,2026-07-23T01:58:48.132Z,-23.6041618,-46.8366855,831.764,13.932,13.910,3,127,520
1784771928190,2026-07-23T01:58:48.190Z,-23.6041628,-46.8366784,831.791,13.718,13.970,3,127,520
1784771928248,2026-07-23T01:58:48.248Z,-23.6041640,-46.8366710,831.756,13.701,13.760,3,127,520
1784771928306,2026-07-23T01:58:48.306Z,-23.6041656,-46.8366639,831.731,13.616,13.740,3,127,520
1784771928365,2026-07-23T01:58:48.365Z,-23.6041677,-46.8366567,831.754,13.673,13.650,3,127,521
1784771928417,2026-07-23T01:58:48.417Z,-23.6041699,-46.8366497,831.792,13.659,13.700,3,127,521
1784771928469,2026-07-23T01:58:48.469Z,-23.6041726,-46.8366430,831.806,13.544,13.690,3,127,521
1784771928521,2026-07-23T01:58:48.521Z,-23.6041762,-46.8366361,831.875,13.747,13.570,3,127,521
1784771928573,2026-07-23T01:58:48.573Z,-23.6041799,-46.8366290,831.929,14.084,13.780,3,127,521
1784771928625,2026-07-23T01:58:48.625Z,-23.6041838,-46.8366222,831.992,14.333,14.110,3,127,521
1784771928677,2026-07-23T01:58:48.677Z,-23.6041875,-46.8366156,832.040,14.291,14.360,3,127,521
1784771928729,2026-07-23T01:58:48.729Z,-23.6041915,-46.8366092,832.064,14.296,14.320,3,127,521
1784771928781,2026-07-23T01:58:48.781Z,-23.6041957,-46.8366029,832.081,14.354,14.320,3,127,521
1784771928833,2026-07-23T01:58:48.833Z,-23.6042001,-46.8365969,832.129,14.348,14.380,3,127,521
1784771928886,2026-07-23T01:58:48.886Z,-23.6042044,-46.8365910,832.163,14.215,14.370,3,127,521
1784771928938,2026-07-23T01:58:48.938Z,-23.6042086,-46.8365849,832.125,14.127,14.240,3,127,521
1784771928990,2026-07-23T01:58:48.990Z,-23.6042132,-46.8365786,832.051,14.387,14.150,3,127,521
1784771929042,2026-07-23T01:58:49.042Z,-23.6042181,-46.8365729,832.067,14.406,14.400,3,127,521
1784771929094,2026-07-23T01:58:49.094Z,-23.6042230,-46.8365674,832.104,14.357,14.420,3,127,521
1784771929146,2026-07-23T01:58:49.146Z,-23.6042283,-46.8365621,832.123,14.351,14.370,3,127,521
1784771929198,2026-07-23T01:58:49.198Z,-23.6042337,-46.8365570,832.111,14.387,14.370,3,127,521
1784771929250,2026-07-23T01:58:49.250Z,-23.6042393,-46.8365520,832.088,14.420,14.400,3,127,521
1784771929302,2026-07-23T01:58:49.302Z,-23.6042450,-46.8365469,832.066,14.581,14.430,3,127,521
1784771929355,2026-07-23T01:58:49.355Z,-23.6042508,-46.8365422,832.066,14.527,14.590,3,132,522
1784771929416,2026-07-23T01:58:49.416Z,-23.6042567,-46.8365377,832.037,14.553,14.540,3,132,522
1784771929478,2026-07-23T01:58:49.478Z,-23.6042684,-46.8365284,832.103,14.601,14.560,3,132,522
1784771929540,2026-07-23T01:58:49.540Z,-23.6042747,-46.8365243,832.138,14.614,14.610,3,132,522
1784771929602,2026-07-23T01:58:49.602Z,-23.6042813,-46.8365215,832.165,14.481,14.620,3,132,522
1784771929664,2026-07-23T01:58:49.664Z,-23.6042883,-46.8365182,832.128,14.661,14.490,3,132,522
1784771929726,2026-07-23T01:58:49.726Z,-23.6042952,-46.8365149,832.125,14.798,14.670,3,132,522
1784771929788,2026-07-23T01:58:49.788Z,-23.6043020,-46.8365115,832.163,14.870,14.810,3,132,522
1784771929850,2026-07-23T01:58:49.850Z,-23.6043091,-46.8365084,832.129,15.004,14.880,3,132,522
1784771929911,2026-07-23T01:58:49.911Z,-23.6043160,-46.8365056,832.138,14.954,15.010,3,132,522
1784771929973,2026-07-23T01:58:49.973Z,-23.6043230,-46.8365026,832.165,14.982,14.960,3,132,522
1784771930035,2026-07-23T01:58:50.035Z,-23.6043302,-46.8364999,832.163,15.130,14.990,3,132,522
1784771930097,2026-07-23T01:58:50.097Z,-23.6043375,-46.8364973,832.179,15.212,15.140,3,132,522
1784771930159,2026-07-23T01:58:50.159Z,-23.6043450,-46.8364946,832.214,15.423,15.220,3,132,522
1784771930221,2026-07-23T01:58:50.221Z,-23.6043525,-46.8364918,832.241,15.606,15.430,3,132,522
1784771930283,2026-07-23T01:58:50.283Z,-23.6043600,-46.8364890,832.253,15.771,15.610,3,132,522
1784771930345,2026-07-23T01:58:50.345Z,-23.6043676,-46.8364864,832.257,15.847,15.780,3,132,523
1784771930397,2026-07-23T01:58:50.397Z,-23.6043753,-46.8364836,832.257,16.022,15.850,3,132,523
1784771930449,2026-07-23T01:58:50.449Z,-23.6043827,-46.8364809,832.274,15.982,16.030,3,132,523
1784771930501,2026-07-23T01:58:50.501Z,-23.6043901,-46.8364781,832.306,15.921,15.990,3,132,523
1784771930553,2026-07-23T01:58:50.553Z,-23.6043976,-46.8364752,832.322,15.930,15.930,3,132,523
1784771930605,2026-07-23T01:58:50.605Z,-23.6044048,-46.8364727,832.335,15.739,15.930,3,132,523
1784771930657,2026-07-23T01:58:50.657Z,-23.6044121,-46.8364701,832.343,15.726,15.740,3,132,523
1784771930709,2026-07-23T01:58:50.709Z,-23.6044196,-46.8364677,832.325,15.748,15.730,3,132,523
1784771930761,2026-07-23T01:58:50.761Z,-23.6044271,-46.8364651,832.305,15.832,15.750,3,132,523
1784771930813,2026-07-23T01:58:50.813Z,-23.6044346,-46.8364624,832.330,15.840,15.830,3,132,523
1784771930866,2026-07-23T01:58:50.866Z,-23.6044421,-46.8364599,832.321,15.890,15.840,3,132,523
1784771930918,2026-07-23T01:58:50.918Z,-23.6044498,-46.8364573,832.327,15.989,15.890,3,132,523
1784771930970,2026-07-23T01:58:50.970Z,-23.6044573,-46.8364547,832.340,15.961,15.990,3,132,523
1784771931022,2026-07-23T01:58:51.022Z,-23.6044650,-46.8364521,832.342,16.052,15.960,3,132,523
1784771931074,2026-07-23T01:58:51.074Z,-23.6044727,-46.8364492,832.321,16.159,16.050,3,132,523
1784771931126,2026-07-23T01:58:51.126Z,-23.6044805,-46.8364462,832.310,16.342,16.160,3,132,523
1784771931178,2026-07-23T01:58:51.178Z,-23.6044883,-46.8364433,832.296,16.418,16.340,3,132,523
1784771931230,2026-07-23T01:58:51.230Z,-23.6044961,-46.8364404,832.265,16.441,16.420,3,132,523
1784771931282,2026-07-23T01:58:51.282Z,-23.6045041,-46.8364377,832.203,16.575,16.440,3,132,523
1784771931335,2026-07-23T01:58:51.335Z,-23.6045119,-46.8364350,832.201,16.633,16.580,3,149,524
1784771931393,2026-07-23T01:58:51.393Z,-23.6045199,-46.8364322,832.200,16.715,16.630,3,149,524
1784771931451,2026-07-23T01:58:51.451Z,-23.6045277,-46.8364293,832.182,16.735,16.720,3,149,524
1784771931509,2026-07-23T01:58:51.509Z,-23.6045357,-46.8364264,832.172,16.810,16.740,3,149,524
1784771931567,2026-07-23T01:58:51.567Z,-23.6045436,-46.8364236,832.169,16.815,16.810,3,149,524
1784771931625,2026-07-23T01:58:51.625Z,-23.6045516,-46.8364207,832.131,16.893,16.820,3,149,524
1784771931683,2026-07-23T01:58:51.683Z,-23.6045596,-46.8364179,832.119,16.923,16.890,3,149,524
1784771931741,2026-07-23T01:58:51.741Z,-23.6045676,-46.8364150,832.078,16.951,16.920,3,149,524
1784771931799,2026-07-23T01:58:51.799Z,-23.6045757,-46.8364123,832.071,17.032,16.950,3,149,524
1784771931857,2026-07-23T01:58:51.857Z,-23.6045839,-46.8364093,832.087,17.143,17.030,3,149,524
1784771931915,2026-07-23T01:58:51.915Z,-23.6045921,-46.8364064,832.042,17.260,17.140,3,149,524
1784771931973,2026-07-23T01:58:51.973Z,-23.6046002,-46.8364035,831.982,17.320,17.260,3,149,524
1784771932031,2026-07-23T01:58:52.031Z,-23.6046084,-46.8364006,831.958,17.370,17.320,3,149,524
1784771932089,2026-07-23T01:58:52.089Z,-23.6046167,-46.8363977,831.946,17.436,17.370,3,149,524
1784771932147,2026-07-23T01:58:52.147Z,-23.6046251,-46.8363948,831.910,17.554,17.440,3,149,524
1784771932205,2026-07-23T01:58:52.205Z,-23.6046336,-46.8363920,831.891,17.674,17.550,3,149,524
1784771932263,2026-07-23T01:58:52.263Z,-23.6046421,-46.8363891,831.871,17.751,17.670,3,149,524
1784771932321,2026-07-23T01:58:52.321Z,-23.6046503,-46.8363861,831.778,17.772,17.750,3,149,524
1784771932380,2026-07-23T01:58:52.380Z,-23.6046588,-46.8363831,831.734,17.877,17.770,3,149,525
1784771932435,2026-07-23T01:58:52.435Z,-23.6046673,-46.8363800,831.714,17.894,17.880,3,149,525
1784771932490,2026-07-23T01:58:52.490Z,-23.6046757,-46.8363773,831.695,17.890,17.890,3,149,525
1784771932545,2026-07-23T01:58:52.545Z,-23.6046843,-46.8363744,831.614,17.989,17.890,3,149,525
1784771932600,2026-07-23T01:58:52.600Z,-23.6046927,-46.8363713,831.571,18.006,17.990,3,149,525
1784771932655,2026-07-23T01:58:52.655Z,-23.6047013,-46.8363682,831.549,18.069,18.010,3,149,525
1784771932710,2026-07-23T01:58:52.710Z,-23.6047098,-46.8363653,831.448,18.158,18.070,3,149,525
1784771932765,2026-07-23T01:58:52.765Z,-23.6047184,-46.8363623,831.377,18.229,18.160,3,149,525
1784771932820,2026-07-23T01:58:52.820Z,-23.6047272,-46.8363594,831.394,18.248,18.230,3,149,525
1784771932875,2026-07-23T01:58:52.875Z,-23.6047358,-46.8363565,831.363,18.264,18.250,3,149,525
1784771932930,2026-07-23T01:58:52.930Z,-23.6047445,-46.8363534,831.318,18.328,18.270,3,149,525
1784771932985,2026-07-23T01:58:52.985Z,-23.6047533,-46.8363504,831.288,18.416,18.330,3,149,525
1784771933040,2026-07-23T01:58:53.040Z,-23.6047621,-46.8363474,831.249,18.496,18.420,3,149,525
1784771933095,2026-07-23T01:58:53.095Z,-23.6047709,-46.8363444,831.211,18.561,18.500,3,149,525
1784771933150,2026-07-23T01:58:53.150Z,-23.6047796,-46.8363413,831.189,18.540,18.560,3,149,525
1784771933205,2026-07-23T01:58:53.205Z,-23.6047885,-46.8363381,831.161,18.657,18.540,3,149,525
1784771933260,2026-07-23T01:58:53.260Z,-23.6047974,-46.8363351,831.114,18.762,18.660,3,149,525
1784771933315,2026-07-23T01:58:53.315Z,-23.6048061,-46.8363319,831.056,18.744,18.770,3,149,525
1784771933370,2026-07-23T01:58:53.370Z,-23.6048150,-46.8363289,831.042,18.775,18.750,3,149,526
1784771933422,2026-07-23T01:58:53.422Z,-23.6048241,-46.8363257,831.028,18.895,18.780,3,149,526
1784771933474,2026-07-23T01:58:53.474Z,-23.6048330,-46.8363224,831.032,18.903,18.900,3,149,526
1784771933526,2026-07-23T01:58:53.526Z,-23.6048419,-46.8363191,830.983,18.978,18.910,3,149,526
1784771933578,2026-07-23T01:58:53.578Z,-23.6048509,-46.8363160,830.944,19.012,18.980,3,149,526
1784771933630,2026-07-23T01:58:53.630Z,-23.6048601,-46.8363127,830.883,19.147,19.020,3,149,526
1784771933682,2026-07-23T01:58:53.682Z,-23.6048693,-46.8363095,830.872,19.250,19.150,3,149,526
1784771933734,2026-07-23T01:58:53.734Z,-23.6048785,-46.8363062,830.885,19.330,19.250,3,149,526
1784771933786,2026-07-23T01:58:53.786Z,-23.6048876,-46.8363028,830.858,19.357,19.330,3,149,526
1784771933838,2026-07-23T01:58:53.838Z,-23.6048968,-46.8362998,830.847,19.377,19.360,3,149,526
1784771933891,2026-07-23T01:58:53.891Z,-23.6049060,-46.8362967,830.777,19.397,19.380,3,149,526
1784771933943,2026-07-23T01:58:53.943Z,-23.6049151,-46.8362935,830.756,19.384,19.400,3,149,526
1784771933995,2026-07-23T01:58:53.995Z,-23.6049244,-46.8362903,830.697,19.451,19.390,3,149,526
1784771934047,2026-07-23T01:58:54.047Z,-23.6049338,-46.8362871,830.606,19.635,19.450,3,149,526
1784771934099,2026-07-23T01:58:54.099Z,-23.6049431,-46.8362842,830.594,19.596,19.640,3,149,526
1784771934151,2026-07-23T01:58:54.151Z,-23.6049524,-46.8362812,830.602,19.607,19.600,3,149,526
1784771934203,2026-07-23T01:58:54.203Z,-23.6049618,-46.8362781,830.570,19.682,19.610,3,149,526
1784771934255,2026-07-23T01:58:54.255Z,-23.6049713,-46.8362749,830.547,19.790,19.690,3,149,526
1784771934307,2026-07-23T01:58:54.307Z,-23.6049807,-46.8362717,830.524,19.850,19.790,3,149,526
1784771934360,2026-07-23T01:58:54.360Z,-23.6049902,-46.8362687,830.507,19.856,19.850,3,149,527
1784771934415,2026-07-23T01:58:54.415Z,-23.6049996,-46.8362653,830.469,19.949,19.860,3,149,527
1784771934470,2026-07-23T01:58:54.470Z,-23.6050090,-46.8362616,830.383,20.070,19.950,3,149,527
1784771934525,2026-07-23T01:58:54.525Z,-23.6050184,-46.8362581,830.348,20.064,20.070,3,149,527
1784771934580,2026-07-23T01:58:54.580Z,-23.6050279,-46.8362543,830.188,20.286,20.070,3,149,527
1784771934635,2026-07-23T01:58:54.635Z,-23.6050375,-46.8362506,830.108,20.373,20.290,3,149,527
1784771934690,2026-07-23T01:58:54.690Z,-23.6050470,-46.8362471,830.057,20.359,20.380,3,149,527
1784771934745,2026-07-23T01:58:54.745Z,-23.6050566,-46.8362439,830.040,20.330,20.370,3,149,527
1784771934800,2026-07-23T01:58:54.800Z,-23.6050661,-46.8362403,829.983,20.359,20.340,3,149,527
1784771934855,2026-07-23T01:58:54.855Z,-23.6050757,-46.8362369,829.975,20.328,20.370,3,149,527
1784771934910,2026-07-23T01:58:54.910Z,-23.6050852,-46.8362334,829.875,20.388,20.340,3,149,527
1784771934965,2026-07-23T01:58:54.965Z,-23.6050949,-46.8362297,829.796,20.499,20.400,3,149,527
1784771935020,2026-07-23T01:58:55.020Z,-23.6051045,-46.8362263,829.756,20.541,20.510,3,149,527
1784771935075,2026-07-23T01:58:55.075Z,-23.6051140,-46.8362228,829.726,20.427,20.550,3,149,527
1784771935130,2026-07-23T01:58:55.130Z,-23.6051236,-46.8362195,829.694,20.356,20.440,3,149,527
1784771935185,2026-07-23T01:58:55.185Z,-23.6051332,-46.8362159,829.619,20.514,20.370,3,149,527
1784771935240,2026-07-23T01:58:55.240Z,-23.6051429,-46.8362123,829.587,20.575,20.520,3,149,527
1784771935295,2026-07-23T01:58:55.295Z,-23.6051525,-46.8362090,829.587,20.463,20.580,3,149,527
1784771935350,2026-07-23T01:58:55.350Z,-23.6051621,-46.8362055,829.575,20.428,20.470,3,193,528
1784771935408,2026-07-23T01:58:55.408Z,-23.6051719,-46.8362022,829.581,20.461,20.440,3,193,528
1784771935466,2026-07-23T01:58:55.466Z,-23.6051816,-46.8361988,829.567,20.556,20.470,3,193,528
1784771935524,2026-07-23T01:58:55.524Z,-23.6051914,-46.8361951,829.528,20.675,20.560,3,193,528
1784771935582,2026-07-23T01:58:55.582Z,-23.6052012,-46.8361918,829.539,20.663,20.680,3,193,528
1784771935640,2026-07-23T01:58:55.640Z,-23.6052111,-46.8361883,829.539,20.770,20.670,3,193,528
1784771935698,2026-07-23T01:58:55.698Z,-23.6052210,-46.8361846,829.518,20.866,20.780,3,193,528
1784771935756,2026-07-23T01:58:55.756Z,-23.6052307,-46.8361810,829.485,20.832,20.870,3,193,528
1784771935814,2026-07-23T01:58:55.814Z,-23.6052406,-46.8361773,829.445,20.934,20.840,3,193,528
1784771935872,2026-07-23T01:58:55.872Z,-23.6052505,-46.8361737,829.421,20.991,20.940,3,193,528
1784771935930,2026-07-23T01:58:55.930Z,-23.6052604,-46.8361701,829.409,21.031,21.000,3,193,528
1784771935988,2026-07-23T01:58:55.988Z,-23.6052703,-46.8361666,829.393,21.021,21.040,3,193,528
1784771936046,2026-07-23T01:58:56.046Z,-23.6052802,-46.8361629,829.359,21.030,21.030,3,193,528
1784771936104,2026-07-23T01:58:56.104Z,-23.6052901,-46.8361592,829.338,21.100,21.040,3,193,528
1784771936162,2026-07-23T01:58:56.162Z,-23.6053000,-46.8361555,829.293,21.154,21.110,3,193,528
1784771936220,2026-07-23T01:58:56.220Z,-23.6053099,-46.8361519,829.247,21.167,21.160,3,193,528
1784771936278,2026-07-23T01:58:56.278Z,-23.6053198,-46.8361482,829.204,21.189,21.180,3,193,528
1784771936336,2026-07-23T01:58:56.336Z,-23.6053298,-46.8361445,829.205,21.246,21.200,3,193,528
1784771936395,2026-07-23T01:58:56.395Z,-23.6053398,-46.8361410,829.236,21.138,21.250,3,185,529
1784771936446,2026-07-23T01:58:56.446Z,-23.6053496,-46.8361373,829.166,21.205,21.140,3,185,529
1784771936498,2026-07-23T01:58:56.498Z,-23.6053596,-46.8361335,829.153,21.224,21.210,3,185,529
1784771936550,2026-07-23T01:58:56.550Z,-23.6053694,-46.8361298,829.154,21.174,21.230,3,185,529
1784771936602,2026-07-23T01:58:56.602Z,-23.6053795,-46.8361263,829.146,21.258,21.180,3,185,529
1784771936654,2026-07-23T01:58:56.654Z,-23.6053896,-46.8361228,829.156,21.241,21.270,3,185,529
1784771936706,2026-07-23T01:58:56.706Z,-23.6053996,-46.8361194,829.172,21.231,21.250,3,185,529
1784771936758,2026-07-23T01:58:56.758Z,-23.6054098,-46.8361159,829.187,21.304,21.240,3,185,529
1784771936810,2026-07-23T01:58:56.810Z,-23.6054199,-46.8361124,829.187,21.268,21.310,3,185,529
1784771936862,2026-07-23T01:58:56.862Z,-23.6054298,-46.8361091,829.182,21.163,21.270,3,185,529
1784771936914,2026-07-23T01:58:56.914Z,-23.6054397,-46.8361057,829.166,21.085,21.170,3,185,529
1784771936966,2026-07-23T01:58:56.966Z,-23.6054497,-46.8361021,829.146,21.174,21.090,3,185,529
1784771937018,2026-07-23T01:58:57.018Z,-23.6054596,-46.8360984,829.151,21.168,21.180,3,185,529
1784771937070,2026-07-23T01:58:57.070Z,-23.6054691,-46.8360949,829.128,20.923,21.170,3,185,529
1784771937122,2026-07-23T01:58:57.122Z,-23.6054788,-46.8360915,829.125,20.816,20.930,3,185,529
1784771937174,2026-07-23T01:58:57.174Z,-23.6054884,-46.8360883,829.129,20.683,20.820,3,185,529
1784771937226,2026-07-23T01:58:57.226Z,-23.6054981,-46.8360853,829.146,20.615,20.690,3,185,529
1784771937278,2026-07-23T01:58:57.278Z,-23.6055079,-46.8360824,829.161,20.552,20.620,3,185,529
1784771937330,2026-07-23T01:58:57.330Z,-23.6055176,-46.8360792,829.180,20.564,20.560,3,185,530
1784771937385,2026-07-23T01:58:57.385Z,-23.6055268,-46.8360766,829.239,20.218,20.570,3,185,530
1784771937441,2026-07-23T01:58:57.441Z,-23.6055352,-46.8360741,829.293,19.637,20.220,3,185,530
1784771937497,2026-07-23T01:58:57.497Z,-23.6055441,-46.8360721,829.276,19.302,19.640,3,185,530
1784771937552,2026-07-23T01:58:57.552Z,-23.6055534,-46.8360699,829.251,19.314,19.310,3,185,530
1784771937608,2026-07-23T01:58:57.608Z,-23.6055628,-46.8360682,829.262,19.259,19.320,3,185,530
1784771937664,2026-07-23T01:58:57.664Z,-23.6055715,-46.8360666,829.335,18.859,19.260,3,185,530
1784771937720,2026-07-23T01:58:57.720Z,-23.6055800,-46.8360650,829.244,18.495,18.860,3,185,530
1784771937775,2026-07-23T01:58:57.775Z,-23.6055887,-46.8360635,829.175,18.332,18.500,3,185,530
1784771937831,2026-07-23T01:58:57.831Z,-23.6055973,-46.8360620,829.119,18.180,18.340,3,185,530
1784771937887,2026-07-23T01:58:57.887Z,-23.6056057,-46.8360604,829.057,17.957,18.180,3,185,530
1784771937942,2026-07-23T01:58:57.942Z,-23.6056136,-46.8360592,828.991,17.480,17.960,3,185,530
1784771937998,2026-07-23T01:58:57.998Z,-23.6056215,-46.8360582,828.940,17.092,17.490,3,185,530
1784771938054,2026-07-23T01:58:58.054Z,-23.6056297,-46.8360573,828.915,16.959,17.100,3,185,530
1784771938110,2026-07-23T01:58:58.110Z,-23.6056375,-46.8360564,828.879,16.603,16.960,3,185,530
1784771938165,2026-07-23T01:58:58.165Z,-23.6056451,-46.8360559,828.805,16.246,16.610,3,185,530
1784771938221,2026-07-23T01:58:58.221Z,-23.6056529,-46.8360559,828.739,16.084,16.250,3,185,530
1784771938277,2026-07-23T01:58:58.277Z,-23.6056604,-46.8360559,828.614,15.811,16.090,3,185,530
